:1080000050BD00207DA800009371010069A8000008
:1080100069A8000069A8000069A8000069A800001C
:10802000000000000000000000000000E9A90000BE
:1080300069A800000000000079A9000069A80000FC
:1080400075AB000075AB000075AB000075AB0000B0
:1080500075AB000075AB000075AB000075AB0000A0
:1080600075AB000075AB000075AB000075AB000090
:1080700075AB000075AB000075AB000075AB000080
:1080800075AB000075AB000075AB000075AB000070
:1080900075AB000075AB000075AB000075AB000060
:1080A00075AB000075AB000075AB000075AB000050
:1080B00075AB000075AB000075AB000075AB000040
:1080C00075AB000075AB000075AB000075AB000030
:1080D00075AB000075AB000075AB000075AB000020
:1080E00075AB000075AB000075AB000075AB000010
:1080F00075AB000075AB000075AB000075AB000000
:1081000075AB000075AB000075AB000075AB0000EF
:1081100075AB000075AB000075AB000075AB0000DF
:1081200075AB000075AB000075AB000075AB0000CF
:1081300075AB000075AB000075AB000075AB0000BF
:1081400075AB000075AB000075AB000075AB0000AF
:0481500075AB00000B
:1081540053B94AB9002908BF00281CBF4FF0FF31AA
:108164004FF0FF3000F00CB8ADF1080C6DE904CE0F
:1081740000F022F8DDF804E0DDE9022304B07047E2
:10818400704700BF10F8012B11F8013B012A28BFEA
:108194009A42F7D0D01A7047034611F8012B03F81E
:1081A400012B002AF9D17047034613F8012B002A4A
:1081B400FBD1181A013870472DE9F04786468C46E2
:1081C4000846089E154674461946002B40F0C180A7
:1081D4008542B2FA82F245D94AB1C2F1200300FACB
:1081E40002FC954094402EFA03F343EA0C0C4FEA48
:1081F400154EA8B2230CBCFBFEF80EFB18CC08FBF2
:1082040000F943EA0C43994528D9EB1808F1FF37E4
:1082140004D2994502D9A8F102072B44A3EB090320
:10822400A4B2B3FBFEFC0EFB1C330CFB00F044EACF
:108234000344A04214D92C190CF1FF3304D2A042F8
:1082440002D9ACF102032C44241A43EA07401EB1BC
:10825400D440002334607360BDE8F0874746DDE70F
:108264006346F1E792BB431B01214FEA154EAFB2BF
:10827400200CB3FBFEFC0EFB1C330CFB07F840EA9E
:108284000343984561D9EB180CF1FF3004D29845AB
:1082940002D9ACF102002B44A3EB0803A4B2B3FB54
:1082A400FEFC0EFB1C330CFB07F744EA0344A74215
:1082B4004DD92C190CF1FF3304D2A74202D9ACF1E9
:1082C40002032C44E41B43EA0040C0E7C2F120034C
:1082D4009540944020FA03F12EFA03F34FEA154E29
:1082E4009040AFB20343B1FBFEFC0EFB1C10190C13
:1082F4000CFB07F841EA0041884522D969180CF1C2
:10830400FF3004D2884502D9ACF102002944A1EB24
:1083140008019BB2B1FBFEFC0EFB1C110CFB07F722
:1083240043EA01439F420ED9EB180CF1FF3104D20A
:108334009F4202D9ACF102012B44DB1B41EA00410C
:1083440093E76046E3E76146F7E76046A4E76346E0
:10835400B8E7834206D916B9002108467CE7C6E986
:1083640000E0F9E7B3FA83F78FB9834201D372458A
:1083740008D8BEEB020460EB030301209C461EB93F
:10838400002169E73846FAE7C6E9004CF8E7C7F187
:10839400200CBB400EFA07F522FA0CF42EFA0CF16D
:1083A400BA401C4320FA0CF3B8404FEA1449014385
:1083B4001FFA84FEB3FBF9F809FB18300B0C08FB19
:1083C4000EFA43EA00439A4540D9E31808F1FF3016
:1083D40004D29A4502D9A8F102002344A3EB0A036C
:1083E40089B2B3FBF9F809FB183308FB0EFE41EA26
:1083F40003418E452CD9611808F1FF3304D28E4510
:1084040002D9A8F10203214443EA0040A1EB0E0182
:10841400A0FB02984145CE46434602D306D14D45C2
:1084240004D20138B9EB020E68EB0403002EA7D086
:10843400B5EB0E0261EB030101FA0CFC22FA07F31F
:10844400F9404CEA0303C6E9003199E74046C5E721
:108454004346D9E70B460321014A02480EF0CFBD3B
:10846400F0B30100ACAB010003460121014A02480C
:108474000EF0C5BD09B40100ACAB0100084609B15A
:10848400FFF7F2BF0321024A02480EF0AFBD00BF5E
:1084940024B40100ACAB01002DE9F04102278EB0F9
:1084A4001422002104A812F07BF80DF10E03002021
:1084B4000693079704F006FB064630B103463E4A8E
:1084C40001213E480EF09BFD1DE03D4D09AC0FCD52
:1084D4000FC42B683A4623603A493346009609A8EC
:1084E40005F046F9034690B10121374A33480EF0AE
:1084F40086FD364D284611F061FB70B90121344ADE
:108504002E480EF073FD00200EB0BDE8F08103216B
:10851400304A2A480EF06AFDEBE7AB6828461B6830
:108524002D499847031E01DA2C4AC9E70123059314
:108534000C230027DFF8A880204EADF82030AB686C
:1085440028465B6804A99847031E05DA01213046D2
:10855400244A0EF054FDF2E711F028FFBDF90E3065
:10856400B3F5FA6F18DD4FF47A72A0FB024302FBF5
:108574000131E40B44EA4144E31BB3F5167F0BD904
:108584004EF66027B7FBF3F7632F0AD10321304679
:10859400154A0EF02BFD27460021212011F08DFEF7
:1085A400CDE7032130463B4642460EF028FD3846CF
:1085B40001F068FEEFE700BF2EB40100ACAB010090
:1085C400B0AC010028AD01004DB4010080A8010049
:1085D40093B4010072B401003EAD0100A9B40100DE
:1085E400F6B40100CBB40100DFB401002DE9F04F73
:1085F40091B0009302F004030293C2F3C203013367
:10860400840705460E46DDF868800392059340F022
:10861400BB81041D30B1072909D86FF01B0011B0CC
:10862400BDE8F08F01F007063444C6F10806009B4C
:108634004FF000094FF0040A591E4FF0FF334F4624
:108644000193CB465346CDF810900DB1009A2260A9
:108654000598002800F3E8809848009A824203D3E2
:1086640097488242C0F0E080039AA4EB050E92077B
:108674004FEA9E0000F103810F2F00F2B180002D1C
:1086840000F0058107F140020DEB020C019A0CF891
:10869400200C0CF8102C049801300490E7E07A28A0
:1086A4005DD84B280ED8472859D829282DD82528F5
:1086B40052D054D820287AD02338D0F1000B4BEB79
:1086C400000B74E04C382E2849D8DFE800F07048DD
:1086D400484848484848484848484B484848484813
:1086E40048484859484B4B595959704B6D48704844
:1086F400184B184848827F4B48484B487F0000205D
:108704004FF0000B4FF0040A38E001222A38C0B2BF
:1087140002FA00F010EA0E0F49D110F0625C2FD17A
:1087240010EA020B43D06046013C5444B4FBFAF413
:108734000AFB04F4002D61D0A3EB050CA444B4455A
:108744003FF66BAF002868D1042B47D158F8043B9F
:108754002360042304342AE0019A013A01924FF081
:10876400000B24E011F8010C6C2834D1002011F81E
:10877400023C83466C2BC5D14FF0080A5346D3E71D
:1087840008F1070828F00708073424F00704F8E87C
:1087940002AB35B106982044B0423FF63EAFC4E97F
:1087A40000AB4FF0000B08344FF0080A534611F8A1
:1087B400010F002878D0BBF1000F7FF470AF25289B
:1087C400F5D14FF0010B019B013301934FF0040AE3
:1087D400ECE7584694E700208346A5E7082B02D02F
:1087E4006FF015001BE708F1070828F00708F8E800
:1087F4000223C4E9002308230834D8E768B9042B0A
:1088040002D108F10408A4E7082BE9D108F107080C
:1088140028F0070808F10808EDE7059A013A0592DF
:1088240058F8042B009210E7039A900720D54FF0D4
:10883400010CA4EB050E4FEA9E00BEF5007FCFD2DB
:108844000F2FCDD8F5B107F140020DEB020E019ABE
:10885400C0B20EF8200C0EF8102CBCF1000F3FF43F
:108864001AAF60F07F000EF8200C09F101090137FE
:10887400C5F108024FF6DA7E0434069297E74FF00A
:10888400000CDAE7BCF1000F01D00136EFE70298E3
:1088940002360028EBD10098CDE90631FFF784FCBD
:1088A400DDE906310644E2E7631BB3F5806F97D236
:1088B40045B9A6F10804E018B1E600BF00A701001D
:1088C4000CDB0100029A9B0828602B709DF8103085
:1088D400C2B1EB7085F80290B9F1000F05D0002207
:1088E40008A8C5F1010C97420ED14FF0000AC5F15A
:1088F40001030DF1200801930DF1300B574512D1FE
:10890400601B8CE66B70E5E710F8013B190608D58F
:108914000CEB040EB64503F07F033FF67EAE04F87D
:10892400013B0132DFE7B9F1000F03D098F90020D1
:10893400002A17DB029BD3B11AF80B2004F8012B91
:108944000022019B18191044B0423FF666AE98F815
:108954000000009904F8010B2046039211F013FE65
:10896400039A14440AF1010A08F10108C6E798F8C9
:10897400002055F822300093029B009845F82230DD
:10898400FFF712FC421CDCE76FF00D0047E600BF66
:108994002DE9F04F97B000AFD7F880B03B62CBF32E
:1089A400C0030446894690F802A0FA62BB6141B94B
:1089B400457800780AEB800020444D4517D8A0EB99
:1089C4000409E378FB61BAF1000F02D01BF0010F38
:1089D40016D1FB6953BBFB6A1BB1494620463A6A70
:1089E40098474D4628465C37BD46BDE8F08F461C87
:1089F4003046FFF7D9FB0130304409F10109DCE7C7
:108A0400626823787A62FA6A9900796104EB8301D7
:108A1400002A40F001810E464FF000084D4601EB5C
:108A24000A094E454CD101EB0A0610E01BF0020F77
:108A3400D1D023789A007A61626804EB83017A6268
:108A4400FA6A002A77D14D46904601EB0A061BF0DC
:108A5400050F0CBF02230123FB62FB6906EB430AEB
:108A64000BF00203BB625645BCD016F8021B16F885
:108A7400013C54F82390994B994502D3984B99455E
:108A840036D3BB69002B40D0786A0DF07AFC0028FD
:108A94003BD0E9468AB06A46924B53617B6AC2E98D
:108AA40006314FF4007313848F4B42F8103F0023B8
:108AB4004FF412518D4801F0ABF8023DCD46D2E798
:108AC40016F8013BF96254F82300FFF76DFBD7F861
:108AD4008430F96A01304BB1D7F8883098453EBFED
:108AE400D7F8843023F8180008F10108054498E702
:108AF400BB6923B1786A0DF044FC0028C9D11BF08E
:108B0400010F05D1FB6AED1AADE7BB6A002BAAD0B1
:108B14004846FFF749FBD7F8843053B1D7F888307B
:108B240098453FBFD7F88420431C22F8183008F139
:108B34000108054497E7BAF1000F73D01BF004064F
:108B440073D0D046002607F1480052463B61B96213
:108B540011F019FDB96A3B6901EB0A02BA62FA69BC
:108B6400F9695200FA60BA6A02EB41023A610BF009
:108B74000202BA603A69B96A8A4258D162781BF033
:108B8400020F18BF00217A6208BF4FEA5801B218D9
:108B94001BF0010FD2B240F09F801BF0040F14BFF2
:108BA40040460020BB616270A070E17020463A6AC2
:108BB4007969FB6A9847051EFFF614AFBB69414605
:108BC40023707B6A3A6A6370FB6984F802A0E370DD
:108BD40007F14800FB6A9847B0F10008C0F2BA8078
:108BE4007B69A9EB0A01C91AFB683A6AC91AD7E971
:108BF4000A0398470028C0F2AF804FF0000BA84446
:108C040008EB000507F1380AB34571D300213A6A2D
:108C14000846FB6A9847E5E656464FF0000807F118
:108C2400380092E75646D04696E7B04694E7BA6ACB
:108C340012F8021B12F8015CBA6254F82500274AA4
:108C4400904202D3264A90421ED3BA6932B1786A5E
:108C54007B600DF096FB7B6800288BD1BA6802BB61
:108C640008F1280207F1300C08F10100944407F1DF
:108C7400580208F1020852FA80F00CF8101C5FFA4E
:108C840088F800F8105C75E7BA693AB1786A7B60D5
:108C94000DF077FB7B6800287FF46CAF1BF0010FAD
:108CA40009D006F1280207F13000711C161806F8E5
:108CB400205CCEB25EE71BF0040F3FF45BAF08F11B
:108CC400280207F1300008F1010102EB000808F85E
:108CD400105C5FFA81F84DE7002063E700A701000C
:108CE4000CDB010023B501000400000124AC0100E9
:108CF4001BF80A3054F8239087F83730D7F88430BB
:108D04002BB3D7F888309B4521D2D7F8843033F879
:108D14001B8001213A6AFB6A07F137009847002853
:108D24001ADB0544B8F1000F06D14846FFF73CFAB8
:108D340000F101081FFA88F8414648463A6AFB6A7E
:108D44009847002808DB05440BF1010B5CE74FF062
:108D54000008DEE7454645E6054643E6014B186054
:108D6400704700BF2082002080B505460E46174696
:108D740098460CF0A1F8034611F0B6FC0446DFF85F
:108D84001890424649F8003039463046A84754F80E
:108D9400090001F0D9FD00BF080000002DE9F047EB
:108DA400058B04462807904611D4022905F00705CF
:108DB40040F0CC8020460DF08AFD78B10138218B3B
:108DC400042811D8DFE800F0C2106D859500012950
:108DD4000CBF45F0100545F02005258388F3118864
:108DE400BFF36F8FBDE8F08701F0070AAA4500F0D2
:108DF400A5800027B9463E46A368002B00F0BC803E
:108E040041F00801218388F31188BFF36F8FA168B3
:108E1400002900F0BA800D68002900F0B6803346BE
:108E240052462046D1F80480C047002D76D02B68E6
:108E340029461D46F0E701F007035A1F012A1BD8F3
:108E4400002221F00701062B276889B2C4E9002219
:108E540009D13B4603E0628B013262831B68002B1D
:108E6400F9D141F00201204621830DF030FD0028A4
:108E74007AD041F0200176E0042B0AD121F00701D9
:108E840089B2204621830DF022FD10B141F020016A
:108E94002183218B01F0070AAA454FD00027B94648
:108EA400AAE7236921F0070141F00601062DD3F852
:108EB400009021832DD1B9F1000F3FD041F008017A
:108EC400218388F31188BFF36F8F20463949C8473F
:108ED40029E021F00701236941F0040189B2042D3E
:108EE400D3F804902183E6D000274FF0040A3E46CD
:108EF40082E721F00701236941F0050189B2052DBC
:108F0400D3F808902183D6D000274FF0050A3E46B7
:108F140072E700274FF0060A3E466DE72B4687E7C7
:108F2400B9F1000FD1D1EFF31188202383F3128814
:108F3400BFF36F8F238B23F008032383258BEA066B
:108F44002ED525F01003238305F007056669218BD0
:108F5400002EBFF670AF00232768C4E9003321F068
:108F6400070141F001012183218B4FF0000901F039
:108F7400070AAA457FF440AF002F9CD041F00801B6
:108F8400218388F31188BFF36F8F002FC8D03D6809
:108F940039463346524620460DF0C5FC2F46F4E7C9
:108FA400AB067FF51BAF25F02003238305F00705EF
:108FB40000E700BF5769010010B530B90B480C49F0
:108FC4000DF090FD6FF0150010BD836833B90748AC
:108FD40008490DF087FD6FF00400F5E71B6813B135
:108FE400BDE8104018471846EEE700BF3CAC01004E
:108FF400D7B50100E8B5010010B530B90B480C49EC
:109004000DF070FD6FF0150010BD836833B907488B
:1090140008490DF067FD6FF00400F5E75B6813B1D4
:10902400BDE8104018471846EEE700BF3CAC01000D
:10903400D7B50100E8B5010070B508B101B132B986
:109044000B480C490DF04EFD6FF0150070BD84689F
:109054000CB1E56835B9064807490DF043FD6FF0DA
:109064000400F3E741F8040BE368BDE870401847D7
:109074003CAC010006B60100E8B5010010B5044699
:1090840030B9104810490DF02DFD6FF0150010BDDA
:10909400006830B90B480D490DF024FD6FF0010054
:1090A400F5E783680BB11B6933B9064808490DF02D
:1090B40019FD6FF00400EAE7616898470028E6D1DB
:1090C4002060E4E73CAC010032B6010043B6010085
:1090D400E8B5010070B51346044630B9104811498B
:1090E4000DF000FD6FF0150070BD006830B90C483C
:1090F4000D490DF0F7FC6FF00100F5E782680AB145
:10910400956835B9064809490DF0ECFC6FF0040088
:10911400EAE70A46AC466168BDE87040604700BFB4
:109124003CAC010032B6010043B60100E8B50100D1
:10913400034A13680BB9526813600020704700BFDC
:109144002482002030B50C460E4985B00291D0F837
:10915400D4110546CDE9003100F1F0014FF0FF33A1
:1091640020460AF0A1FB50B9012384F86C30D5F8ED
:10917400D03123B1204605B0BDE83040184705B0D2
:1091840030BD00BFE16B010038B50C461146054601
:109194000DF026FD034638B9284604490DF020FD9C
:1091A40003460020236038BD0120FBE7F3D901000A
:1091B4002DE9F04F012381460569466887B005F51E
:1091C4005F77D7E8EF2F002A03D1C7E8E13F0029F2
:1091D400F7D10CBF1A46002240F0B080B368B16AE0
:1091E40005F5F8781C1F10460DF081FD84426ED8F9
:1091F400013A00F09D80B2FA82F24FF00044D4406C
:1092040072682046073222F00302C5F83C22B16A94
:109214000DF06DFDC5F84002B36A40466343033365
:1092240023F0030302EB4302230103EB440309335A
:1092340023F0030303EBC403C5F834221A440832B1
:10924400C5F830227368C5F83842C5F82C323D4B56
:10925400C5E9AD63316800F0E5F90446002834D16E
:10926400D9F810B0D9F804A0D9F800300BF5347946
:10927400059004934846DAE90734012B08BF103CF3
:1092840010F00FFFDAF824002F4904AB01EB802122
:109294004FF480624846009323460BF059FA2B4959
:1092A4000BF5307010F0B6FEDAE9050183685C68EE
:1092B4004CB15B46264AA047044630B9DAE90501B9
:1092C40083681B692BB96FF05704002129E0013230
:1092D40089E70122984704460028F6D11D4B284609
:1092E400C5F8D0311C4BC5F8D4311C4B0393D5F8C9
:1092F40040320293D5F83C32CDE9008305F5117371
:10930400B26AD5F8781300F055F904460028DCD188
:1093140005F1F0000AF06EFB0028C5F880030ADBB3
:10932400022138460DF090FC204607B0BDE8F08FCE
:109334006FF00B04C9E76FF01504C6E76FF077040C
:10934400F2E700BF376C0100A89C00201D6C0100EF
:10935400116C010065930000C96D01007D6C010072
:1093640013B5044640B100230122CDE90032074B76
:10937400D0E909120AF06CFA236F1B6823B1606FFD
:1093840002B0BDE81040184702B010BDF3D9010087
:1093940013B504460846216901F55F71D1E8AF1F92
:1093A400022910D193B1A0B10121CDE900311346B6
:1093B400D0E909120AF04CFA074B984208BF6FF043
:1093C4000B0002B010BD6FF00F00FAE76FF04C0015
:1093D400F7E76FF00100F4E72EF8FFFF2DE9F347FC
:1093E40089461546066906F55F73D3E8AF3F022B3D
:1093F40064D1136823B96FF0150002B0BDE8F0879B
:109404001B78002BF7D0D6F878A3BAF1000F36D129
:1094140006F5EC774FF0FF324FF0FF3338460AF091
:10942400C9FE30462A6801A9FFF7AEFE019C8046BA
:109434001CB938460DF006FCDDE705F10803236787
:109444006B6984F86CA06367646460B138460DF09E
:10945400F9FB21463046A36E2A68FFF773FE00200D
:10946400C9F80040C9E71F22296804F1480011F037
:10947400C1F8384684F867800DF0E4FBEFE7304626
:1094840010490DF0ADFB04460028B4D0002705F1C7
:10949400080303676B6980F86C70436740641F229C
:1094A4002968483011F0A6F822460121304684F894
:1094B400677000F061F80028D1D09CE76FF00F00CE
:1094C4009BE700BFF3D9010010B50C46006900F515
:1094D4005F73D3E8AF3F022B0FD189B10A4900F57E
:1094E400307010F0C3FD204610F092F8782200216D
:1094F400204611F055F8002010BD6FF00F00FBE777
:109504006FF00100F8E700BFB09400202DE9F04FA0
:1095140005460E4690460027D0F8C4A085B0AAF5AB
:10952400BE7421463046FEF72DFEE0B9114BA4F17E
:10953400480B0293DAF810303246CDE9008329460D
:109544004FF0FF335846AAF5E2790AF0ADF960B955
:109554007823012203FB079383F86C20DAF80C309C
:109564000BB158469847783417B105B0BDE8F08F71
:109574000127D6E7F76D01001FB5144690B18AB1F3
:10958400012912D10A4B00F1F0010293D0F8D43131
:10959400483201934FF0FF33204600930AF084F9D8
:1095A40004B010BD6FF01500FAE70020F8E700BF23
:1095B400F76D01002DE9F04387B00E46DDE90E8119
:1095C4001446DDE910251F4630B329B3DFF850C037
:1095D40000F1F009002D08BF65469EB9CDE90344AA
:1095E40000F5E2742046059610F0AAFA03ABCDE923
:1095F40000432A463B46414648460AF075FA07B0FE
:10960400BDE8F083002241460E9248462A4607B040
:10961400BDE8F0430AF0B8BB6FF01500EFE700BFF8
:1096240011950000F0B504462B4A87B004AB0E46F2
:1096340092E8030083E80300002C49D018460AF09E
:109644000DF80546B0B94FF0FF33E16C04F154074F
:10965400A163CDE9010000933846236D04F138027B
:109664000FF088FCA06C0DF0F3FBC4F8BC0020B92B
:109674006FF00B05284607B0F0BDA06C0DF0E8FBB9
:10968400C4F8C0000028F3D0236CD4F8BC10C4F88C
:1096940090300423C4F89430C4F8AC300223E3625D
:1096A4000E4BB4F84820C4F88C10616C236204F1AA
:1096B4008C03C4F8A070A4F89820C4F8B870C4F857
:1096C400A810A4F8B020C4F8A400A6612363D1E7CD
:1096D4006FF01505CEE700BFC4AC010078AD010002
:1096E4002DE9F047044607464FF00109DFF85080A2
:1096F40014B93846BDE8F08794FAA4F5B5FA85F5AF
:1097040009FA05F32E0108EB05156FEA030A24EAAA
:1097140003042B7B002BEBD058F806301B694BB9A4
:109724004644736804222846196807EA0A0700F0C9
:109734005BFADDE7284698470028D9D1F0E700BF57
:1097440094AC010030B5002289B00F490F4810F0E5
:1097540074FE002200230024CDE906230E230C4DC1
:10976400CDE903344FF440722846CDE90144094B56
:10977400094900940BF008F90849284610F0ECFC5C
:10978400204609B030BD00BFA5970000188F002007
:10979400888A0020919A0000A8A0002068B60100E1
:1097A40001480AF001BE00BF588500202DE9F047AA
:1097B40080461F480F460DF097FB0646002830D020
:1097C40000252846BDE8F087237B6BB12368DB685E
:1097D4000BB12046984723681B69D3B963680422F8
:1097E4002046196800F000FA013610344C45EBD3DA
:1097F400B8F1000FE5D0002DE2D02846FFF770FF46
:109804000546002FF7D000214FF4A47010F055FD49
:10981400F1E7204698470028E0D00AFA06F31D43F2
:10982400E2E705464FF0010A024CDFF80C90DDE751
:10983400E894002094AC0100A4AC0100014B53F85F
:1098440020007047B8AD010008B5034608462BB1A7
:10985400044A136000F072FC002008BD6FF015008C
:10986400FBE700BF5082002010B5044C237813B9E5
:1098740003480AF099FD0123237010BDF4990020D8
:109884005885002010B5044609480DF02DFB3CB165
:10989400084BD3E8EF1F0139C3E8E21F002AF8D1CF
:1098A400054810F0D6FDBDE8104004480AF07CBD20
:1098B400E0940020E4940020188F002058850020B4
:1098C40000200146034BD3E8EF0FC3E8E21F002A50
:1098D400F9D17047E094002070B5FFF7F1FF054619
:1098E400074C084EB44200D370BD63685B792BB15A
:1098F40023685B6813B12946204698471034F1E782
:1099040094AC0100A4AC010010B5044C04492046F9
:109914000CF076FE034B1C6010BD00BF9884002041
:10992400A4AD0100D894002008B50023074A4FF4E1
:1099340000411370064A07481360074A1360FFF793
:1099440083FFBDE80840FFF7DFBF00BFF5990020A3
:10995400E0940020E96E0100E49400200146002216
:10996400002301480CF06DBE9884002001480CF0DF
:1099740006BF00BF98840020024B014618680CF013
:1099840052BF00BFD894002001480CF087BF00BF2D
:109994009884002070B5264B1878002847D0FFF72C
:1099A400E5FF054670B1234BD3E8EF1F0139C3E847
:1099B400E21F002AF8D1204C204EB4422DD3284671
:1099C400FFF7DAFF1E4B1F4C1B68002B19DD10F04C
:1099D400EDFC4FF47A72A0FB020302FB0131C30BCE
:1099E40043EA4143D4E900209B1A40F2E9324FEAAA
:1099F400D13161EB0001934271F1000101D3FFF712
:109A04006BFFD4E9003213F57A7342F10002C4E922
:109A14000032BDE87040FFF7B7BF63685B7923B1DC
:109A24002368294620461B6898471034C5E770BD53
:109A3400F4990020E494002094AC0100A4AC01004B
:109A4400E0940020108F002070B50D4D297861B985
:109A54000120FFF7ABFE0B4C0B4EB44206D3FFF7CD
:109A640099FF0028FBD101232B7070BD63685B79DB
:109A74001BB1236820469B6898471034EDE700BF6C
:109A8400F599002094AC0100A4AC010000212DE95B
:109A9400F0470846FFF78AFE044658B340F2676869
:109AA4004FF0000910F020FE1B4B1C4A1B5813609A
:109AB40033B11B4B1B68092B02DD1A480AF074FCF6
:109AC4000025194FDFF85CA044B12046FFF708FEDB
:109AD400044618B94FF0FF384FF0FF39FFF75AFF2B
:109AE400064628B9B5B942464B4650460AF090FCA2
:109AF4003546E9E74FF0FF384FF0FF39D2E72B68DE
:109B04009B691BB100222846114698471035BD4277
:109B1400F5D3E8E7054DFAE708000000DC940020DF
:109B2400E494002058850020A4AC010094AC01000A
:109B340013B518480DF0D8F9174B1B7873B1EFF330
:109B44001184202383F31288BFF36F8FFFF722FF62
:109B540084F31188BFF36F8F02B010BD0F4B1B68E5
:109B6400002BF9D050B9002200230D48CDE9002381
:109B74004FF4004200230BF06DFCEDE70928EBD114
:109B8400074810F066FC074802B0BDE810400AF030
:109B94000BBC00BFE4940020F5990020DC94002065
:109BA400188F00205885002010B5064B04461B680A
:109BB40098472146A06004480CF0C2FDBDE810405F
:109BC400FFF7B6BF5082002098840020044A054B5A
:109BD4009B1AB1EBD30F34BF52F831000020704709
:109BE400ACAB010094AC0100084B10B4C31A446838
:109BF4001B110133237143689A7101224368196070
:109C040043685A7110BCFFF72FBE00BF94AC01002B
:109C14002DE9F04F8FB0C1F34A2804AF0D469146A9
:109C2400B8607B600C0DB8F1000F63D000264FF0D4
:109C3400040B4FF00A0A07F11403C7F80C80C7E9B4
:109C440007667E620193CDF808B0CDF800A007F155
:109C54001C0332464846F968FEF79AFEB0F5006FD9
:109C640003461CD36C468AB0D9F8041004AB2648CA
:109C74001A46C3E9050140F2FF71D9614FF400713E
:109C84001984224B42F8103F4FF4125133462048B6
:109C9400FFF7BEFFA5462C37BD46BDE8F08FC0F3E5
:109CA4000A0804F11700184420F0070080083B60FC
:109CB400FFF754FE68F35325044690B13B6800F166
:109CC4001001C7E9083607F11403F961CDE900A3CF
:109CD400CDF808B048460F4AF96807F11C03FEF7AF
:109CE40057FE68F353252A4620467B68B9680DF071
:109CF4002DF9D0E704F1170020F007008008FFF7E2
:109D04002DFE0446EDE700BF7DB60100040000010E
:109D140044AC0100256F01002DE9F04F87B00446E3
:109D2400DDE9105ADDE91279934698460391BFB1F3
:109D34003B46524610210020CDF80090CDF81490F7
:109D4400FEF754FCB0F5006F06460AD340F2FF73E9
:109D54000221174A174807B0BDE8F04F0DF04FB97C
:109D64003E4605F11700304420F007008008FFF755
:109D7400F5FD04F007040BF0070BE40044EA8B1430
:109D840044EA462444EA0554054640B13FB13B4603
:109D940052463146CDF800901030FEF727FC43467A
:109DA40022462846039907B0BDE8F04F0DF0CEB81F
:109DB400BCB6010044AC0100406820B1034BC01A9A
:109DC40040F3CF0070474FF0FF307047ACAB010059
:109DD4000EB403B503AB53F8042B014604480193B6
:109DE40001F0E6F802B05DF804EB03B0704700BF81
:109DF40065700100CA0605D48B064CBF02490349AD
:109E0400FFF7E6BF704700BFF2D90100F1D90100A6
:109E14002DE9F04F89B09B46149B9DF84CA0069306
:109E2400159B04460593169B0D469046179E049376
:109E3400BAF1000F00F09D8006F4807307930DF0D3
:109E44006DF806F00209024600283ED020469149EA
:109E5400FFF7BEFF0746B9F1000F08D016F0440F14
:109E640035D12A4620468C49FFF7B2FF074406F055
:109E7400010353B1894B204653F82A20884B894962
:109E8400002A08BF1A46FFF7A3FF06F48073002BCD
:109E940049D006F00803002B63D1B8F1000F66D057
:109EA400424620468049FFF793FF0546069B3D4402
:109EB400002B6DD1049B002B73D1F30700F1E480D8
:109EC40031462046FFF796FFD8E00746C3E7774BB5
:109ED40018680028CAD0764B4FF47A791B684FF083
:109EE4003C0CB5FBF3F5B5FBF0F14FF4616300FBFB
:109EF400115509FB05F5B1FBF3F2B5FBF0FE03FBCD
:109F0400121100FB1E55B1FBFCF309FB05F5B5FB73
:109F1400F0F50CFB131120460091CDE901E56549EC
:109F2400FFF756FFA2E706F00803EBB1624B2046A9
:109F340053F82A206149FFF74BFF0546B8F1000F9B
:109F440005D0424620465849FFF742FF0544BBF17D
:109F5400000FABD05A4620465949FFF739FF054454
:109F6400A4E74FF0000BE1E706F00805E6E74546F5
:109F74009CE7BBF1010F069B06D1002B64D1049B27
:109F8400002B7BD000250CE0002BF8D04D485CE082
:109F94004D48069B22464D490CF0C2F9049B002B08
:109FA40068D0DFF82C81DFF82C91049F3146102F04
:109FB400204628BF10274FF0000BFFF71BFF5D451D
:109FC40045DC059B494620461A78FFF701FF4FF010
:109FD400010B1BF0070F03D141462046FFF7F8FEA3
:109FE4005F453BD9059B4946204613F80B20FFF7F4
:109FF400EFFE0BF1010BBBF1100FEAD14FF0000B98
:10A0040020463549FFF7E4FE5A46059B20469A5CF4
:10A01400A2F120015F2928BF2E223049FFF7D8FE84
:10A024000BF1010BBBF1100F1DD01BF0070F03D177
:10A0340041462046FFF7CCFE5F455A46E5D84146E7
:10A044002046FFF7C5FEEBE71F485546A1E741460A
:10A054002046FFF7BDFE0BF1010BB0E72046204977
:10A06400FFF7B6FEC5E7059B3B440593049BDB1B4A
:10A0740004939AD1BAF1000F7FF41FAF204609B0C0
:10A08400BDE8F04F0CF0DFBF2046054A0549FFF755
:10A094009FFE15E7F9B60100FDB60100C8AD010049
:10A0A400F4B60100ACC1010022B70100F094002015
:10A0B400EC94002006B70100DCAD010026B70100D6
:10A0C4002CB701009370010065700100B5AF00006A
:10A0D400BDD9010031B7010037B7010039B701001C
:10A0E400BBD9010042F20F7373B58B4228BF0B46F4
:10A0F40005680446052168460D4A0BF0C7FB064671
:10A10400636828460B225B680A490CF08EFF63687B
:10A114003246694628465B680CF087FF63681B2259
:10A1240028465B6804490CF080FF02B070BD00BF94
:10A134000FB5010058B701003CB70100002101230D
:10A14400064A904206D8064A01B901231360054B1A
:10A1540018607047012140085B00F2E740420F009D
:10A16400EC940020F0940020F8B50D460446064F08
:10A174004618B44201D12846F8BD14F8011BBB6847
:10A1840001485B689847F4E744A80100014B036069
:10A194000020704724AE01000122024B00201A70F7
:10A1A400704700BFF99900201FB501240294044CA4
:10A1B4000194BDF8184000940EF05EFB04B010BD8D
:10A1C400F9990020B0B5144A01296C4600AF88B053
:10A1D400124B06BF0125134600256A461049C2E901
:10A1E40005134FF4007393830E4B42F8103F002382
:10A1F4004FF4E6510C48FFF70BFD0C4BA5461C68C9
:10A204003CB154F8083C083C0BB128469847A46874
:10A21400F6E7BD46B0BD00BF9EB70100A6B701007A
:10A22400AFB701000300000134AC01002095002009
:10A2340070B516461D4603210F4A10480CF0DFFE88
:10A244000F4B1C687CB16FF08500083C63682BB130
:10A254003078984710B110F1860F09D1A4680CB179
:10A26400083CF3E710B16FF07F0070BD2846FCE7AF
:10A274006FF00D00F9E700BFC4B7010034AC010072
:10A2840020950020062310B50C4C86B0182260706F
:10A2940000216846237010F083F9094B6946CDE923
:10A2A400013402230020ADF80C3006F04BFB10F112
:10A2B400800F08BF002006B010BD00BFF799002032
:10A2C40038AE010008B504480CF084F8BDE8084035
:10A2D40002480CF07FB800BFE2B7010017B80100D4
:10A2E4002DE9F04706460C4600AF002936D0D1E9E7
:10A2F4000012E9468AB06D46A3684FF0050AA846E5
:10A304001F48C5E90723C5E9050148F810AF002334
:10A3140042464FF421511B48FFF77AFCD4E903125B
:10A32400CD466369AD461848C5E90723C5E905016B
:10A33400C5F810A0002342464FF421511148FFF7FD
:10A3440067FCCD46E3690121104A0E480CF057FE24
:10A35400A36901210E4A0B480CF051FE012E07D1CE
:10A36400EFF305830B4A31460648103B0CF047FED9
:10A374002146304609F02EFDBD46BDE8F08700BFFA
:10A3840045B801007CAC010074B80100A3B8010019
:10A39400B2B80100E0B8010030BFFFF7FDBF00BF55
:10A3A4002DE9F04105460B4EDFF82C80324606EBD2
:10A3B4000807CC1B2046094910F0E5F8A0194246CD
:10A3C4000021083C10F0ECF86C6707F10800BDE8C8
:10A3D400F08100BF0000000004000000A4AC0100F4
:10A3E400074A936893F90E10002907DB52699342D8
:10A3F4001FBF044A536843F080535360704700BF43
:10A404009499002000ED00E070B52A4C06460D46F4
:10A4140029482A490CF0C2FEA36ADB0647D5264820
:10A4240027490CF0BBFE1120A36A1C0704D522485F
:10A4340024490CF0B3FE12201E4CA36A990712D5CE
:10A4440021491D480CF0AAFE636BA26A120609D5C5
:10A4540001211E4A18480CF0D2FD1EB1A36A23F054
:10A464008003A3621320134CA36ADE0704D51248A9
:10A4740017490CF093FE1420A36A9C0604D50E48D9
:10A4840014490CF08BFE15200A4B9A6AD10658BF6A
:10A494009A6A9A6A920642BF5A6A22F400525A622F
:10A4A4009A6A42F0FF029A6200232B7070BD10205A
:10A4B400BAE700BF00ED00E07CAC0100F3B8010096
:10A4C40009B901003CB901004FB9010067B90100A5
:10A4D4007DB901009CB9010010B5244C24492548DC
:10A4E4000CF05CFEA36A99013ED5224822490CF087
:10A4F40055FE1E20A36ADA0104D51E481F490CF03C
:10A504004DFE1F20194CA36ADB0204D519481C49CF
:10A514000CF044FE0220A36A1C0304D51548194913
:10A524000CF03CFE2120114CA36A590304D51148B8
:10A5340015490CF033FE2220A36A9A0304D50D4872
:10A5440012490CF02BFE2320084CA36ADB0304D52C
:10A5540008480F490CF022FE2420A36A6FEA034343
:10A564006FEA1343A36210BD1D20C3E700ED00E0B2
:10A57400CBB901007CAC0100E3B90100F6B90100DC
:10A5840010BA01003ABA010058BA01007DBA0100BC
:10A5940097BA010070B5294C06460D46284829494A
:10A5A4000CF0FCFDA36AD9043CD5254826490CF0DF
:10A5B400F5FD1720A36A1A0504D5214823490CF098
:10A5C400EDFD18201D4CA36A9B0512D51C4820499B
:10A5D4000CF0E4FDA36BA26A100409D501211D4A05
:10A5E40017480CF00CFD1EB1A36A23F40043A362C8
:10A5F4001920124CA36A590504D5114816490CF0C8
:10A60400CDFD1A20A36ADA050ED50D4813490CF0C6
:10A61400C5FD1B20094A936A43F47F4393620023D8
:10A624002B7070BD1620C5E7A36A9B04F2D50448BD
:10A634000B490CF0B3FD1C20ECE700BF00ED00E07B
:10A644007CAC0100C2BA0100D8BA01003CB90100D7
:10A65400E9BA010002BB010017BB010032BB0100D3
:10A664009CB901002DE9F0478AB0694B0446D3F840
:10A6740004A089461646002500AFCAF3080885F3EE
:10A684001188BFF36F8F02F07F43B3F17F4F1ED168
:10A69400D3071CD4500603D4110708D4012508E0BD
:10A6A4005C495D480CF07AFD16F0040600D04C4677
:10A6B40000250023FB71A8F10303092B00F2868017
:10A6C400DFE803F0077C7F788484848484822C46CA
:10A6D400EFE7524950480CF061FD00234C4EFB71EA
:10A6E400F36A9A0705D54E494B480CF057FD0023F1
:10A6F40029E0F36A002B01DA4A49F5E7F36A5B00C3
:10A70400F5D5494944480CF049FD7369A26943F4FD
:10A7140080737361BFF34F8FBFF36F8F736932F828
:10A72400022C23F480737361BFF34F8FBFF36F8FD9
:10A734004DF602739A4228D1236801213B4A3648D8
:10A744000CF05DFC2368FA79DAB907F1080604F124
:10A75400200C324620686168083403C264451646FA
:10A76400F7D17A6A002D4ED0C2F3080121B96FEAFD
:10A7740052226FEA42227A62184607F10801FFF773
:10A78400AFFD2837BD46BDE8F087B36ADBB223B11D
:10A794000120F91DFFF738FE0EE0B36A13F47F4F72
:10A7A40004D00120F91DFFF7F5FE05E0B36AB3F507
:10A7B400803F9CD3FFF790FE0346C4E70020F91DB9
:10A7C400E8E70020F91DEEE719498DE7194A6E46BE
:10A7D4001AF4F87F8AB0184B18BF13466A46174913
:10A7E400C2E90513A8F11003D3614FF40073138475
:10A7F400134B42F8103F00234FF411510648FFF762
:10A8040007FAB54673E722F4FF7222F00102B2E7B9
:10A8140000ED00E078BB01007CAC01009BBB0100B3
:10A82400B2BB0100D3BB0100E1BB010000BC0100CD
:10A834001CBC01005FBB01004ABB010040BC01001D
:10A8440004000001064B5A6942F010025A615A6929
:10A8540042F480625A615A6922F008025A617047D0
:10A8640000ED00E0EFF30880EFF3098101B57246D3
:10A87400FFF7F8FE01BD00BF002080F31488BFF38A
:10A884006F8F002080F30A8880F30B880F4880F3D1
:10A8940008880EF0D8FA00200D490860BFF34F8FE6
:10A8A40000F02CF8202080F311880A484FF400614E
:10A8B400401880F30988EFF314800221084380F3E1
:10A8C4001488BFF36F8F00F0E5F8000050BD00203E
:10A8D40094ED00E010B00020002318460649D1F89A
:10A8E4009020C2F30722934200DB7047C1F89830EE
:10A8F400C1F8A0000133F6E700ED00E010B572B630
:10A90400002484F31388FFF7E7FF23464FF0FF305A
:10A914000C4A03F120010133102B42F82100F8D135
:10A9240000234FF0FF30074A03F160010133102B7D
:10A9340042F82100F8D162B6BFF34F8FBFF36F8F97
:10A9440010BD00BF00E100E0084B9B6883420BD1BF
:10A95400EFF3058343B1064B5A6842F080525A60C4
:10A964005A6A22F400425A620AF0ACBA949900205E
:10A9740000ED00E018498A6882F881E04FF0300069
:10A984001044EFF3098C80E8F01F202080F3128834
:10A99400BFF36F8F114F4FF000664A698A603E60C3
:10A9A4004FF07404141920680D4C206092F981E072
:10A9B400906F0023936780F3118802F1300090E8D0
:10A9C400F01F8CF3098802F1000004B50CF0F0FBD1
:10A9D400BDE80440704700009499002004ED00E0B5
:10A9E400289500201EF0040F0CBFEFF30880EFF34E
:10A9F4000980816911F8021C0229FFD001B5724651
:10AA04000CF0C1FB01BD00BF40B2002807DB0123ED
:10AA14004109034A00F01F00834042F82130704787
:10AA240000E100E040B200280CDB012206494309A2
:10AA340000F01F008240203341F82320BFF34F8FE2
:10AA4400BFF36F8F704700BF00E100E0054B420980
:10AA540053F82220012300F01F0003FA00F01040F5
:10AA6400704700BF00E100E040B2002801F101019D
:10AA7400ACBF00F16040064B4FEA4111C9B2ABBF15
:10AA840000F5614000F00F0080F80013195470477E
:10AA940014ED00E00B4A08B50B4B22F07F029A60DC
:10AAA400BFF34F8FBFF36F8FD3F8882022F4700267
:10AAB400C3F8882009F07AFA0AF026FB00F04CF873
:10AAC40009F0B4FA0080000000ED00E042F8203CF8
:10AAD400009B0D4942F81C3C019B21F0010142F806
:10AAE400183C029B42F8081C42F8143C4FF0807357
:10AAF40042F8043C002383674FF43C43203A026548
:10AB0400C0F88030704700BF6D8D000000B50B4B5E
:10AB140015469860426F0A4B0E461A60436E83F3E3
:10AB24000B882C4686F309880020064B984720465C
:10AB3400002100220023044C204700BF94990020E8
:10AB440028950020BD7101006D8D00001022014B7D
:10AB54001A61704700ED00E0002320210348C21869
:10AB64000133452B82F80013F9D1704700E100E06E
:10AB740008B5EFF30583064A103B02EBC30152F814
:10AB8400330049688847BDE80840FFF729BC00BF87
:10AB9400A8A801001FB5094C094A23460121094808
:10ABA40000F012F900230393074B0121E41A01A8D2
:10ABB4000193029400F012F904B010BD00000720C4
:10ABC40000800020C4AE01000087002010B50C7A7C
:10ABD4000B6804F01F0223F01F031A43CB686409B7
:10ABE40023F01F03054943EA440343F00103C1F87A
:10ABF4009800C1F89C20C1F8A03010BD00ED00E021
:10AC040010B50A4BD3F89030C3F30723013B9842A5
:10AC140008D901210346064A06480CF0F0F96FF002
:10AC2400150010BDFFF7D2FFFBE700BF00ED00E009
:10AC340057BC010064AC01002DE9F04F894614466D
:10AC440006464FF00008514D85B0C84527DAD6F8BE
:10AC540004A0BAF1000F44D0BAF11F0F17D91AF0AB
:10AC64001F0F14D1D6F800B01BF01F0F0FD1584698
:10AC74000CF0DEFA07460AEB0B0001380CF0D8FAA8
:10AC8400874210D06FF01507414A3B4601E0434626
:10AC9400404A012140480CF0B2F96FF015042046F7
:10ACA40005B0BDE8F08F17F1160FEDD0BC42EBDD17
:10ACB400C5F89870D5F89C10C5F89870D5F8A030F0
:10ACC40021F01F0143F01F0BD6E900321A449942C8
:10ACD40002F1FF3A1DD1D34507D13146F8B20CF049
:10ACE400B0FA08F101080C36AFE73146C5F89870A0
:10ACF400D5F89C3022F01F0203F01F031343C5F85C
:10AD04009C30E0B20CF09DFA10F1160FC5D0441C33
:10AD1400E7E7C5F89870D5F8A020013B23F01F039E
:10AD240002F01F021343D3453146E0B2C5F8A03008
:10AD3400E8D00CF086FA10F1160FAED0C5F8987072
:10AD4400D5F89C209DF808300BF1FF3B62F3040317
:10AD54008DF80830D5F8A0309DF808205B0863F31F
:10AD640047128DF80820D6E900321344009323F0EB
:10AD74001F035B44A3EB0A03013023F01F0369465E
:10AD8400C0B20393FFF73CFFBEE700BF00ED00E055
:10AD9400A0BC01007DBC010064AC01000522044B91
:10ADA400C3F89420BFF34F8FBFF36F8F704700BF7A
:10ADB40000ED00E0BFF35F8F0022024BC3F8942044
:10ADC400704700BF00ED00E010B5034C2278FFF798
:10ADD40033FF207010BD00BFFA9900202DE9F74F12
:10ADE400294D8A4606464FF00008AB46274FD0450A
:10ADF4001BDAD6F80490B9F1000F3FD03168084649
:10AE040001910CF015FA0199044609EB010001388F
:10AE14000CF00EFA84424FF014021D4B08D002FBD2
:10AE240008F36FF015024BF8032003B0BDE8F08F70
:10AE340014F1160F2C60F8D01978A142F5DD02FB4D
:10AE440008B0C7F89840C7F89840D7F89C4000F17C
:10AE54000801007B64F304000871D7F8A0000C79A2
:10AE6400400860F347140C71D7F89C1021F01F01BF
:10AE74006960D7F8A01021F01F01296108F10108C9
:10AE840014350C36B3E700BF2C95002000ED00E02C
:10AE9400FA990020F0B54149414CD1F89030256829
:10AEA400C3F307239D4287B075D80020FFF782FFC4
:10AEB4003C4BC1F8C030854216D13B4C01A82570EB
:10AEC400FFF764F900250646384FAE4213D100203F
:10AED40023783249D1F89020C2F30722934254DBFD
:10AEE400FFF75CFF00202FE0616801EB0011FFF722
:10AEF4006DFE0130DFE70199280101EB0513DA68E3
:10AF04003A40B2F5001F21D0B2F5800F2BD0B2F534
:10AF1400801F38D15A689B680958013B22F01F00F2
:10AF240003440120844623F01F0340EA4C10CDE97A
:10AF340002218DF8100002A920780593FFF760FE26
:10AF440000281DDA6FF0150007B0F0BD5A689B6841
:10AF54000958013B22F01F0003444FF0020C01206A
:10AF640023F01F03E1E75A689B680958013B22F06C
:10AF74001F0003444FF0000C062023F01F03D4E706
:10AF840023780133237001359FE7C1F89830C1F865
:10AF9400A00001339EE74FF0FF30D5E700ED00E05D
:10AFA400D0AE0100AAFF4400FA9900200000F0FF8F
:10AFB400F0B587B007460E461446002110226846B5
:10AFC4001D460FF0EDFA02238DF80230054B2A4698
:10AFD40021466846CDE9047601930AF083FC07B064
:10AFE400F0BD00BF7972010008B502480AF02EFCDA
:10AFF400FEE700BFD2BC010008B5024B1B689847AE
:10B00400002008BD40950020034B044A1860937843
:10B0140043F0020393707047409500208C82002017
:10B0240008B50649064821F00701C1F1005202F5AE
:10B03400E0220BF01DF9002008BD00BFD3DD002085
:10B044004495002070B541690446867A0A4D59B189
:10B05400437ADB0706D42C2303FB06535B6A1B6885
:10B064009B689847002363612C20214606FB00500F
:10B07400BDE870400EF03DBFA08500202C22024B9D
:10B0840002FB0030704700BFA08500202C21827A8B
:10B09400054B01FB02339A6A1B7F801A1B3323F092
:10B0A4000303B0FBF3F07047A085002038B52C24CF
:10B0B400827A064B04FB02335B6AD3E901240C60F9
:10B0C4001568FFF7E3FF04FB005038BDA08500209E
:10B0D4002DE9F04385B00546684690461C46039129
:10B0E4000FF066F9DDE90067EFF31189202383F39C
:10B0F4001288BFF36F8F6B8B002B41D02A8B9A423F
:10B1040025D900220023284609F01CF90446F0B191
:10B1140089F31188BFF36F8F039B002B41D0324614
:10B124003B4668460FF068F92C21A27A254B20464D
:10B1340001FB02335B6A03A91B681D68DDE9002378
:10B14400A847606170BB2046FFF77CFF24E0698B51
:10B154004B1E6B8389F31188BFF36F8F2B7F2A8B70
:10B16400AC6A1B3323F00303521A02FB0344154B4E
:10B17400154AEB1A9B105343A3722B7FE372CBE760
:10B1840089F31188BFF36F8F23464246284609F09E
:10B19400D9F804460028BFD10024204605B0BDE8F4
:10B1A400F0836361012300252381039B2946638285
:10B1B400E27A656004F118000FF0F2F96369258200
:10B1C400E360EAE7A0850020A38B2EBA70B52C2596
:10B1D4000B4C00B970BD037A4668013BDBB20372C5
:10B1E400002BF7D1C3604360837A05FB03431B6ADA
:10B1F40013B198473046ECE7FFF724FFFAE700BFA6
:10B20400A085002007B50DF1070007F0E9FB114BFD
:10B2140098421CD14FF480620F4B1049C3F8B825F3
:10B224004FF40062C3F83C259DF807000DF014FEAE
:10B234000B499DF807000DF00AFE01209DF8073028
:10B24400984007F0C7FB002003B05DF804FB6FF0E3
:10B254000B00F9E70000AD0B00A002402CA0024057
:10B2640028A10240052370B5144D154E2C780134E5
:10B27400B4FBF3F303EB8303E41A0DF081FD114AED
:10B28400137823B156F82430C01A072813D90E4B6B
:10B29400D3F8141141B10021C3F81411D3F81431B7
:10B2A4002C700CB9012313702C780DF069FD46F84D
:10B2B4002400012070BD0020FCE700BFFC990020A1
:10B2C40050950020FB9900200050004048B1054BE8
:10B2D400054A1B68B3FBF2F35843044B43F00103E4
:10B2E40018477047AC83002040420F0020AD010096
:10B2F4000B460121024AC2F814160021184700BF68
:10B3040000500040014902480BF030BB08AF010077
:10B31400649500202DE9F047174B0546D3F83021FA
:10B324000C46072AD3F8343121D1023B032B02D82F
:10B33400124AD35CDBB14FF0010800264FF05029CC
:10B344000F4F0520C9F81886C7F814660DF07DFD67
:10B354004046C7F814860DF078FDC7F81466C9F89E
:10B36400186628462346BDE8F04700211847002206
:10B37400034BC3F81426F4E700F00720F2BC0100E5
:10B38400005000401FB578B10023019303930123BB
:10B394006946084802930BF0FCFA029B9B0700D114
:10B3A400039B05B05DF804FB024805B05DF804EBAF
:10B3B4000BF046BB6495002008B504480EF0FEFB74
:10B3C40000280CBF6FF01200002008BD30A8010057
:10B3D4000E4B402928BF402170B51D460C4C461821
:10B3E400B04203F1020304D1002305F811300748E9
:10B3F40070BD02781209A25C03F8022C10F8012B2C
:10B4040002F00F02A25C03F8012CE9E71B9A00206A
:10B4140055BD010030B503788BB0044607AD032B4E
:10B4240021D8DFE803F0021A1C1E12492846FCF753
:10B43400B3FE059563781E210493A3780E4A039303
:10B44400E3780E4802932379019363790093A379F7
:10B454000AF01CFA09480BB030BD0949E6E709496E
:10B46400E4E70949E2E70A212846084A0AF00EFA05
:10B47400DFE700BF10BD010032BD0100FD990020CF
:10B4840017BD01001EBD010028BD01004DCE010005
:10B4940030B50024094D0A4B85B028460293039425
:10B4A4000EF0FFFD02AB284600934FF4E1620A233D
:10B4B400044909F04DF9204605B030BD508F0020F5
:10B4C40066BD0100A8A300200146014809F0BAB9ED
:10B4D400508F0020037830B5012B13D0022B27D0D6
:10B4E4007BB90A46184B03F1100453F8045BA342DA
:10B4F40042F8045BF9D11B78137043884B731B0A21
:10B504008B7330BD0A46104B03F1100453F8045BEF
:10B51400A34242F8045BF9D11B7813704368C3F368
:10B5240007224B731B0CCB731B0A8A730B74E8E75B
:10B5340000F1100350F8042B984241F8042BF9D180
:10B5440003780B70DDE700BF6FBD010010B5044642
:10B5540009F0B8FB044B1B680BB120469847BDE8C3
:10B56400104009F0C3BB00BF80950020022838B505
:10B5740005460CBF064807480BF08DFE044620B173
:10B5840001210C300BF0DCFE2576204638BD00BFCF
:10B5940050860020A08500200F2810B50ED80D2855
:10B5A4000ED90B480BF077FE044628B101210C306C
:10B5B4000BF0C6FE02232376204610BD1328F0D0DC
:10B5C40009B10448EEE70220BDE81040FFF7CEBF02
:10B5D400D486002024860020C36802211B78024AF6
:10B5E40002480CF015B800BF8FBD0100ECAB0100A0
:10B5F40070B5C6683378B6F8014083B90F21204688
:10B6040002F05AFDF378054650B90A4A118831B957
:10B614006FEA04506FEA10501080074A137070BD2F
:10B624004372012102F066FC2846BDE8704002F036
:10B634003BBC00BFE09900209C9A002070B5C36811
:10B644001D78BDB9B3F801600F21304602F034FD16
:10B65400044638B93346BDE870400121064A07481C
:10B664000BF0D6BF294602F045FC2046BDE87040E9
:10B6740002F01ABC70BD00BFB7BD0100ECAB010005
:10B6840010B5C3680121B3F80140204602F014FD4F
:10B6940038B92346BDE810400121044A04480BF0A0
:10B6A400B7BFBDE8104002F0FFBB00BFDDBD010025
:10B6B400ECAB0100012110B50C300BF07CFEBDE8B1
:10B6C400104003780121024A02480BF0A1BF00BFD9
:10B6D40001BE0100ECAB0100014610B508480BF0B7
:10B6E400DEFD084908480EF0B1FC031E06DABDE889
:10B6F40010400121054A06480BF08ABF10BD00BF67
:10B704004C810020AC820020F88F002023BE010071
:10B71400ECAB010010B5084C0146062294F86F000A
:10B7240002F074FF38B994F86F000522BDE81040A8
:10B73400024902F06BBF10BD00800020F6BC01007E
:10B744000121024A02480BF061BF00BF40BE010064
:10B75400ECAB01000B46B0B50D8A00AF0446294698
:10B76400D868FFF735FE8AB06A46094BC2E907502C
:10B77400C2E9053440F202439384064B4FF432513C
:10B78400054842F8103F0BF050FFBD46B0BD00BF66
:10B794005ABE010005000001ECAB010070B5C5689C
:10B7A4000121B5F80160304602F086FC044638B940
:10B7B4003346BDE8704001210B4A0C480BF028BF0A
:10B7C4002B783BB9D5F80330C0F89530D5F807305D
:10B7D400C0F89930201D4FF480310BF01BFF204638
:10B7E400BDE8704002F060BBDDBD0100ECAB0100C0
:10B7F400B0B53C28044600AF1AD101F079FE6FF0D1
:10B80400800110300BF014FF0020FFF783FF054682
:10B8140030B90121114A12480BF0F8FEBD46B0BD03
:10B824004472002102F066FB284602F03DFBF5E776
:10B834006D468AB06A460B4B4FF41251C2E905308B
:10B84400094B0748D36140F201331384074B42F894
:10B85400103F0BF0EAFEAD46E0E700BF7CBE0100FE
:10B86400ECAB01009DBE0100F3D90100040000010E
:10B8740037B50446084602EBC3039A4202D16FF07F
:10B884005E0010E0114611F8085BA54211D1038A4D
:10B894005178994209D908480121084A00940BF0CB
:10B8A400B8FB6FF0150003B030BD53689847002013
:10B8B400F9E70A46E1E700BFECAB0100B9BE0100BD
:10B8C40073B53D480BF000FD0446002872D0017E9C
:10B8D400022948D008296AD1038A032B05D8374A9C
:10B8E400012137480BF094FE13E004210C300BF0D7
:10B8F40062FDFF23428806886376238AC6F30B0021
:10B904009A42A08309D0012100922D482D4A0BF0C0
:10B9140080FB2046FFF75AFC12E00F2102F0CCFB1B
:10B92400054610B9A38B284ADAE702F005FC214644
:10B934006076320B284602F08BF9284602F0B4FAFE
:10B94400224BD3F84C31002B34D0214921480EF03E
:10B954007DFB031E2EDA01211F4A194802B0BDE8FF
:10B9640070400BF055BE038A012B01D81B4AB7E780
:10B974000C300BF020FD054600780BF035FE10F07E
:10B9840002060DD140F6CE33154A164916480AF080
:10B994002EFD86F31188BFF36F8F0323184602DF51
:10B9A40004232146114A28780BF04AFEB1E70B46DE
:10B9B4000F4A95E702B070BD4C810020DBBE010048
:10B9C400ECAB0100FCBE010020BF010000800020A0
:10B9D400AC820020F88F002023BE010042BF01008A
:10B9E4005EBF010092BF0100C0BF0100B4AF0100FF
:10B9F400DDBF010010B5012104460C300BF0DBFC67
:10BA04002146BDE810400623014A00780BF018BE19
:10BA1400D4AF0100F8B50121044600AF0C300BF09F
:10BA2400CAFC0678002321463046104AFFF720FF5F
:10BA34005F3018D1258AE0682946FFF7C9FC6C46B7
:10BA44008AB06A460A4BC2E90750C2E9053640F299
:10BA540002439384074B4FF43251074842F8103F96
:10BA64000BF0E3FDA546BD46F8BD00BF04B00100E0
:10BA7400F1BF010005000001ECAB01002DE9F74F17
:10BA84000023804689461746DFF814A1DAE8EF4F11
:10BA9400CAE8E23F002AF9D1264644B943460121C7
:10BAA400404A414803B0BDE8F04F0BF0B1BD204619
:10BAB400FFF7ECFA4FF00C0B3C4D0BFB00504388A6
:10BAC40043451BD02046FFF7E1FA0BFB00504388A7
:10BAD40001210093364A434633480BF09AFADAE8D8
:10BAE400EF3FCAE8E26F002AF9D1002B54D01E467A
:10BAF400304603B0BDE8F04FFFF768BBA7420FD054
:10BB040020460BF0C3FB022304F10C08012140463C
:10BB140023760BF015FC40463A8AF9680BF021FCB9
:10BB24002046FFF7B3FA0C2707FB00504368ABB17C
:10BB3400B9F1000F12D12046FFF7A8FA012107FB43
:10BB440000504268D2E90003127A03F01F07B9409B
:10BB54005B09DAB100EB83000BF05CFD2046FFF7D4
:10BB640095FA0C2707FB00508368002BC0D02046B1
:10BB7400FFF78CFA784305F800902046FFF786FA21
:10BB840007FB0055A86808F00FFCB1E7C94300EBB8
:10BB940083000BF04DFDE1E703B0BDE8F08F00BF7B
:10BBA4004881002023C00100ECAB010084950020F3
:10BBB4004BC001002DE9F84F0123D0F80C80018A15
:10BBC40098F8004000AF03EB84038B425BD96D46C9
:10BBD4008AB06A46C2E9073105232D484FF4215142
:10BBE400C2E905042B4842F8103F0BF01EFDAD4698
:10BBF400BD46BDE8F88F4B460121274A25480BF086
:10BC040007FD013598F800309D42F1DA08EB850311
:10BC1400B3F801900F214846B3F8036002F04CFAE0
:10BC240004460028E7D000F1C0095EB1204601F0C7
:10BC3400B3FF08F0B9FB636943B95A4601211548BB
:10BC44000BF0E4FC204602F02FF9DAE7A1691A6848
:10BC54008B42626108BFA261C3F800A0226A7AB96C
:10BC6400C4E90733D9E8EF3F013BC9E8E23F002AC2
:10BC7400F8D100212046013E01F09AFFB6B2D4E784
:10BC840013602362EEE70025DFF810B0AA46B9E797
:10BC94007EC00100ECAB0100A8C00100C4C00100DB
:10BCA40073B5C5680121B5F80160304602F004FAA5
:10BCB400044640B9334601213A4A3B4802B0BDE844
:10BCC40070400BF0A5BC2B78061D1A2B19D1C37834
:10BCD400012B4ED14FF4804130460BF09BFC4204C3
:10BCE4000FD4D4F8883069460093D4F890302046B5
:10BCF400019302F05BFF204602B0BDE8704002F001
:10BD0400D3B82B78ABBB40F67A41B5F80320A4F83E
:10BD1400862093B2B5F80520A4F88C20B5F8072046
:10BD2400A4F88E209A1F92B28A4204D902211F4A93
:10BD34001D480BF06DFCB4F88C30B3F5FA7F04D3D6
:10BD440002211B4A18480BF063FC40F67641B4F814
:10BD54008E30A3F10A0292B28A4204D90221154A12
:10BD640011480BF055FC6FF4805130460BF060FC29
:10BD740014E0D6E8AF3FDB04F5D52B78202BF2D1C5
:10BD840094F89430002BEED0013B84F894304FF4B7
:10BD94002032002304F1400008F07EFD204602F02A
:10BDA40037FBA8E7DDBD0100ECAB0100DBC00100FF
:10BDB40003C101002AC10100054BD3E8AF2F02F0F3
:10BDC4000902D3E8EF1FC3E8E02F0028F9D1704738
:10BDD400D480002010B5C1E900239DF808300C463A
:10BDE4000B72FFF753F90C22024B02FB00335C6029
:10BDF40010BD00BF849500202DE9F0474FF0FF32BD
:10BE040006464FF0FF33184888460BF044FA0446C0
:10BE140038B300F10C07012138460BF091FA0123E5
:10BE240020462376FFF732F94FF00C090F4D4FF0FF
:10BE3400000A09FB005046802046FFF727F909FB5A
:10BE44000050C0F808A02046FFF720F909FB005570
:10BE540003213846C5F804A00BF07DFA068080F86B
:10BE640002802046BDE8F087A88600208495002043
:10BE740070B5064690B00B4D01AC0FCD0FC40FCD7D
:10BE84000FC40FCD0FC495E8070084E807000E2EF9
:10BE94009DBF10AB03EB860656F83C0C024810B06D
:10BEA40070BD00BFCCAC010056C10100034B01467C
:10BEB400D3F86C0182689268104700BF00800020AC
:10BEC4002DE9F843044600F10C0630460BF083FAE2
:10BED400B4F810800546B8F1010F0AD84346012191
:10BEE400194A1A480BF094FB2046BDE8F843FFF7C3
:10BEF4006DB9304602210BF05EFA074600780BF06C
:10BF040073FB10F0010906460DD140F6EE73104A9A
:10BF1400104911480AF06BFA89F31188BFF36F8F47
:10BF24000323184602DF052321460C4A38780BF018
:10BF340087FBB307D8D56369A4F8108013FA85F595
:10BF4400E560BDE8F88300BF42BF0100ECAB01002F
:10BF54005EBF01005EC10100C0BF01008CAF0100E3
:10BF640038B50C4608F0AEFE237E022B05D0082B14
:10BF740014D12046FFF7B0FB0BE0E36818780BF010
:10BF840033FBC207054602D52046FFF799FFAB07EE
:10BF9400EFD4002408F0AAFE204638BD0121054A4A
:10BFA40005480BF035FB2046FFF710F96FF0150438
:10BFB400F0E700BF77C10100ECAB01002DE9F84FB9
:10BFC4003D4C00AF04213D480BF024FB3C4DE2798D
:10BFD4003C4B2046012A88BF1D466E46FFF71AFADD
:10BFE4008AB06A46384BA346C2E905350125374B6A
:10BFF400D0611362364B4FF42351364842F8103F58
:10C004000BF013FBDFF8D080B546DFF8C890334E51
:10C01400E3790BF1070B9D4238DB94F870506E46C0
:10C024002846FFF725FF8CB06A46B4F87210B4F8BE
:10C034007630C2E907514FF400755362DFF8A0C0AF
:10C04400284BC2E905C015854FF4535142F8103FFF
:10C0540020480BF0EAFAB54694F871603046FFF7D1
:10C0640007FF8AB06A46B4F874301F49C2E907630F
:10C074001E4BC2E9051095844FF43351154842F81C
:10C08400103F0BF0D2FABD46BDE8F88F5846FFF7D3
:10C09400C1F9EA468AB06A4640F20133C2E905654D
:10C0A400D06113844FF41351484642F8108F0BF0BB
:10C0B400BCFA0135D546ABE700800020D4800020CF
:10C0C400F3D901008BC101008FC1010000020103FB
:10C0D40004000002ECAB0100040000019EC1010059
:10C0E400AFC1010006000001EDC10100050000011F
:10C0F4000048704712B50100014808F023BB00BF97
:10C104009C82002038B505460C4619B9FFF774FE29
:10C114000446D8B140F635439D420FD12046FFF77F
:10C12400C5FE054640B1034601210A480A4A0BF000
:10C134006FFA2046FFF74AF8284638BD21460748DB
:10C144000DF0CCFE0025FFF7D7FFF5E76FF068058B
:10C15400F2E700BFECAB010014C2010054810020DF
:10C16400F8B50521054640F63540FFF745FE04467F
:10C1740078B9FB231C4A1D491D480AF038F91D48AB
:10C184000AF035F984F31188BFF36F8F032318463F
:10C1940002DF04F10C07012138460BF0DCF801261C
:10C1A4000421067038460BF0D6F805800025214698
:10C1B4008670C57040F63540FFF7A4FF044688B189
:10C1C40040F20513084A0C4909480AF010F92146BF
:10C1D4000A480AF00CF985F31188BFF36F8F032323
:10C1E400184602DFF8BD00BF5EBF010083BD010039
:10C1F400C0BF010036C2010055C201005EC2010089
:10C204002DE9F0410446868B477E807AFEF736FF9F
:10C214006169054649B1637ADA0704D4436A204662
:10C224001B689B68984700236361214628460DF0EC
:10C2340060FEA37E33BB144B93F88A309B0621D552
:10C24400384602F0B9FA044638B93B46BDE8F04135
:10C2540002210E4A0E480BF0DBB9837A073B012B0F
:10C2640009D90B4802210B4A0BF0D0F92046BDE84E
:10C27400F04101F019BE01F017FE3046BDE8F0416F
:10C28400FFF76EBFBDE8F0810080002081C201008D
:10C29400ECAB0100AAC2010073B5C368D9789A78DF
:10C2A4001E8842EA0122ADF8002059791A79B4B205
:10C2B40042EA0122ADF80220D9799A79204642EA6D
:10C2C4000122ADF804201A7A5B7A012142EA0323A1
:10C2D400ADF8063001F0F0FE054658B901211C48BE
:10C2E40023461C4A0BF094F9022120460BF0DDF999
:10C2F40002B070BD694602F0D1F838B91E2120465B
:10C304000BF0D3F9284601F0CFFDF1E70E2142F2FC
:10C314002000FFF771FD04460028F3D00E210C30F5
:10C324000BF019F800230680C0F80A30BDF800307D
:10C3340021464380BDF802308380BDF80430C380B9
:10C34400BDF80630038142F22000FFF7DBFED9E797
:10C35400ECAB0100DDBD010038B502460B462B4DA8
:10C36400D5F8541109B9002038BD05F5987008F0C6
:10C374004FF80028F7D10022002305F5AA7007F032
:10C38400E1FF044668B940F6DD33214A21492248D9
:10C394000AF02DF884F31188BFF36F8F0323184636
:10C3A40002DFD5F848315BB101211C4A1C480BF06F
:10C3B4002DF9D5F84801FEF709FF0023C5F84831E7
:10C3C40020460AF097FFC5F848012046FFF76EFDA6
:10C3D4000346C8B10121134A11480BF019F9124858
:10C3E40007F0E2FF2046FEF751FE0C220F4B02FB42
:10C3F4000033588818B122461F21FFF73FFB20461F
:10C40400FEF7E4FEFFF778FE0120ADE70080002090
:10C414005EBF010083BD0100C0BF0100D6C20100A0
:10C42400ECAB010014C2010030810020849500208F
:10C434002DE9F04F87B0054616460C4600AF31B9DA
:10C44400FFF7DAFC044648B96FF0680092E0887A96
:10C45400FEF714FE534B834240F09E8001220021DC
:10C4640038460DF054FD2046FEF710FE0C23DFF88D
:10C4740038A103FB00A0876020460AF03BFF014679
:10C484004A480DF02BFDFFF737FE0EF02DF9484B0F
:10C494001A58484B9A4220D1DFF81CB143480DF09A
:10C4A40032FD002181464FF4A020FFF755FF80465E
:10C4B40088B94FF4D8735946404A414809F097FF68
:10C4C4002946404809F093FF88F31188BFF36F8F22
:10C4D4000323184602DF4C45E0D14FF4A022002389
:10C4E400384607F095FF804698B14FF4DB73334A22
:10C4F4003549334809F07BFF42462946334809F061
:10C5040076FF002383F31188BFF36F8F032318464C
:10C5140002DF2046FEF7BAFD0C2358431AF80080C8
:10C52400B8F1000F30D06E468AB06A46284BC2F884
:10C534001C80C2E90535274B4FF43251136240F297
:10C5440002439384244B254842F8103F0BF06DF8C6
:10C554002046B546A8F10908FEF738FEB8F1090FE0
:10C564000FD8DFE808F01C0E0E0B050E0E0E0E1988
:10C574006FF00B001C37BD46BDE8F08F6FF00C0068
:10C58400F8E76FF00400F5E716B134600020F1E736
:10C594002046FEF71BFEF9E76FF01500EAE76FF09F
:10C5A4006E00E7E7A88600208495002054810020CF
:10C5B4000800000060930020F1C201005EBF01008A
:10C5C400C0BF0100F9C2010055C2010019C3010036
:10C5D4005EC30100F3D9010005000001ECAB0100CA
:10C5E4000022F0B583B0114640F6034000AFFFF7D8
:10C5F4001FFF0446002840F0A180FFF7DDFB214621
:10C6040041F203003A1DFFF713FF0446002840F0EF
:10C6140095807A68B04DD16805F17803D1F80100AE
:10C62400D1F8051003C31046FEF7D0FD214641F2B0
:10C6340001003A1DFFF7FCFE044600287ED178680D
:10C64400C3685A7885F870205A88A5F872201A7938
:10C6540085F87120B3F80720A5F87420B3F80530E5
:10C66400A5F87630FEF7B2FD214641F202003A1DEC
:10C67400FFF7DEFE0446002860D1D7F804C005F1B8
:10C684008006DCF80C20531C413234461868596883
:10C69400083303C493422646F7D16046FEF796FD5D
:10C6A40001F056F90446002848D195F88A309E06D0
:10C6B40010D40221894A8A480AF0A8FF95F87C30F0
:10C6C40058063FD40121874A85480AF09FFF6FF03E
:10C6D400120433E0072140F63340FFF78DFB064692
:10C6E400002800F0EC8007210C300AF034FE1B23F4
:10C6F40003700223C0F8024084714470047122461E
:10C70400C370314640F63340FFF792FE0446A8B9A1
:10C71400012140F63140FFF76FFB0646002800F088
:10C72400CE8001210C300AF025FE2246314640F627
:10C734003140FFF77DFE04460028BFD020460C3769
:10C74400BD46F0BD002142F203003A1DFFF770FE22
:10C7540004460028F2D17B68634EDA68D2F80100FF
:10C76400D2F8051003C61846FEF730FD214642F202
:10C7740002003A1DFFF75CFE04460028DED17C6807
:10C78400E368B3F8012091B249B1D97839B1A5F879
:10C794000421DA78114606F128000DF0B8FB204692
:10C7A400FEF714FD1F2395F87C60A5F8203116F0E0
:10C7B400200617D1022140F66D40FFF71DFB044609
:10C7C40000287CD002210C300AF0C5FD012321464B
:10C7D40003704670324640F66D40FFF729FE04466A
:10C7E4000028ABD195F89C30190712D5002142F2EC
:10C7F4001C003A1DFFF71CFE044600289ED17868F1
:10C80400C368D3F80120D3F80530C5E93823FEF70F
:10C81400DDFC082142F20100FFF7EEFA044600288D
:10C824004DD008210C300AF096FD95F8D83095F8D3
:10C83400D92013F0020F14BF2F230F2312F0090F76
:10C844004FF0000218BF43F4006303701B0A214633
:10C8540043708270C270027142718271C27142F27D
:10C864000100FFF7E5FD044600287FF467AF95F863
:10C874007C30B5F804119A0624D4C9B941F20500F4
:10C884003A1DFFF7D5FD044600287FF457AFB5F8ED
:10C8940004317C684BB9E368B3F80120A5F804219E
:10C8A4009A88124811460DF032FB2046FEF78EFCA2
:10C8B400082140F60140FFF79FFA0446D0B96FF013
:10C8C40068043BE70029F3D10121094A04480AF02E
:10C8D4009DFE6FF0040431E7008000207DC3010059
:10C8E400ECAB0100ABC30100D8800020088100201C
:10C8F400CFC3010008210C300AF02DFD1023037072
:10C904008823002243700226202321468270C670A9
:10C91400027142718271C37140F60140FFF788FDD4
:10C92400044600287FF40AAF01463A1D4FF6014041
:10C93400FFF77EFD98B1504A022150480AF066FE86
:10C9440000F0C6FC044600287FF4F8AE01F03CFF7A
:10C95400044600287FF4F2AEFFF730FBEEE67B6876
:10C964006E46DC688AB0B4F80130032B96BF444AA3
:10C97400444952F823106A46D3614FF40073424885
:10C984001384424BC2E9050142F8103F4FF413519E
:10C994003A480AF04AFEB4F80120B546022AB4F82F
:10C9A400033049D1052B47D8394A52F823106E4633
:10C9B4008AB06A46D3614FF4007336481384334B0C
:10C9C400C2E9050142F8103F4FF413512B480AF015
:10C9D4002CFEB546637994F806C0032B98BF2E4A03
:10C9E400B4F80760D4F809006C468CB094BF52F8D0
:10C9F400231024496A46C2E9073C4FF40073DFF868
:10CA04009CE09385264BC2E905E1C2E909604FF435
:10CA1400735142F8103F19480AF007FEA54678689A
:10CA2400FEF7D4FB00214FF602403A1DFFF700FD4C
:10CA3400044618B11B4A7FE71249B8E77868C3680F
:10CA4400B3F80130A5F8C130FEF7C0FB95F8C1304A
:10CA54005B077FF575AF21464FF603403A1DFFF79C
:10CA6400E7FC08B1104A67E77868C3685B7885F823
:10CA7400C030FEF7ABFB63E7F2C30100ECAB01008F
:10CA84007CAF010056C1010016C40100040000017E
:10CA940064AF01002FC4010054AF010047C401007A
:10CAA4000700000174C401009DC4010010B5FFF724
:10CAB40097FD034B1B6813B1BDE81040184710BD28
:10CAC400FC95002073B52A4D0646D5F86C010DF08F
:10CAD40075F848B90121274A27480AF097FD6FF0F5
:10CAE4001204204602B070BD6FF0020105F1D400BB
:10CAF4000AF09EFD01210AF08DFD10EA010434D1F3
:10CB04001E4B1E600A4605F598700DF000FA05F5F7
:10CB1400AA700DF0D7F91A480DF0C3FA6FF00703A5
:10CB24004FF4966217491648009407F011FE16490F
:10CB340013480DF011FBD5F86C01144983681B6888
:10CB44009847044630B103460121114A0A480AF0C5
:10CB54005FFDC6E726B902B0BDE87040FFF740BDEF
:10CB640005F1C40007F0EEFDBBE76FF07704B8E70A
:10CB740000800020C6C40100ECAB0100FC9500203D
:10CB8400F88F0020B0AA0020DEC4010065BF0000B9
:10CB9400E7C40100F7B5144B054693F99B300C46E6
:10CBA400002B1DDA14B9204603B0F0BD082C4FF059
:10CBB400000142F2180001AA264628BF0826FFF702
:10CBC40037FC0028F0D1019F3246F968284601312C
:10CBD4000DF0D9FC3846FEF7F9FA3544A41BE1E719
:10CBE4006FF08500E0E700BF008000202DE9F04FE2
:10CBF40085B00026624BB0F80190198849F4704260
:10CC0400914204BF1E805F4B00F1040808BF1E78E8
:10CC1400C3780546012B08BF5B4B404600AF14BFE9
:10CC2400002493F86F400AF06FFC414668B34FF05C
:10CC3400010A07F108000AF05CFCD5F81130C7F8C6
:10CC44000130B5F81530A7F80530EB78012B31D059
:10CC54004046FEF7DFFB6C4688B06A464B4B4FF408
:10CC6400E251C2E905304FF400739383484B4948BD
:10CC740042F8103F0AF0D9FC1321A54648460AF0B1
:10CC84002FFD1437BD46BDE8F08F20460AF0A5FD00
:10CC94000346006895F804A0B8609A889B79686890
:10CCA400BA81BB73B8F8042098F806303860BA80AB
:10CCB400BB71CAE707F10800FEF72CFDEB780446C8
:10CCC400012B0AD100F014FC83466FF08001103070
:10CCD4000AF0AEFC58460AF07FFE002CB8D023467A
:10CCE400B5F8012023F8702BBA7BB868B98920679E
:10CCF4009A7100229980B5F81730A4F88630B5F8F7
:10CD04001930A4F88C30B5F81B30A4F88E30EB78C9
:10CD14006272012BE37022D187F800A0BA88BB7934
:10CD24003868A4F87B2084F87D30C4F8770000F0DC
:10CD3400DFFB237A144AC3EBC3039918D358C4F80E
:10CD44007E308B88A4F882308B7984F88430D2E9E1
:10CD5400381303F03F03194301D000F089FD072184
:10CD6400204601F0C7F826B101212046667201F081
:10CD7400C1F8204601F022FA204601F095F880E738
:10CD8400E09900209C9A00200080002003C5010047
:10CD940003000001ECAB010000B5C36889B018784A
:10CDA40020B109B05DF804EBFEF722BDB3F8012011
:10CDB4008DF80000ADF80120DA788DF80320B3F87F
:10CDC4000B20ADF81720B3F80D20ADF81920B3F8F7
:10CDD4000F20ADF81B205A7C8DF81D205868019057
:10CDE4001A899B7AADF808208DF80A30084B6846FA
:10CDF4001A689B88CDF80B20ADF80F30CDF81120C0
:10CE0400ADF81530FFF7F2FE09B05DF804FB00BF82
:10CE14000ABD010038B5042104460C300AF0CBFAEF
:10CE2400034640885D7818B122461978FEF726FE3D
:10CE340035B1044807F0B8FABDE83840FFF75CB9EB
:10CE440038BD00BF30810020B0B50446032100AFD7
:10CE54000C300AF0B0FAE3680578197840F63543E7
:10CE6400B0F80100984215D16C468AB06A460F4B5F
:10CE74000F48C2E905310F4B4FF41251D36140F210
:10CE8400013313840C4B42F8103F0AF0CEFBA54645
:10CE9400BD46B0BD10B12246FEF7F0FD002DF7D01F
:10CEA400064807F081FAFFF727F9F1E71FC50100EB
:10CEB400ECAB0100F3D90100040000013081002033
:10CEC400F8B506460024094DEF79E3B29F4202D833
:10CED4006FF0010007E0294630460AF074FC07357C
:10CEE400631C08B12046F8BD1C46EEE70080002014
:10CEF40070B5194E0622314605460DF059FB30B384
:10CF0400062142F20500FEF777FF044608B3062225
:10CF140029460C300AF025FA2146002242F2050087
:10CF2400FFF786FA044648B110F10D0F04D102212F
:10CF34000A4A0B480AF04FFC204670BD33462A6863
:10CF440043F86929AA88B280012283F86820002462
:10CF5400F2E76FF06804EFE7698000205EC6010025
:10CF64000CAC010037B504460D4689B12846184972
:10CF74000AF029FC60B9174A2968C4EBC4041151AA
:10CF8400A318AA889A80AA799A71002003B030BDA8
:10CF940068460AF0A0FA0028F8D16846FFF790FF27
:10CFA4000028F5DA0B4A0098C4EBC40410519DF82C
:10CFB4000610BDF80400A31898809971002DE4D0E0
:10CFC40012592A609A88AA809B79AB71DDE700BF69
:10CFD400FDBC01000080002070B50446B1B9C0B1A9
:10CFE4001F490AF0F0FBA0B92046FFF769FF0028AB
:10CFF4002FDA2378012B04D1A37903F0C003C02BCB
:10D0040007D00121174A18480AF0E5FB6FF0150014
:10D0140070BD164DEB79012B1ED005F1D403D3E876
:10D02400AF3FDB0707D4002CF0D020460C490AF0B0
:10D03400CAFB0028EAD1EE792146731C3046EB7115
:10D04400FFF790FF08B93046E2E7EB79013BEB715B
:10D05400DEE76FF07700DBE76FF00B00D8E700BF87
:10D06400FDBC01006DC601000CAC01000080002075
:10D074002DE9F341044640B91A4A02211A480AF03C
:10D08400AAFB002002B0BDE8F081002141F20900B2
:10D0940001AAFFF7CDF9054608B1144AEDE7019E50
:10D0A4000622D6F80C80124908F1010738460DF023
:10D0B4007FFA28B1062238460E490DF079FA18B9DC
:10D0C4003046FEF783F8DCE7D8F801303046C4F880
:10D0D4000130BB882570A4F80530FEF777F80120ED
:10D0E400D0E700BF9BC601000CAC0100B4C6010030
:10D0F4000ABD010004BD010007B56846FFF7B8FF8B
:10D10400044BD87118B169460020FFF72BFF03B018
:10D114005DF804FB00800020F0B5304D89B0EC7957
:10D12400002C53D195F8C26016F0010610D12C4A98
:10D1340002212C480AF04FFBEC711626002401272B
:10D14400EB79E0B298422CD3002B3FD000203BE097
:10D154006A4621464FF60940FFF76AF908B1224AA8
:10D16400E6E7DDF800C0DCF80C104B7823B9604624
:10D17400FEF72CF81D4ADBE78B1C02AA01F112040E
:10D18400174618685968083303C7A3423A46F7D1CB
:10D194001868344638609B886046BB80FEF716F8F2
:10D1A400CAE708AB06FB003353F8182C33F8143CD9
:10D1B4006946CDF80120ADF805308DF80070FFF711
:10D1C400D1FE01340028BBD009B0F0BD00210846CF
:10D1D40009B0BDE8F040FFF7FFBE00BF00800020AB
:10D1E400D2C601000CAC0100FEC601001EC701003E
:10D1F4002DE9F0410D4617461C46064650B14BB189
:10D204000A03037811D56D0708D501212D4A2E484C
:10D214000AF0E1FA6FF01500BDE8F0810AF0EAFACD
:10D224000028F9D101232370F6E7E9072ED5274812
:10D234000FB1AA0608D4C3EBC302825C012A13D03F
:10D2440002B922700020E7E790F8D820510635D5BE
:10D25400C3EBC302825C012A06D002B92270237890
:10D2640043F002032370EDE74FF00108072111FB9F
:10D274000381014430460AF0B5FA0028CCD184F881
:10D284000080002FDED0AB06DCD5E8E76A0712D5B4
:10D294000E49C3EBC3028E5C012E09D1072212FB97
:10D2A400036319440AF09EFA0028B5D12670EAE710
:10D2B400002EE8D1FAE70AF09DFAB3E76FF0850093
:10D2C400AAE700BF47C701000CAC010000800020A2
:10D2D40038B5104DEB7913B10024204638BDFFF763
:10D2E4000BFF044628B10C4A01210C480AF073FADA
:10D2F400F3E7EB79002BEFD1FFF70EFF044600288C
:10D30400F1D1681CFFF7F4FD04460028E5D0044A77
:10D31400EAE700BF0080002066C701000CAC0100F2
:10D3240085C701002DE9F74F0C4620219246009055
:10D33400FEF762FD0546002855D020210C300AF086
:10D344000AF82022814600210DF02AF9002609F16D
:10D35400010B04EBCA0A0023D4F8008062689342EC
:10D364000CD30834A245F6D100222946009889F846
:10D37400006003B0BDE8F04FFFF75AB898F80120F9
:10D38400B01C81181F2998F800C015D9BCF1090FE9
:10D39400C0F11F0201D1002A0CDC0121134A1448F8
:10D3A40009F024FE2846FDF711FF6FF0150003B0C5
:10D3B400BDE8F08F4FF0080CD7B2791C0BF80610BB
:10D3C400711CC9B20BF801C0D8F804105BFA80F0E4
:10D3D400019302370DF0D7F8019B3744FEB20133B5
:10D3E40008F10808BAE76FF06800E0E7A8C7010091
:10D3F400BCAB0100072208B5034909300DF0D8F889
:10D40400003818BF012008BDFDBC0100F8B5154B5C
:10D41400067804460D4683F86F60FFF7EBFF70B99A
:10D424003046114901F076F8044610B96FF00B004C
:10D43400F8BD052100F05EFD00202C60F8E704F142
:10D4440009073946304601F0A9F840B92078394631
:10D4540001F060F804460028E8D00621EAE76FF0FE
:10D464001500E5E700800020F6BC0100F8B545682A
:10D474000646690535D4046914B115F0010330D0AA
:10D48400194F3078FB7983422BD9C0EBC0000722B7
:10D49400164938440DF08CF8A8B115F0010306D1F3
:10D4A40097F87020082A02D8B2689F2A19D915F073
:10D4B400300F09D0ACB1EA060AD405F46035B5F5ED
:10D4C400603018BF0120F8BDEB0601D4002CF4D164
:10D4D400D6E902239A4204D81F2A02D9B3F5804F11
:10D4E400EBD90020EFE700BF00800020FDBC010065
:10D4F40000487047188000202DE9F04F9A46002319
:10D50400D1F810908DB0B9EB03060546934818BFC7
:10D514000126059207930AF097F90C46410740F15A
:10D5240012812046FFF7A2FF28B96FF0150B584669
:10D534000DB0BDE8F08F20460AF073F9804600284C
:10D54400F3D005F1100738460AF07EF90206C0F35D
:10D55400C01300F1FB80CDE90933CDF82B30A3686B
:10D564006068ADF82030E3686FF48071ADF8223064
:10D574000AF05BF98DF82D0078480AF068F92378F1
:10D58400774A2B7082F86F302846324661680DF175
:10D594002503FFF72DFE83460028C8D105F10902B3
:10D5A400B9F1000F18D021690868C5F80900888806
:10D5B40090808979204691710AF0D9F9626806460B
:10D5C400D0071BD4920503D4169B0BB9022E5CD151
:10D5D40002238DF8243023E0624B20461968C5F8F5
:10D5E400091099889B79918093710AF0C0F9626857
:10D5F4000646D107E6D58DF8249011E012F0100FFD
:10D604000CBF01220422D8468DF824202269116817
:10D61400CDF826109188ADF82A1092798DF82C2037
:10D624000F2142F20600FEF7E7FB8346002800F0D4
:10D6340090800F2208A90C3009F093FE002259466D
:10D6440042F20600FEF7F4FE002840F08580B9F1AE
:10D65400000F20D06368DB072BD4012128460AF091
:10D6640096F98346002866D001213F4A3F4809F0D5
:10D67400BDFC079C002C3FF45AAF2046002100F06B
:10D6840039FC204600F010FC51E70323DDF85880F4
:10D694008DF82430C4E7179B524600932846CDE901
:10D6A4000186169B05990AF0F0F883460028D1D02C
:10D6B4003DE7284607A9FFF7A9FE83460028CCD0FA
:10D6C40010F10C0F7FF433AFB9F1000F7FF42FAFDB
:10D6D400626890073FF52BAF636883F00203C3F3DE
:10D6E400400B0BF001020E2138460AF0BBF8731E02
:10D6F4005A425A41082138460AF0B4F8B11E4A4247
:10D704004A41384609210AF0ADF862680A213846D0
:10D7140002F001020AF0A6F842460B2138460AF04C
:10D72400A1F862680D213846C2F380020AF09AF823
:10D734004FF0000BFBE6079808B100F0B5FBB9F118
:10D74400000FCED1C8E76FF00A0BF0E66FF0770B4D
:10D75400EDE66FF0680BEAE68346E8E6D480002045
:10D7640000800020FDBC0100C1C70100BCAB01006A
:10D7740073B51546069A0C46CDE900322B460A4687
:10D7840001461148FFF7B8FE21460646002340F241
:10D7940001109D4202D1304602B070BD0A88824217
:10D7A40004D14A6812B11278D20702D40133083185
:10D7B400EFE7064906480CF07AFC4FF47022002388
:10D7C400034807F09DF8E6E71880002051D80000D0
:10D7D4003080002010B519480AF0FEF86FF480413B
:10D7E40017480AF034F816480AF02EF803461A06C9
:10D7F400C0F3C01021D512480AF026F8430513D50A
:10D804000E48FFF7F7FD03460E49087E93B905223B
:10D814000D4900F0FBFE044630B10021417200F0D6
:10D8240069FB204600F040FBBDE81040002103489E
:10D834000AF0ADB806222131EBE710BD18800020B4
:10D844002880002000800020F6BC010010B5FFF7FE
:10D85400C1FF034630B1BDE810400221024A03482B
:10D8640009F0CDBB10BD00BFDCC70100BCAB01009B
:10D8740073B5334809F0E8FF10F4804F304C38D0CA
:10D88400204609F0E1FF030633D4204609F0DCFF0B
:10D8940046052ED501A9A4F11000FFF7B7FD40BB42
:10D8A400A4F11000FFF7A6FD0246204609F0CCFFC4
:10D8B400C0F38031204609F0C7FF81F0010145051E
:10D8C4004FEA41011E4848BF41F0010109F0BCFF85
:10D8D400800448BF41F004011A480DF10303FFF727
:10D8E40087FC054638B101210346174A174809F059
:10D8F40086FB02B070BD012112480AF048F8019E6F
:10D9040028B9304602B0BDE8704000F0CDBA2946CF
:10D91400304600F0EFFA6FF48041094809F097FFB0
:10D924000546304600F0C0FA6B04E2D5D4E8EF3F78
:10D9340043F48043C4E8E23F002ADAD0F6E700BFAC
:10D944002880002018800020FBC70100BCAB010028
:10D9540008B50BF05DFA38B101210346034A0448C7
:10D9640009F04DFB6FF0040008BD00BF38C801008A
:10D9740004AC010008B504F0B3FF38B1012103463B
:10D98400034A044809F03BFB6FF0040008BD00BFE4
:10D9940054C8010004AC010070B505460B4B1C686B
:10D9A40044B154F8143C143C13B12846697A98479E
:10D9B4006469F5E7064C074EB44200D370BD236892
:10D9C40013B12846697A98471834F5E7349600204D
:10D9D4007CAB010094AB010010B50446FDF756FB87
:10D9E400044901EB0011204609F0DFFDBDE81040B9
:10D9F400FEF782BB00960020002270B50446D1E9F0
:10DA040001560748C1E901220CF068FA3DB13146DC
:10DA140020462B46BDE870406FF06D02184770BD7C
:10DA24008885002070B5002205460E46002300219B
:10DA34000848FDF74DFB044658B1FDF727FB064B9C
:10DA44003246294603EB00132046BDE8704009F036
:10DA540087BD70BD7C8600200096002070B5054609
:10DA6400002200230E4806F0D3FCB8B90D4B1C6805
:10DA740034B154F80C3C143C03B198476469F7E79B
:10DA8400094C0A4EB44204D32846BDE8704006F05F
:10DA940059BEA36803B198471834F3E770BD00BFBB
:10DAA40070850020349600207CAB010094AB01000B
:10DAB4002DE9F843044620270025DFF85080EFF3D2
:10DAC400118387F31288BFF36F8FE16929B983F358
:10DAD4001188BFF36F8FBDE8F883206A0A6881421A
:10DAE40008BF2262E26183F31188BFF36F8FD1E92B
:10DAF40001694046C1E901550CF0F0F91EB100225C
:10DB040049462046B047FEF7F7FAD8E78885002053
:10DB140037B504460430D0E8EF3F43F48062C0E8F0
:10DB2400E12F0029F7D159052BD409F069FF10F42E
:10DB3400803F154D14D095F8D930DA0721D502234A
:10DB440000211A462046009109F007FE0346C0B1A1
:10DB540001210E4A0E4803B0BDE8304009F04FBA27
:10DB640095F8D8301B07E6D5204609F0DCFD0346BE
:10DB740020B10121074A064809F041FAA37A072B8C
:10DB8400D9D003B030BD00BF00800020A4C801007C
:10DB9400D4AB010083C801000448B0F8043100F597
:10DBA4008470002B08BF0020704700BF0080002055
:10DBB40030B504460CF098FD0D460C490C4A095842
:10DBC4008BB0914205D120460BB0BDE83040FFF741
:10DBD4006FBF2434214610460CF038FA1DB1694653
:10DBE40020460CF043FA0BB030BD00BF0800000023
:10DBF4006093002038B5002204468A4202D10024F2
:10DC0400204638BD012004F1C803D3E8EF5F002D9E
:10DC140004D1C3E8EC0FBCF1000FF6D102D0D0342C
:10DC24000244EAE7002CEAD0C822002120460CF086
:10DC3400B7FC04F1400004490CF039FA034904F13B
:10DC440024000CF0E7F9DBE7BDE60000397A0100B7
:10DC5400F7B50D46164601210446FFF7A9FF00213A
:10DC6400284609F0FBFC012E1BD0022E45D1236966
:10DC74003BB136480121364A09F0B8F9204609F08B
:10DC8400FDFE284609F036FB20612269138A012B28
:10DC94003AD82088FEF764FA0121284609F0DEFC10
:10DCA4000CE0206940B92B4A3146284809F09EF916
:10DCB400204609F0E3FE01E02F8A2FB9284603B07D
:10DCC400BDE8F040FDF782BA0C3009F088FB8742CA
:10DCD4000CD9214A31461D4809F088F90022204612
:10DCE400216900F037FF00232361E7E720692A8ACE
:10DCF400E9680C3009F035FBC7E701213346174AC0
:10DD0400124809F07CF9D3E7D26816880436B6B213
:10DD1400B342BED32846FDF759FA21690B8A9E42C5
:10DD24000BD201210E4A0948009609F072F92046E7
:10DD340003B0BDE8F04009F0A1BE00230122204653
:10DD4400236103B0BDE8F04000F004BFD4AB010090
:10DD5400BBC80100D8C80100F6C801001DC90100F4
:10DD64003BC9010038B50122044600F1BC03D3E8E5
:10DD7400EF5FC3E8E12F0029F9D17DB909F087FEEF
:10DD840006F0A0FF094BC4F8B850D3F8281104F1E9
:10DD9400B80239B9C3E9492206F0A8FFBDE8384002
:10DDA400FEF7AAB90A60C3F82821F5E7008000202D
:10DDB40070B53A4B5A8B32B1394DD5F8244134B948
:10DDC4000024204670BD1B68002BF5D1F8E754F8F9
:10DDD400B83903B1B83B0026324901E01C4613466A
:10DDE400B5F80421002A56D0D5F810214AB904F117
:10DDF400B806002BE4D0D3F8B820002AEED0B83A05
:10DE0400ECE70A68002AF2D0D4F8A420002AEED065
:10DE1400D4F8A820002AEAD0D4F8AC20002AE6D00E
:10DE2400A37A072B0DD12046904750B104F1C000CE
:10DE340009F0E6FD022804DC2046BDE8704009F044
:10DE440026BED4F8B83004F1B802E6B9D5F82811E2
:10DE5400C5F824318A4201D1C5F82831002204F1E1
:10DE6400BC03C4F8B820D3E8EF1FC3E8E02F0028B0
:10DE7400F9D12046D4F8AC3098470028A1D02046E8
:10DE8400FFF770FF9DE73360D5F828319A4208BF49
:10DE9400C5F82861E2E79368FFDE00BF7C860020B6
:10DEA400008000208885002037B5C83010F8C65C93
:10DEB40010F8C54CD0E8EF3F5A1EC0E8E12F002906
:10DEC400F8D101A8019309F09BFD01280BD1074863
:10DED40006F06AFA064806F035FC012D03D1012C40
:10DEE40001D1FFF7C5FC03B030BD00BF7085002031
:10DEF400CC820020F8B5867A04468E420D4600AFE7
:10DF04001BD1082E98BF624B6C4688B094BF53F85F
:10DF14002630604B6A466049C2E905134FF400732A
:10DF240093835E4B42F8103F00234FF4E4515C4866
:10DF3400FBF76EFEA546BD46F8BD817226B983780F
:10DF4400082B01D009F0A3FDA37A082B00F29D80D1
:10DF540001A252F823F000BFB9DF000035E0000051
:10DF64003BDF00003BDF00003BDF00003BDF000045
:10DF74003BDF000081DF00003BDF0000A378042BBF
:10DF8400D9D00021474807F09FFA0023C4E90D3394
:10DF9400E378012BCFD1A3784FF42032012B08BFB3
:10DFA400032304F1400008BF84F89430002306F0F2
:10DFB40073FCC0E7A378042B03D12046FFF774FF5A
:10DFC400B9E7082EB7D801A353F826F027E00000DC
:10DFD400F5DF000019E00000BFDF0000BFDF000034
:10DFE400BFDF000019E0000027E0000027E0000088
:10DFF40004F1400528460CF066F801212046FFF79D
:10E00400D7FD204609F03AFD00220023284606F0F9
:10E0140077FC90E7637A002BCFD02046FFF7BCFC57
:10E02400CBE72B46204A02211D4808F0E8FF82E78F
:10E03400637A3E2B0FD16D4688B06A461B4BC2E90A
:10E044000534032342F8103F00234FF4C45114480D
:10E05400FBF7DEFDAD46164D05F58476616911B911
:10E06400FEF74AF867E7A2690B68914208BFA3610B
:10E0740020466361FFF7C0FCB5F80431002B14BFE0
:10E084003046002006F090F9E8E70A4A2B46CAE732
:10E0940014B0010056C9010060C901000300000169
:10E0A400D4AB0100DC82002071C9010088C90100E1
:10E0B40000800020AFC9010070B5024605460E4637
:10E0C4000A48012109F0FAFC044610B9002420464C
:10E0D40070BD83781E42FAD102212B46044A0548BA
:10E0E40008F08DFF2046FFF7DFFEEFE7A090002049
:10E0F400CBC90100D4AB0100F8B5074609480D4669
:10E10400164609F0C4FC044650B183781F4203D17B
:10E11400BDE8F840FFF7C8BE3146A8472046F7E7F8
:10E12400F8BD00BFA0900020002201200149FFF7A4
:10E13400E3BF00BF757A0100034BC01A034B001103
:10E144005843C0B2704700BFA0900020C54EECC435
:10E1540070B51C46144305460E460BD00CF0C4FAA9
:10E16400104908581049884206D102210F4A104824
:10E1740008F03CFF002213460E49002D14BF284628
:10E18400084609F088F8044630B902210A4A0848CA
:10E1940008F02CFF204670BD711D0C3009F0D0F83A
:10E1A400F8E700BF0800000060930020E2C9010006
:10E1B400D4AB0100CC8500200BCA010010B5044685
:10E1C400054806F0BFFA204600F054FB2046BDE89F
:10E1D4001040FFF7E1BB00BFBC8200202DE9F04FE7
:10E1E400002587B000AFFD607D61FFF7E1FD0446C7
:10E1F400F8B1837A072B26D06E4688B06A467D4BE9
:10E20400C2E90530032342F8103F4FF4C4512B46B2
:10E214007948FBF7FDFCB5464FF0FF312046D4F8B2
:10E22400A43007F110029847014630B92046FFF7A1
:10E234003BFE1C37BD46BDE8F08F20467B69FA687B
:10E2440009F0E1FBE8E7DFF8B481D0F8A430B8F8CE
:10E25400041107F11002984706460028E6D0B8F8E2
:10E2640004213B699A4208D30146D4F8A8502046B9
:10E2740007F1140307F10C02A847D7E903BA7B6935
:10E284007B60338A002B00F0B280304609F0A3F99A
:10E294008146E8B16FF004036D4688B06A46584978
:10E2A400D461C2E90513042342F8103F00234FF45C
:10E2B40001515148FBF7ACFC31462046AD467B6921
:10E2C400FA6809F0A0FB1321204609F019FCADE718
:10E2D400B8F804314B48002B08BF0020002200236B
:10E2E40006F096F810B16FF00B03D5E70022002377
:10E2F400454806F027F805460028F4D07B68C0F8A6
:10E3040004B08360B8F804B1338ADA4598BF1FFAC1
:10E314008AFB5B4541D9304608F0ECFF5946FFF7CC
:10E3240081FBB8F804218346924588BF4FF0010968
:10E3340094F8C43004F1C00A9CBF0233DBB284F801
:10E34400C490DAE8EF2F0132CAE8E12F0029F8D1AE
:10E3540000222A60A2691ABBC4E90555A278012AE1
:10E3640021D104210BF10C007B6009F00BF87B68D0
:10E37400228803F0FD0342EA03330380BBF8103024
:10E38400043B4380042358468BF81830FDF78EFD78
:10E39400814650B9FDF7B0FE48E759463046BEE71E
:10E3A4001560A561DAE76FF01509DAE8EF3F013B84
:10E3B400CAE8E23F002AF8D1294604F1140009F022
:10E3C4003CFB124A4B4601210B4808F018FE584604
:10E3D400FCF7FCFE20462946FFF70EFBB8F8043193
:10E3E4000848002B08BF002005F0DEFF52E76FF05D
:10E3F400790351E734CA0100D4AB01000080002046
:10E404004BCA0100088100208885002014C2010045
:10E41400F8B5031D0446184609F0F2FA820415D52E
:10E42400B4F88620B4F8881091420FD8B4F88A1052
:10E4340091420BD3D4E92312914207D1D3E8EF1FC1
:10E4440021F40051C3E8E21F002AF7D1104B1D68E4
:10E454006DB155F8046C143D3EB12046B4F88E30CD
:10E46400B4F88C20B4F88610B0476D69F0E7094D14
:10E47400094FBD4200D3F8BD2E693EB12046B4F821
:10E484008E30B4F88C20B4F88610B0471835F0E715
:10E49400349600207CAB010094AB01002DE9F041DF
:10E4A400074608460D4609F0DBF8064618B900266B
:10E4B4003046BDE8F081144B1C6884B154F8083C24
:10E4C400143C0BB96469F8E7294638469847002894
:10E4D400EDD0284609F0C4F80028F3D1E7E70B4C47
:10E4E400DFF82C804445E3D2E3680BB91834F9E72C
:10E4F4002946384698470028D9D0284609F0B0F86C
:10E504000028F3D1D3E700BF349600207CAB010090
:10E5140094AB010038B505460C460E480121FFF7BF
:10E5240069FBB0B1057223680367A388A0F874304F
:10E53400A37980F8763001238370074BC0F8A430A8
:10E54400064BC0F8A830064BC0F8AC30054BC0F8F9
:10E55400883038BDA09000209DE90000EF790100CB
:10E56400E37901001800280070B505460A480E46F4
:10E5740009F08DFA044620B18378012B04D0FFF70B
:10E5840093FC0024204670BD3246294609F0D8FA8F
:10E594000028F7D12046F2E7A0900020B0B500AFE4
:10E5A4000D46FFF7E1FF044610B32846FCF732FF9F
:10E5B400A37A6D46082B98BF0E4A8AB094BF52F8CE
:10E5C40023300D4B6A46C2E907030C4B0C495362D6
:10E5D4000C4BC2E9051442F8103F00234FF442519A
:10E5E4000948FBF715FB2046AD46FFF75DFC01200B
:10E5F400BD46B0BD14B0010056C9010001030204B8
:10E604006ECA010005000002D4AB0100F8B505464E
:10E614000E480E46174609F03AFA044620B18378AC
:10E62400012B03D0FFF740FC00240DE036B1324645
:10E63400294609F085FA08B92046F3E7A37ABB42D4
:10E64400FAD1237AAB42F7D12046F8BDA09000203E
:10E6540038B5044608460D4609F002F838B3154BA0
:10E6640093F8D830990707D4E37873B12946204644
:10E67400BDE8384000F09ABA94F895309A07F3D57B
:10E68400201D09F0BDF94304EED42946204609F0C3
:10E6940079FA58B92B88A4F888306B88A4F88A30A2
:10E6A400AB88A4F89030EB88A4F8923038BD6FF0B2
:10E6B4001500FBE700800020F7B510F8363C04464F
:10E6C400A0F140060BBB304609F002FB334B1D683A
:10E6D4004DB155F8103C143D1BB1304614F8371CAD
:10E6E40098476D69F4E72E4D2E4FBD4205D3304651
:10E6F40003B0BDE8F040FFF7D7BB6B681BB13046F1
:10E7040014F8371C98471835EFE710F83E3C012BF6
:10E7140025D1A0F13C05D5E8EF3F23F40052C5E82C
:10E72400E12F0029F7D1990421D5A36C6946009300
:10E73400236D30460193FFF78BFF034688B9D5E874
:10E74400EF3F23F48053C5E8E23F002AF7D1D5E830
:10E75400EF3F43F40063C5E8E23F002AF7D103B07A
:10E76400F0BD114A0221114808F049FCEFE74FF4CB
:10E7740028130F4A69463046CDE90023FFF768FFA6
:10E78400034640B9D5E8EF3F43F48053C5E8E23F80
:10E79400002ADCD0F6E7074AE4E700BF34960020FD
:10E7A4007CAB010094AB0100A7CA0100D4AB01000B
:10E7B40018002800CCCA010010B9024809F067B952
:10E7C40000207047A090002010B50C480BF07AFB95
:10E7D4000B490A480BF082FB0A4908480BF07EFB00
:10E7E400094906480BF07AFB09F059FE0AF037F99B
:10E7F400044608B909F0CFFA204610BD88850020E8
:10E80400109600201C9600202896002008B5034688
:10E814000121034A034808F0F2FB002008BD00BFB1
:10E824007FCB010014AC010080B500AF88B06A460C
:10E83400074BC2E90530032342F8103F00234FF48D
:10E84400C2510448FBF7E4F96FF00B00BD4680BDEC
:10E85400A7CB010014AC0100044B1A680AB1FFF7FE
:10E86400E3BF0348586010460B6070473C96002095
:10E8740058B00100F7B504460026224D224FBD4290
:10E8840001D303B0F0BD20466B6801A99847002866
:10E8940033DB019B2A889A829A84A86803F11002C8
:10E8A400D2E8EF1FC2E8EC6FBCF1000FF8D1C3E966
:10E8B40013669E649E60A16B03F10802F9B9C4E972
:10E8C4000D221C60D86003F130000BF0FBFA0198B4
:10E8D40043681B6803B19847019B1033D3E8EF1FCB
:10E8E40041F00101C3E8E21F002AF7D1019843680F
:10E8F400DB6913B100F1100198470C35BFE70A60DA
:10E90400A263DEE758AB01007CAB010030B50446DE
:10E9140052EA030008D00BF0E7FE064D2D580648D6
:10E92400854204BF002213462046BDE8304004312E
:10E93400FFF70EBC080000006093002073B5054685
:10E9440018462B680BB39B7A072B1ED1002A14BFE1
:10E95400022301230E7A9E4209DD01210C4A0D484F
:10E96400009608F056FB6FF0150002B070BDCB7A2C
:10E97400072BF8D9C8618A6105F130000BF0AEFAB3
:10E98400284609F029F90020EFE76FF07F00ECE753
:10E99400CECB010014AC01002DE9F0470E469146A0
:10E9A400D0F8B04000AF4CB1483C236B6BB104F1DC
:10E9B400300A50460BF0A7FA054658B9FDF79CFB00
:10E9C40000252846BD46BDE8F087204609F020F919
:10E9D400A46CE8E708F0FFFD80B16C4688B06A4695
:10E9E400294BC2E90535032342F8103F00234FF4B5
:10E9F400C2512648FBF70CF9A546E1E7236DB3B9EC
:10EA0400A38CB5F81080403B9BB23F2B03D8238DD9
:10EA1400984528BF9846042105F10C0008F0B2FC83
:10EA2400A0F80080A38C438008F104032365236DC0
:10EA34002A8AB3420ED8934215D0A38C403B9BB292
:10EA44003F2B1ED9204609F0E3F8236B13B120466F
:10EA540009F0C2F8236D9E422CBF00269E1BC9F804
:10EA640000302665ADE700220023504605F06AFC1D
:10EA7400A38CA3F140023F2AE4D8054AAA61EB61C2
:10EA8400E0E700221346F9E7EECB010014AC0100E5
:10EA94004D7D010073B50D460646042105F10C00B9
:10EAA40008F089FC2B8A428804469A4207D0012147
:10EAB40000921A481A4A08F0ACFA02B070BD4378C2
:10EAC4003BB9184A0121154802B0BDE8704008F06E
:10EAD4008DBA0378012BF0D0132B03D1012AECD883
:10EAE400114AEFE70221114A0C4808F088FA6178CC
:10EAF40002220120356809F003F904460028DCD01D
:10EB040002210C3008F027FC0023214603704370D7
:10EB1400284602B0BDE8704009F023B914AC0100E6
:10EB240006CC010027CC010048CC010064CC0100D4
:10EB340008B50B8A032B06D80121044A044808F0BF
:10EB440055FA002008BDFFF7A5FFFAE78CCC0100B9
:10EB540014AC010038B50B8A0546032B0C4609D8C2
:10EB640001210F4A0F4808F041FA2046BDE8384019
:10EB7400FCF72CBB042104F10C0008F01CFC4188B8
:10EB8400284609F0FFF830B9074A0B460548022128
:10EB940008F035FAE9E7436821465B699847E4E7FA
:10EBA400AACC010014AC0100C7CC010070B5124B13
:10EBB4000C46197805460131C9B2012938BF012133
:10EBC40008221220197009F09BF8064688B1082122
:10EBD4000C3008F0C0FB22883146028062884280F3
:10EBE400A2888280E288C2802846BDE8704009F08D
:10EBF400B8B86FF00B0070BD9D9A002023281FD871
:10EC04001A2804D8431E182B0ED906207047A0F1E9
:10EC14001B03082B1ED8DFE803F0051D1B231D1959
:10EC2400251D05000320704701230F4A83401A4025
:10EC3400C2B90E4A1A40002A14BF012006207047A8
:10EC440000F07F03522B05D100207047012070474C
:10EC54000520704710F0400F0CBF062000207047BD
:10EC64000420704702207047AAAA8A02545545011D
:10EC7400011F01480BF051B8F884002010B5044678
:10EC840000F15403D3E8EF1F41F00101C3E8E21F90
:10EC9400002AF7D1201F09F03DF904F1740004495A
:10ECA4000BF005FA2068BDE8104001F047BF00BF33
:10ECB40085FC00002DE9FF414FF000084FF420537C
:10ECC40005460E46006802A9144617688DF80880A8
:10ECD400ADF80A3008F0B1FBA0B142F60103286890
:10ECE40003A98DF80C80ADF80E3008F0A6FB48B1EE
:10ECF40023691BB15A88B24200D25E80012004B05D
:10ED0400BDE8F0816168286808F097FB10B1002322
:10ED14002361F3E7E368A0681A786AB1B7F81AC008
:10ED2400798D038A8C4594BFC3EB0C03C3EB0103B9
:10ED3400934201DA0020E2E704210C3008F00BFBD7
:10ED440020610680236929465E80074B0194009365
:10ED540038460023A26809F020F90028EADB20697C
:10ED6400003818BF0120CAE77F7F01002DE9F04178
:10ED740082B000AF044688460022002339463B484F
:10ED840005F0EAF90546B0B16D4688B06A46384BDD
:10ED9400C2E90534032342F8103F00234FF4C25163
:10EDA4003448FAF735FFAD466FF00B0630460837A6
:10EDB400BD46BDE8F0810BF097FC2F4B3E681A5816
:10EDC4002E4B29461A60301D28220BF0E9FB3460D3
:10EDD4003C6800220023C4E90155C4E909552848C8
:10EDE400391D7D6005F0B8F9064688B123686C4684
:10EDF40088B06A462349C2E90513032342F8103F49
:10EE04004FF4C4512B461B48FAF702FFA546CBE743
:10EE14007B680146B02218460BF0C2FB1A4A826096
:10EE240060300BF04FF87B685833D3E8EF2FC3E81A
:10EE3400E16F0029F9D17B681C60636A7D681BB9A6
:10EE440004F10C000BF03EF8626A05F1A803C5F862
:10EE5400A820A26A636202B9A36217227B685A855A
:10EE64005A830433C8F80030A0E700BFDC840020D4
:10EE740003CD0100C4AB010008000000D8960020B7
:10EE8400F884002028CD0100EC8200202DE9F7430E
:10EE94001768054688460068516814467E6808F07D
:10EEA400CCFA8146002842D130469522294609F001
:10EEB40054FD0646207540B1E3681B780BB184F815
:10EEC4001490002003B0BDE8F083A06808F016FA9F
:10EED40002210C3008F03FFA164B2061A0F80080A4
:10EEE40000930194334629463846A26809F055F840
:10EEF400002807DA10F1FF0F32BF0E204042C0B2E3
:10EF04002075DEE72369002BDBD0A06808F04EFFF4
:10EF14007B8B7A8D9A4294BFC0EB0200C0EB030056
:10EF2400E3681B78984294BF00200120CAE70120BF
:10EF3400C8E700BFC17D010073B50D46438D418B09
:10EF440001328B4228BF0B469A42064609D9022158
:10EF540000921F481F4A08F05CF80024204602B0C3
:10EF640070BD2846FFF74AFE022810D004280ED0B0
:10EF74000BF0BAFB184B1958184B994217D0184B81
:10EF84001B685A1A18BF4FF0FF32134602E04FF4C1
:10EF94007022002300211348FFF7B8FC044640B94F
:10EFA40001212B46104A0A4808F029F8D5E7002227
:10EFB400EBE7FCF76BF818220C4B012102FB003342
:10EFC40004F10C009E6008F0C6F90570C6E700BFA6
:10EFD400C4AB01004DCD0100080000006093002087
:10EFE400D8960020F88500207FCB01009096002061
:10EFF4002DE9F04F42F60103002591B016688046D2
:10F004000F4600680BA9D6F8049014468DF82C50CE
:10F01400ADF82E3008F011FA002870D04FF42053C8
:10F02400D8F800000BA98DF82C50ADF82E3008F05C
:10F0340004FA38B1A3681BB15A88BA4200D25F807F
:10F0440001200EE06168084608F0B0FE728D738BF3
:10F054009A4294BFC0EB0200C0EB0300032803D81C
:10F06400002011B0BDE8F08F084608F047F90546C6
:10F07400606808F09BFE728B738D05F10C0B9A424D
:10F0840094BFC0EB020AC0EB030A584608F0A7F984
:10F09400824537D2606808F089FE728D738B9A427C
:10F0A40094BFC0EB0200C0EB030070B96368987AA8
:10F0B400FBF7E4FF0022002308F0EDF805460028E2
:10F0C400CED00146606808F02AF900230093D8F8EE
:10F0D400046010234146484602AAB047061E0EDBD0
:10F0E400227CE068B2422BD001460BA808F0D3F989
:10F0F40060B9237C144A0221144807F080FF0023DE
:10F10400A3609DE7584608F06AF9CEE7F2B202A977
:10F1140006A808F0C0F910B90D4A3346EBE706A972
:10F124000BA808F08AF90028E9D1002304216374AC
:10F1340005F10C0008F00FF9A0600780A3687EE7D2
:10F1440002A90BF035FAEEE772CD0100C4AB010061
:10F1540091CD01002DE9F84F074608460C46FBF710
:10F1640095FF18234343DFF8B880064608EB0302F3
:10F17400D2F808A0E16807F15800D0E8AF0FC00743
:10F1840009D40121274A284808F02AFE6FF0150502
:10F194002846BDE8F88FE06800781071002248F82E
:10F1A40003200B78D22B0FD13B682146186809F055
:10F1B40053FC054640B101211C4A1B4808F010FECF
:10F1C4002046FCF703F8E3E704F10C0008F003F928
:10F1D400182303FB0683B4F810B09F600023814614
:10F1E4001A462146381DFFF7A9FB05460028CFD053
:10F1F40010F1690F04D101210D4A0B4808F0F0FD0C
:10F204006369A4F810B013FA89F3E36018235E432A
:10F2140008EB0603C3F808A048F80650B8E700BF97
:10F2240090960020B0CD0100C4AB0100CACD01000E
:10F23400DDCD01002DE9F14F0546FBF727FF18222C
:10F2440002FB00F33A49C81851F803A00021D0E9A1
:10F2540002460779B0F80680D0F810900BF0A0F9B8
:10F26400A87AFBF70BFF6969834651B16B7AD8071B
:10F2740005D4DBF8243028461B689B689847002394
:10F284006B61294658460AF034FE002F42D0002C08
:10F2940040D02368002B3DD01B68002B3AD0BAF134
:10F2A400000F08D001215346224A234801B0BDE88B
:10F2B400F04F07F0A4BE201D09F02EF83846FFF7E2
:10F2C4009DFC052826D8DFE800F01D03251D250335
:10F2D40004F15803D3E8AF3FDA0707D40121174AF2
:10F2E400154801B0BDE8F04F08F07ABDE36D8BB16D
:10F2F4004FF47022002304F1780001B0BDE8F04F10
:10F3040005F0FEBA54F8583B1D68D4E8AF3FDB075C
:10F31400E4D556B901B0BDE8F08F49462846B04758
:10F324000134A3B29845F8D8F4E70024F9E700BF04
:10F334009096002000CE0100C4AB0100B0CD0100C6
:10F34400F7B50B8A04460D4607683BB90121294AE3
:10F35400294808F045FD002003B0F0BD012105F166
:10F364000C0008F028F8BB7A0646072BF3D154F8B2
:10F37400043C002BEFD0002203782048043C10F812
:10F38400327000EBC2019F420FD12A8A48788F78ED
:10F39400904222D90121009317481346184A07F0D6
:10F3A40038FE012FD7D1042320E001320E2AE6D102
:10F3B40002211148134A07F022FE31780846FFF76C
:10F3C4001DFC0028C7D00528C5D00029C3D00623BA
:10F3D4000022204608F0E0FFBDE74B68204629469E
:10F3E4009847012F0346B6D10028B4D031780029BC
:10F3F400B1D0EDE71FCE0100C4AB010080B0010025
:10F4040054CE01003ACE0100F0B51E4603680D4605
:10F414000039044618BF012187B01868174609F05F
:10F42400BAFA40B904F1580008F079FE002844D033
:10F43400002007B0F0BD002E41D0182200216846FC
:10F444000BF0AEF847BB236831461B683046009387
:10F454000023ADF812300C9B1A4A0393BDF83430E4
:10F464008DF80850ADF8103001238DF814306B4638
:10F4740008F0E9FC9DF81430C3B1002FD8D00198EE
:10F48400FBF7A4FE9DF81430002DD1D03246294656
:10F49400204608F081FFCBE7002239462046FFF7DB
:10F4A4004BFD01900028CED11120C2E7019900291B
:10F4B400BED0204608F062FFBAE71220B9E7012067
:10F4C400B7E700BFE97D010008B5837A072B06D0B2
:10F4D40002210C4A0C4808F083FC002008BD0421DA
:10F4E40008F050FC10B9094A0121F3E700F1540374
:10F4F400D3E8AF3FDB0701D4054AF5E750F8040C25
:10F50400ECE700BF73CE0100C4AB010081CE010063
:10F51400B0CD0100F8B50F461646FFF7D5FFB0B1E0
:10F52400446A20461CB150F8A84904B1A83C731C95
:10F53400194638B1428D458BAA4228BF2A469A42C1
:10F5440007D264B902210A4A0A4807F058FD00208C
:10F55400F8BD32463946BDE8F840FFF7EDBCD4F8B3
:10F56400A85005B1A83D20460B462C46E2E700BF53
:10F574009CCE0100C4AB0100F8B54FF470220746DD
:10F58400002311480D4607F086FE044638B90121D0
:10F594002B460E4A0E4807F032FD2046F8BD00F116
:10F5A4000C060921304607F0CBFE2046FBF76EFD22
:10F5B4001822084B012102FB003330469F6007F0FC
:10F5C400CAFE0570E9E700BFF88500207FCB010083
:10F5D400C4AB0100909600202DE9F0410E8A044648
:10F5E400043EF6B2022E08468CB001D0102E64D12F
:10F5F40004210C3007F0DFFE0DF108080588478868
:10F60400011D3246404607F046FF002857D09DB3FF
:10F61400002687B3AF422FD34FF42053404601A9AD
:10F624008DF80460ADF8063007F007FF40BB1422E4
:10F63400002107A80AF0B4FF11212046FFF79CFF20
:10F644000990002837D001210C30CDE9074807F094
:10F6540082FE00230A90394603701A4A0B93284607
:10F6640007AB08F0F0FB0A9B1B78FBB90998FBF782
:10F67400ADFD0A2301E03D4601232A4610210EE098
:10F6840042F60103404607A98DF81C60ADF81E3010
:10F6940007F0D3FE0028CAD010232A461946204674
:10F6A40008F07AFE00200CB0BDE8F08120460999EC
:10F6B40008F064FEF6E71120F5E70420F3E70E20D6
:10F6C400F1E700BFB9EC00002DE9F04303680446FC
:10F6D4000D4685B00121186809F05DF940B904F1BF
:10F6E400580008F01CFDB0BB122005B0BDE8F08343
:10F6F4001022002168460AF053FF21212046FFF71B
:10F704003BFF029048B34FF00108DFF85490009497
:10F7140005F10C072B8A012B04D82046029908F026
:10F724002DFE18E0384607F04EFE6B464A46014669
:10F7340006468DF80C8008F086FB9DF80C30002BF3
:10F74400E8D00298FBF742FD3246202120469DF87E
:10F754000C3008F021FE0020C7E71120C5E700BFE8
:10F764007F8101002DE9F043036804460D4685B00E
:10F774000121186809F00FF940B904F1580008F0A4
:10F78400CEFCB0BB122005B0BDE8F08310220021EE
:10F7940068460AF005FF0F212046FFF7EDFE0290B0
:10F7A40048B34FF00108DFF85490009405F10C07BA
:10F7B4002B8A012B04D82046029908F0DFFD18E0BB
:10F7C400384607F000FE6B464A46014606468DF869
:10F7D4000C8008F038FB9DF80C30002BE8D0029820
:10F7E400FBF7F4FC32460E2120469DF80C3008F05D
:10F7F400D3FD0020C7E71120C5E700BF3981010010
:10F80400F0B51D46036804460E4685B0012118680C
:10F81400174609F0C0F838B904F1580008F07FFC25
:10F8240048BB122005B0F0BD65B310220021684624
:10F834000AF0B6FE39462046FFF79EFE029018B342
:10F84400BDF828302946ADF80430012328468DF848
:10F854000C300E4A6B46009408F0F5FA9DF80C3013
:10F864005BB10298FBF7B2FC2A46314620469DF86C
:10F874000C3008F091FD0020D4E72046029908F0EE
:10F884007DFDF8E70120CDE71120CBE739810100A8
:10F894002DE9F0410E8A0446043EF6B2022E0846D3
:10F8A4008CB001D0102E76D104210C3007F083FDEA
:10F8B4000DF1040805884788011D3246404607F0CB
:10F8C400EAFD002869D085B377B3BD422DD8012164
:10F8D400606809F060F8064678BB42F602038DF8CA
:10F8E400000069464046ADF8023007F0A6FD20B39B
:10F8F40042F60303404606A98DF81860ADF81A30A5
:10F9040007F09BFDC8B1012D03D14FF6FF739F4251
:10F9140013D004F1580008F002FC002814BF0020A2
:10F9240012200CB0BDE8F0813D4601232A4608218F
:10F93400204608F031FD0020F3E7182200210DEBEA
:10F9440002000AF02DFE09212046FFF715FE08905B
:10F95400F8B101210C30CDE9064807F0FCFC002386
:10F96400099003700A2339468DF82C30284606ABDB
:10F974000B4A08F068FA9DF82C302BB10898FBF775
:10F9840025FC9DF82C30D1E72046089908F0F6FCB8
:10F99400D1E71120C5E70420C3E70E20C1E700BF6B
:10F9A40091EE00002DE9F0430F460446062187B08E
:10F9B40007F10C0007F0FFFC0588B0F8028082888C
:10F9C400D7F80C90C5B10023B8F1000F13D045450A
:10F9D40012D88DF800308DF804304FF42053684667
:10F9E40001A9ADF80220ADF8063007F026FD064661
:10F9F40060B10A2301E0454601232A460621204638
:10FA040008F0CAFC002007B0BDE8F08301461422C8
:10FA140001A83F7C0AF0C4FD07212046FFF7ACFD96
:10FA24000290D8B10A2341468DF81530284601AB1F
:10FA34000B4ACDE9036901948DF8147008F003FAB8
:10FA44009DF815302BB10298FBF7C0FB9DF81530DB
:10FA5400D3E72046029908F091FCD3E71120D2E7BE
:10FA6400F5EF00007FB5CB6804461D885E8885B13C
:10FA740076B1B5420DD81022002168460AF090FDF7
:10FA840005212046FFF778FD019058B9112007E0C1
:10FA9400354601232A460421204608F07DFC002037
:10FAA40004B070BD6B4631462846084A009408F0FD
:10FAB400CAF9029B23B90198FBF788FB0A23E9E7FB
:10FAC4002046019908F05AFCE9E700BF617E010075
:10FAD40013B50B46002102460AF006FE01910D49BA
:10FAE4000C680D4909580D488C4208BF002201A931
:10FAF40008BF134604F030FB014640B9019B1022B5
:10FB040018460AF04DFD0346184602B010BD002306
:10FB1400FAE700BFD89600200800000014850020F2
:10FB240010B50446806818B1FBF750FB0023A360AE
:10FB34002146BDE8104001480AF0EFB814850020C2
:10FB44002DE9F347044678300E4617461D460AF061
:10FB5400BAFAE06D58B90221164A174808F040F97C
:10FB6400206808F091FB002002B0BDE8F087134B39
:10FB74004FF00008984202D1C4F85C80F0E7D0F856
:10FB84000490C0F80480E06DD0F80CA0FFF7C8FF23
:10FB94002068C4F85C8008F077FBB9F1000FE2D06C
:10FBA4002068CDF800A03B46324629460068C84785
:10FBB400D9E700BFB7CE0100C4AB0100DC9600203A
:10FBC400F7B550F8044C0546002C55D000F1A401BB
:10FBD40004F1240008F088FA2E1F05F15C070022C6
:10FBE4000023384604F0AEFB024658BBAB6D2BB184
:10FBF40001466FF067033046FFF7A2FF002345F884
:10FC0400043C05F15403D3E8EF1F21F00101C3E8DC
:10FC1400E21F002AF7D1636A73BB04F10C060022C9
:10FC24000023304604F08EFB78B9666886B9214615
:10FC3400124826600AF071F8286803B0BDE8F04065
:10FC440000F0A0BFFBF7C2FAC9E7FBF7BFFAE6E78B
:10FC5400A26833689642636008BFA36077683FB1C7
:10FC6400F3686FF067010093002320681A46B847D1
:10FC74003046FFF755FFD8E703B0F0BDDC84002021
:10FC84002DE9F04192B050F8783C06AF064618686A
:10FC940007F076FF037804463D1D032B47D8DFE8C1
:10FCA40003F00240424425492846F8F775FAA3793F
:10FCB4000595627807F110080492A2781E21039238
:10FCC400E278404602922279019262796C4600926F
:10FCD4001B4A05F0DBFD88B006AA1A4BC2E90538B9
:10FCE4004FF400739383184B42F8103F00234FF4F2
:10FCF400E2511648F9F78CFFA6F17400A546FFF708
:10FD04005FFF132156F8740C07F0FAFE034620B186
:10FD140001210F4A0D4807F072F93037BD46BDE89E
:10FD2400F0810C49C0E70C49BEE70C49BCE70A2145
:10FD340028460B4A05F0AAFDB9E700BF10BD010033
:10FD440032BD0100CECE010003000001C4AB0100AE
:10FD5400FACE010017BD01001EBD010028BD01003F
:10FD64004DCE0100F8B51D460F461646FBF78EF939
:10FD74001823044C03FB00400123C0E90376C3802D
:10FD84000575F8BD9096002008B502F059FD38B10C
:10FD940001210346034A044807F031F96FF00400D7
:10FDA40008BD00BF1FCF0100E4AB010008B530B9A6
:10FDB4000749084808F056FC38B1074808BD054A09
:10FDC40012F8011C07F0BCFEF6E70020F6E700BFBE
:10FDD400FDBC0100059700200497002010B5074CD6
:10FDE4002378834207D1601C08F03CFC002814BF30
:10FDF4002046002010BD0020FCE700BFE69900204B
:10FE040010B54A1C0C4638B1097807F099FE08B1C0
:10FE1400204610BD0020FCE71046024908F022FCF1
:10FE2400F5E700BFFDBC01002DE9F8431E46BDF80F
:10FE3400203081460F46D1F80C80002B45D1731E2B
:10FE4400012B45D8012E4146157818BF1588FFF7B8
:10FE5400D7FF0446C0B915B93046BDE8F88341461A
:10FE6400FFF7CEFF044638B91B4802211B4A08F0AD
:10FE74000CFC6FF01000F0E709F17001013008F09C
:10FE840006FC99F808302370D8F810308BB9258116
:10FE9400B8F80A30AB4203D04146384608F0FEFBBE
:10FEA400002DD9D10E49601C08F0F1FB2570258185
:10FEB400D2E72A463946484698470028CDDB013820
:10FEC4000128E4D96FF00D00C7E76FF00600C4E71E
:10FED4006FF00C00C1E700BFE4AB010035CF0100B7
:10FEE400FDBC0100024608B50749013008F0CFFB0C
:10FEF40000230C3202F8043CD2E8EF1FC2E8E03FD2
:10FF04000028F9D108BD00BFFDBC01002DE9F04176
:10FF140080460F4616461D46FFF760FF044680B92B
:10FF24000F49FFF75BFF044630B9BDE8F0410121FA
:10FF34000C4A0D4808F0A9BB394600F8018B08F0BB
:10FF4400A6FB228963891AB92BB92681658104E04D
:10FF5400964238BF26819D42F8D8BDE8F08100BFA3
:10FF6400FDBC01004FCF0100E4AB010008B503461E
:10FF74000221034A034807F042F86FF00D0008BD60
:10FF84006ECF0100E4AB01001FB519464FF42813EE
:10FF94001046064ACDE902230823BDF81820009331
:10FFA4006B4408F093FB05B05DF804FB18002800CF
:10FFB4002DE9F041234B1546826807469A4202D147
:10FFC400C468638933BB0120BDE8F081FDF76CFF91
:10FFD4000021E3686181002BF5D038469847F2E7A9
:10FFE40005F170084146287A07F05DFB68B9164BA5
:0CFFF4009C4202D1284608F0F8FB304681
:020000021000EC
:10000000134908F046FB002323702381E2E74146B1
:10001000304608F03EFBDDE72389002BDAD0264688
:1000200016F8011B2846324607F08CFD0028D9D16E
:1000300031462078FEF79AFA0028CBD0837A072B36
:10004000C6D1FDF733FFC0E72DFE00002C83002052
:10005000FDBC01002DE9F0411F46BDF818300646F1
:10006000012B904634D83B44012B3D4633DCFFF74F
:100070009FFE044668B9FFF79BFE044648B902217B
:10008000184A194808F003FB6FF010052846BDE830
:10009000F08197B10023217A98F8002021FA03F02B
:1000A000C70703D522FA03F0C00717D50133032B86
:1000B000F4D102F0070211432172601C06F17001B5
:1000C00008F0E7FA337A2046237008F0BBFBDDE73F
:1000D0006FF00605DAE76FF00C05D7E76FF0120551
:1000E000D4E700BF96CF0100E4AB010010B5044691
:1000F0001048D0E8EF3F23F00203C0E8E23F002AB7
:10010000F7D1D0E8AF3FDA0704D50022002330381A
:1001100004F0F8FB204608F015FA50B12046FFF72E
:1001200047FE30B1037ADB0703D5BDE8104008F085
:1001300089BB10BD28920020012110B5144808F099
:100140009BFAC30723D40221114808F095FA08400E
:1001500007D11049104A0B88104CA24211D300B1AC
:100160000B800F490F4809F0A4FF4FF4A47200233D
:100170000C48FBF7ABF9BDE810400B490B4809F000
:1001800098BF5068083203449BB20120E5E710BDD8
:1001900014970020F299002094AB0100ACAB010051
:1001A000ED030100809100205D070100F89100201F
:1001B00003462DE9F04148B1008A38B901244FF0D7
:1001C000140C1149DFF844E0714501D3BDE8F0811A
:1001D000D1E90076BB4204D30CFB0672143A934279
:1001E0000ED93444A2B214460831EDE70CFB057871
:1001F000434507D001356219B54292B2F6D1F2E714
:100200000025F8E71046E1E794AB0100ACAB010034
:100210002DE9F74F99464FF6FF73BDF8305007466A
:10022000002D08BF1D46244B90461B880091834239
:100230003CD203B0BDE8F08F73682344BB4232D296
:100240009CB208361D4B9E42F6D3F2E740468958D1
:10025000019307F0F4F8019B90B101340AF1010A0F
:10026000A4B273685345ECD9009B9C42E1D8BC42D0
:100270003168F2D30BFB0AF28B18B8F1000FE5D10D
:10028000B9F1000F0BD1013D1846ADB221460E9ACF
:100290000D9B9847002DCCD00028DED1C9E7DA6845
:1002A0009145DAD1EFE74FF0000ADAE701244FF089
:1002B000140B034EC6E700BFF2990020ACAB01005F
:1002C00094AB0100002110B58EB0182208A8CDE92A
:1002D0000311CDE905110AF065F94FF41053ADF89B
:1002E0001C308023ADF81E304FF480631E4C10226A
:1002F000CDE9093403A901AB07A802F051FA03467E
:1003000030B11A4A01211A4806F07BFE0EB010BD2A
:10031000009022466846019902F06EFA034608B141
:10032000144AEFE76B464FF6FF710120124A08F0BE
:100330000BFB07AB10226846104902F0A5FA0346F2
:1003400008B10F4ADEE719460C4A02F11000137893
:1003500010F8014D0131082902F8014B0370F6D164
:10036000084808F089F9D1E70002C003C2CF0100B4
:10037000E4AB0100EBCF0100C585010070910020C6
:1003800009D00100289200202DE9F04114490646C9
:10039000A1F1300014461D46BDF8187009F0A8FE02
:1003A000104BD3E8AF3F190701D4FFF78BFF30465E
:1003B000FFF7FEFC50B1037ADA0707D50C30D0E81E
:1003C000AF3FDB0702D4022108F056F910233A466A
:1003D000069329462046BDE8F041034B08F078B962
:1003E000B09100202892002070910020034BD3E8A8
:1003F000AF3F1B0701D4FFF765BF7047289200206D
:10040000002307B50193FFF7D3FE411C89B20846CC
:10041000034A01AB08F098FA019803B05DF804FBB9
:10042000898501002DE9F04387B0837A8046072B48
:100430000C46164602AF40F0A58000233B7342F6FF
:1004400003032068FB8107F10C0106F0F8FF054665
:10045000002834D1D4F80490B9F1000F05D101215E
:100460004B4A4C4808F013F98CE0012321460090D8
:1004700007F10802C847031E11DA6E4688B002AAC7
:10048000D36104234449C2E9051442F8103F4FF4F4
:1004900001512B463F48F9F7BDFBB54672E0012BF1
:1004A00005D001213D4A3B4806F0ABFD6AE03B7AAE
:1004B00013F0300F66D02046FFF7A2FF044600235A
:1004C00020683B7342F6021307F10C01FB8106F032
:1004D000B6FF18B12046FFF793FF0446002542F609
:1004E0000219206839463D70A7F8029006F0A7FF70
:1004F00010BB002320683B7342F6021307F10C0186
:10050000FB8106F09CFF054600283BD1D4F80490FF
:10051000B9F1000FA3D0022300902146404607F115
:100520000C02C847031EA8DB022BBAD1BB891E42AE
:1005300014BF0120002026E042F603032068391D85
:100540003D71FB8006F07BFF0028D2D04FF4205392
:10055000206807F108013D727B8106F070FF0028DA
:10056000C7D042F60103206807F10C013D73FB81FF
:1005700006F065FF0028BCD02046FFF741FF044687
:100580000028AED100201437BD46BDE8F08300BF7F
:100590001FD00100E4AB010033D0010059D00100AD
:1005A0002DE9F843894651680746B1F8128015468F
:1005B00018F0940809D00221274A284808F067F863
:1005C0004FF0FF352846BDE8F8830222FFF72AFFE7
:1005D00038B90221224A214808F059F86FF0150570
:1005E000F0E74FF470200021AE8AFFF773FA02366D
:1005F000044688B11B4B32464360C5601D21384616
:10060000FEF78AFF064650B914480221164A08F040
:100610003EF82046FFF786FA6FF00B05D2E701237C
:1006200042464146FFF7A0FBA98A06F10C000231C1
:1006300006F093FE20F8029BAA8A296909F0A5FF1B
:1006400021463846A66007F060FF05460028B9D06D
:100650002046FFF767FAB5E772D00100E4AB01006E
:1006600088D001008F850100B3D0010030B5044669
:100670000D468BB0364BD3E8AF3F5A0761D510B16A
:10068000837A072B60D168680590FFF791FD2A688F
:10069000ADF818003AB305A902912E490023019143
:1006A000012100914FF6FF710593FFF7B1FD059B06
:1006B0001BB96FF001000BB030BD6B60059B04A946
:1006C000186800238DF8103042F60303ADF812309D
:1006D00006F0B5FE70B90598C3689B799B0605D4F2
:1006E0006FF01500E7E70028E8D1E2E708F0E5F849
:1006F000ADF81800BDF818003CB1012301462A46A8
:100700002046AB75FFF74CFFD5E76FF07F030793EB
:100710000223ADF8203042F60213ADF8123005ABDB
:10072000AC7502930C4B4FF6FF710193012304AAA1
:100730000093234609958DF81040FFF769FD07984F
:10074000B9E76FF00A00B6E76FF07F00B3E700BFCC
:10075000D4800020BD850100310A0100034613B595
:1007600050F8082CA0F12001019200F13004D4E8E7
:10077000EF2F22F00102C4E8E02F0028F7D10D4A44
:10078000002043F81C2C0C4A23F8080C43F8182CC2
:1007900001AA43F8102C042223F8060C23F80C2C91
:1007A000FFF764FF18B90221204607F065FF02B089
:1007B00010BD00BF28B10100ED000100F8B5334BBA
:1007C0001568826804469A4200AF1FD1C668338913
:1007D000721CDBB12846317807F0B4F9B0B14FF4A0
:1007E00095722146284608F0BAF8032811D16D46C3
:1007F00088B06A46264BC2E9053442F8100F002340
:100800004FF4C4512348F9F705FAAD460120BD461F
:10081000F8BD3146204607F043FF1F4B9E42F5D1FD
:10082000287A05F17001FFF7DBFA04460028EDD0C5
:10083000038913B94389002BE8D02846FDF77EFCD5
:100840002389164A618922F8203002EB80035980FF
:1008500018231349134C03FB001300B202EB800270
:100860001A61042200EB40005C600F4C01EBC001F8
:1008700028469C609A82FFF7F9FE0028C6D0012125
:100880000A4A044807F003FFC0E700BF2DFE00003E
:10089000DAD00100E4AB01002C830020E2990020B3
:1008A000EC96002028B101004D880100EED0010037
:1008B000F8B50F46516806464B8A144603F0940378
:1008C0003BB11D4802211D4A07F0E1FE4FF0FF3009
:1008D000F8BD0122FFF7A6FD38B917480221184AD2
:1008E00007F0D5FE6FF01500F2E7A2891B21304614
:1008F0000232FEF711FE054638B90F480221114AAF
:1009000007F0C5FE6FF00B00E2E7A1890C30023161
:1009100006F023FD20F8027BA289A16809F035FECC
:10092000D4E9041228460123FFF71EFA294630466F
:10093000BDE8F84007F0BCBDE4AB010072D0010097
:1009400088D001000BD1010030B504460D468BB0B4
:10095000344BD3E8AF3F5A075DD510B1837A072BEC
:100960005CD168680590FFF723FC2A68ADF8180091
:100970003AB305A902912C4900230191012100916C
:100980004FF6FF710593FFF743FC059B1BB96FF012
:1009900001000BB030BD6B60059B04A918680023F3
:1009A0008DF8103042F60303ADF8123006F047FD23
:1009B00070B90598C3689B79DB0605D46FF0150004
:1009C000E7E70028E8D1E2E707F077FFADF8180085
:1009D000BDF818002CB101462A462046FFF768FFF3
:1009E000D7E76FF07F0342F6021207930123ADF8B9
:1009F000122005AA02920D4AADF82030CDE900324E
:100A00004FF6FF71234604AA09958DF81040FFF7B1
:100A1000FFFB0798BDE76FF00A00BAE76FF07F00B1
:100A2000B7E700BFD4800020BD850100310A010076
:100A3000F8B514463C4B826807469A4201D0012023
:100A4000F8BDC668394B9E4255D03289A389711CC6
:100A50009A42F4D13078FDF789FD05460028EED0A2
:100A6000837A072B05D0FDF721FAE8E7FDF71EFA98
:100A7000EBE7736923B13946984708B92846F2E78E
:100A80007B8A13F0940705D00221294A294807F0F0
:100A9000FEFDF3E7A389022B14D1338913F002067C
:100AA00004D12846FDF702FAA660C8E72846226965
:100AB000A188FFF775FD0646A8B92269937D013329
:100AC0009375EEE7012B04D02846FDF7EFF9A760F8
:100AD000B5E7338913F00106E3D028462269A188DF
:100AE000FFF7E6FE06462846FDF7E0F9002EA66071
:100AF000A5DA0020A4E7104D1049284607F0B4FD00
:100B00000028A2D10722294615F8010CFDF780FD27
:100B10000028ABD1236929461A6915F8010C5388BE
:100B20001288FFF7F5F990E72DFE00002C830020D6
:100B300072D00100E4AB0100E7990020FDBC010088
:100B400007B5009001206B464FF6FF71034A8DF800
:100B5000040007F0F9FE03B05DF804FBBD070100D7
:100B6000F8B505460E461746064B1C684CB154F8BE
:100B7000043C043C1BB13A46314628469847646819
:100B8000F4E7F8BD1897002070B5044603464FF609
:100B9000FF7101200D4A07F0D7FE2046FFF708F944
:100BA000054688B104F170063146207A06F07DFDD5
:100BB00020B92846BDE87040FFF796B93146681C59
:100BC000BDE8704007F065BD70BD00BFB5FF000017
:100BD00080B500AF88B06A46074BC2E905300323F1
:100BE00042F8103F00234FF4C2510448F9F712F8BD
:100BF0006FF00B00BD4680BD43D101001CAC01006D
:100C0000044B1A680AB1FFF7E3BF03485860104667
:100C10000B607047209700202CB201000122054B89
:100C2000C3F8002590F8861009B1DA6070471A60A1
:100C30005A60704700E000402DE9F0410E798D794F
:100C400006F01F03072B20D80C780C2C18D8DFE8EF
:100C500004F00808081707170F17171113171500C6
:100C600003244A78032A14D0042A20D0434A08E0F7
:100C70000424F6E70524F4E70624F2E70724F0E766
:100C80003F4A01213F4806F0B3F96FF01500BDE877
:100C9000F081012044F20A074A88BA425AD843F642
:100CA000FE77BA4205D8002A62D0374AE9E7002029
:100CB000F0E7A2F57F523F3A0B2AF6D801A757F882
:100CC00022F000BF790D0100AB0C0100AB0C01005C
:100CD000AB0C0100F50C0100AB0C0100510D010043
:100CE000AB0C0100AB0C0100AB0C0100AB0C010024
:100CF000710D010000224FF0010816F0200618BF08
:100D00004646224F08FA03FE97F8A8C05FFA8EFE07
:100D10004FEA003014BF2CEA0E0C4CEA0E0C40EAED
:100D2000042087F8A8C040EA02401A01497902F17C
:100D3000804202F5604240EA06501F4487F8A01046
:100D4000C2F818050020C2F81005C2F814559EE735
:100D50000122D0E744F21407BA420BD044F228072C
:100D6000BA4209D044F20F07BA429ED10322C2E729
:100D70000222C0E70422BEE70522BCE78ED10100B3
:100D80006FD10100B4AB0100B2D10100708100202D
:100D9000F7B50D464FF0FF334FF0FF32644803F0D4
:100DA00039FB6E68731EFE2B05D9624A0121624829
:100DB00006F01EF912E000231A466048604F26FA3A
:100DC00003F111F0010134D017F803C0BCF1000F9A
:100DD0000CD15C4A0121584806F013F96FF0150454
:100DE000534803F0E3FA204603B0F0BD6C7C00EBFF
:100DF000031E003C18BF0124DEF81815013221F053
:100E0000807141EA0461CEF8181503F1510109011E
:100E100040F801C0D2B20133082BD0D12B7CA3F112
:100E2000080106291ED8DFE801F01F1D211D111D34
:100E30001B0000EB031CDCF8184524F08074CCF890
:100E4000184503F1510424010151E4E702233B4911
:100E5000012AC1F8F0356B7C0AD95BB13A4AA5E7A3
:100E60000323F4E7394AB5E70023F0E70123EEE76F
:100E7000082B10D8C1F8F4352B6851006BB9EB681A
:100E80008B420ED2324A00912B48012106F0C3F862
:100E90006FF00B04A4E72F4A9CE79B8903FB011129
:100EA000EDE72F46A968254B2B4CC3F82C1604F10F
:100EB0007406C3F830260FCF0FC63B682746336051
:100EC000002626672B687BB30FCB04F1880585E8E5
:100ED0000F006567A4F8986030B3D7E8EF3FC7E824
:100EE000E26F002AF9D11D494FF400400F46314608
:100EF000D4F888500023E5FB0071194A3846F7F70B
:100F000029F90022CDE90001002304F1080004F0D2
:100F1000A3FA4FF0FF324FF0FF33124803F07AFA92
:100F200000B12067246F5BE70B48FFF777FEF0E71F
:100F3000B0810020DDD10100B4AB010000E0004031
:100F400010820020FBD101003AD2010015D201002D
:100F50008FD201006CD20100708100203F420F004F
:100F600040420F00C881002038B500250F4C0E20EC
:100F7000C4F80451D4F80431C4F81051D4F8103135
:100F80001223C4F80433F9F741FD2A4601210E204B
:100F9000F9F76CFD0648836C13B9403003F006FA8C
:100FA0000123C4F80035002038BD00BF00E0004038
:100FB00070810020F8B53A4BD3F80421002A62D0A2
:100FC0000021C3F80411D3F804210122354C9A60A2
:100FD000C3F80015A66F94F8A8702546374206D1CD
:100FE000636FC3B9BDE8F8402F4803F0DFB9D3F809
:100FF0002C161346F6B21E4208D01F4205D0B1F996
:101000000020002ABCBF00220A8002315B009BB294
:101010009F42F0D2E4E7D4F88C30B4F898202BB19A
:1010200022499847012814D0022824D0B4F89830D7
:10103000B4F894209A421ED90133A4F89830184B82
:10104000D3F82C26D3F8341689B202EB4102C3F848
:101050002C26D4F8883023B9BDE8F8401148FFF7B2
:10106000DDBDD5E8EF3F5A1EC5E8E12F0029F8D1D4
:10107000012BF1DCF8BDD4F88830002BB2D00C483D
:1010800009F0E9F9AEE7D3F810110029F2D0C3F85E
:101090001021D3F8102101229A601A605A60E9E702
:1010A00000E0004070810020C8810020E481002021
:1010B00078810020F8B50A7E0D46042A07690ED013
:1010C000102A28D0012A0BD01649174807F0E2FC55
:1010D0006FF022042846FAF77BF82046F8BD02227A
:1010E0001146042605F10C0006F056F9374438463F
:1010F0002A8AE968F7F7F0FF10F10C0F04460CD1CB
:101100004B2008F058FD013EF1D122460749064820
:1011100007F0C0FCDEE70522E2E70028F5DB00244B
:10112000D8E700BFCCD20100F4AB0100DCD2010053
:101130002DE9F04F9046D2F8109002780646042A26
:101140000C4687B001F1FF3309D0052A00F08980F1
:10115000022A40F0C480032B62D8644A02E0012BCB
:1011600007D8634A0121634807B0BDE8F04F05F096
:101170003FBF43783E2B31D1C778BB1E5F425F41F2
:10118000B6F80130033CB4EB132FADF814302AD17C
:1011900037B300220023CDE90223DFF85CB1DFF88A
:1011A00054A13946DDE902239DF81400FAF7F6F957
:1011B000054600B300F10C07022205A9384606F0E7
:1011C000D2F8384606F00DF984421CD9012100906E
:1011D00023464A4A474805F01EFF3CE00027CFE778
:1011E0004FF4A022D6E70121454A424805F000FF0E
:1011F00007B0BDE8F08F002FFAD102215A465046C1
:1012000005F0F6FECDE72246F11C384606F0ABF8B5
:1012100029464046D9F8003007B0BDE8F04F1847DE
:10122000002200230820FAF7A3F90546B8B1D6F842
:10123000013000F10C070422384605A9059306F099
:1012400092F8BDF81630053C9C423FD02D4A012152
:10125000284805F0CDFE2846F9F7BAFFC8E72A4A24
:1012600080E7032B01D8294A7CE7002200232020B5
:10127000FAF77EF9DFF898A00546A8B1D6F8013054
:1012800000F10C070422384605A9059306F06BF817
:101290000023CAF80030BDF81630053CC3F30D0337
:1012A0009C4213D01B4AD2E76421DAF80020B2FB3B
:1012B000F1F301FB13231BB917490E4807F0EAFBB2
:1012C000DAF800300133CAF8003091E7384606F00A
:1012D00088F884423FF67AAF2246711D95E70F49A0
:1012E000044807B0BDE8F04F07F0D4BB91D301002C
:1012F000F4D20100F4AB010039D301006ED3010038
:1013000015D30100CAD30100B0D30100ECD3010012
:10131000749700202BD401000BD401004DD40100A0
:1013200070B5056900200E4607F0BFFB044630B1DA
:1013300002461549154807F0ADFB204670BDE86B25
:10134000F7F73CFE044628B110F1780F02D00246B0
:101350000F49EFE7E86B05F10C02291DF7F76EFE68
:10136000044610B102460B49E4E74FF480320023F3
:1013700005F1240003F04EF8044610B10246064978
:10138000D8E72E60D9E700BF61D40100F4AB0100BB
:1013900086D40100B6D40100DAD4010038B505695D
:1013A000281DF7F76DFE044630B102460B490C4884
:1013B00007F070FB204638BDE86BF7F71FFE0446C8
:1013C00010B102460749F2E707F069FB044610B185
:1013D00002460549EBE72860ECE700BFFAD40100BC
:1013E000F4AB010025D5010049D50100084B70B5CB
:1013F000C31A0D4607499B1004465943402206482C
:1014000007F062FB2B4601462046BDE870401847B6
:101410008C970020B76DDBB6E0A70100402373B5C1
:101420000B4C0093041B0B460D460A49A410614364
:101430000646094A094807F072FB011E05DA3046E4
:101440002B4602B0BDE87040184702B070BD00BF27
:101450008C970020B76DDBB6878B0100E0A70100F9
:1014600010B5EFF31184202383F31288BFF36F8F3D
:10147000074A136823F00201DB07116002D4012040
:1014800007F0F8FC84F31188BFF36F8F10BD00BF25
:101490002C9800202DE9F843002201210646052062
:1014A000F9F7E4FA114801F021FB114B984219D1E8
:1014B00001F02CFB00244FF01C090C27DFF83480CE
:1014C0003569414609FB045005F052FA002807DB54
:1014D000012307FB04551C44042CAB67F0D100200A
:1014E000BDE8F8836FF00400FAE700BFFD150100C6
:1014F0000000AD0B54B201007FB500220123CDE9FD
:10150000022304ABCDE90433094A6B46CDF800D081
:10151000CDF804D007F030FB002805DB4FF4804203
:101520000023684602F076FF07B05DF804FB00BFB9
:10153000BD8B01000C22104B014602FB0033002042
:1015400030B4D3E91C521867EFF31180202484F3E0
:101550001288BFF36F8F9C6F04F0C00444F0020444
:101560009C6780F31188BFF36F8F1DB12B4630BC91
:101570000248184730BC70478C970020E0A7010054
:1015800010B4EFF31182202383F31288BFF36F8F1F
:101590001748016841F002040460C80707D482F3C9
:1015A0001188BFF36F8F012010BC01F0C7BA114939
:1015B000D1F80C04D1F80C14C907F0D5EFF3118061
:1015C00083F31288BFF36F8F0B498B6F03F0C00357
:1015D00043F002038B6780F31188BFF36F8F82F3B0
:1015E0001188BFF36F8F002010BCFFF7A3BF00BFAF
:1015F0002C980020005000408C970020092813D818
:10160000DFE800F005101212121212120E0C074B36
:10161000986F10F0070007D1FFF78CBF0220FBE79F
:101620000320F9E70120F7E7704700BF8C970020FF
:101630002DE9F041012207463449D1E8EF3FC1E8E6
:10164000E02F0028F9D133B9314932484B60CB60E3
:101650008A6005F0A0F97B1E012B28D8012F06D146
:101660002D4BD3F81C3403F00303022B1FD008F0DA
:101670006FFD0546E8B9294B1B78D3B10222064617
:10168000254BC3F80823244CDFF89480D4F81824A1
:10169000D4F81834D20315D503F00303022B01D07C
:1016A000012F0FD16DB386F31188BFF36F8FBDE8A3
:1016B000F081EFF31186202383F31288BFF36F8F3D
:1016C0000125E0E7C5B1304605F098FDD4F818359E
:1016D000DBB2012BDAD1D4F80421002AD6D00022C3
:1016E000C4F80421D4F804210222C4F818252022C9
:1016F000C8F88021A360C9E70021212008F0DFFDA0
:10170000E4E70222044BC3F80423D0E788970020C3
:1017100078970020A897002000500040A09C00204F
:1017200000E100E008B5074808F04AFA38B1064879
:10173000F9F76CFC0448F7F713FB002008BD6FF0C5
:101740001200FBE744A801004D1701000A2838B534
:101750000446074D04D1AB680D2128465B689847C5
:10176000AB6803485B68E1B29847204638BD00BFCC
:1017700044A80100F0B5406801F01F04057B87B064
:1017800044EA45140569002D63D0B2F5001F00F14D
:10179000100506D12146284607F0ECFB002007B0D3
:1017A000F0BD0027B2F5800F01AE0197776039D107
:1017B000B3F1007F14BF052304238DF80430002308
:1017C000CDE904630393836823FA01F111F0010169
:1017D0001AD1B2F1A07F17D104F01F03620903F1FF
:1017E00080032AD0012A3AD11E4A52F82330DB075F
:1017F0000AD40DF1030632462146284601F0AAFC20
:10180000194B98421BD002962146284603AA01F0A4
:101810005DFB164B98421FD101222146284601F05C
:10182000FBFCBBE7B3F1C06F05D0B3F1007F14BF81
:1018300001230223C1E70323BFE70D4AD5E7314661
:10184000284601F0E3FC094B9842DCD06FF00B0016
:10185000A5E76FF08500A2E76FF015009FE751F84C
:101860002330FFDE002884400400AD0B0000AD0BE8
:101870000025844038B545682B69B3B1103528463A
:1018800001F0B4FC044680B90146284601F07CFC16
:10189000084B98420BD122462846074901F054FCD8
:1018A000224605212F20F9F7E1F8002038BD6FF01E
:1018B0000400FBE70000AD0BBD1801004209034620
:1018C00070B502D0012A17D070BD0D4E3269516833
:1018D0000029F9D0012503F01F030C689D40002961
:1018E000F2D08A682A4002D030464B6898472CB123
:1018F000236821461C46F2E7024EE7E72346F8E755
:1019000008A80100F4A701002DE9F04340F20635D4
:101910004668D00648BF0320337B02EA050558BF5E
:10192000C2F3401087B001F01F07B5F5837F14465E
:1019300047EA43178DF8030044D00FD8062D18D07E
:1019400007D8B5B1022D3FD06FF0150007B0BDE844
:10195000F083B5F5807FF7D101250AE040F202223D
:10196000954233D0B5F5407F32D0B5F5007FEBD14D
:1019700002250123220303FA01F12BD57368996034
:10198000326972BB07F01F037F0928D0012F75D180
:101990003C4A02EB830284F48033D2F80012C3F392
:1019A0000043C4F3404444EA430421F4706144EA30
:1019B000800421F00F0144EA05230B43C2F80032F2
:1019C0000020C3E70725D4E70425D2E70525D0E7A3
:1019D0000325CEE7630344BF7368D960D0E72A4A82
:1019E000D7E71036394630460DF1020201F0B2FB5E
:1019F00014F4403F80460CD13946304607F0B8FA1F
:101A0000224B9845DCD130469DF8021001F0F8FBDE
:101A1000D6E74FF0000901AB3946304603AACDE9BD
:101A20000439CDE90199CDF80C9001F04FFA174B2C
:101A3000984289D114F4003315D09DF8033084F412
:101A40008034C4F300448DF80E3039464B4630469E
:101A500003AA8DF80C508DF80D4001F0F3FA0B4BF2
:101A60009842CDD070E7CDE9043339460DF1030338
:101A7000304603AA039301F029FAF0E7803352F8C5
:101A80002330FFDE00288440002584400000AD0B99
:101A900010B504460269A2B0C2F880001F490020B8
:101AA00001F0ECFC002201212A20F8F7DFFF646836
:101AB0008422002101A808F075FD6368B3F5803F1A
:101AC00004D30221164A174805F092FA2368B3F5A9
:101AD000803F04D30221144A124805F089FA0023FA
:101AE0000120219301AA61680432D940C90744BF8B
:101AF00000FA03F142F8041C2168D940C90748BF25
:101B000000FA03F103F1010348BFD163102BEAD1BE
:101B100001A801F0CBFC002022B010BD051C010083
:101B200013D601005CAC01003FD6010038B50F2987
:101B30000C4605693CD843681B68CB40DB0737D5AA
:101B4000D5F88430CB4003F001031AB9EBB96FF03C
:101B500077002CE0002BFAD155F8213023B902216F
:101B6000154A164805F044FAD5F8843013B92A20EE
:101B7000F8F74CFF0122D5F88430A2401343C5F892
:101B80008430E0B201F0B2FC0AE0C8B201F0B6FC69
:101B90000122D5F88430A24023EA0203C5F884303C
:101BA000D5F8843013B92A20F8F73EFF002038BD5D
:101BB0006FF01500FBE700BF6BD601005CAC0100C5
:101BC00038B505460C4622B102210C4A0C4805F0F6
:101BD0000FFA0F2C0ED86B685B68E340DB0709D562
:101BE00001230020A400E4B204F1804404F5283469
:101BF000236038BD6FF01500FBE700BF9BD60100E6
:101C00005CAC010070B5D1F880600F2804460D4629
:101C1000736803D81B68C340DA0704D402210E4A54
:101C20000E4805F0E5F9D5F88430E340DB0704D42D
:101C300002210B4A094805F0DBF905EB840255F84F
:101C400024503DB121463046AC46BDE870400023EB
:101C5000126C604770BD00BFB6D601005CAC0100DD
:101C6000D2D60100036803F01F025B09026004D0B2
:101C7000012B034818BF002070470248704700BF7F
:101C800000288440002584402DE9F04F1546834606
:101C900040F2FF18DFF88891DFF888A185B000EBEB
:101CA0008101594503D1002005B0BDE8F08FDBF874
:101CB0000030C3F3C322082AC3F3080400F2AA8049
:101CC0001B0E444508BF4FF0FF3419F80270222B59
:101CD00000F2A380DFE803F012191F22252B22A1B6
:101CE000A1A1A13A67A1A1A1A1A1A1A1A1A16A7FDE
:101CF0008285A1A1A1888F9295989B00C5F80C457B
:101D0000601C5DD10BF1040BCBE7C5F81445621CD8
:101D1000F8D000265DE0C5F80845F1E7C5F81045A4
:101D2000F5E7631CC5F80845ECD0002604E0661C06
:101D3000C5F80C45E6D0012603A80394FFF792FFEF
:101D40000122039B02FA03F3C36008E0C5F80845CB
:101D5000002FDCD1631CD5D0002606273246DBF8E5
:101D60000030039403F40040002818BF002203A8A9
:101D700018BF012601930092FFF774FF039C019B9B
:101D800000EB8400D0F80042C3F3412C009A3B02E0
:101D900043EA8C03134304EA0A04234343EA460359
:101DA000C0F80032AEE7C5F80C45D1E7C5F860458C
:101DB000601CDBF80030A5D0C3F30043002BBAD081
:101DC000012603A80394FFF74DFF039B06FA03F3D4
:101DD00083603246C3E7C5F86445E9E7C5F868455E
:101DE000E6E7C5F86C45E3E7C5F82445621C89D0F1
:101DF00001260022B3E7C5F8284581E7C5F830453C
:101E0000F4E7C5F83445F1E7C5F83845EEE7C5F81D
:101E10003C4575E76FF0150046E76FF0850043E736
:101E200008D70100F0F0FCFF2DE9F04104460D4613
:101E3000476808F08DF94FF0200888B9264B1B78C9
:101E400073B16426606806F060FFF0B9012006F007
:101E5000FEFF013EF6D10021212008F030FAF0E724
:101E6000EFF31186314688F31288BFF36F8F6068F5
:101E700006F04BFFA8B986F31188BFF36F8FEFE729
:101E800086F31188BFF36F8FE5E7EFF311863146D4
:101E900088F31288BFF36F8F606806F036FF002862
:101EA000EED0FB6900201D706368FA691B68C3F8F7
:101EB00044250122C3F84825C3F82001D3F8204166
:101EC000C3F85801D3F858019A6081F31188BFF321
:101ED0006F8FBDE8F08100BFA09C0020F7B50546DC
:101EE000002201210820F8F7C1FD0820F8F78EFD37
:101EF0006B681A691868C0F82425997D5A7D0A43D1
:101F0000198B1B7D0B431343C0F86C356E68D6E903
:101F1000004313F0010350D02F6907F1080000F0CF
:101F200061FD334B984208D032480121324A05F016
:101F30005FF86FF0040003B0F0BD387A04F10C02D2
:101F400004F5907106F08FFF387A012707FA00F048
:101F500000F042FD0823C4F80035F369C4F84435A5
:101F60000023C4F84835A760D4F85831002BFBD0C3
:101F70000021C4F800156B6801AADC68204606F051
:101F800097FE002805DB019B226819791868FFF786
:101F90007BFE08216A681368C3F80015117A51B9ED
:101FA000126AC3F834250122C3F83825C3F810118A
:101FB000D3F810111A600020BDE70822C4F80025EC
:101FC000F269C4F84425C4F848350123A360D4F865
:101FD0002031002BFBD00023C4F82031D4F820316D
:101FE0000123E3604FF48073C4F80433BCE700BFFF
:101FF0000000AD0B8CAC010011D701000123834020
:1020000070B5DC430B4AD2E8EF1F01EA0405C2E8D1
:10201000E65F002EF7D14FF4803282400648C0F8C8
:102020000823BFF35F8FBFF36F8F0B4214BF0120F4
:10203000002070BDE09800200050014070B40E49AF
:1020400022F07F46D1E90034D01AC31844F10004CD
:10205000C1E90034A6F50013B3F5400F09D2074BD0
:102060001B681A0A1B069C19054B42F10005C3E9BF
:10207000004570BC03F00AB940920020E4980020AB
:1020800048920020D9B101230D4A8340D2E8EFCF16
:102090004CEA030CC2E8E1CF0029F7D14FF48033BA
:1020A000084A8340C2F80433074BD3E8AF3FC3402C
:1020B000DB0742BF4FF40012044BC3F80021704706
:1020C000E098002000500140DC98002000E100E092
:1020D0000D4B1868010A0006BFF35F8F0B4BD3F856
:1020E0000435181841F10001B3F5801F0AD2084BDE
:1020F000D3E90023904271EB030303D210F1807007
:1021000041F10001704700BFE498002000500140F9
:10211000489200202DE9F04F85B016461F46044630
:102120009DF840A0FFF76AFF0190FFF7D1FFB04292
:1021300071EB070352D23B4B301A67EB0101984217
:1021400071F100014DD2384B03EB0413D3E90223A4
:102150009F4208BF964258D04FF48038334908FA5E
:1021600004F8204626F07F4BC1F8488306F0FEFDB8
:102170004FF00309584604F15005AD00ADB205F12A
:10218000804504F5A87305F5A8350293029A20F05E
:102190007F4341F82230C1F84483D1F80435244A02
:1021A000C01A033820F07F4090422ED9286868B1C9
:1021B000D1F80435A3EB0B0020F07F40B0F5000F01
:1021C000039322D9204606F0D1FD039BBAF1000FFC
:1021D00007D109EB030009F10109D7E7BAF1000FB4
:1021E00009D06FF0150520460199FFF74BFF2846EF
:1021F00005B0BDE8F08F01230E4AA340D2E8EF0FEF
:102200001843C2E8E10F0029F8D107490E982301CD
:10221000C8500F9B01EB04120025C2E9026753600E
:10222000E1E700BF01008000309200200050014033
:10223000FDFF7F00DC9800207FB500254FF0FF30C8
:102240004FF0FF31194C1A4B0226C4F80833C4F87A
:102250004833184BC4F80855C3E902014FF48033E2
:102260004FF40012C4F80433134B0121C4F8046383
:102270001520C3F880212A46F8F7F8FB1520F8F757
:10228000C5FB01230D4AA360236013600C4B0D4A6C
:10229000009328460023CDE90155FFF73BFF304668
:1022A000FFF7C6F9284604B070BD00BF00500140DA
:1022B00003000F003092002000E100E0E0980020D1
:1022C0003D200100FFFF7F002DE9F7432E4BD3F89F
:1022D000042390070BD5D3F8042142B10022C3F8A0
:1022E00004212A4AD3F80431136801331360264AC3
:1022F000D2F80433D90326D5254BD3E8EF1F21F0BC
:102300000100C3E8E40F002CF7D1CB0702D4D2F8C8
:102310004031C3B100251C4CC4F84051D4F84031C1
:10232000FFF7D6FEEFF31182202383F31288BFF369
:102330006F8F184BD3E90267B042B94106D282F3DE
:102340001188BFF36F8F03B0BDE8F0834FF0FF3803
:10235000D3E900104FF0FF391D60C3E902894FF443
:102360008033C4F84833C4F84051D4F8403182F384
:102370001188BFF36F8F0029E5D0009032463B46AD
:1023800028468847DFE700BF00500140E49800205E
:10239000DC9800203092002030B5431C124C85B0F0
:1023A00005D08442A8BF0446012CB8BF0124FFF722
:1023B0008FFE0E4B0C4DD3E90013401AB0F5000F01
:1023C0000FD22218AA4228BF2A46002052180849D4
:1023D000CDE90100009143F10003FFF79BFE05B03A
:1023E00030BD2A46F1E700BFFFFF7F00409200208A
:1023F0003D20010008B5FFF76BFE024B1B68C01AB9
:1024000008BD00BF40920020024B1860024B002024
:1024100019607047A8830020A48300204FF4007146
:10242000014803F0D3B900BFA09A002010B50749B6
:10243000074806F0C6FC044628B101210346054AB8
:10244000054804F0DEFD204610BD00BFA9260100AE
:10245000E89800204AD701007CAC01002DE9F0414A
:10246000DFF8D4810D46D8F8704000AF072C00F09B
:1024700008065BD0132C00F0A080052C40F0B9803A
:10248000D8F854806D496E4806F097FC18F4805FC8
:1024900041D06C496A4806F090FC172418F4006F8C
:1024A00004D06949664806F088FC182418F4007FB7
:1024B0000ED06649624806F080FC654B18F4004F68
:1024C0009B6B04D00121634A5D4804F09AFD1924F6
:1024D00018F4806F04D06049594806F06EFC1A2445
:1024E00018F4807F19D05D49554806F066FC1B241E
:1024F000EB69002E40F09B80C3F3080222B96FEA1B
:1025000053236FEA4323EB6129462046F7F7EAFE9F
:10251000BD46BDE8F0811624C0E718F4005FE7D09F
:102520004F49474806F049FC1C24E1E7D8F85C40D5
:1025300043484C4906F041FC600606D5D8F868309F
:102540000121494A3E4804F05CFDE10705D54749B1
:102550003B4806F032FC2624CAE7A20705D54449C9
:10256000374806F02AFC2724C2E7630705D541490E
:10257000334806F022FC2824BAE7200705D53E4957
:102580002F4806F01AFC2924B2E7E10605D53B499D
:102590002B4806F012FC2A24AAE7A20605D53849E2
:1025A000274806F00AFC2B24A2E723063DD535492F
:1025B000234806F002FC2C249AE7D8F86C803249B4
:1025C0001F4806F0FAFB18F0020F03D02F491C48F1
:1025D00006F0F3FB18F0010F03D02D49184806F060
:1025E000ECFB18F0040F83D02A49154806F0E5FBF0
:1025F0007EE7294A294BE8468AB00F2CC8BF13460C
:102600006A462749103CC2E905134FF4007313844E
:10261000244BD46142F8103F00234FF41151084875
:10262000F7F7F8FA0024C54662E7252460E723F4AB
:10263000FF7323F0010366E7E8980020C2BA0100A7
:102640007CAC0100D8BA01003CB90100E9BA010034
:1026500000ED00E002BB010017BB010032BB01002E
:102660009CB9010084D701009DD70100ADD70100BE
:10267000C3D70100E1D70100FCD7010019D8010040
:102680002ED8010048D801005BD8010075D80100A0
:10269000A5D80100D3D801005FBB01004ABB0100EF
:1026A00040BC01000400000100B5104B89B05A6A1B
:1026B000D86C00929A6A20F005000192DA6A6946A5
:1026C00002921A6B03925A6B04929A6B0592DA6B20
:1026D00006921A6C1B6D07929B0748BF40F00400DE
:1026E000FFF7BCFE09B05DF804FB00BFE8980020CE
:1026F0002DE9F041A2B005460E461746984607F070
:1027000027FD70B9114B1B785BB14FF0FF324FF0D2
:10271000FF330F4801F050FD044618B16FF08305F8
:1027200010E00124684604F03FFD42463946304639
:10273000289BA8470546684604F037FD14B90448AD
:1027400001F0B2FD284622B0BDE8F081A09C002037
:1027500044850020002300B589B0CDE9063303ABE2
:102760000493042303900593A9B10B6806934B6867
:1027700007930223111E18BF01210848CDE900214B
:1027800040F2F53104AA00F0D1F80028B8BF0120CA
:1027900009B05DF804FB0123ECE700BF0501004030
:1027A0002DE9F0414FF040089AB01C460AAB0746AD
:1027B0000E46154600214246184607F0F3FE1C233C
:1027C000CDE9073604230393012340F2032201934A
:1027D00002ABCDE90408ADF850200093002103239B
:1027E00004AA044806970995029400F09FF81AB0CD
:1027F000BDE8F0810001004070B5044696B00E4679
:1028000015460021342209A807F0CCFE236804AA4B
:10281000089340F20243ADF8403006AB02934023E8
:10282000CDE9033404230593012300920021019391
:1028300002AA0348CDE9066500F078F816B070BD2D
:1028400000010040F0B54027064697B006AB0D46A4
:10285000144600213A46184607F0A4FE32680021CB
:10286000089240F20442CDE90207ADF8402002236D
:10287000CDE9001102AA0348CDE9045400F056F84E
:1028800017B0F0BD000100402DE9F0414FF04008C5
:1028900098B01D4608AB04460F4616460021424636
:1028A000184607F07FFE04232268CDE9053702238E
:1028B0000A9240F20542019304ABCDE90208ADF85B
:1028C000482000930021012302AA0548049407969A
:1028D00000F02CF8079B2B6018B0BDE8F08100BF1A
:1028E0000001004070B5402696B006AB05460C4688
:1028F00032460021184607F055FE4FF48072CDE9AC
:102900000206CDE90454ADF8402054B1012304AAD5
:10291000009200210448019302AA00F007F816B0C3
:1029200070BD2046FBE700BF0001004010B4B1F5C8
:10293000004F029C0ED2042B0CD8042C0AD824047D
:1029400044EA0364134644EA0102014610BC03480A
:10295000FFF7CEBE6FF0800010BC7047217C0000F6
:1029600030B50468ACB1B4FA84F30122C3F11F039B
:10297000DBB29A4024EA0202D0E8EF5FA54204D11C
:10298000C0E8EC2FBCF1000FF6D1EAD102480B7081
:1029900030BD0248FCE700BF0000AD0B0200AD0BEC
:1029A00010B50368CB40DB0710D401238B400268CD
:1029B00043EA0201D0E8EF4F944204D1C0E8EC1F93
:1029C000BCF1000FF6D1F2D1014810BD0148FCE77F
:1029D0000000AD0B0400AD0B014BC3F804057047BC
:1029E000007001400146014800F04EB9B08300205C
:1029F0000328F7B5064631D8384B394933F810006B
:102A00000025C1F80803012142F21074354B364A03
:102A100033F81630925D03F1804302F1804203F5F2
:102A2000A04302F5A04211601D608E421B682C4F2E
:102A30008DF8071008BF0DF10705022E32D0032EC6
:102A400040D0012E1CD0D7F8183403F480333DB9A0
:102A500023B1012006F0FBF9013CF0D103B0F0BD39
:102A6000D7F8182402F003022A70002BF6D09DF844
:102A700007000128F2D106F0EAF9013CDDD1EDE7CB
:102A8000D7F80C3403F480333DB9002BE6D0012095
:102A900006F0DDF9013CF3D1E0E7D7F80C2402F0B1
:102AA0000102E1E7D7F85C3403F480333DB9002B31
:102AB000D4D0012006F0CBF9013CF3D1CEE7D7F812
:102AC0005C24ECE7D7F85434DB03C7D5002DCED116
:102AD000012006F0BCF9013CF4D1BFE7E8B30100E6
:102AE00000500040E0B3010007D90100044B1A79FF
:102AF00022B9012218601A710248704702487047D3
:102B00005C9900200000AD0B0C00AD0B08B5094B23
:102B10001B6833B10520F7F79BFF10B90520F7F7C5
:102B200075FF0122044BC3F81825C3F81425C3F818
:102B3000802508BD5C9900200050004010B5032896
:102B400046D8DFE800F01B02565000224FF4807395
:102B50000121002003F1804303F5A04318601C68A5
:102B6000012402F1804202F5A0421460274A126853
:102B7000002A44D0264BC3F8041329E0244BD3F891
:102B80001814D3F81824C90311D502F00303022B3B
:102B900005D0012B02D00020FFF72AFF01231C4A99
:102BA0000221C2F8183508224FF48273D1E7D3F816
:102BB0001424D207F2D5D3F81C2402F00302013A00
:102BC000012AE8D8114A12681AB10222C3F8042374
:102BD00010BDD3F80421002AFBD00022C3F8042141
:102BE000D3F80431F4E718224FF490734FF4807156
:102BF000AFE720224FF492734FF40071A9E71A68EF
:102C0000002AFCD018601B68E2E700BF5C99002036
:102C100000500040F8B50126194C1A4FD4F804535F
:102C200005B9F8BDB5FA85F0C0F11F00830003F5C2
:102C300080739BB203F1804303F5A04306FA00F2D0
:102C4000196892B225EA02050029E9D00021022A7A
:102C500019601B68C4F808230DD1D4F81834D4F8CF
:102C6000183403F00303012B05D1C4F81825C4F868
:102C70000423A360D4E73B68C0B29847D0E700BF05
:102C8000005000405C9900200079024B03EB0010DB
:102C9000FFF766BEB8830020036803F01F025B09DC
:102CA000026004D0012B034818BF0020704702487F
:102CB000704700BF0028844000258440034A430930
:102CC000D35C00F01F001844C0B270470BD901005C
:102CD00070B50546FFF7F2FF0C4C083034F81030A1
:102CE0000E46DA0508D5C3F3432304EBC302284696
:102CF00054F8333052689847A3682BB131462846C0
:102D0000E268BDE87040184770BD00BFC88300206E
:102D100008B5FFF7D3FF034B083033F81000400B22
:102D200008BD00BFC883002008B5FFF7C7FF034BED
:102D3000083033F81000C0F3400008BDC8830020FD
:102D400008B5FFF7BBFF034B083033F81000C0F3A2
:102D5000401008BDC8830020034611F0010010B5E3
:102D6000CCB20BD1A207C4F340000DD5074A106ABC
:102D700058601062003818BF012005E004490A6A53
:102D80001A600A62002AEDD010BD00BF00288440FE
:102D90000025844010B5FFF791FF124A083032F841
:102DA0001030D9051CD5C3F3432123F4F85322F87E
:102DB0001030002002F10E0434F8023F13F4807F3B
:102DC00003D0C3F3432399420AD001303028F3D112
:102DD000002342F831300448BDE81040FFF7E0BD61
:102DE00010BD00BFC883002040840020F0B5054618
:102DF00000200126044607468C420BD1114BD3F824
:102E00007C2132B10022C3F87C21D3F87C3140F020
:102E10000040F0BDE3B29B0003F580729B0806FA08
:102E200003F31D420BD002F1804202F53C32D2F88E
:102E300000C0BCF1000F02D01760126818430134C3
:102E4000DAE700BF00F00240F7B506460846FFF794
:102E500035FF1A4F00F1080537F815300C46DB072F
:102E60002AD5304606F060F82046FFF769FF58B1D2
:102E70002046FFF74DFF0022316800B201EB8003CE
:102E8000C3F81025C3F810252046FFF783FF002361
:102E900001A827F815300194FFF7FEFE019B00EB17
:102EA0008300D0F80022064B134043F00203C0F821
:102EB0000032044803B0F0BD0348FBE7C88300209C
:102EC000F0F0FCFF0000AD0B0400AD0B2DE9F0436A
:102ED0001646804685B00846FFF7F0FE0D4631687D
:102EE000044609B32846FFF71FFF18B12846FFF72D
:102EF00027FF10BB00230DF10F02CDE900338DF841
:102F00000E308DF80F3028460B460DF10E0105F0FE
:102F1000B3FF484A04F1080132F8113023F00203EC
:102F200043F0010322F8113073687BB328461F7801
:102F30005968FFF7F9FE10B1E9B13F4829E03D4A71
:102F400004F1080032F8103023F02003DB04DB0C1E
:102F500022F8103079B1032FEFD87168D1F804E06E
:102F6000D8F800109EF800C001EB8C01A7B9C1F899
:102F70001075C1F810752F4A04F1080132F81130AC
:102F800023F01C0343EA870322F81130B3683BBBEC
:102F90002A4805B0BDE8F083D1F810E543EA4C3388
:102FA0002EF0030EC1F810E5D8F8001043F020030E
:102FB00001EB8C0EDEF8101522F8103021F44F31A1
:102FC00021F44071CEF810152902DEF8108501F4C5
:102FD0007C5141EA074141EA0801CEF81015CAE7E1
:102FE0002846D3E90067FFF7D5FE002ED0D0114D5B
:102FF000D5E90023964203D19F4201D1002209E086
:103000000F480DF10F01FFF7ABFC0C4B9842C0D1FC
:103010009DF80F2005EBC20308345F6035F81430CB
:1030200045F8326043EA422343F4807325F81430B4
:10303000AEE700BFC88300200400AD0B0000AD0B5D
:10304000408400202DE9F0430C46804685B02046A0
:1030500011461D46FFF732FE064629B32046FFF70C
:1030600063FE18B92046FFF76BFE18BB334F06F11D
:10307000080937F8193013F01C0F02D04B78012BD8
:1030800018D001238DF80F3000234A1CCDE900131E
:1030900020468B1C0DF10F0105F0EEFE37F81930BC
:1030A00043F0030327F81930002D44D02046FFF7E2
:1030B0003BFE18B9224805B0BDE8F083002295F820
:1030C00000C0D8F800301D4F03EB8C03C3F8102567
:1030D000C3F8102506F1080237F812104FEA8C0EDB
:1030E00021F02001C904C90C27F812106E7816B31C
:1030F000D8F80000AD787044D0F81035360423F4C9
:10310000991323F4F853C0F81035230203F47C53C9
:1031100006F440362D05D0F810E5334305F480154C
:103120002B4341EA4C3143EA0E0341F02001C0F841
:10313000103527F812100348BDE700BFC8830020F0
:103140000400AD0B0000AD0B014BC3E90212704748
:10315000C883002010B508461446FFF7F1FD50B1B2
:103160000846FFF7ABFD054B083033F81030044834
:103170005B0B237010BD0348FCE700BFC883002031
:103180000000AD0B0400AD0B70B5154D064695F86B
:1031900080401CBB2146602205F1100007F002FAB6
:1031A000214630682E6F8E420ED10023C0F87C314C
:1031B000D0F87C3140F30730F7F728FC01230948A9
:1031C00085F88030AB6770BDCBB29B0003F5807291
:1031D0007C2B04BF845083580131E4E70248F2E7B6
:1031E000C88300200000AD0B0C00AD0B034B93F81F
:1031F0008000003818BF0120704700BFC88300203E
:103200000148FFF7CDBB00BF3C8400200148FFF719
:10321000A7BB00BF3C84002073B503681646D3F8F3
:1032200004230546002AA8BF4FF000420846A8BF65
:10323000C3F804230C46FFF783FD00B30846FFF7ED
:1032400073FD0146D8B92046FFF762FD04B2A40021
:103250000346286804F58072815029688258214409
:10326000D1F8102542F00102C1F810252EB101223B
:10327000296802FA03F3C1F8043302B070BD204696
:10328000FFF71CFD0E4B083033F81030C3F38203F8
:10329000042B11D0052B11D001A80194FFF7FCFCE1
:1032A000019A0369D34003F00103991C204602B040
:1032B000BDE8704005F029BE0321F7E70221F5E7DC
:1032C000C88300202DE9F04F684BDFF8A481D3F8C4
:1032D0000403D8F87010C0B289B040F00040FFF786
:1032E00085FD051E2FDAC24600235AF87C1F06A86A
:1032F000CDE90633FFF730FD4FF0000B5D4B0DF1CC
:1033000018090193019A12F8013B0192DA081AF8A0
:10331000022003F0070322FA03F3DA071CD409F1B1
:103320000409BBF1000F14D0D8F870104FF0004022
:10333000FFF75CFDD8F87C1006A8FFF70DFD00280C
:10334000DAD125F000450124002D76D109B0BDE881
:10335000F08F4FF0010BD5E7474B5B440293D9F850
:1033600000100029DBD091FAA1F1B1FA81F1029BA2
:103370001C7841EA44142046FFF7A0FC083038F8D6
:103380001070C808BB080393012319F8002001F04E
:10339000070103FA01F122EA010209F8002005A859
:1033A0000594FFF779FC059A039B803250F82220A0
:1033B000C7F382065B073746C2F3014222D5204697
:1033C0003946D6B2FFF784FC05A80594FFF764FCE4
:1033D000059B803350F82330C3F301439E4207D14D
:1033E0000021204605F091FD3146204605F08DFD77
:1033F00005A80594FFF750FC0122059B02FA03F390
:103400000362ACE7022A0CD10321204605F07DFDC2
:1034100006F00503012BEBD139462046FFF758FC97
:10342000E6E702212046039205F06FFD032EF3D05C
:10343000039A032ADCD1022EEDE795FAA5F3B3FA3D
:1034400083F304FA03F29B0003F1804303F53C335A
:10345000D3F81005D3F81015C0F30520C1F30141CE
:1034600025EA0205FFF734FC6EE700BF00F00240DA
:10347000C88300201BD901001BD9010070B5084C7E
:103480000E462379154643B92A20F7F7BFFA0123E0
:10349000044823712660A56070BD0348FCE700BFA7
:1034A000649900200000AD0B0C00AD0B002330B57B
:1034B0000D4A50F8234003F5A2710133102B42F856
:1034C0002140F6D10023084A00F13C0103F5B27413
:1034D00051F8045F0133102B42F82450F6D1D0F894
:1034E0008030C2F8043330BD00A002400123024AFC
:1034F0008340C2F80433704700A002400123024A0F
:103500008340C2F80833704700A00240F8B5012696
:1035100000270B4B0B4DD3F80C4304B9F8BD94FABC
:10352000A4F0B0FA80F006FA00F324EA0304064B94
:1035300082009F502B68002BEFD0A9689847ECE7DA
:1035400000A002406499002000A102402DE9F04152
:103550000E4617460C4D55F81C4FAC4203D16FF088
:103560001200BDE8F081314654F8440CA4F144083F
:10357000F4F70AFE30B9C7F800804046BDE8F041D4
:1035800005F0CABD2468E8E77099002010B5D0E9BD
:1035900009124A60416A00F124031160C0E909334D
:1035A0004368044603B19847054A936833B11279DA
:1035B000062A03D90720226802499847002010BD37
:1035C000709900201DD901002DE9F04107460D46F4
:1035D0000B4E56F80C4FB44202D16FF001000AE0D6
:1035E000394654F8240CA4F12408F4F7CDFD20B991
:1035F0001DB1C5F80080BDE8F0812468EBE700BF8D
:103600007099002038B5044600B30068F0B1037823
:10361000E3B10021FFF7D8FFD8B104F11C03C4E9DE
:1036200007330D4B04F12402196903F10C00A16268
:1036300060621A610A609D6835B11B79062B03D957
:10364000072022680549A847002038BD6FF0150003
:10365000FBE76FF01000F8E7709900201FD9010018
:1036600038B5114C0546216819B10020013121609F
:1036700038BD2422204606F095FF2B682846A3601B
:103680002B79237104F10C03C4E9033304F114030F
:10369000C4E9053304F11C03C4E9073300F018F84A
:1036A0000028E5D12168E0E77099002038B5074D82
:1036B0002C68013C2C6044B900F012F821462846E1
:1036C000BDE83840242206F06DBF38BD7099002057
:1036D00008B50248FFF796FF002008BD4C84002083
:1036E0000148FFF753BF00BF4C8400200EB4431EB7
:1036F000062B33B588BF0020094B05AC54F8045B9A
:1037000053F82010074802F067FE2146284601942E
:1037100002F060FE02B0BDE8304003B0704700BF69
:1037200008B30100ACC101002DE9F04F87B0174686
:103730009B460446DDF840A000284BD0056A35B111
:103740002D6825B1AC4607B0BDE8F04F6047E36A8D
:103750009F4242D80026BE4203D1002007B0BDE8F8
:10376000F08F182303FB06F8D4F83090A26909EB18
:1037700008052B1D0593CAB9686969680368B5F81F
:103780000CC0C91AAB680CF1030E5D1E05EB0C15DD
:103790005B4205EB4E051D4005EBCC038568063307
:1037A000A94228BF4FF0FF3105F083FC59F80830DB
:1037B00020460293236AB1B29B6A01935AF82630DD
:1037C00000935BF82620059B05F0C4FC0028C5D1BA
:1037D0000136C0E76FF01500C0E70148BEE700BF43
:1037E00040F4FFFF10B5044690B1028D43899A4220
:1037F00009D0084A936833B11279032A03D9426881
:103800000549042098472046BDE8104006F0B2BEA6
:1038100010BD00BF70990020D2D9010030B5448995
:103820008C4212D9436A013C5D882C4003EBC403EF
:1038300059609A60BFF35B8F426A538801335380AB
:10384000438D01334385002030BD0148FCE700BFB4
:1038500041F4FFFF70B4039E144660B1006A50B19A
:103860004BB1013407D0002E05DBD0F8844014B1F1
:10387000A44670BC6047014870BC70472DF8FFFF3C
:1038800070B4039E144660B1006A50B14BB101346C
:1038900007D0002E05DBD0F8944014B1A44670BCCC
:1038A0006047014870BC70472DF8FFFF2DE9FF47C6
:1038B000DDF834800E4691469A460546002876D0BB
:1038C000002974D0B8F1000F71D001F164073846B7
:1038D00005F0D0FDBAF1FF3F49D1346E06F1500238
:1038E00004F18000844204F01F0C07D2C4F341119C
:1038F00052F8211021FA0CF1C90736D4012104F045
:103900007F04600952F8203004F5806A01FA0CF156
:1039100004F201440B4304F07F0442F82030346683
:103920006B6C4A4603930E9B2946CDE901830C9BA1
:1039300030460093534605F04CFE384600F036FD05
:103940002C7874B196F8A4405CB1AB6A013330D1E5
:103950000021284605F0CDFD044610B1284605F0AB
:103960009EFD204604B0BDE8F0870134BAE7BAF501
:10397000806FD5D3AAF580637F2B06F150010FD855
:10398000580951F8204003F01F0324FA03F2D2072C
:103990000BD4012202FA03F3234341F82030BFE79E
:1039A000054C384600F002FDDBE7044CF9E7024C19
:1039B000D7E70024D5E700BF2DF8FFFF29F8FFFF68
:1039C00008B583681A0C0AD1094A93682BB1127999
:1039D000022A02D9032007499847002008BDA3F511
:1039E000803383601B0C0CBF01200020F6E700BF72
:1039F00070990020F4D9010038B50446E0B100F117
:103A00006405284605F036FED4F8B4309B6953B9F6
:103A1000D4F8A840103C002C00DC084C284605F0E7
:103A200027FE204638BD012BF7D1D4F8BC0005F0A5
:103A300009FDA0F11004EEE7014CF2E72EF8FFFFBC
:103A40002DF8FFFF38B50446E0B100F164052846C3
:103A500005F010FED4F8B4309B6953B9D4F8AC40EB
:103A6000103C002C00DC084C284605F001FE2046E6
:103A700038BD012BF7D1D4F8B80005F0E3FCA0F174
:103A80001004EEE7014CF2E72EF8FFFF2DF8FFFFE0
:103A90002DE9F04385B00F46904603A90D9A0546DF
:103AA000994605F0A8FF0446E0B10C9E039BD5F8AB
:103AB000C0009E42A8BF1E460168D0F808C0611A27
:103AC00033464A46614528BF4FF0FF3105F0B7FA4B
:103AD0002346424639462846009605F02CFF05B09D
:103AE000BDE8F0830048FAE72EF8FFFF2DE9F04724
:103AF0008AB00D46DDE9129716469846044620B96D
:103B0000924E30460AB0BDE8F0870029F8D0002B6D
:103B1000F6D00021A822C0F8D01006F043FD012203
:103B200004F16400114606F0F4F9894BC4F8B4506E
:103B3000E667AC62C4F88430864BC4F88830864BA4
:103B4000C4F88C30854BC4F89030854BC4F8943061
:103B5000844BC4F89830844BC4F89C30834BC4F831
:103B6000A030AB693BB9002FCAD097E8070004F139
:103B7000A80383E80700AB69012B06D02B6ADBB9E9
:103B80006FF00506BDE74307F8D4D4F8B400002869
:103B900000F0D980036A002BF2D09B68002BEFD095
:103BA00098474206EFD50021D4F8B40005F050FD47
:103BB00006460028E9D0A4E71B69002BE0D0284680
:103BC0009847AB69012B04BF0023286100F0010076
:103BD00008BF6B6184F8A400AB69DBB93B7A002BAA
:103BE00000F0838009F10C03C4F8C430B9F1000F70
:103BF00086D0D9F80820002A00F0A3809B68002B0B
:103C000000F09F805A4B04935A4B05935A4B0693EE
:103C10005A4B0793AB69012B07D1564B0493544B76
:103C20000593564B0693544B0793002104F1C803A8
:103C3000C4E9323306ABC4F8C080022200932846A0
:103C4000019104ABFFF770FD064600287FF459AFE1
:103C5000AB693BB92B6B1B68C4F8B8302B6B9B6905
:103C6000C4F8BC30AB69012B07D12B6B9B69C4F83E
:103C7000B8302B6B1B68C4F8BC30D4F8BC0005F01E
:103C80007CFB2B6B1B68C3F82C802B6B9B69C3F8E8
:103C90002C80D5F818A0BAF1000F07D1D4F8AC30B9
:103CA0000993D4F8B8305B89534520D894F8A430F0
:103CB000C4E9004463B100230293314B20460193D1
:103CC0003523304A0394009304F1080105F081FC88
:103CD000AB69002B7FF415AF0421284605F0B8FC32
:103CE000074600283FF40DAF26E04B467CE74846E8
:103CF000D4F8AC1005F070FE0746E0B1D8F800101B
:103D00000890411AD8F808000022814228BF4FF0DD
:103D1000FF31D4F8AC30404605F0CBF900970123D1
:103D20000022D4F8B80008A905F041FA074618B9EE
:103D30000AF1010AB5E7144F284605F082FC3E4619
:103D4000DFE6114EDDE66FF01506DAE62DF8FFFF2F
:103D5000913A0100C996010037980100F7990100D6
:103D60003799010081960100453A0100F9390100B7
:103D700015DA01001BDA01006B9801006F96010053
:103D8000ED96010021DA01002EF8FFFFF0B505469F
:103D90000E46174687B0074A03AC07CA84E80700F7
:103DA0000C9A3146009228463A460194FFF79EFE4F
:103DB00007B0F0BD08AD010010B50446F5F746FEAA
:103DC00003480121034A03F013F9204605F003FFDD
:103DD0007CAC010024DA01002DE9F84304460D46CD
:103DE00000AFEFF31188202383F31288BFF36F8FA6
:103DF0000428294A98BF294BE9468AB09668117C65
:103E000098BF53F820306A4688BF254BC2E9073176
:103E100040F2013323489384234BC2E9050442F85E
:103E2000103F00234FF431512048F5F7F3FECD4603
:103E300045B1EB69C3F3080323B101211C4A1B48B8
:103E400003F0D6F82EB1304606F08BF908B10378AE
:103E500003B91848E9468AB06A46174BD061C2E9EF
:103E6000053640F201331384144B42F8103F00230F
:103E70004FF411510D48F5F7CDFE2946CD462046A9
:103E8000FFF79AFF88F31188BFF36F8F3046F6F77C
:103E90005DFDBD46BDE8F8839499002028B301007C
:103EA00033DA010041DA0100050000017CAC0100B9
:103EB00069DA010056C101008ADA0100040000013C
:103EC00038B5094B53F82040013053F82050A54233
:103ED00000D838BD636823B1204605F084FE08345D
:103EE000F5E723689847FAE73CB30100012270B573
:103EF0002A4B032086B01A70FFF7E2FFF6F7E4F9C9
:103F000005F08DFE0420FFF7DBFF254C254D2646EE
:103F1000AE4204F1300410D300F0D6FE204C224E05
:103F2000AC4226D300F0E4FEF4F7B8FA1F4A137B44
:103F300023F00103137306B070BD54F80C3C0593D5
:103F400054F8103C049354F8143C039354F8183C70
:103F5000029354F81C3C019354F8203C009354E91C
:103F60000A2354E90C0100F0D3FC54F8303C5E65A0
:103F7000CDE7D4E90A23B3F1FF3F08BFB2F1FF3F19
:103F800005D052EA0301206803D100F071FF3034FC
:103F9000C6E73146183001F003F9F8E7A09C00208D
:103FA000D0AA0100D0AA010055A20100D892002099
:103FB00008B50348034A0021121A05F02CFE08BD7B
:103FC00000870020A49C0020882370B5134E012296
:103FD00003FB0066002386B0CDE904230F22019382
:103FE000CDE9023214234FF4A0720D4D0D4903FBAD
:103FF0000055044602FB00110B4B3046009500F0C3
:1040000087FC737B2C7423F004037373074B013418
:1040100003EBC423EE606B6006B070BD50920020CD
:104020009499002010B800208D9D010010B0002050
:10403000BFB50020FFF744FF2E4B03F5006282F36B
:10404000088883F30A880024E0232B4D2B4E85F843
:104050002230EC772C766C76AC7685F820406B6A53
:10406000274F43F4E0236B6285F82340F6F7ECFB1F
:10407000F6F76EFD4FF0FF33AB62EB62F6F70CFF25
:10408000F6F78AFDF5F752FC40F201131D4D284664
:10409000AB81C5E9194401F049FAB56005F08FFD1F
:1040A0000120FFF70DFF0220174DFFF709FF00F079
:1040B00053FE164B75610593012315494FF4806239
:1040C000CDE9034328463B46CDE90144009400F086
:1040D0001FFC06466A7B284622F004026A7306F03B
:1040E0007CF82046FFF770FF3A4631462846F6F73F
:1040F0000FFD00BF10B0002000ED00E094990020FB
:10410000ED3E010008940020D8920020ECDA010076
:1041100050B9002038B5064C064DAC4201D3002002
:1041200038BD2046D4E9011205F07AFD1434F4E7D5
:104130003085002044850020002038B5054C064D10
:10414000AC4200D338BD204605F0CFFD0028F9DB96
:104150001C34F5E7DC8400203085002073B50C4664
:10416000EFF31181202585F31288BFF36F8FC568A7
:104170005DB125602B68C3608369013383610020D2
:1041800081F31188BFF36F8F11E052EA030603D168
:104190006FF00B002560F3E7CDE9002302460830FD
:1041A00000F0F2FC18B9034B9B685B69236002B016
:1041B00070BD00BF949900202DE9F34104461746D5
:1041C0001E46EFF31188202383F31288BFF36F8F0D
:1041D000C368334A7BB180689168884219D057EA36
:1041E000060318D188F31188BFF36F8F6FF00F00AB
:1041F00002B0BDE8F081916891F90E100133E360DF
:1042000093682161A36088F31188BFF36F8F00204A
:10421000EEE72169F2E791F90E1090F90E306FF098
:104220007E029942A8BF19469142B8BF11468B42FF
:104230002DDD05F0B6FD054622464146CDE9007666
:10424000184800F0A1FC0028E1D0EFF311862023EC
:1042500083F31288BFF36F8FA068D0B12368216900
:104260009C420AD04BB193F90E309942A8BF19462F
:104270006FF07E039942B8BF194605F092FD40B138
:104280003146084800F0FAFC6FF00A00B0E700255C
:10429000D2E7002DF4D186F31188BFF36F8FF3E7D7
:1042A00094990020A19C0020F8B583680546002B56
:1042B0003FD0234A926893423ED1C368012B03D971
:1042C000013BC3600020F8BDEFF31187202383F387
:1042D0001288BFF36F8F0169806805F062FD2C685A
:1042E000AC4207D10023C5E9023387F31188BFF33D
:1042F0006F8FE7E7002CF5D0D4E900320026136079
:104300005A60637BC4E9006623F002036373A6600E
:1043100004F1180006F027F8AC6094F90E3020463E
:104320002B61E66705F059FF3946064800F0A6FC08
:10433000C8E76FF01500C6E74FF0FF30C3E700BFD6
:1043400094990020A19C002037B51146EFF3118508
:10435000202282F31288BFF36F8F04689CB1236818
:10436000426823F003039442036008BF43600121C5
:10437000204605F09DFD044685F31188BFF36F8F3D
:10438000204603B030BD51EA0302F5D000F1080227
:10439000CDE900131046294600F0F6FB0028EFD1C6
:1043A000014B9B685C69EBE79499002070B5EFF3D3
:1043B0001186202383F31288BFF36F8F0468A04215
:1043C0001AD0CCB1D4E90032002513605A60637B67
:1043D000C4E9005523F002036373A56004F11800DB
:1043E00005F0C1FF2046E56705F0F7FE3146BDE860
:1043F0007040074800F042BCD0E902329A4218BF30
:10440000013302218360103006F087F8EEE700BF29
:10441000A19C002013B5EFF31181202484F31288AE
:10442000BFF36F8F846844B1013C846081F31188CD
:10443000BFF36F8F002002B010BD52EA030406D113
:1044400081F31188BFF36F8F6FF00F00F3E7CDE9B1
:1044500000230246014800F097FBECE7A19C0020F6
:104460001FB5094A02AB92E803004FF4806283E86B
:104470000300009305494FF0FF33054800F06AF947
:10448000002005B05DF804FB14AD010050BD002014
:10449000609300202DE9FF41044620274E4EEFF3A4
:1044A000118887F31288BFF36F8FD4F88850F5B95D
:1044B000022104F1A00005F03CFD002868D004F1C1
:1044C000980500220121284605F012FF0028F8D1A6
:1044D00000234FF0FF3202934FF0FF334146CDE906
:1044E00000233E4804F1900200F078FDD7E7D4F8AD
:1044F0008C202B689542C4F8883008BFC4F88C30F3
:10450000D4F8A03043F00203C4F8A030EB6823F0E5
:10451000040343F00103EB606B6888F31188BFF379
:104520006F8F28469847EFF3118887F31288BFF3FF
:104530006F8FEB68D80623F0010236D4EA60EB688F
:104540009A0716D5306823F00203EB6088B100218A
:10455000036870B14268954235D1036869BB7268DF
:104560003360824200D17360002340F8083BFFF7BC
:104570001DFFD4F8A03023F00203C4F8A03088F364
:104580001188BFF36F8FDB0589D400F0EDFB86E760
:10459000D4F8A030D9069BD5C4F8A00088F31188C0
:1045A000BFF36F8F04B0BDE8F08123F01103EB601F
:1045B00005F11000FFF7FAFEC1E70B607368834254
:1045C00008BF7160D0E723B11A6801461846134648
:1045D000BFE71A46F9E700BFB4990020A19C00206C
:1045E00070B5C3680546C3F340069B070C460DD55E
:1045F0000122002104F1080005F08BFC0023236058
:10460000054B65605A681AB9C3E90044304670BD6D
:1046100014605C60FAE700BFB4990020F8B5C36885
:1046200004469A070F46C3F340062CD45B071AD4FE
:104630000B680BB983680B60E368DD0742BFA368B2
:1046400002263B603D6858BF0126002D3AD01F4B23
:104650009B68AB420AD0D5F8A030D807C3F38002DC
:1046600014D46FF0120600233B6025E005F070FDC6
:10467000D5F8A0300028F0D1D907C3F3C002F0D597
:1046800052B15B0708D46FF00F06ECE7002AFAD1AD
:10469000C3F3C003002BF6D100232360D5F88C3080
:1046A00063B9C5E92244284605F05EFCE36843F09F
:1046B0000403E3603B68A3603046F8BD1C60C5F8A6
:1046C0008C40F0E76FF01506CDE700BF949900200D
:1046D000F8B5C368064603F00503002B0C4614BF6B
:1046E000012700271CD085680122002104F1100059
:1046F00005F00FFC2046134905F08EFCE36843F0FB
:104700001003E360F3685B0712D5336823606BB96D
:10471000D5F88C3033B9C5E92244284605F024FC8D
:104720003846F8BD1C60C5F88C40F6E73460F4E705
:10473000D5F888302360D5F88C30C5F88840002B38
:10474000EBD1F0E7499F01000146014805F080BC2C
:1047500060930020F0B50446002089B0C4E922002F
:104760000E9D04F19000C4E9240004F19800C4E90E
:1047700026004DB32879002840F2011008BF01201F
:10478000C4F8A00000204FF0FF364FF0FF37CDE90E
:104790000330CDE90100CDE9066720460B4B0094BC
:1047A00000F0F4F855B1296811B1204605F0D6FCA7
:1047B0006B791BB1237B43F001032373204609B0BF
:1047C000BDE8F04000F054BB0120D9E7954401005A
:1047D00030B50A46044685B0EFF31185202383F3F4
:1047E0001288BFF36F8FD0F8A03013F0060F1DD1E1
:1047F000B1B143F00C03C4F8A030204605F0B4FB7F
:1048000000234FF0FF3202934FF0FF332946CDE9EA
:1048100000230C4804F1980200F0E0FB05B030BD25
:10482000D0F8880048B143F00403E4E743F0040102
:10483000C0F8A010002AE0D0DBE785F31188BFF3B1
:104840006F8FEBE7A19C002037B501900846EFF38E
:104850001184202181F31288BFF36F8FC16811F09A
:104860001E0F16D153EA020508D101A9FFF7D6FEA3
:1048700084F31188BFF36F8F03B030BD41F008019E
:10488000C160019910308161034900F089FC012069
:10489000EEE70020ECE700BFDD9F01000146014884
:1048A000FFF7D2BF60930020F7B50C4616461D46B1
:1048B0000190EFF31187202383F31288BFF36F8FEA
:1048C000084605F042FB55EA060309D1204601A936
:1048D000FFF7A4FE87F31188BFF36F8F03B0F0BD1D
:1048E000E36804F1100043F00803E360019B3246E3
:1048F000A36203492B4600F053FC0120EAE700BF06
:10490000DD9F010001460148FFF7CEBF6093002004
:104910002DE9F043984685B000F15803C0E91633FD
:10492000109B002603730423073222F0070543730C
:104930000F9B01EB05090F4683734946C0E90666E4
:104940008660C6730446F5F72DFD0E9B073020F0F8
:104950000700E066C4E9197502930D9BA9EB0009F5
:1049600001930C9B4A460093394643462046F6F78E
:10497000AFF8054B66659B6803B11B6F484623671C
:1049800005B0BDE8F08300BF94990020F0B5002584
:1049900087B00595109DDDE9127604950F9D0446BC
:1049A00003950E9D02950D9D01950C9D0095FFF7B9
:1049B000AFFFB6F1FF3F08BFB7F1FF3F05D056EAA2
:1049C000070305D1204600F053FA204607B0F0BD9A
:1049D0003A463346024904F1180000F0E1FBF4E7DF
:1049E00055A201006FF00A01084A9368D967084987
:1049F00098674B6843F080534B60002383F3118822
:104A0000BFF36F8F9368D86F704700BF94990020F1
:104A100000ED00E070B590F90D20437B002A39DBF2
:104A2000D90637D18269002A34D11D4C63F07F0347
:104A30002246437352F8183F93422CD1E169C0E9F2
:104A400000210860E06111E09942F8D01B68002B5A
:104A5000F5D090F90E5093F90E60B542F4D0AE4205
:104A6000F2DD5968C0E9003108605860A5699542D7
:104A700000D005B9E568A3685A7BD20604D1DA896B
:104A80007F2A01D9AA6942B1AB4202D0284600F080
:104A9000E5FA656170BDE169D9E76361FAE700BFD6
:104AA0009499002038B590F90D200146002A437BE7
:104AB00004DA03F07F03437305F055FB0D4D2A46DE
:104AC00052F8184FAB68944200D004B9EC688B429E
:104AD00007D05A7BD20604D1DA897F2A01D9A2698C
:104AE0002AB1A34202D0204600F0B8FA23466B61F7
:104AF00038BD00BF9499002070B590F90D20014693
:104B0000002A437B04DA03F07F03437305F02BFB99
:104B10001C4C4B7B224663F07F034B7352F8183FCB
:104B2000E069934207D1C1E900200160E16111E031
:104B30009842F8D01B68002BF5D091F90E5093F9EC
:104B40000E60B542F4D0AE42F2DD5868C1E90030E3
:104B500001605960A569A368954200D005B9E56870
:104B60008B4207D05A7BD20604D1DA897F2A01D939
:104B7000AA692AB1AB4202D0284600F06FFA2B4650
:104B8000636170BD94990020F8B5124B0C46DDE9C5
:104B9000067611469868104A1060EFF311822022C1
:104BA00082F31288BFF36F8F9D68284605F0EDFAF7
:104BB000B6F1FF3F08BFB7F1FF3F06D03A46334694
:104BC000064905F1180000F0EBFA2046BDE8F84070
:104BD000FFF708BF94990020BC99002055A201005E
:104BE000F8B50446EFF31186202383F31288BFF350
:104BF0006F8F437B49B2DA0617D18269AAB903F0F5
:104C00007F031D4D437305F0AEFA2A46437B817343
:104C100063F07F03437352F8183F93422AD1E86947
:104C2000C4E900200460EC6116E00020A17386F363
:104C30001188BFF36F8FF8BD8342F1D01B68002B42
:104C4000EED093F90E70B942F6D08F42F4DD596878
:104C5000C4E900310C605C60AC69944200D004B9D6
:104C6000EC68AB689C4202D0204600F0F7F90120C6
:104C70006C61DCE7E869E2E79499002049B9EFF359
:104C8000058030B9054B5A699B689A4201D0FFF7FD
:104C9000A9BE81F31188BFF36F8F704794990020EC
:104CA000034648B9EFF3058232B9064A5169926862
:104CB000914201D0FFF796BE83F31188BFF36F8F47
:104CC000704700BF94990020EFF31181202383F3F4
:104CD0001288BFF36F8F054B9A68D37B013BD37368
:104CE00081F31188BFF36F8F704700BF9499002044
:104CF00070B5EFF31186202383F31288BFF36F8F13
:104D0000144DAB68DA7B0132DA732A4652F8184F39
:104D1000944200D004B9EC685A7BD20604D1DA89F7
:104D20007F2A01D9A2692AB1A34202D0204600F00D
:104D300095F923466B6186F31188BFF36F8FEFF30C
:104D40001180202383F31288BFF36F8FBDE870407A
:104D5000FFF7A6BF94990020024B03F11802C3E9A4
:104D6000062270479499002070B5EFF31186202336
:104D700083F31288BFF36F8F1B4CA168E0690B6847
:104D8000814214BF1A46002249680B605960A3682B
:104D9000E1692AB9154AC3E900210B60E3610CE01F
:104DA00093F90E0092F90E50A84218D0854216DDF4
:104DB0005168C3E900210B605360A5690B4B9D420C
:104DC00000D005B9E568A3689D4202D0284600F0EE
:104DD00045F965613046BDE87040FFF703BE8A4281
:104DE000D8D01268D5E700BF94990020AC99002074
:104DF00050EA01032DE9F04105460E4604D1FFF7C4
:104E0000B3FF0020BDE8F081831C71F1FF3324DB88
:104E100005F0CAFA2C18EFF31188202383F31288C7
:104E2000BFF36F8F0F4F104BB8681860FFF73AFE53
:104E3000B8680E492A463346183000F0B1F9BA680E
:104E40004046537B43F004035373FFF7CBFD05F05B
:104E5000ABFA201A20EAE070D4E76FF00104241ABC
:104E6000D9E700BF94990020BC99002055A2010009
:104E700038B50446183005F076FAEFF31185202393
:104E800083F31288BFF36F8F637B5A0704D485F3D3
:104E90001188BFF36F8F38BD23F00403204663737E
:104EA000FFF7B8FDEFF30583002BF0D12946BDE8ED
:104EB00038400148FFF7E2BEA19C0020014B9868F2
:104EC000704700BF949900202DE9F8430446EFF3A2
:104ED0001187202383F31288BFF36F8F067B16F0B0
:104EE00001060DD087F31188BFF36F8F002383F382
:104EF0001188BFF36F8F0423184602DFBDE8F883E3
:104F0000437B1A0704D587F31188BFF36F8FF5E74A
:104F1000D90943F0080252D14273A36813B1204665
:104F200005F029F904F1180005F01DFAA56D04F14A
:104F30005808A84511D04FF0000975B1284605F072
:104F40001AF905F1180005F00EFA2846C5F87C900C
:104F5000FFF760FDA56DA845EFD11D4DAB689C42E4
:104F600004D1EFF30586003E18BF0126D5F818805E
:104F7000184A904502D0B8F1000F01D1D5F80C8045
:104F8000434502D0404600F069F8C5F8148056B198
:104F900040F20113104EB38100233046C6E91933A5
:104FA00000F0C4FAAE60AB689C42ACD1EFF305836D
:104FB000002BA8D13846BDE8F843FFF713BD03F036
:104FC0007F0343F00803437305F0CDF8A5E700BF66
:104FD00094990020AC99002008940020D3B5DDE915
:104FE0000667089CCDE90067FFF7CEFD1CB1034BB7
:104FF0009B685B69236002B0D0BD00BF949900201C
:105000000122044BC01A044BC0105843034B1A54DE
:10501000704700BF90940020ABAAAAAAA19C0020D0
:10502000C3897F2B12D80A4B1B6863B1094B90F9D7
:105030000E201B689A4209DB437BDB0606D1064B38
:10504000C31A18BF012303F0010070470023FAE7D9
:10505000C4990020C09900205092002070B50E4BDA
:105060000E4C1E7C054606EB460304EBC3042046AB
:1050700005F079F900220A4B28469A55FFF7D0FF30
:1050800048B1084B2046BDE870401A680649013A0D
:10509000D31700F085B870BD94990020909400203B
:1050A000A19C0020C49900200150010038B5EFF305
:1050B0001185202383F31288BFF36F8F104B114AA1
:1050C0009C681068A04206D1FFF7C8FF85F31188DD
:1050D000BFF36F8F38BD00211B7C11600A4AD35C7F
:1050E000002BF3D02046FFF79BFF0028EED0637B18
:1050F000DB0602D12046FFF7FFFC2046E4E700BFB5
:1051000094990020BC990020A19C0020074808B574
:10511000074A0849121A04F080FDBDE80840064815
:10512000064A0749121A04F078BD00BF008000202B
:10513000008700200CDB01000080002000800020A0
:105140000CDB0100024B1868984208BF0020704732
:1051500078840020034B1B680BB9FDF74BB9002086
:10516000704700BFC899002030B570B10B4B5B6829
:1051700098420AD0036843B1D3E90421D0E9044539
:10518000121941EB0501C3E90421D0E90032136093
:105190005A600023C0E9003330BD00BF788400208E
:1051A000B3F1FF3F08BFB2F1FF3FF8B504461D461B
:1051B00016465AD08160EFF31187202383F31288BB
:1051C000BFF36F8F013275F1FF3321DA6FF0010306
:1051D0002B49D1E900209B1A4FF0FF3262EB00000F
:1051E0009E1B60EB0500012E70F1000301DA012621
:1051F0000020C4E90460FFF7A5FF224E84467068D2
:10520000BCF1000F0DD1C4E90060046074601CE0C3
:10521000FFF7A0FF013645F10005361845EBE070B9
:10522000E7E7DCE90425D4E90431934271EB050E8C
:105230001CDAD21ADCF8043065EB0105CCE9042550
:10524000C4E900C31C60CCF80440FFF77BFF844234
:1052500007D10D4B1C6824B905F06CF82146FDF709
:105260009BF887F31188BFF36F8FF8BD9B1A61EB32
:1052700005018445C4E90431C5D0DCF800C0BFE7AE
:10528000A894002078840020C89900202DE9F047D8
:10529000EFF31185202383F31288BFF36F8FDFF8BC
:1052A000A0900026C9F800000027FFF74BFFDFF8A9
:1052B0009480D9F80030D8E900ECD91750B1D0E982
:1052C0000442A34271EB020A1ADAE41A62EB010209
:1052D000C0E90442002413EB0E034CEB0101C8E9C2
:1052E0000031C9F8004005F025F82146FDF754F8D3
:1052F00085F31188BFF36F8FBDE8F047FFF7D6BE87
:1053000014EB0E024CEBE473C0E90467C8E9002318
:10531000FFF72AFF85F31188BFF36F8F83689847E3
:10532000EFF31185202383F31288BFF36F8FD9F831
:1053300000301B1BC9F80030FFF704FFB9E700BFBE
:10534000C8990020A894002010B5EFF31184202301
:1053500083F31288BFF36F8FFFF7FCFE0346054A05
:10536000D2E90001181841EBE37184F31188BFF30F
:105370006F8F10BDA8940020F8B50446EFF3118795
:10538000202383F31288BFF36F8F026822B187F363
:105390001188BFF36F8FF8BDD0E90A36581C46F16B
:1053A0000001022871F1000127D3012B76F10001E1
:1053B000BCBF012316465D1E46F1FF3604F0F8FF20
:1053C000013041F10001401946EB0101012871F162
:1053D000000139DB04F0ECFF013041F100016FF016
:1053E0000102401946EB01034FF0FF31121A61EB45
:1053F000030320461749FFF7D3FE236B01332363D2
:10540000236A6BB187F31188BFF36F8F2046236A3D
:105410009847EFF31187202383F31288BFF36F8F30
:1054200054F8185FA542B2D0002DB0D0284604F041
:10543000E3FE0023EB6787F31188BFF36F8F2846E5
:10544000BDE8F84004F0C9BE6FF001024FF0FF3331
:10545000CFE700BF795301002DE9F04105461C4616
:1054600090461F46EFF31186202383F31288BFF383
:105470006F8FB4F1FF3F08BFB2F1FF3F05D186F354
:105480001188BFF36F8FBDE8F081531C74F1FF33B7
:1054900009DB012A74F10003BCBF0122002412F1D0
:1054A000FF3844F1FF37284604F05DFFDDE90601CF
:1054B0000023C5E90A012B6342463B4628460249C0
:1054C000FFF76EFEDBE700BF7953010038B50346F6
:1054D000EFF31185202282F31288BFF36F8FC16032
:1054E000012181600068834206D185F31188BFF3F2
:1054F0006F8F0024204638BDD0E9003213605A6017
:105500000023C0E9003304F0C2FF294604460248E4
:10551000FFF7B4FBEEE700BFA29C00200A4601465D
:10552000014805F014B800BF30850020014B036727
:10553000704700BF3085002038B504460D4604F0A2
:1055400007FE20B9064B9B681B6F0BB938BD054B96
:105550002A4621461846BDE8384004F0F8BF00BF8F
:10556000949900203085002001680E4A034691423C
:1055700015D1C169A2F11022A2F1EF1291420ED110
:105580008268012A0BD8C26812B101698A4206D02A
:10559000586928B19B691B1A58425841704701202D
:1055A000704700BF55AA00FF70B50D4B9E68A6B1AD
:1055B0003046FFF7D9FF044678B9F3686BB935690F
:1055C0000DB9204670BD2846FFF7CEFF28B9EB681D
:1055D000B34202D12E462D69F2E70124F1E700BF64
:1055E000CC990020F8B5384D2B68EE68D3B1AB6884
:1055F000C3B1002860D000295ED001FB00F4B4FBE9
:10560000F0F0884258D1211D56D8A2070CD024F0C2
:1056100003020432334603E0586890424ED29B693D
:10562000002BF9D11846F8BD2246F3E7801A23284B
:1056300003F120061CD801229A60D3E90512A9B112
:105640008A619A690AB1596951610022C3E9052248
:105650002B69DB0703D5FFF7A7FF002831D12246CE
:105660000021304604F09EFF0346DBE7EA60E8E7EE
:1056700002F1200C03EB0C012038C1E90107CB60DB
:105680001869124F086143F80C70A7F11027A7F1B1
:10569000EF17CF6100B1C160586948619F698F61A0
:1056A00040B18161886900B1416101201961C3E99C
:1056B0000120CAE7E960F5E70023B3E79F68002F00
:1056C000B4D0012000F0B6F8CC99002055AA00FF14
:1056D00070B50546002840D03B4E3368002B3CD0C7
:1056E000B268002A39D0834203D8726813449842C2
:1056F00002D3012000F09EF8A0F120042046FFF71D
:1057000033FF0028F5D155F8183C012BF1D155F89D
:10571000143C45F8180C0BB39A68FAB955F81C2CD0
:1057200002F120015A680A445A6055E905321A61AB
:1057300055F8145C2B6903B1DD602022002120465E
:1057400004F030FF286908B183684BB333699B07C5
:1057500003D5FFF729FF0028CBD170BD55F8100CF9
:1057600000282AD0836843BB42686368134420330F
:10577000636003692361D4E905239AB9CBB943690E
:1057800063618269A261B3B19C61A36903B15C6189
:10579000236903B1DC602022002104F003FFD5E778
:1057A0002C46E1E79361A369002BE8D062695A6156
:1057B000E5E7F360F7E7F460E7E7F36845F8083CEE
:1057C00003B15C61F460C1E7CC99002038B50C46A8
:1057D000142200210546134804F0E4FE1249134840
:1057E000FCF712FE232C1CD915F003031FBF043C49
:1057F000E418C3F10403ED1822460021284604F002
:10580000D1FE084B0A49C3E90054203C9D606C60FE
:105810009A6811609A68A1F11021A1F1EF11D1618C
:10582000DA6038BDCC990020D1560100E555010061
:1058300055AA00FF08B5054B044613B10021AFF38C
:10584000008000F0ABFA2046F5F7D0FB0000000026
:10585000F8B50E4B06461D68AB789B0712D56F68EE
:1058600016F8014B29462CB90A20B847002805DB59
:10587000204609E02046B8470028F1DAAB7843F02B
:105880000403AB704FF0FF30F8BD00BFF8AE01006D
:105890000CB430B589B005460C461C22002101A885
:1058A00004F080FE022305958DF806300D4B02931F
:1058B00023462CB1B4F1004F28BF4FF00043013B09
:1058C0001D440DAA0C9901A80695009200F00CF851
:1058D00014B1059B00221A7009B0BDE8304002B037
:1058E000704700BFDDA601002DE9F04F43688DB081
:1058F00015468046029383789A0740F10D81002473
:105900000E78002E00F00A81252E0BD04B1C03933D
:10591000013441463046029B98470028C0F2F68089
:105920000399EDE74E788B1C252E0393F0D00027CA
:10593000B946BB46BBF11F0F38D8A6F12003102B88
:105940000AD8DFE803F02A09093009090921090901
:105950000928092D09091F00A6F13003092B33D9A5
:105960002A2E37D11BF0400F55F8043B40F08280BF
:10597000002BA7BF4BF0200B9946C3F100094BF059
:10598000280B01E04BF0010B039B13F8016B039311
:10599000002ECFD130E04BF0020B4BF0040BF3E7BD
:1059A0004BF0080BF0E74BF0100BEDE7BBF17F0F6E
:1059B00019D8A6F13003092BD2D81BF0400F03D021
:1059C0000A2101FB0737DFE70A214BF0200B01FB1F
:1059D0000939D9E72E2E06D11BF0400F40F09E80EA
:1059E0004BF0400BD0E76C2E31D02BD8682E36D040
:1059F0006A2E3CD04C2E3AD0002F46F02003B8BF80
:105A00002BF04002A3F16501BCBF00271FFA82FB07
:105A1000022901D9612B2FD107350727DFF8ACA266
:105A200025F0070508351BF0080F66D00AEB070BB9
:105A300056465E4563D1A4EB0A0AA9EB070906EBBB
:105A40000A026FE1742E9FD07A2E9DD0D4E71BF00E
:105A5000800F18BF4BF4007B4BF0800B94E71BF4D6
:105A6000807F18BF4BF4007B4BF4807B8CE74BF4BA
:105A7000207B89E71F4687E7A6F16301122900F220
:105A8000F080DFE811F013004F00EE00EE00EE00B2
:105A9000EE004F00EE00EE00EE00EE00EE00FE0025
:105AA000E900EE00EE001B00EE00AF0055F8043BED
:105AB00001270DF1180A8DF81830B4E755F804AB3A
:105AC000834BBAF1000F08BF9A461BF0400F5046B7
:105AD00014BF39464FF0FF3104F09EFD0746A2E7A0
:105AE00041462020029B984700280FDB013EB74229
:105AF000F6D34C44B146A41B98E74E46F7E741461F
:105B000016F8010B029B9847002892DA98F80230A9
:105B100043F0040388F802304FF0FF3420460DB004
:105B2000BDE8F08F1BF0800F34D01BF4007F2CD029
:105B3000073525F00705AA4669685AF8080B2BF0C7
:105B400010050029ADB237DA404245F4806561EBBB
:105B500041010DF1180B0A235A4604F069FDA0EB30
:105B60000B0301936B0662D5019B25F001019F4257
:105B700089B240F3A180002E00F0998015F0100248
:105B800040F09C80BB460D4623E0AA465AF8040B21
:105B9000C117D4E7AA461BF4807F5AF8041B01D131
:105BA0000846F5E71BF4007F19BF48B241F3C01166
:105BB00008B241F3C031C2E750EA0103C9D11BF07A
:105BC000400FC6D0002FC4D12BF01102BB46019765
:105BD00095B240F2064115EA01021CBF0BF1010B20
:105BE00000222CE02BF010020A231FFA82FB1BF08C
:105BF000800C49D01BF4007115BF0735AA4625F06B
:105C000007055AF8040B1EBFAA4669685AF8080B24
:105C100050EA010545D12BF016051BF0400FADB23F
:105C200042D0002F40D12BF01702019795B215F00A
:105C3000100248D0019B002E42D103F1010B29072D
:105C40005AD4EB0706D5D9456FDDA9EB0B030199B3
:105C5000CB465F185B4649E04BF0100B10237826CB
:105C6000C5E7782B04D1C6F1780343F01003BEE7F3
:105C700041462520029B98470028FFF647AF023493
:105C800047E608230026B2E7AA461BF480715AF8BB
:105C9000040BBDD01BF400711ABFC0B2614680B2C4
:105CA000B6E72BF0060295B20DF1180B54E725F07C
:105CB0001105BB46ADB28CE70D46B8E73B460D4635
:105CC00003F1020BBBE7DDF804B082E704DB01005F
:105CD000FDDA0100CDE9043241462020029B9847BD
:105CE0000028FFF613AF049B059A01339945F1DCB8
:105CF000A4EB0B019B46CC180AB341463020029B13
:105D000098470028FFF602AF8EB901342744391BAB
:105D1000019B994224DC1D4655BB019AA9EB0B0956
:105D2000554622441446914433E0019F92E70234E1
:105D300041463046029B98470028E7DAE6E640F203
:105D400006410D42E2D015F0020F04F10104414674
:105D500014BF2B20202015F4806F18BF2D20E9E7F9
:105D600041463020029B013498470028CFDACDE627
:105D700006AB013D4146585D029B98470028CBDAAF
:105D8000C4E641462020029B013498470028FFF6D4
:105D9000BDAEA9EB0403002BF3DCC1E538B5074D1C
:105DA000074C641BA41024B9064B0BB1AFF3008061
:105DB00038BD013C55F824309847F4E70000000056
:105DC00000000000000000007047836800EBC10184
:105DD000B3F5004F2CBF51F8220031F81200704784
:105DE00000EBC1018068B0F5004F2CBF41F82230B4
:105DF00021F812307047012208B5FFF7E6FFD040C6
:105E000008BD836800EBC101B3F5004F08D34B68B0
:105E10001AB143F001034B60704723F00103FAE726
:105E20004B881AB143F001034B80704723F0010304
:105E3000FAE753000122FFF7D3BF8368B3F5004FA1
:105E400034BF04230823C91A081AC0087047B0F5E4
:105E5000004F34BF04230823481C0833A0EBD300B1
:105E6000B0FA80F0C0F11F0070472DE9F0411746ED
:105E700003220E460446FFF7A8FF8642054607F1B7
:105E800004080AD10122E368BA4023EA0203E3606E
:105E9000002344F82830BDE8F08131460222204634
:105EA000FFF793FF06462B4601460322204644F89F
:105EB0002850FFF795FF334629462046BDE8F041BC
:105EC0000222FFF78DBF70B50D4686680446FFF7C6
:105ED00092FFB6F5004F014601D3012809D03046A4
:105EE000FFF7B5FF294602462046BDE87040FFF7A0
:105EF000BCBF70BD2DE9F04705468068FFF7A7FFDE
:105F000005EB800ADAF8109088460646B9F1000FD2
:105F10001BD00327DAF8104028462146FFF76BFF15
:105F2000404507D3324621462846FFF79EFF2046CC
:105F3000BDE8F087032221462846FFF746FF013FD0
:105F4000CAF8100001D08145E4D14FF0FF34EB686E
:105F50000136B4401C40EAD094FAA4F2B2FA82F2BC
:105F6000131D55F82340DEE72DE9F04114460E4697
:105F70000546FFF740FFA4EB0608371B07444246DF
:105F800031462846FFF755FF3A4621462846FFF797
:105F900050FF4346002221462846FFF721FF2146B5
:105FA0002846FFF728FF3B46211800222846BDE877
:105FB000F041FFF715BF2DE9F041164604460F46A4
:105FC000FFF719FF314605462046FFF714FF054449
:105FD0002A4639462046FFF72CFF31462046FFF778
:105FE0000AFF2B46311800222046BDE8F041FFF79A
:105FF000F7BE2DE9F0410D4686680446FFF7FBFE2B
:10600000B6F5004F014601D3012832D03046FFF7E4
:106010001EFF04EB80010E6996B90122E3688240FD
:106020001343E36002220D612B4629462046FFF709
:10603000D7FE032229462046BDE8F041FFF7D0BE37
:10604000022231462046FFF7C0FE07460346294696
:106050002046FFF7C5FE0322334629462046FFF7B8
:10606000BFFE39462B462046FFF7BAFE02223146D4
:10607000E1E7BDE8F081F8B50C460546FFF7BBFE49
:106080002618012231462846FFF79FFEC3070CD48D
:1060900031462846FFF717FF21462846FFF7ABFE9B
:1060A000214622182846FFF786FF0022214628466F
:1060B000FFF78BFE271A012239462846FFF785FE97
:1060C00010EA020613D139462846FFF7FCFE2146A6
:1060D00032462846FFF779FE2246211A2846FFF766
:1060E0006AFF214632462846FFF76FFE241A2146F2
:1060F0002846BDE8F840FFF77CBF38B571B10568A8
:1061000000222846FFF799FE044601462846FFF77D
:1061100078FE2146BDE83840FFF7ADBF38BD70B509
:10612000066809B9002070BDB368B3EBD10FF9D987
:10613000B3F5004F34BF04230823CC1D1C44E408EE
:1061400021463046FFF7D6FE05460028EAD0014634
:106150003046FFF750FEA04209D92C44294630466C
:106160002246FFF701FF21463046FFF742FF304647
:1061700001222946FFF745FEB368B3F5004F34BF4F
:106180000423082303EBC5031844CCE72DE9F843A7
:1061900006681446B26801F1FF39B2F5004F34BF0A
:1061A0000423082319EA01090F460BD0494239405C
:1061B0008B424F4628BF0B46894654B900252846D6
:1061C000BDE8F8839942F8D82146BDE8F843FFF7C7
:1061D000A6BFB2EBD40FF1D9B2F5004F34BF042201
:1061E0000822E11D3944C91A11443046C908FFF795
:1061F00081FE80460028E1D0B36809EBC005B3F505
:10620000004F34BF042308231D4435447B1E1D4426
:10621000B5FBF7F57D43A5EB090529463046FFF7A9
:106220000CFE2C44073424F00704A41B80450746C9
:106230004FEAE40408D2024641463046FFF794FE96
:1062400041463046FFF7D5FE39463046FFF7D3FDCD
:106250003844844208D2394630462246FFF784FE4D
:1062600021463046FFF7C5FE012239463046FFF78A
:10627000C8FDA4E7B2F5802F2CBF082304232DE925
:10628000F0410026D21A8C18CD1D25F0070524F008
:106290000704641BE408056021462046AC60EE60FC
:1062A000FFF7D5FD421D9200013002F107074FEACA
:1062B000D7073146A2F1100205F11000B8BF3246EF
:1062C00004F070F93A4631462846FFF7B2FD3346EE
:1062D000324631462846FFF783FDA4EB07082846DF
:1062E00031460122FFF78DFD42463946FFF7A1FDF9
:1062F0003B46324639462846FFF772FD214628467E
:10630000FFF797FD4346324621462846FFF768FDD2
:10631000214628460122FFF774FD3946BDE8F041C9
:10632000FFF767BE2DE9F04706460D46174698462B
:106330002BB34FF0000A98F8004093F80190DB78F7
:10634000A40004EB430498F802301C444444CA45BA
:1063500009D339463046AC46D8F8042008F1080382
:10636000BDE8F047604714F8013B0AF1010A2046F6
:1063700048F82340F1F71AFF01300444E7E76FF0D3
:106380001500BDE8F08770B5002502462846144682
:1063900014F8013B0BB9184609E098B18D4207D1BA
:1063A000702B04D0A3F140023A2A0BD8002070BD14
:1063B000A3F140063A2E05D853780135941C002BE2
:1063C000E9D00020252B224608BF80F00100DEE73F
:1063D0000020704700F093BD0FB407B504A951F831
:1063E000040B019100F08BFD03B05DF804EB04B0E9
:1063F00070470FB407B504A951F8040B0191FFF7DA
:10640000E9FF03B05DF804EB04B0704710B5036911
:10641000024613F0080009D11368D4689C429BBF60
:106420000120126AE31AD31A0B6010BD002318462C
:10643000FAE713B501A90446FFF7E8FF20B1019B75
:10644000E268013B13440193206A019BC01A0138A2
:1064500002B010BD10B5044650182269236AD20755
:1064600002D5013B184010BD984228BFC01AFAE778
:1064700010B504460A46C168FFF7ECFF2369E060E7
:1064800023F00803236110BD38B50D46C2698B00A7
:10649000016843F00203044642F8213001682A46AD
:1064A000FFF7D8FFE3686168984208BF236920605E
:1064B00008BF43F008032A46204608BF2361FFF7C0
:1064C000C9FF606038BD2DE9F74FC768C6699B46B4
:1064D00016F82730044603F00303022B8846914642
:1064E0004FF0000306EB870A09D01360CBF80030A9
:1064F0002369990710D4002003B0BDE8F08F56F847
:10650000271013608908CBF80030F1D0FFF7B0FFF7
:10651000E368A3600120EFE7A3695046984716F8A7
:1065200027300546DA07E6D513F002031DD0B8F18F
:10653000000F03D041462046FFF7A6FF61682A46B8
:106540002046FFF787FFD4E902319942606004D109
:106550002A462046FFF77EFFA060A3682360E36021
:10656000236943F008032361D4E7014620460193E1
:10657000FFF77EFFE268A260B8F1000F04D0216847
:10658000E269019B42F8213005EB0802CBF80020BC
:1065900021682046FFF75EFF2369206043F008036F
:1065A000236116F827306FF3000306F82730C9F887
:1065B00000A0AFE770B504461546FFF74BFF236810
:1065C000834205D12369216023F00803236170BD54
:1065D000E269AB0043F0020342F8213061682A46C9
:1065E0002046FFF737FF6060F1E738B503690446DE
:1065F0005B0706D5456AFFF71CFF85422CBF656225
:10660000606238BD38B50D4604461C22002103F0F7
:10661000C9FF0022EB68A361AB6863612B68E3618B
:106620006B68626223622A6923B1591E194208BF4E
:1066300042F001022261012204F128000021BDE89C
:10664000384003F066BC2DE9F04F002587B0009379
:10665000036A04468B420E469246A9460395059569
:1066600039D3EFF3118B202383F31288BFF36F8F9D
:10667000059AD8462AB129462046FFF79BFF0023FA
:10668000059304A92046FFF7C1FE04990746B142CD
:106690002AD32268E369204613F8221003EB82090B
:1066A00021F0030103F8221021683246FFF7D2FEE1
:1066B000E3682060984212D0002788F31188BFF366
:1066C0006F8F039929B162690AB120469047002370
:1066D0000393002FC5D1484607B0BDE8F08F23696A
:1066E00043F008032361E7E718B12046FFF7CCFE2B
:1066F000E3E7009B5AEA03021CD0019103F028FD56
:106700000199B8B9BBF1000F14D187F31188BFF319
:106710006F8F5246009B04F12800FDF77BFEEFF3DC
:106720001188202383F31288BFF36F8FB0FA80F7AC
:106730007F09C2E7204605AB03AA2568FFF7C3FE21
:106740000746BAE770B50446836908460D46984780
:106750000246EFF31186202383F31288BFF36F8F75
:106760002B78204643F001032B706168FFF772FE1F
:1067700060602046FFF739FF86F31188BFF36F8F03
:1067800070BD2DE9F04104462027EFF3118687F311
:106790001288BFF36F8F236913F0080FA36802D12B
:1067A0006268934200D9226AD21AE16932B986F34B
:1067B0001188BFF36F8F4FF0000833E011F82320EA
:1067C00001EB830812F00300F1D0022803D151F845
:1067D0002350AD0805D1D00712D44046A36998478D
:1067E0000546A1682A462046FFF734FE2946A060E8
:1067F0002046FFF73DFE86F31188BFF36F8FC4E795
:1068000042F0020201F82320A3694046A568984798
:10681000294602462046FFF71DFEA06086F3118838
:10682000BFF36F8F4046BDE8F081F8B50446836939
:1068300008460D4698470646EFF31187202383F359
:106840001288BFF36F8F2B786FF300032B702369CF
:106850009B0705D5E268E36903EB82039D421AD1E9
:106860002B786FF341032B70D4E90231994204D1A4
:1068700032462046FFF7EEFDA06031462046FFF786
:10688000F7FD87F31188BFF36F8F04F12800BDE88F
:10689000F840FDF78BBD2B6860F39F032B60F0E79A
:1068A000EFF31181202383F31288BFF36F8F036905
:1068B00013F0080F836802D14268934200D9026A3C
:1068C000D31A81F31188BFF36F8F181E18BF0120F0
:1068D0007047038B13F0070305D10368002B0CBF2F
:1068E000002003207047022B05D1408BB0FA80F0C6
:1068F000400980007047012B05D10368002B0CBFB5
:106900000020052070470020704710B50C4600B1EC
:1069100011B96FF0150010BD081D00F0B7F8002880
:10692000F9D1A368032BF6D9F3E72DE9F0410D4621
:1069300007461946281D90461E4600F0BBF804463F
:1069400038B13346424629463846A446BDE8F041B0
:106950006047BDE8F08110B4EFF31182202484F386
:106960001288BFF36F8F416110BC0121F2F718BA92
:1069700038B50C46054658B151B10B6843B14B6868
:1069800033B11C22002103F00DFE00202C6138BD24
:106990006FF01500FBE770B505460E46FFF7B5FF33
:1069A000041E14DBEFF31182202383F31288BFF35C
:1069B0006F8F4FF6FF716B8B2C8B8B4204F00704AB
:1069C00007D182F31188BFF36F8F6FF00A0420465E
:1069D00070BD022C0CD101336B8382F31188BFF39D
:1069E0006F8F0023224631462846FFF79EFFEEE7D1
:1069F000062C14D8DFE804F004131313041A04005F
:106A0000002333606B683BB9C5E90066ACB902216D
:106A10002846F2F7C5F9DAE71E606E60F6E782F302
:106A20001188BFF36F8F6FF00404D0E782F31188F1
:106A3000BFF36F8F6FF08504C9E782F31188BFF34E
:106A40006F8FC4E710B5EFF31182202383F3128810
:106A5000BFF36F8F048B04F00704022C0AD0012CC3
:106A60000CBF6FF004006FF0850082F31188BFF354
:106A70006F8F08E0438B013B9BB2438323B92146D0
:106A8000F2F78EF9204610BD2046EEE7034640B1EE
:106A9000426802F00302022A06D0032A04D0012A27
:106AA00005D06FF0150070471A68002AF9D0002051
:106AB0009860704710B54268034602F00302022A4C
:106AC0004FF00004816007D0032A02D05C600020F0
:106AD00001E018685C6010BD18685C600028F6D0A2
:106AE000FEF7F4FCF3E770470A46012100F080BA94
:106AF0000369D3F8800370476FF08500704708463C
:106B000008B5114618B102F017FD002008BD6FF05E
:106B10000100FBE7084608B5114618B102F003FD75
:106B2000002008BD6FF00100FBE713B504460846DE
:106B3000216901F55F71D1E8AF1F022909D15BB16D
:106B400068B100931346D0E90912FCF799FE02B030
:106B500010BD6FF00F00FAE76FF04C00F7E76FF031
:106B60000100F4E72DE9F8431C46DDE90853164619
:106B700098460F46006939B34AB344B36A1C43F1DF
:106B80000003022A73F1000324D2226842B1D0F834
:106B900080339A4204D96FF00B002360BDE8F8837C
:106BA00005EA080909F101035A425A4121463846CB
:106BB00002F0CBFC88B9B8F1FF3F08BFB5F1FF3F49
:106BC000F0D06FF06800E9E76FF00100E6E76FF0E2
:106BD0001500E3E76FF08500E0E730600020DDE7B7
:106BE00002F018BD38B50D46044600F148012846AC
:106BF000F1F7CAFA30B1284604F1C001F1F7C4FA3E
:106C000020B90120782303FB004038BD0020FCE7B9
:106C100002F5307102F5347003F01ABAD0F8B830CA
:106C2000A0F53070003B18BF012300EB8300D0F8C3
:106C3000AC0202F019BCC86828B1096983681B68F6
:106C40000BB1002218477047FDF72EBBD0E8EF3F8D
:106C5000C0E8E21F002AF9D1704710B54368046903
:106C60001B68C4F8783304F5EC7003F0A2F8002137
:106C700004F55F70FFF7EAFF084610BD2DE9F74302
:106C800017460D4691B30B7883B3D0F8C440A4F5F2
:106C9000E27914344FF0FF324FF0FF332046FDF716
:106CA0008BFA2A46484601A9F2F770FA019E8046FF
:106CB0002EB9204603B0BDE8F043FFF7C5BF58B179
:106CC0002046FFF7C1FF3B462A463146484603B0FF
:106CD000BDE8F043F2F738BA1F22294606F1480012
:106CE00003F08AFC86F86780B766E2E703B0BDE888
:106CF000F083030103EB4003093323F0030303EBA9
:106D0000C00348430330083320F003001844400018
:106D100070472DE9F84306464FF001090569D0F8A0
:106D2000048005F55F77D7E8EF3F022B03D1C7E872
:106D3000E29F002AF7D141D195F86C30002B40D169
:106D400095F8E430002B3CD12846D5F8781300F0B4
:106D500054F8044680BB73683669D3E9050183683B
:106D60001B693BB322469847044628BB06F5347698
:106D700049463046FDF72CFD304605F5F876F3F729
:106D8000E5FD3046D8F8001000F072F8044698B9D6
:106D90000146D022304603F005FC21464FF4F6723E
:106DA000284603F0FFFB21463846FFF74FFF2046F9
:106DB000BDE8F8836FF057040221F5E76FF0770420
:106DC000F5E76FF00F04F2E710B50846029B114695
:106DD00052B993F86C202AB90122184683F86C2026
:106DE000F2F7C0FA002010BD1A6F5468002CF9D0D9
:106DF0005A6FA047F6E702F00DBC38B50D460446C1
:106E000060B1F03002F0A5FE0DB1002038BDC4F82D
:106E1000C451C4F8C851C4F8CC51F6E76FF015005E
:106E2000F4E70268D2F8C83013B1D2F8C41018479A
:106E30007047704783690BB9C36B197070470120A5
:106E400070478369012B03D1C36B1878C0B27047B8
:106E50000420704738B5C41DE400204603F091FBC0
:106E6000054618B12246002103F09CFB284638BD98
:106E700038B504463822002103F094FB1822002183
:106E800004F1A40003F08EFB1822002104F18C0011
:106E900003F088FBD4F8C000FCF7A4FCD4F8BC00D5
:106EA000FCF7A0FCD4F8803004F154050BB128465F
:106EB000984738220021284603F074FBFCF7F6FBC4
:106EC000002038BD03785B075FBF03684288C3F3C7
:106ED0004A2303EB12105DBF173020F00700800833
:106EE000002070470020704701F04CBF0346D3E8F4
:106EF000EF0F421CC3E8E12F0029F8D170471FB5FE
:106F00000023CDE902011A4619461846CDE900339F
:106F1000F2F704FF05B05DF804FB0120F2F7B4BC02
:106F20000020704770B5D2E901369B1B8B420C469E
:106F300015460AD313680A460146981903F025FB43
:106F40002046AB682344AB6070BD6FF01B00FBE7CD
:106F500070B50E4615461946044618B9BDE870408E
:106F6000F2F792BC33B1C2F34A231030120D184429
:106F700003F00BFBC4E900562046BDE87040F2F771
:106F800015BE2DE9F3415F1C4FEA8708064608F15C
:106F9000170020F0070080080C461546F2F7E0FCC9
:106FA00000238DF80470ADF805308DF8073068B116
:106FB0000346019AA8F1040143F8102F2A462944F8
:106FC00052F8045B8A4243F8045FF9D1002331464A
:106FD000A20102F4E07242EA482222F07F4222F447
:106FE000700222F03F0202B0BDE8F041FFF7B0BFEF
:106FF00007B50123019201AAFFF7C3FF03B05DF8B3
:1070000004FB07B5CDE9002302236A46FFF7B9FF69
:1070100003B05DF804FB1FB5CDE90123069B01AA6F
:1070200003930323FFF7ADFF05B05DF804FBF8B54C
:1070300006460D4614461F4604B9F8BD21462846AB
:107040003A46B047241A0544F6E710B542680446AC
:10705000D2E9002381680068FFF7E9FF0022636836
:107060001A6010BD38B54B6805461A68CB680C46E7
:107070009A4202D10846FFF7E8FF6368D3E8EF2F92
:10708000511CC3E8E01F0028F8D1A36800209D54DC
:1070900038BD0A2838B504460D4602D10D20FFF749
:1070A000E1FF29462046FFF7DDFF002038BD2DE92E
:1070B000F043054687B008460E8891F800900C46CC
:1070C000D1F808801746F2F779FE011EC6F3821642
:1070D000C9F3C2091EDB4846F2F77AFD0346214692
:1070E00051F8102B6088C2F34A22002A01EB0204F7
:1070F00008BF00210022C0F30B10CDE90407CDE941
:1071000002142846414601960092F2F783FE07B02A
:10711000BDE8F0830023E2E7436800201B685B685A
:107120009961704743681B681A68526853607047DA
:1071300001212DE9F04143681B685A6811771D68E9
:107140002F68D5E90136D3E900481CB96B681C608B
:10715000BDE8F081214630464246B847241A06442D
:10716000F3E743681B681868F2F7BEBF70B5436861
:107170000C461D686B689869F2F762FB214603466E
:107180000F222868BDE87040184701460068F3F7F1
:10719000A9B808B5F3F702F9BDE80840F3F722B93A
:1071A0000A460121FFF724BF7047704700210120E4
:1071B000F3F798B8436E83F30B88704761B662B6F5
:1071C00080F31188BFF36F8F704708B572B6002344
:1071D00083F31188BFF36F8FF4F746F850B1BFF314
:1071E0004F8F30BF00BF00BF00BF00BF00BF00BF58
:1071F00000BF00BF62B6BFF36F8F08BD10B5044675
:1072000072B6002383F31188BFF36F8FF4F72CF865
:1072100050B1BFF34F8F20BF00BF00BF00BF00BF02
:1072200000BF00BF00BF00BF84F31188BFF36F8FA2
:1072300062B610BD40E800F313F4803FD8B208BF37
:107240006FF01500704730B50C684B6885B00A893F
:107250004D890094013B24F01F04234402F01F02D7
:1072600042EA451223F01F0369468DF80820039374
:10727000F3F7C8FC05B030BD08B5D1E90431984733
:10728000002008BD08B5F3F7B9FE002008BD70471F
:10729000002303824369C3607047416A8968F3F73A
:1072A00019BFEFF31182202383F31288BFF36F8F8E
:1072B00000230B60436833B9C0E9001182F31188E1
:1072C000BFF36F8F704719604160F7E7034610B551
:1072D000EFF31181202282F31288BFF36F8F0068D1
:1072E00028B15C680268A0421A6008BF5A6081F346
:1072F0001188BFF36F8F10BD027A0132027270479E
:10730000034618465B68002BFBD17047426810B5F6
:107310002AB10B461C465B68002BFBD162604160C2
:1073200010BD10B5044620B908460B7A01330B7224
:1073300010BD034618465B68002BFBD1FFF7E6FF44
:107340002046F5E783680B440360704703680B60D1
:1073500043684B6083688B60704783880268194478
:107360008180D018704730B484880568A318838062
:10737000281930BC03F009B910B5838802685C1C79
:107380008480D154D01810BD034600689A88401AF2
:1073900011441860998070470268531E0360838807
:1073A0000133838002F8011C704703468288521A19
:1073B00082800068084418607047034600689A8815
:1073C000521A01449A801960704710B5036802216F
:1073D0001C88FFF7EAFF204610BD02688068101A7B
:1073E00070478388C2888168D21A03685B1AD01AF2
:1073F000704710B54FF04023012402222146C3F804
:10740000D0262120C3F80447C3F80449C3F8004B31
:1074100000F00EF82146202000F00AF821460B204B
:1074200000F006F821460A2000F002F8002010BD06
:1074300007B501AA01F0F0FC03B05DF804FB10B53C
:107440000C46017822788AB08A420FD06946F4F758
:1074500043F8204605A9F4F73FF810220DF1150175
:107460000DF1010003F0A6F80AB010BD012A06D004
:10747000022A07D072B940886388C01AF4E74068CE
:107480006368FAE71022611C01300AB0BDE81040C1
:1074900003F090B86FF01500E6E7042A0AD0102A2E
:1074A0000DD0022A4FF0000315D103700B884380E2
:1074B00001207047012303700B684360F8E7022343
:1074C00000F8013B01F1100351F8042B994240F8F8
:1074D000042BF9D1ECE718467047012310B50621BB
:1074E000044600F8013BF6F747FA18B9A37963F0B0
:1074F0003F03A37110BD0B6803608B8883808B7979
:107500008371037823F00203037070470078C0F39F
:107510004000704708B5F4F775FEBDE80840082044
:10752000F4F716B838B50446807AF3F7A9FD616917
:10753000054649B1637ADB0704D4436A20461B68D9
:107540009B6898470023636121462846BDE8384080
:1075500002F0D1BC08B5FFF7E5FFBDE80840022006
:10756000F3F7F6BF2DE9F04101F10C080C46054692
:1075700000F10C01404617461E46FFF7E7FE404665
:10758000FFF72BFF012310FA87F068826B723946F0
:1075900040462F82FFF709FFE36828467360002307
:1075A000628AE360728163823460BDE8F08138B53D
:1075B0000C46D1E900320546DA600B684A895A82E6
:1075C0000868F3F705FE20461022002102F0EAFFCA
:1075D0002846BDE83840FFF7A5BF438A23B9C068F5
:1075E000B0FA80F040097047002070470F2807D894
:1075F0000D280BD8052808BF032018BF02207047AC
:10760000132803D01A2808BF0120F6E7012070478D
:10761000FFF7EEBCFFF7F5BC034610B5D3E8EF0F5C
:1076200040EA0102C3E8E42F002CF7D110BD00238B
:10763000F2F7F0BAD0E8EF3F0B40C0E8E23F002A93
:10764000F8D1704738B504460D46F4F713F95F30AA
:1076500005D129462046BDE83840F4F77DB838BD4D
:107660008176704710B503884288934219D8052B5C
:1076700017D9B2F5486F14D88388B3F5FA7F10D2C2
:1076800040F67644C088A0F10A0189B2A14208D828
:1076900001339BB25343B3EB800F34BF0120002072
:1076A00010BD0020FCE7002070470020704770B537
:1076B00006460D4642F221000321F4F79FFB0446E3
:1076C00018B9BDE87040F4F73DB803210C30FFF75E
:1076D00044FE068085702146BDE8704042F22100DC
:1076E000F4F712BD70B506460D4640F20640032180
:1076F000F4F784FB044668B103210C30FFF72DFE3C
:10770000068085702146BDE87040002240F20640A8
:10771000F4F790BE6FF0680070BDC368187808B1C8
:10772000F4F768B81846F5F763BA38B5022105468C
:1077300042F21600F4F762FB044668B102210C30F5
:10774000FFF70BFE2B88214603800022BDE838405E
:1077500042F21600F4F76EBE6FF0680038BD2DE9F6
:10776000F0478146884642F23200072117461E46FE
:107770009DF820A0F4F742FB0546A0B107210C308C
:10778000FFF7EBFDB9F8003080F802800380C77086
:107790000671A0F805A02946BDE8F047002242F294
:1077A0003200F4F747BE6FF06800BDE8F08708B517
:1077B00000200021F4F7D2FD18B1BDE80840F4F72D
:1077C0009DBCBDE80840F6F70BBD072208B502F0E6
:1077D000F1FEB0FA80F0400908BDFFF709BC0028AF
:1077E0000CBF08460020704718B111B10846F5F7E4
:1077F00081BB6FF01500704713B5044680B10621B8
:107800006846F6F7B9F848B99DF80530694603F0BF
:107810003F0320468DF80530FFF7E6FF02B010BDAC
:107820006FF01500FAE7003818BF012070470346D3
:1078300010F4004F0CBF07200620DA0348BF00F009
:1078400005009B0348BF00F0FB007047D0E8AF0F76
:107850007047034610B5D3E8EF0F00EA0102C3E812
:10786000E42F002CF7D110BD012310B403FA01F16D
:10787000044642B1D4E8EF3F0B43C4E8E23F002A9C
:10788000F8D110BC7047C94310BCFFF7E2BF2DE927
:10789000F04F87B09DF8486005460C4690460021A1
:1078A000102202A81F46DDF840909DF844A002F087
:1078B00079FECEB9CDE90248012242F2080002A9C0
:1078C000F5F732FD044658B9BAF1000F3AD1103538
:1078D000D5E8EF3F43F00403C5E8E23F002AF7D1C3
:1078E000204607B0BDE8F08FF4F704FC8346E4B906
:1078F00037BB5846F0F75AFC0923012ECDE901B4F5
:107900008DF800308DF80100CDF80C80D4D1022222
:10791000CDF810D00596D0E714F83320083A012AA4
:1079200024D901339845F7D1E2E70023FAE717F8A5
:107930003320083A012A19D901339945F7D1D8E7FC
:107940000023FAE70122022E08BF059242F2090045
:1079500008BF324602A908BFCDF810D0CDE90279A0
:10796000F5F7E2FC0028B2D00446B9E76FF0150441
:10797000B6E7436813F008000AD05A0307D403F4AB
:10798000C063B3F5806F14BF02200120704701204F
:10799000704770B506460D4642F20A00012186B0D6
:1079A000F4F72CFA0446B0B10C3095B10121FFF781
:1079B000E3FC204606F1100203A907230095F4F723
:1079C0000BFA0022214642F20A00F4F733FD06B01A
:1079D00070BD2946EBE76FF06800F8E7183002F059
:1079E00074BBD0F8B000003818BF012070470846BB
:1079F000896918301160426800211A6010F80D2C56
:107A000002F0D0BDD0E8AF0F704773B504460D4605
:107A1000CDE9003222B96B46D0F8A86001AAB04780
:107A20002846F3F7D5FB019B23B16FF06D0220468A
:107A30000099984702B070BD2438F6F73BB8002291
:107A400003680BB9184670478B4210D10B6842B9D6
:107A500042680360914200D14360002301200B6023
:107A6000704713604368994208BF4260F5E71A46C1
:107A70001B68E6E7837A072B01D1F6F74BB870470E
:107A800010B50446006918B1F3F7A2FB0023236187
:107A900010BD034610B500F1C8021046FFF7B2FF53
:107AA00060B1411CD2E8EF4F844204D1C2E8EC1F20
:107AB000BCF1000FF6D1F0D1184610BD0346FBE72C
:107AC0002DE9F84307460E46904600244FF0D009B2
:107AD000B44203D100231846BDE8F88309FB0470C3
:107AE000FFF7D7FF034658B1857A012D02D0073D35
:107AF000012D03D81A884245EDD01846F6F7D6F97D
:107B00000134E5E710B5837A0446023B062B16D80C
:107B1000DFE803F009041515150B09004172002177
:107B20002046F6F7E9F9002010BD0088FFF7DAFDDE
:107B30000028F9D1A37A072BF5D10821F0E76FF0DF
:107B40007F00F1E738B5037A04468B42154615D11C
:107B500000F170010722284602F02CFD80B1E37885
:107B6000072243B904F17E01284602F023FDB0FA52
:107B700080F0400938BD04F17701F5E70020F9E70E
:107B80000120F7E770307047F8B507460D4642F21E
:107B900013000E21F4F732F90646D0B10E210C3055
:107BA000FFF7DBFB04460E22002102F0FBFC3B88C2
:107BB000314623802B88002263806B8842F21300B9
:107BC000A380AB88E380EB882381BDE8F840F4F71D
:107BD00031BC6FF06800F8BD70477047012210B4E7
:107BE00000F14C03D3E8EF1FC3E8E42F002CF9D1D8
:107BF00041B9034653F8482B8164D2F8B41029B92F
:107C0000C2E92C33006810BCF6F7AEB80B60C2F8BE
:107C1000B430F7E710B50368D3F8B02042B1D3F819
:107C2000B4401168A242C3F8B01008BFC3F8B41042
:107C300000234C30D0E8EF2FC0E8E13F0029F9D114
:107C400010BD70B50446D0E900352BB30021D3F840
:107C5000B02048306AB1904230D1A26C31BBD3F829
:107C6000B410C3F8B020884201D1C3F8B420002377
:107C7000A364002204F14C03D3E8EF1FC3E8E02F14
:107C80000028F9D104F13006236BD3B96B680BB12E
:107C90002046984700232360E3680BB120469847AD
:107CA0002B6AB3B12046BDE8704018470A60D3F88C
:107CB000B420904208BFC3F8B410D8E71146126848
:107CC000C8E7002200233046FCF73EFBF3F780FABA
:107CD000DAE770BD38B5406B30B150F8084904B1EF
:107CE000083CFFF7AEFF04B938BDA5682DB12046AA
:107CF000083DFFF7A6FF2C46F7E72046BDE83840D1
:107D0000FFF79FBFF8B50F46002105461646002332
:107D10004FF480320846F6F7FBFD044620B92846AA
:107D2000BDE8F840F6F774BD04210C30FFF715FBF1
:107D30000570477046802046F8BD406B28B1838BA4
:107D400008388B4201D08068F8E7704710B54AB90F
:107D500089B2FFF7F2FF28B143689B6913B1BDE810
:107D60001040184710BD38B50D460521FFF7E5FF57
:107D7000002329461A46F6F7E3FD044610B12846CB
:107D8000F3F726FA204638BD406B28B183890838BE
:107D90008B4201D08068F8E770477047034600685F
:107DA00028B15968026888421A6008BF5A60704753
:107DB0000346002003B970471A8A5B681044F9E74C
:107DC00010B5D4680231237813B92170012010BD99
:107DD0008B42FBD0038A023B038200201061F6E74E
:107DE00006207047FFF704B973B5144601460546EF
:107DF0004FF49572206800F0B2FD207500BB237A25
:107E00002068ABB1A3F11802534253419B00019388
:107E1000638A29460093AE68238AE268B047002847
:107E200008DB238A98420ED100230120237508E045
:107E30000223ECE710F1FF0F05D34042C0B22075DA
:107E4000002002B070BD0E20F9E71FB5CDE9012377
:107E500000231A460093F8F7DBF905B05DF804FB40
:107E6000F8B5936805460F461446166863B950681E
:107E700001210C30FFF771FAA0602B681B78002BF2
:107E800014BF022301230370A3681B78012B03D0C6
:107E9000022B1FD000201CE02B681B78002BF9D18F
:107EA000606804210C30FFF758FAE06007802A6808
:107EB000E36852885A806168728D738B088A9A428F
:107EC00094BFC0EB0200C0EB0300042894BF002065
:107ED0000120F8BD2B681B78022BDBD160681221D2
:107EE0000C30FFF73AFAE06007802B68E268591C13
:107EF0000232113351F8040B994242F8040BF9D1C4
:107F00006168728D738B088A9A4294BFC0EB02003D
:107F1000C0EB03001228D9E770B405686A6A52B34F
:107F2000136803B1A83BA2F1A8040022114600E0A7
:107F3000A83B844207D0668D648BB14238BF31467E
:107F4000A24238BF22461C462BB1D3F8A830002BE2
:107F5000EED18442EFD1438D408B8B4201D89042C9
:107F60000BD9824238BF02469942286838BF194669
:107F700070BCF8F7F5BD1146EDE770BC7047D068EE
:107F80000431037813B90170012070478B42FBD094
:107F9000002091680B8A043B0B82106170472DE929
:107FA000F04F044685B0104690469946FFF700FF13
:107FB000638B628D8B46934228BF1346834240F207
:107FC0009380636840460393FFF79AF94FF0000AE5
:107FD00006464046FFF7ECFE628B638D06F10C0708
:107FE0009A4294BFC0EB0205C0EB03053846FFF789
:107FF000F8F9854217D24046FFF7DAFE628B638DAF
:108000009A4294BFC0EB0205C0EB03058DBB98F804
:108010000A00F3F735F800220023FFF73EF9064681
:1080200030B9574636E03846FFF7DBF90546EDE74D
:1080300001464046FFF775F94046FFF7B9FE628DED
:10804000638B06F10C079A4294BFC0EB0205C0EBAC
:1080500003053846FFF7C5F985421FD24046FFF7B2
:10806000A7FE628D638B9A4294BFC0EB0205C0EB02
:108070000305F168328ACDF80090DBF804700A44F9
:1080800003985946ABB2B847071E0CDABAF1000F95
:1080900018BF5746384605B0BDE8F08F3846FFF7A1
:1080A000A0F90546E5E70E9BB3B9394606F10C0089
:1080B000FFF753F94046FFF77BFE638D628BB944AF
:1080C000934228BF13468342BA441FFA89F9A8D9BC
:1080D000AF423FF47EAFA4E7394630460F9A0E9B7D
:1080E00098470028E1D19CE70027D3E700220368E6
:1080F00003B970478B420FD10B683AB942680360ED
:10810000914200D1436000230B60704713604368C5
:10811000994208BF4260F6E71A461B68E8E7062066
:108120007047D0E8EF3F43F00802C0E8E12F002994
:10813000F7D1C3F3C000704773B500230546166836
:108140001446706829461373952200F008FC2073CA
:1081500080B9CDE9000029463046A388A268FFF720
:108160001EFF002809DA10F1FF0F32BF0E20404237
:10817000C0B22073002002B070BD0120FBE72DE9E2
:10818000F341002307461668144670683946137396
:10819000952200F0E4FB0546207308BBA068718DB2
:1081A000728B038A914294BFC3EB0103C3EB0203BA
:1081B000012B15DD02210C30FFF7CFF8CDE900557A
:1081C0008046A38839463046A268FFF7E8FE031EC2
:1081D0000ADA13F1FF0F32BF0E235B42DBB22373C7
:1081E000002002B0BDE8F0810120A8F80030F8E7D7
:1081F0002DE9F04104468868FFF7DAFD638D628B54
:108200000D46934228BF134683421DD30027E165E4
:10821000D1F808808F60FCF757FD41462046F6F7FD
:108220009BFF064638B1C5F80880E765FCF760FD9E
:108230003046BDE8F081618D638B2846994228BFA6
:10824000194600F0E6FBF1E76FF07906F0E738B584
:108250000546D1E8AF3FDB0717D550F8040CA0B1B5
:10826000AB6D93B90430FFF799FD044668B1014640
:10827000281FFFF7BDFF002807DA55F8043C5A68AD
:1082800022609A685C6002B99C6038BD2DE9F041BB
:10829000446A07463CB354F8A86906B1A83E0023D7
:1082A00007F104081D4601E034461646E26D9AB90E
:1082B00005B98BB94046FFF771FD054658B1014637
:1082C0002046FFF795FF00280DDA7B682B60BB681E
:1082D0007D6003B9BD6023462EB1D6F8A820002AE0
:1082E000E2D0A83AE0E7BDE8F08170B504460E465A
:1082F000002200230846FCF727F8054658B101463E
:108300002046F6F729FF044618B12946304601F009
:10831000F2FD204670BD6FF00104FAE7F8B505469E
:1083200050F8044C071F00F15403D3E8EF1F21F06D
:108330000401C3E8E21F002AF7D104B3AB6D8BB987
:1083400063687BB1201DFFF729FD014606463846CC
:10835000FFF74EFF002812DA63683360A368666097
:1083600003B9A660384605F15C01FFF7BEFF30B1E6
:10837000384604F10C01BDE8F840FFF7B6BFF8BD80
:1083800038B504460D46F6F7E7FE30B1294604F14C
:108390006000BDE8384001F0A3BD38BD2DE9F041D3
:1083A000884617460121042205461E46F6F7C6FDFB
:1083B000044670B104210C30FEF7CFFF80F8008036
:1083C000A0F80170C67021462846BDE8F041FFF7CD
:1083D000D7BFBDE8F08137B50C46054601F10C006A
:1083E000FEF7F3FF228A03460192E268122100920F
:1083F00028461322F7F70AF803B030BD37B50C460C
:10840000054601F10C00FEF7E0FF228A03460192C7
:10841000E2682846009200221146F6F7F7FF03B003
:1084200030BD07B5CA680C211388528800920D220E
:10843000F7F7E8F903B05DF804FB07B50022CB6855
:108440000A211B8800920B22F7F7DCF903B05DF8D4
:1084500004FB2DE9F041CB6805461F88BBB2162B03
:108460001BD90321F7F78AF80646C0B102210C3068
:10847000FEF773FF00244FF01708314680F80080A4
:1084800044702846FFF77CFF2846A5F81A806F85C0
:10849000FFF742FD2046BDE8F0810420FBE70E20F7
:1084A000F9E7F7F749BE0A8A0023C968F7F74ABB1C
:1084B00070B50E46F7F70AF8044628B93046F2F7C9
:1084C00087FE6FF07F0070BD00F10C052846314635
:1084D00001F006FD606A38B150F8A84904B1A83C23
:1084E0002946FFF702FF20B90020ECE71C466FF099
:1084F0000100002CF8D0D4F8A83023B90230F5D010
:1085000020461C46ECE7A83BF8E738B505460C4684
:10851000FCF7DAFB2846F6F7D9FF20B9FCF7E8FBB1
:108520006FF07F0038BD0023236083683BB9C0E94A
:108530000144FFF7ABFEFCF7DBFB0020F2E71C6019
:108540008460F6E70120704708B5F6F7BFFF78B101
:10855000436A6BB1A83B03F15802D2E8EF0F20F059
:108560000800C2E8E10F0029F7D1D3F8A830F0E7FE
:1085700008BD08B50421FFF707FC20B15430D0E84E
:10858000AF0FC0F3C00008BD10600020704710B5E9
:10859000029CA36833B1B1F5807F28BF0E21CAB217
:1085A00021469847A37DE268013BDBB2A37522B167
:1085B0001BB92046BDE81040104710BD10609180E7
:1085C00000207047F0B5076806463D78144689B02C
:1085D000DDB97B88B3F5245F04D010D8A3F5205310
:1085E000032B12D8ADF80A10022220460DF10A0121
:1085F000F7F7CCFB68B16FF01502A26006E003F557
:108600005643FF339BB2042B1DD90125284609B0E0
:10861000F0BD7B88022220460DF10A01ADF80A3038
:10862000F7F7B4FB0028E6D1009003AA13233146E4
:108630007768B847021EE0DB03A92046F7F7A6FBE0
:108640000028E2D0D7E7ADF80A10022220460DF14B
:108650000A01F7F79BFB0028CDD17B880222ADF8F9
:108660000A300DF10A01E8E7072208B501F0A2FF80
:10867000B0FA80F0400908BD034610B5D3E8EF0F0B
:1086800040EA0102C3E8E42F002CF7D110BDFEF749
:10869000AFBC0B6803608B8883808B7983717047D4
:1086A00070B50D46064611F8010BF5F75FFF04465D
:1086B00010B12C89F5F7FAFB6B89A34207D0EB6860
:1086C0006C8123B121463046BDE87040184770BD2B
:1086D00038B5BDF810401546944211D374B123B992
:1086E0002046BDE83840F7F743BCA21A8A42A8BF2B
:1086F0000A4694B22246591901F047FF204638BD78
:108700006FF00600FBE730B585B0C96814461D461A
:10871000F7F778FB00B100890223ADF80E00009353
:1087200029462046BDF820200DF10E03FFF7D0FFAB
:1087300005B030BD1FB50C461946E36810461C78DD
:10874000BDF818203CB110240133069404B0BDE8F4
:108750001040FFF7BDBF5B88ADF80E3002230093D9
:108760000DF10E03FFF7B4FF04B010BD30B51D4688
:10877000002385B014468DF80C30F7F719FB10B1C3
:10878000037A8DF80C300123294600932046BDF86A
:10879000202003ABFFF79CFF05B030BD2DE9F04171
:1087A00014461D46BDF81870F3F7A4FC0646EFF713
:1087B000FDFC80B2069033463A4629462046BDE885
:1087C000F041FFF785BF30B585B014461D46FEF772
:1087D0006AFF0223ADF80E00009329462046BDF83B
:1087E00020200DF10E03FFF773FF05B030BD70B50B
:1087F00000F1700605463146007AFEF756FF044642
:108800003146287A3CB1F7F7EBFA18B10023036040
:108810004360836070BDF7F7E3FA0028FAD0046084
:1088200044608460F6E7022A10B508D1002300F105
:1088300070011A46007AF7F76BFB022010BDFFF7B4
:10884000D6FFFAE701210C30FFF716BF38B5044612
:108850001546FFF777FE40B12046F7F7A9FA20B199
:10886000037ADB0701D5FFF7EDFF35B9207A04F174
:108870007001F7F7B5FA00B1856038BD38B5BDF8BD
:108880001010BDF8184010468C421A46059D11D3B1
:1088900074B125B92046BDE83840F7F769BB631AC3
:1088A0009A42A8BF1A4694B22246294401F06DFEAE
:1088B000204638BD6FF00600FBE713B5044610B93B
:1088C000002002B010BD00238DF8043042F60303EF
:1088D000006801A9ADF80630FEF7B1FD0028EFD120
:1088E000E36898880028ECD12046F7F761FC013056
:1088F00080B2E6E770B5CC681E46A37988B008461A
:108900008DF80C301546FFF7D8FFADF80D00246840
:1089100023786BB96388ADF80F3005230093314697
:108920002846BDF8302003ABFFF7D2FE08B070BD7B
:10893000631C0DF10F02113453F8041BA34242F8DB
:10894000041BF9D11323E9E71FB5CDE90123002367
:108950001A460093F7F75CFC05B05DF804FB4B8A00
:1089600012F0010FC3F30E0304D013F0950F10D0D3
:10897000486870B112F0020F04D013F4957F0AD04A
:10898000896841B1134013F4DE7F14BF0520002035
:10899000704702207047032070472DE9F0410546DB
:1089A0008846F7F705FA0446E0B1037ADA0719D5E5
:1089B00000F10C06D6E8AF7F17F0010712D1B8F12D
:1089C000000F10D0D6E8EF3F23F00202C6E8E12FF7
:1089D0000029F7D19B07284608D5FFF7B5FD2046AB
:1089E000FFF730FF01273846BDE8F081FFF7AAFD09
:1089F0000028F8D02846FFF7BCFD0028F3D0D6E8C1
:108A0000EF3F23F00203C6E8E23F002AF7D12846F1
:108A1000E3E770470021F8B54FF0FF324FF0FF3326
:108A200005460846F5F774FF00F10C0704460121DE
:108A30003846FEF792FC0526012106703846FEF7FF
:108A40008CFC002306701A4621462846F5F778FF6D
:108A500010B12046F2F7BCFB0020F8BD6FF0850096
:108A600070470020704710B403460838D0E8EF2F55
:108A7000511CC0E8E41F002CF8D112B910BCF8F763
:108A8000CDB86FF00F0210BC9A66704700692430B1
:108A9000FBF78CBC13460A460121FEF7B2BA08B5B3
:108AA0000020F2F771FC002008BD08B50120F2F7A4
:108AB0006BFC002008BD0C220369C9B201FB023324
:108AC000986F00F00700704770B5C9B20369EFF303
:108AD0001185202484F31288BFF36F8F0C2606FBC8
:108AE0000134A46F14F0C00408D0A24206D085F36C
:108AF0001188BFF36F8F4FF0FF3070BD01227143BB
:108B00000B449A6785F31188BFF36F8F43680B445A
:108B10005B6898470020F0E78022FFF7D5BFF8B5E3
:108B2000069F0469C9B2EFF31186202585F31288E8
:108B3000BFF36F8F0C2569430C44A56F05F0070C3C
:108B4000BCF1010F0BD1A76786F31188BFF36F8FBC
:108B5000C4E91C2343685B5898470020F8BD05F022
:108B6000C005AF4286F31188BFF36F8F0CBF6FF063
:108B700077004FF0FF30F1E713B580240094FFF742
:108B8000CEFF02B010BD10B41C240069CBB203FBB1
:108B90000400002110BC10470320F9F7CFBF0220CA
:108BA000F9F7CCBF0020F9F7C9BF032000F062B984
:108BB000022000F05FB9002000F05CB91046FBF71E
:108BC000F5BB0020704708461146F3F7E5BF08469D
:108BD00008B51146F9F786FE002818BF6FF00400AB
:108BE00008BD08B500F016F9002818BF6FF00400A2
:108BF00008BD436800205B681B690B6070474368D1
:108C000002EA01005B6821EA020198600020D96055
:108C10007047436800205B68996070474368002094
:108C20005B68D960704743685A68536821EA03005B
:108C30000B4090600020D360704710B503695868FE
:108C4000F8B1884219D19C680868A142586000D1E7
:108C50009860002008602AB15A680A609A685960D2
:108C600002B99960002010E0814206D108682060B6
:108C700098688142EDD19C60EBE7044600680028CB
:108C8000F2D1002AE8D16FF0150010BD10B50069CF
:108C90000F299FBF00EB810440F8212023640020AE
:108CA00088BF6FF0150010BD00207047102070477E
:108CB00030B543681360057A446804EBC504A342E9
:108CC00002D36FF0010030BD5C798C4201D00833D3
:108CD000F0E70020F7E743681B68D3F88004C3F887
:108CE0008004704742681368D3F8100150B1002027
:108CF000126A12780A70C3F81001D3F81021012209
:108D00001A6070474FF0FF30704702680346D2F890
:108D1000580140B95B68DB0706D4D2F8200100385F
:108D200018BF012070470120704743681B68D3F8C3
:108D30000423D20517D5D3F82021A2B1EFF3118275
:108D4000202181F31288BFF36F8FD3F8201131B146
:108D50000021C3F82011D3F820110121D96082F33A
:108D60001188BFF36F8FD3F858317047002200F19C
:108D700050039B009BB203F1804303F5A8331A60B4
:108D80001B68704708B5F9F7A3F908BD00207047C4
:108D9000704708B5F9F742FB002008BD08B500F0A0
:108DA00039F848B1002383F31188BFF36F8F042390
:108DB000184602DF6FF0040008BD0A460121FEF7E5
:108DC00017B900B589B006AB02930823039301AB32
:108DD000049304230791CDE9053004AA184602A99B
:108DE000F9F7B8FC0228019B09D003280AD060B922
:108DF000181E18BF0120404209B05DF804FB6FF057
:108E00001500F9E76FF08500F6E74FF0FF30F3E764
:108E10000020704700207047002310B588B0CDE9CE
:108E2000053005AB01930C230293042314460791EC
:108E300003AA0DEB030102200493CDF80CD0F9F73F
:108E400089FC009B236008B010BD7047004700F00C
:108E5000B2BE40F00040C1F88000704740F00040D2
:108E6000C1F88000704740F00040C1F88000C2F8AF
:108E700080007047F9F7BCBDF7B51646DDE9084735
:108E8000019001A81D46F9F707FF019BB6F1000C00
:108E900018BF4FF0010C00EB83000B1E18BF01231D
:108EA000002D43EA4C0314BF4FF00C0C4FF0000CA4
:108EB000002C43EA0C0314BF4FF4706C4FF0000C0D
:108EC000002F43EA0C0314BF4FF4403C4FF0000C5A
:108ED000D0F8002243EA0C0322EA030301B1097827
:108EE0000EB13678760019430DB12D78AD003143BF
:108EF0000CB12478240229430FB13F783F040C437E
:108F00003C43C0F8004203B0F0BD1FB50DF10F03A4
:108F1000019300238DF80F101A4619460093FFF7AE
:108F2000ABFF05B05DF804FB38B5054608460C46B6
:108F3000F9F706FFB0B10846F9F7F6FE90B9084612
:108F4000F9F7E6FE01232A688340C2F808332A684D
:108F500003B202EB8303D3F8102522F00302C3F817
:108F6000102538BD2046BDE838400021FFF7CDBFB1
:108F7000F9F76ABFFFF7D8BF2DE9F04389B0109E1B
:108F80000446894690460021202268461F46129DCD
:108F900001F008FB1F2E97BF01234FF0FF33B340B2
:108FA00003F1FF332361119BC4E90098C4E9027601
:108FB0006361183445B10FCD0FC495E80F0084E804
:108FC0000F0009B0BDE8F0836D46F4E773B504689F
:108FD000661C31D08568A9422ED264182CD05E1848
:108FE000AE4288BF6B1A056A35B100930523A847C6
:108FF0000346184602B070BDBFF35B8F1946A41A32
:10900000101919B140EA0205AD070AD103290DDC98
:10901000013811448A42ECD010F8014F02F8014B9C
:10902000F8E70078013902F8010BE9E750F8044B42
:10903000043942F8044BE9E76FF02103D9E773B52F
:109040000468651C32D08568A9422FD264182DD0DF
:109050005E18AE4288BF6B1A456ACDB100930523F6
:10906000A84702B070BD12F8015B013905701546C2
:10907000A01819B140EA0206B607F4D103290ADCA8
:10908000013D014488420CD1BFF35B8F1846E8E7ED
:109090001946A41AEBE755F8042B043940F8042BC1
:1090A000ECE715F8012F00F8012BEBE76FF021003A
:1090B000D7E773B51C46036815465A1C29D0826849
:1090C000914226D25B1824D066189642866A88BFE1
:1090D000541A36B105232A460094B047204602B000
:1090E00070BD184622464AB9294601F05BFABFF323
:1090F0005B8FF3E700F8015B013AF4E78307F9D1EE
:109100004FF001336B43032AEEDD40F8043B043A91
:10911000F9E76FF02100E2E70020704710B4046B1C
:1091200002460B4684B9C1681F2998BF23FA01F48F
:10913000416861B18068834209D21069184051F8D2
:109140002430184410BC7047234610BC18474FF019
:10915000FF30F7E730B5059CC4E90002039A21818E
:109160001989E260049A618121856261D3E9002551
:1091700002EB0113C4E906128A1C236203EB4203CB
:109180006A1C13446D422B406362836953B90139F1
:10919000E2698B4202EB031206DB002393736FF04C
:1091A0007F03D373002030BD0133D381F0E72DE975
:1091B000F04FB0F830A004465546002685B002EBCB
:1091C000030891460E9A00EBCA031FFA88FB9A63C4
:1091D000A3F83CB008F1FF32C3690F1D0192B045FE
:1091E0001ADC238D2586A3EB0B032385236A618973
:1091F0005A8801390A4003EB4203A3F804A0BFF3E5
:109200005B8F0020226A538801335380638D0133C2
:10921000638505B0BDE8F08FE06A2A0157F8041CA9
:1092200003EB0515029303680392C91A8368083794
:10923000994228BF4FF0FF31FFF770FFDDE902329E
:10924000985000226A6057F8082CAA60019A96424A
:10925000ACBF00220122B145D8BF42F00202AA8170
:109260000136ED89BBE7F0B550B3456A448E6B8893
:10927000A34230D0631C43864389BFF35B8F013B1D
:109280001C4005EBC4056B689EB209B1AD680D606A
:10929000D0F81CC09BB20CEB031100EBC3039D8FF5
:1092A000078D2F44013D07859D878D896F070ED55A
:1092B000058ECD8100210686986B996302B11480DA
:1092C000F0BD9D8FC989013D0CEB01119D878D89F2
:1092D000ED07F6D4ECE70020F2E7C36903EB0113D6
:1092E0009868704770B5C369C56A09015E586B6BB1
:1092F000E3B92C69621C09BF6B6834401C68341BDD
:1093000021462846FFF70AFF864207D02B69013322
:109310001C44AB689C42F3D34FF0FF342868431CD5
:1093200009D0AB68A34206D9204470BD3146284617
:1093300098470446F2E70020F7E770B5BFF35B8F6C
:109340000D46016A1646838E4A8804469A4212D018
:109350005A1C82864289013A134001EB43018988F5
:10936000298089B2FFF7BEFF2A88E36903EB021365
:109370009B68336070BD0020FCE710B502689369FC
:109380001269920017D543B9438E026A81694489F4
:10939000013B1B1B02EB4102938003689B69012B7D
:1093A00008D1838E426A81694089013B1B1A02EB16
:1093B000C102938010BD23B9026A138843F00103F0
:1093C000138003689B69012B01BF426A138843F035
:1093D00001031380EEE710B5BFF35B8F036804460B
:1093E0001A699B6912F0005F1AD07BB9036A426A5E
:1093F0005B888169013B02EBC10292889B1A628DF6
:109400009BB29A4214D80023638510BD012BFAD178
:10941000436A026A5B888169013B02EB4102ECE727
:1094200063B9436A1B88DB4303F00103002BEAD0D6
:109430006369002BE7D020469847E4E7012BE2D18F
:10944000036AEFE7036A828E598891420AD0418904
:1094500001390A4003EB42039A88C36903EB021304
:109460009868704700207047BFF35B8FC36803B1F3
:10947000184770474FF0FF324FF0FF33FAF7CABF7B
:1094800010B1C36A0133C362704738B1C26A013A8E
:10949000C2621AB9026B02B110470262704770B51E
:1094A0000446056A05F164063046FFF7E3FF636A88
:1094B000A3F580637F2B0BD801225909503503F0A7
:1094C0001F039A4055F8213023EA020345F8213062
:1094D000D4E90F124A60E16B04F13C0311602046AD
:1094E000C4E90F33FFF7D1FF3046BDE87040FAF70B
:1094F0005DBF10B5436A8CB00A9320230446024630
:109500000B9102A8194600F037FB28230122CDE970
:10951000003220463522616A02ABFAF79BF900EA75
:10952000E0700CB010BD30B1006A20B119B1D0F8B4
:10953000883003B11847704730B1006A20B119B1C3
:10954000D0F88C3003B11847704730B1006A20B1B1
:1095500019B1D0F8903003B11847002070472DE9B9
:10956000F84306468846174699460468A64201D144
:10957000002520E07A1CA4F13C0502D06B6ABB42B6
:1095800019D0B8F1000F22D020224146284601F020
:1095900021F8E0B9B9F1FF3F02D0AB6A4B450AD0E0
:1095A0007B1C0BD02468B442E2D054F8183CA4F1E0
:1095B0003C059F42E8D12846BDE8F883AB6A0133F9
:1095C000F9D02468B442D3D0A4F13C05D9E724688B
:1095D000CCE770B505460C461E46CAB1202320468E
:1095E000194600F0C9FA0123E362049B6662A36294
:1095F000059B25626363069BA363079B63646A689C
:1096000004F13C03C4E90F526B60226C136070BD1F
:109610000A70E8E710B5044690B1036A83B1027896
:109620004AB193F8A43033B1436AB3F5806F02D3E3
:109630000121FFF75EFF2046BDE81040FFF72FBF76
:1096400010BD20B1036A13B15B6803B118477047BE
:1096500008B530B1036A3BB1DB682BB198470020F5
:1096600008BD6FF01500FBE76FF00500F8E77047E5
:10967000FAF79CBE4FF0FF324FF0FF33FAF7CABE45
:10968000F8B50C4600F164070546A4F1100638460B
:10969000FFF7F0FF3046FAF793F980B154F8083C31
:1096A00024F8083CD5F8CC3044F80C3C05F1C8034C
:1096B00044F8103CC5F8CC6054F80C3C1E603846A9
:1096C000FFF7D6FF0020F8BD38B50D4600F1640461
:1096D0002046FFF7CFFF55F8083C204603F58033BE
:1096E00045F8083CBDE83840FFF7C2BF2DE9F0411E
:1096F00088B00E9C282A8846D4F8C0006ED1016834
:109700008568A8EB0101A94228BF4FF0FF31202353
:109710006A46FFF75BFC04F16406D8F82070304617
:10972000FFF7A8FF3B464FF0FF3269462046FFF7A0
:1097300016FFD8F824300546E0B1D0F8308003F0A9
:109740000103B8F1000F02D0DBB9AF6230E0002BAB
:10975000FBD04FF0FF3383623046FFF789FFAB6BDE
:1097600083BBD4F88030002B38D03A466946204677
:10977000984733E0DB071FD43046FFF779FFE36FEC
:10978000F1E74FF0FF338362FFF77AFE3046FFF7D1
:109790006FFFAB6BA3B9D4F880301BB13A46694672
:1097A000204698473046FFF765FF2846FFF76DFED5
:1097B0003046FFF75DFF11E03046FFF759FFD0E775
:1097C0004FF0010828469847D4F880301BB13A463C
:1097D000694620469847B8F1000FE3D1002008B051
:1097E000BDE8F081F0B504468E680D46B6B231464C
:1097F000D0F8B80085B0FFF770FDD4F8B430074654
:109800009A6942B90095CDE902500123D4F8B80015
:1098100002A9FFF7CCFCD4F8B4309B69012B08D126
:109820003A463146D4F8B80005B0BDE8F040F9F743
:10983000F5BF05B0F0BD70B500F16406A1F11005EB
:1098400004463046FFF716FF2846FAF7B9F838B154
:1098500020462946FFF7C6FFD4F8B800FFF7BBFD46
:109860003046BDE87040FFF703BF2DE9FF410368B4
:109870009E6A06F164084046FFF7FCFED6F8B43055
:109880009B693BB1012B12D04046FFF7F1FE04B0BB
:10989000BDE8F081D6F8B8000DF10A0203A9FFF780
:1098A000E2FCD6F8B43004469B69012B07D1D6F808
:1098B000B80003AA0DF10A01FFF73FFD0446002C92
:1098C000E2D0BDF80A3000216268A36030464FF054
:1098D000FF33FFF744FE0546FFF7D2FDA36840467D
:1098E00003F58033A360FFF7C3FE75B1AB6A696C03
:1098F000013308BF2368284608BFAB622368A289EA
:1099000000916F6B04F11001B8474046FFF7B2FEBB
:109910002846FFF7BAFD2046FAF752F838B130462C
:109920002146FFF75FFFD6F8B800FFF754FD404629
:10993000FFF79EFE9FE72DE9F041A3F1100653F8D3
:10994000085C002388B00693ADF81E30044610234F
:10995000CDE904120E9FD0F8C000ADF81C7001686C
:10996000D0F808C0711A0DEB0302614528BF4FF013
:10997000FF3104F16408FFF762FB4046FFF77AFE0F
:10998000D4F8B430ADB29B69CBB9D4F8A820D4F8E0
:10999000B430D4F8BC009B69C3B9CDE9026200962B
:1099A000012202A9FFF703FCD4F8BC00FFF713FD66
:1099B0004046FFF75DFE384608B0BDE8F081294615
:1099C000D4F8BC00FFF789FC0246E0E7012BEBD19D
:1099D0002946F9F723FFE7E710B548B149B14368D5
:1099E0008B4206D382680468D21A5B1A4360A018BF
:1099F00010BD0020FCE72DE9F3470546D0F8B40080
:109A00000E46904618B9002002B0BDE8F087036A00
:109A1000002BF8D09B68002BF5D098474307F2D570
:109A200043F69823B8F1000F18BF984605F1640774
:109A300005F1C8093846FFF71DFED5F8C8404C456A
:109A40002BD054B3D4E90023536022681A60C4E9D0
:109A50000044D5F8B43021899B69ADF806107BB17C
:109A6000012B14D03846FFF703FEBDF8063004F191
:109A7000100003F58033A3603368103B3360C3E705
:109A8000D5F8A8303360D5F8B4309B69E8E7D5F84D
:109A9000BC00FFF722FC3060E4E7D5F8B430D3F81F
:109AA00018A0BAF1000F36D13146D5F8BC000DF13F
:109AB0000602FFF7D8FB04460028D3D1D5F8BC3006
:109AC0001B8DB3B93846FFF7D3FDB8F1000F9AD01C
:109AD000D5E92D32182112891B6B01FB0233D5F811
:109AE000D02022BB2120002100F0E9FB08F1FF3843
:109AF000A0E7D5F8A810D5F8C400FFF76DFF04461D
:109B0000D5F8A830ADF806A033603846FFF7B0FDB1
:109B1000002CDAD0A9E7BAF1010FD3D13246D5F83B
:109B2000BC000DF10601FFF708FC0446EDE71969DA
:109B3000284690476FF4FB639842D3D000283FF447
:109B400079AF60E720B119B112B1C0E9012201601B
:109B5000704710B5044618B910BD3C38FFF75AFDE0
:109B600020688442F9D10023C4E92E33D4F8B4002C
:109B7000BDE81040FFF765BD70B505461C4699B1BC
:109B80008B4228BF0C46661C013E05D012F8013BF3
:109B900000F8013B002BF7D1A14207D9091B8A1914
:109BA000002100F0FFFCA11B084670BD00230D44FE
:109BB00005F8013CF7E708B1F1F78ABB7047704739
:109BC00040B1C368587810F001001EBF1878B0FA91
:109BD00080F040097047EFF31183202383F312884C
:109BE000BFF36F8FFEE710B5D0E9003433B9002022
:109BF000E268537843F00103537010BD2046984744
:109C00000028F4D00028B8BF4042FF28A8BFFF209A
:109C1000E3681870ECE700F0C5BC00F0B6BC704714
:109C200010B400F10C04C0E9034410BCFCF722BBE3
:109C30002DE9F04F054689B0DDE9126791463B46B4
:109C4000324606A8059105F1140A00F0B3FBDDE9E0
:109C50000634CDE90234EFF311844FF0200888F385
:109C60001288BFF36F8F05F10C0B4A462846059901
:109C7000FCF78CFA30B184F31188BFF36F8F09B011
:109C8000BDE8F08F3E43F6D0DDE9022306A800F0E0
:109C9000B5FBDDE906675A4621465046CDE9006727
:109CA000FAF772FFEFF3118488F31288BFF36F8F16
:109CB000DBE738B50446EFF31185202383F31288E0
:109CC000BFF36F8FFCF719FA04F10C0000F0E4FA0F
:109CD00030B1294604F11400BDE83840FAF7CEBF90
:109CE00085F31188BFF36F8F38BD4169836843EAFC
:109CF000010212F003020FD1C2600269013A01FBB6
:109D0000023382689A4201D900207047C2681A6003
:109D10004269C3609B1AF4E76FF0150070472DE9A4
:109D2000F04105460F46EFF31188202383F3128894
:109D3000BFF36F8FC668F6B90468A0421BD0D4B1D8
:109D4000D4E9003213605A60637BC4E9006623F0F3
:109D500002036373A66004F1180000F004FB2046C0
:109D6000E667676100F039FA414605F10800BDE891
:109D7000F041FAF783BF3E60AB69EF60013BAB6136
:109D800088F31188BFF36F8FBDE8F081202408B5F8
:109D9000EFF3118384F31288BFF36F8FFDF715FA89
:109DA000F6E790F90E308B4201D0FAF719BF002088
:109DB000704703460020C3E90033C3E9020070473F
:109DC000D0E9003213605A600023427BC0E90033BF
:109DD00022F002024273836070472DE9F8439146F6
:109DE00004460D469DF8202000F10807EFF3118886
:109DF000202181F31288BFF36F8F02B14568A668F6
:109E0000B74214D09EB13046FFF7DAFF06F11800D2
:109E100000F0A9FA00233046F367C6F8149000F06A
:109E2000DCF938464146FAF729FF00200BE0E3B1A0
:109E300008210020FBF780FB38B988F31188BFF3B5
:109E40006F8F6FF00B00BDE8F8830122C0F804901B
:109E50000260016801F003015DB922680A430260F3
:109E6000626820606AB960600BE04846C9F800305B
:109E7000EFE72A68032A10D80160616839B9C4E99C
:109E80000000042104F1100000F047FBC9E70A6854
:109E900002F0030202430A60E5E722F003020A43EC
:109EA00002602A6802F0030240EA02032B60E8E73E
:109EB00010B5044630B10268930703D0446809B175
:109EC00000F058FB204610BD0023C0E9003300F12C
:109ED0000803C0E9023300F11003C0E904337047FE
:109EE000012307B5009300230A461946FFF775FFC3
:109EF00003B05DF804FB002307B50A46009319463A
:109F0000FFF76BFF03B05DF804FB00210068FFF76B
:109F1000CFBF5AB18A4209D300F11003C0E902123F
:109F2000C0E90000C0E90433002070476FF015005D
:109F30007047012302688B4022EA0303036022FA80
:109F400001F000F001007047704710B5032104468E
:109F50000C30FFF7EEFF30B104F1100000F003FA0F
:109F6000B0FA80F0400910BD20B1002290301146B7
:109F700000F0BEB9704770B5C3680446C3F340062D
:109F80009B0716D4856802210C30FFF7D2FF80B101
:109F9000D5F888206AB194421DD122689EB9D5F8BF
:109FA0008C30C5F888209C4201D1C5F88C20002354
:109FB0002360E36813F01F001EBF43F00203E36059
:109FC00040F0020070BD3260D5F88C20944208BF8A
:109FD000C5F88C60EBE716461268DBE773B50446FC
:109FE000EFF31185202383F31288BFF36F8F0023D3
:109FF000A0F11006032104380193FFF79AFF28B15E
:10A00000A369304601A90193FAF708FB85F311888B
:10A01000BFF36F8F02B070BD38B504460D461022F5
:10A02000002100F0BFFA656038BD13B50190084605
:10A03000EFF31184202383F31288BFF36F8F01A9FC
:10A04000FAF7ECFA84F31188BFF36F8F02B010BDFA
:10A0500010B5FFF7EAFF041E08DDEFF3118020239F
:10A0600083F31288BFF36F8FFAF71AFE204610BDF4
:10A0700070B50D46EFF31186202383F31288BFF3EA
:10A080006F8FFAF725FB044686F31188BFF36F8FB5
:10A0900038B14FF0FF324FF0FF3305F11000FAF7FF
:10A0A000B9F9204670BD08B5A822002100F07AFA5F
:10A0B00008BD38B530220D460021044600F072FA82
:10A0C0004FF480736560E36038BD38B50446EFF344
:10A0D0001185202383F31288BFF36F8FFFF735FFBD
:10A0E0002046FFF748FF85F31188BFF36F8F38BD17
:10A0F000F8B504460D46EFF31186202383F312884A
:10A10000BFF36F8FC36803F01F03002B14BF012739
:10A11000002705D186F31188BFF36F8F3846F8BD4D
:10A12000FFF713FF2046FFF726FF29462046FAF7E0
:10A1300057FA86F31188BFF36F8F0028EED04FF0E7
:10A14000FF324FF0FF3305F10800FAF763F9E5E756
:10A15000EFF30580003818BF012070476FF05700FB
:10A16000704700207047D0E9003213605A60002326
:10A17000C0E90033704708B5FFF7F5FF437B23F0D4
:10A18000020343730023836008BD38B504460D46BF
:10A19000FAF788FC637B43F002036373E5B1A560C3
:10A1A0002B689D4209D16B68C4E900531C606C6048
:10A1B00012E06A689A42F6D01B68002BF3D094F93B
:10A1C0000E2093F90E108A42F3D09142F1DD5A68C5
:10A1D000C4E9003214605C6038BD10B5EFF311843F
:10A1E000202383F31288BFF36F8FFAF713FC84F3F5
:10A1F0001188BFF36F8F10BD08B5EFF311812022D6
:10A2000082F31288BFF36F8F83680BB1FFF7B3FF40
:10A2100081F31188BFF36F8F08BD014610B5EFF3CE
:10A220001184202383F31288BFF36F8F437B13F0D5
:10A23000280F0AD183680BB1FFF79DFF4B7B0846BF
:10A2400023F004034B73FAF7E5FB84F31188BFF3A3
:10A250006F8F10BD01211838FFF7DFBF08B5034627
:10A26000EFF31181202282F31288BFF36F8F006811
:10A27000834207D008B1FFF77EFF81F31188BFF357
:10A280006F8F08BD0020F8E710B5FFF7B5FFBDE8F8
:10A290001040183000F067B838B505460468002053
:10A2A000AC4200D138BD002CFCD02046FFF7ECFFBB
:10A2B0002046FFF792FF2C680120A542F1E738B550
:10A2C0000C460546FAF794FDB4F1FF3F08BFB5F11F
:10A2D000FF3F1FBF47F6FF7300224FF47A71C0FBA8
:10A2E000013216BFD80B4FF0FF3040EA424038BD74
:10A2F00038B5EFF31185202383F31288BFF36F8FF6
:10A300000468A04212D09CB1E16762612046FFF769
:10A3100032FF04F1180000F026F82046FAF77AFB25
:10A32000012085F31188BFF36F8F38BD0020F8E757
:10A330002046F6E710B5FAF705FF0446FAF70AFFDC
:10A3400074B1D4E904321B1A62EBE072B3F1004F2E
:10A3500072F1000104DA002AACBF1846002010BDDB
:10A360006FF00040FBE7024638B5EFF3118520237C
:10A3700083F31288BFF36F8F036893B1FAF7E2FE9D
:10A3800004461046FAF7F0FE844204D1FFF7D2FFEC
:10A390000021F8F701F8002085F31188BFF36F8FD3
:10A3A00038BD6FF01500F7E708B5FAF7CDFF08BD27
:10A3B000FAF7CABFB3F1FF3F08BFB2F1FF3F70B574
:10A3C00004461D46164613D01A4315D06FF00102FD
:10A3D0004FF0FF33921B63EB0501002904DAFAF713
:10A3E000B3FF821941EB0501C4E90021204670BD8D
:10A3F0004FF0FF321146F7E70022FBE7B3F1FF3FD2
:10A4000008BFB2F1FF3FF8B5074616461C4610D00C
:10A4100054EA020311D0FAF797FFB0420A46A1416D
:10A4200003460AD2F31A64EB0204C7E90034384643
:10A43000F8BD4FF0FF331C46F7E70023FBE700238E
:10A44000C0E9081200F11802C0E90622C0E9003391
:10A4500003634363704710B50446FFF784FFA8B950
:10A46000636A0BB12046984704F11800FFF7F6FE27
:10A4700060B1FFF7B2FEEFF31180202383F312885F
:10A48000BFF36F8FBDE81040FAF70ABC10BD2DE98D
:10A49000F041846805460E46ECB16378012B25D166
:10A4A00014F8533C9A0714D5A4F160073846FFF717
:10A4B000EBFE082E0CBF6FF003030023E36114F8DA
:10A4C000533CDB0605D154F8483C13B93846FFF736
:10A4D00084FE002323700020EB68A860C3F386325B
:10A4E000164366F39433EB60BDE8F081022BF0D1A4
:10A4F0002378002BEDD054F8048CB8F1000FE8D08D
:10A5000004F11400FFF72FFF0023A4F114073946CC
:10A510004046E362FFF789FDDBE7034610B5EFF342
:10A520001184202282F31288BFF36F8F0068834268
:10A5300008D0D0E9003213605A600023C0E900332C
:10A54000FFF7A5FF84F31188BFF36F8F10BD0432AE
:10A55000D3B5044608D20026002741F00401CDE916
:10A560000067FFF765FB10B9002002B0D0BD40F8CE
:10A57000044BFAE720B1011F50F8040CFFF799BB18
:10A58000704701460420FAF7C9BF0A44431E9142AE
:10A5900000D1704710B511F8014B914203F8014FFB
:10A5A000F9D110BD02440346934200D1704703F82D
:10A5B000011BF9E70139024410B5904201D1002096
:10A5C00005E0037811F8014FA34201D0181B10BD1C
:10A5D0000130F2E710B56AB10139841810F8012B87
:10A5E00011F8013F9A4203D1A04201D0002AF5D1CF
:10A5F000D01A10BD1046FCE710B50139044632B13F
:10A6000011F8013F013A00F8013B002BF7D100217E
:10A61000FFF7C8FF204610BD0246014410B58A422C
:10A62000134603D01C780132002CF8D1181A10BD43
:10A63000F0B5C3F13707044603F01F031046FFB21D
:10A64000082BE6B232D0102B3DD06508A40845EAAD
:10A65000C17544EA81748A082D1942EB5102290917
:10A6600041EA02716D1842EB1212290A41EA0261B5
:10A670006D1842EB1222290C41EA02416D1842EB9F
:10A680001242AD1842F10002EC0844EA4274D108CB
:10A6900004EB8402A6EB4205EDB2092D0CD901347E
:10A6A000A5F10A0541F10001EDB212E0E40806F05F
:10A6B000070544EA4174C908303554EA010200F83C
:10A6C000015BBDD1F0BD240906F00F0544EA017419
:10A6D0000909092D84BFED19EDB2EDE7D1E9043286
:10A6E00093421EBF5A1C0A611870704701480068E7
:08A6F0007047000028950020CE
:08A6F80090DAFE7F0100000072
:10A70000F37301000000000009B300000000000026
:10A710002D24010000000000359100000000000021
:10A7200095140100E0A701001541010000000000A0
:10A7300039410100000000007518010008A801005F
:10A7400075180100F4A70100C38B01001CA80100CB
:10A75000E38B010030A80100DD1E010044A80100C8
:10A760002517010000000000392201000000000050
:10A77000BDB3000000000000499700000000000089
:10A7800009B200000000000025B000000000000039
:10A79000911A010058A80100118E0100000000006C
:10A7A00061440100000000005B6C01006CA8010026
:10A7B000690F010080A801000000000094A80100BA
:10A7C00095B4000000000000938D0100000000001F
:10A7D0009D8D0100000000009DA100000000000010
:10A7E000AAD5010060B2010030AB010089840020CD
:10A7F0008C970020FBD5010090B20100ECAA01006B
:10A800008F8400203098002007D60100A8B20100F4
:10A81000ECAA0100918400203C980020E4D50100BE
:10A8200000000000DCAA01008B8400200000000072
:10A83000F3D5010000000000E4AA01008D8400208F
:10A840000000000030D70100C0B201004CAB010095
:10A8500095840020D0980020EFD601009C83002032
:10A8600010AB0100938400204898002077D50100A8
:10A87000248200204CAD010083840020008700204A
:10A88000B4D2010000000000D0AA0100858400209D
:10A890000000000070D501000000000024AB0100A2
:08A8A000878400205C83002086
:10A8A80000000000AD71010000000000AD71010062
:10A8B80000000000AD71010000000000AD71010052
:10A8C80000000000AD710100152C01004D8E010043
:10A8D80000000000AD71010000000000AD71010032
:10A8E80044A801002B8D010000000000AD7101009B
:10A8F80000000000AD71010000000000AD71010012
:10A9080000000000AD71010000000000AD71010001
:10A9180080A80100B50F010000000000AD71010022
:10A9280000000000AD71010000000000AD710100E1
:10A9380000000000AD71010000000000AD710100D1
:10A9480000000000AD71010000000000C9220100F4
:10A9580000000000AD71010000000000AD710100B1
:10A9680000000000AD71010000000000AD710100A1
:10A9780000000000AD71010000000000AD71010091
:10A9880000000000AD71010000000000AD71010081
:10A9980000000000AD71010000000000AD71010071
:10A9A80000000000AD71010000000000AD71010061
:10A9B80000000000AD71010000000000AD71010051
:10A9C80000000000AD71010000000000AD71010041
:10A9D80000000000AD71010000000000AD71010031
:10A9E80000000000AD71010000000000AD71010021
:10A9F8000D3501004D8E010000000000AD71010011
:10AA080000000000AD71010000000000AD71010000
:10AA180000000000AD710100C53201004D8E01003B
:10AA280000000000AD71010000000000AD710100E0
:10AA380000000000AD71010000000000AD710100D0
:10AA480000000000AD71010000000000AD710100C0
:10AA580000000000AD71010000000000AD710100B0
:10AA680000000000AD71010000000000AD710100A0
:10AA780000000000AD71010000000000AD71010090
:10AA880000000000AD71010000000000AD71010080
:10AA980000000000AD71010000000000AD71010070
:10AAA80000000000AD71010000000000AD71010060
:10AAB80000000000AD71010000000000AD71010050
:08AAC80000000000AD71010067
:0CAAD000390C0100910D0100580200003B
:10AADC00C78B010000000000CF8B010000000000BC
:10AAEC0009190100F38B0100FF8B0100138C01008D
:10AAFC001D8C0100278C0100751701003B8C010097
:04AB0C000000000045
:10AB1000C11B01008D8C0100A98C0100AD8C0100CE
:04AB20002D1B0100E8
:0CAB2400211301009D130100B510010079
:10AB3000F9140100198B0100798B0100000000005D
:0CAB4000B78A01000000000000000000C7
:0CAB4C00E58C0100291E0100D78C0100DF
:10AB5800050000005DE8000000000000060000009D
:10AB6800010C0100000000000400000071ED00006D
:04AB780000000000D9
:10AB7C0081840000598400000000000000000000E7
:08AB8C000000000000000000C1
:10AB940000B1010008000000A0B10100070000009E
:08ABA40024AE010008000000CE
:10ABAC0012B5010004000000BDD20100030000003A
:10ABBC0031C801000300000018CF010003000000A1
:10ABCC0080BD01000300000077CB010003000000F2
:10ABDC0087BD0100030000003BD101000300000011
:10ABEC0052C601000300000087D5010003000000DD
:10ABFC0095D501000300000074C80100030000009B
:10AC0C00A2C7010003000000FACC01000300000001
:10AC1C0068D1010003000000C6B50100030000006C
:10AC2C00D6D5010003000000DEB7010003000000D0
:10AC3C005CB601000300000070B6010003000000C8
:10AC4C0074B601000300000095B70100030000007A
:10AC5C00FAD601000300000053BC01000300000001
:10AC6C00D7BC010003000000DFBC010003000000A2
:10AC7C00F1DA010003000000EEBC0100030000004B
:08AC8C003AD7010003000000AB
:10AC940008AE01005482002084B7010001000000C6
:10ACB0000000000009000000A0000000F0000000FB
:10ACC00000000000ED3601000600000057C501003D
:10ACD0005CC5010060C5010064C5010068C50100D4
:10ACE0006CC5010070C5010074C5010078C5010084
:10ACF0007CC5010080C5010084C5010088C5010034
:10AD00008CC5010090C50100000200000002000097
:10AD100000000000F4DA0100000100000000000063
:10AD20000338FDD870470000010100008284002034
:10AD3000030200008084002080A8010000010004BC
:10AD400000000001000000000C000000B5910000B0
:10AD5000136D010095930000E1930000CD94000075
:10AD6000F16A0100656B0100F96A01002B6B0100BB
:10AD7000156B0100FF6A01000000000000000000E8
:10AD8000436E0100356E01003F6E0100336E01001D
:10AD900000000000000000000000000000000000B3
:10ADA000236E0100108B0020000100001B6F0100CA
:10ADB000C56E010002000000AF700100000000003D
:10ADC00000000000000000000000000064B7010067
:10ADD0006CB701000000000000000000000000004F
:10ADE00074B7010078B701007CB7010080B701009B
:10ADF000F8AD0100F49400206DA10000149500202E
:10AE0000F6990020010000006D71010063710100DE
:10AE1000317101002571010000000000197101006D
:10AE20000000000080B30100358701000000000031
:10AE30007CB301000000010078B30100F588010037
:10AE400000000000848200200000010070B30100B7
:10AE500000000000000000000000000000000000F2
:10AE60006CB30100078701002DFE00006C820020FA
:10AE70000000030068B30100F58801000000000035
:10AE8000648200200000010060B30100ADA1000059
:10AE90000000000000000000000001005CB30100A1
:10AEA000F5880100000000005C8200200000010025
:10AEB00054B301000000000035A2000000000000B3
:10AEC00000000200008000200000000006000100D9
:10AED00002000000D8AE010000000000C3BC010069
:10AEE00006000000E0FF0F0000800020CBBC010046
:10AEF00021000000E0FF06208C820020B1B000009D
:10AF0000000000008F72010019B30000F5B20000CC
:10AF100000000000FCAE010020AF0100470000006F
:10AF200050D10020FCAE010030AF01002000000035
:10AF300030D50020FCAE010040AF01002E00000023
:10AF4000B0D50020FCAE010050AF010002010000AE
:10AF500090D6002094C50100B2C50100CDC5010006
:10AF6000DDC50100EAC50100F3C50100FAC5010015
:10AF700001C6010008C6010010C60100EAC50100B3
:10AF800018C601002AC601003FC601000E030000DA
:10AF90004DCE00000F04000019CE00001A01000081
:10AFA000DDB5000005040000F5B500001301000048
:10AFB000B9BB0000FF01000019BA00003E0100000B
:10AFC000F9B900000504000041B6000010010000BE
:10AFD000B9B60000011200009DCD00000A1E00005D
:10AFE0001B77010003090000A5BC0000040B000052
:10AFF000A1B70000060A00009DC200000C05000079
:10B0000085B60000FCAE010010B001004700000052
:10B01000B0D70020F6CA010003CB010023CB01000A
:10B0200017CB01002ECB010045CB010055CB010011
:10B0300077CE010069CB0100FCAE010044B00100F5
:10B040000000000090DB0020FCAE010054B00100C5
:10B0500020000000B8DB0020D97B0100DB7B010071
:10B0600000000000000000000000000035EB0000C0
:10B0700000000000000000000000000000000000D0
:10B0800002020100538401000404010069FA000077
:10B0900006060100A9F900000804010095F8000067
:10B0A0000A0201003B8401000C040100238401001A
:10B0B0000E04010069F7000020040100CDF6000035
:10B0C00010040100DDF5000012020100D783010029
:10B0D00016040100E17D0100180101001F8101003B
:10B0E0001E000400A784010052020000FD8301003D
:10B0F000FCAE0100FCB001002200000090DC00204A
:10B10000B0B301003587010000000000ACB30100BE
:10B1100000000100A8B30100F58801000000000054
:10B120002483002000000100A0B301000000000003
:10B130000000000000000000000000009CB30100BF
:10B14000078701002DFE00002C8300200000030073
:10B1500098B30100F5880100000000001C83002066
:10B160000000010090B301006D870100550001004F
:10B1700000000000000003008CB30100F58801000E
:10B1800000000000148300200000010084B30100CF
:10B190008903010000000000000000000000010021
:10B1A000DCB301003587010000000000D8B30100C6
:10B1B00000000100D4B30100F58801000000000088
:10B1C0005483002000000100CCB301009D870100E2
:10B1D000000000000000000000000100C8B30100F2
:10B1E000F5880100000000004C83002000000100F1
:10B1F000C0B30100C787010000000000000000008C
:10B2000000000100BCB30100F5880100000000004F
:10B210004483002000000100B4B301008DFF000052
:10B22000000000000000000000000100000000001D
:10B23000000000000000000000000000000000000E
:10B24000158A01000000000000000000000000005E
:10B25000000000001D140100ED13010000000000BB
:10B260008115010061140100B5D50100A58B010015
:10B27000B78B0100BBD501009F8B0100B18B010092
:10B28000C1D50100998B0100AB8B0100CBD501002A
:10B29000FFFF0000002884400000000001000000C3
:10B2A00000F0024000000000FFFFFFFF0025844087
:10B2B000000000000000000000F00240000000005C
:10B2C000008000400100000000000000E4B2010026
:10B2D0000000D60100000000000000009F9A00203E
:10B2E0009E9A002000800040F0B2010001000000A2
:10B2F000F8B2010004000000140000001300000276
:10B3000016060001150600033AD901004DD90100C7
:10B3100060D9010073D9010086D9010099D90100D3
:10B32000ACD90100BFD90100A2DA0100B0DA0100F6
:10B33000C4DA0100D3DA0100DFDA010000A701005E
:10B3400000A7010068A7010078A70100D8A70100A5
:10B35000E0A701000000392A0000392A0000032874
:10B360000000382A0000382A0000032800000229C3
:10B370000000372A0000372A0000032800000D18BB
:10B380000000002800002A2B00002A2B00000328C0
:10B390000000292B0000292B0000032800000229AF
:10B3A0000000052A0000052A0000032800000118FB
:10B3B000000000280000042A0000042A00000328DE
:10B3C0000000012A0000012A000003280000002AD2
:10B3D0000000002A000003280000001800000028D8
:10B3E000040100012401200102000100000200010B
:10B3F000446973636F6E6E6563746564202872655B
:10B4000061736F6E2025752900436F6E6E656374DE
:10B41000696F6E206661696C6564202865727220B0
:10B4200025752900436F6E6E656374656400426C18
:10B430007565746F6F746820696E697420666169E0
:10B440006C65642028657272202564290041647649
:10B450006572746973696E67206661696C656420E2
:10B46000746F207374617274202865727220256471
:10B4700029004164766572746973696E672073751B
:10B48000636365737366756C6C7920737461727431
:10B4900065640041444320646576696365206E6F8E
:10B4A000742072656164792E00436F756C64206E40
:10B4B0006F74207365742075702041444320636865
:10B4C000616E6E656C20282564290041444320721A
:10B4D000656164206572726F722028256429004EB0
:10B4E0006F2068656172746265617420646574655B
:10B4F000637465642E0048656172746265617420CE
:10B500006465746563746564212042504D3A20255A
:10B5100064004865617274526174654D6F6E697440
:10B520006F720028756E7369676E656429206368A1
:10B530006172202A207573656420666F722025254C
:10B540007020617267756D656E742E204974277363
:10B55000207265636F6D6D656E64656420746F2025
:10B560006361737420697420746F20766F6964203E
:10B570002A2062656361757365206974206D617945
:10B58000206361757365206D6973626568617669B2
:10B590006F7220696E206365727461696E20636FDB
:10B5A0006E66696775726174696F6E732E2053746D
:10B5B00072696E673A2225732220617267756D6524
:10B5C0006E743A25640063627072696E74665F70AF
:10B5D00061636B61676500496E76616C69642069BF
:10B5E0006E7374616E636500496E76616C69642088
:10B5F0006261636B656E6420636F6E666967757206
:10B600006174696F6E00496E76616C696420696E61
:10B610007374616E63652C20656E64706F696E74FF
:10B62000206F7220636F6E66696775726174696FEF
:10B630006E00496E76616C696420656E64706F6936
:10B640006E7400456E64706F696E74206E6F742046
:10B65000726567697374657265640A006970635F17
:10B6600073657276696365006C6F6767696E670002
:10B670006C6F67006C6F675F6D676D74004D65730D
:10B6800073616765202822257322292064726F70F8
:10B6900070656420626563617573652069742065F7
:10B6A0007863656564732073697A65206C696D6978
:10B6B000746174696F6E2028257529004D65737358
:10B6C0006167652064726F70706564206265636194
:10B6D000757365206974206578636565647320738C
:10B6E000697A65206C696D69746174696F6E202870
:10B6F000257529001B5B306D00257320005B25300C
:10B70000386C755D20005B253032753A2530327516
:10B710003A253032752E253033752C253033755D42
:10B72000200025732F003C25733E200025733A200E
:10B73000002530327820007C00256300206D657381
:10B7400073616765732064726F70706564202D2D5E
:10B750002D0D0A1B5B306D001B5B313B33316D2DB2
:10B760002D2D20001B5B313B33316D001B5B313BCA
:10B7700033336D006572720077726E00696E660019
:10B78000646267006C6F675F6261636B656E645FC4
:10B7900075617274006C6F675F7561727400656EBD
:10B7A00061626C65640064697361626C6564004821
:10B7B0005253206E6F74696669636174696F6E734A
:10B7C00020257300485253204354524C20506F6937
:10B7D0006E74205772697474656E202564006872F7
:10B7E00073002A2A2A20426F6F74696E67206E5296
:10B7F0004620436F6E6E6563742053444B2076334E
:10B800002E302E312D39656235363135646136364C
:10B8100062202A2A2A0A002A2A2A205573696E677A
:10B82000205A6570687972204F532076342E302E5E
:10B8300039392D3737663836356238663864302006
:10B840002A2A2A0A0072302F61313A2020307825C6
:10B85000303878202072312F61323A20203078251C
:10B86000303878202072322F61333A20203078250A
:10B870003038780072332F61343A20203078253008
:10B880003878207231322F69703A20203078253094
:10B890003878207231342F6C723A2020307825307D
:10B8A00038780020787073723A202030782530384C
:10B8B00078004661756C74696E6720696E73747286
:10B8C000756374696F6E2061646472657373202898
:10B8D0007231352F7063293A20307825303878005E
:10B8E000556E68616E646C6564204952516E3A20F1
:10B8F0002564002A2A2A2A2A204D505520464155DF
:10B900004C54202A2A2A2A2A002020537461636B6F
:10B91000696E67206572726F722028636F6E74653E
:10B9200078742061726561206D6967687420626552
:10B93000206E6F742076616C696429002020556E3A
:10B94000737461636B696E67206572726F72002039
:10B950002044617461204163636573732056696F8D
:10B960006C6174696F6E0020204D4D46415220413C
:10B970006464726573733A2030782578002020491A
:10B980006E737472756374696F6E2041636365735F
:10B99000732056696F6C6174696F6E002020466C6D
:10B9A0006F6174696E672D706F696E74206C617A57
:10B9B0007920737461746520707265736572766145
:10B9C00074696F6E206572726F72002A2A2A2A2AA1
:10B9D000205553414745204641554C54202A2A2A98
:10B9E0002A2A0020204469766973696F6E20627983
:10B9F000207A65726F002020556E616C69676E65F4
:10BA000064206D656D6F7279206163636573730087
:10BA10002020537461636B206F766572666C6F775C
:10BA20002028636F6E746578742061726561206E82
:10BA30006F742076616C6964290020204E6F20634A
:10BA40006F70726F636573736F7220696E73747257
:10BA5000756374696F6E73002020496C6C65676153
:10BA60006C206C6F6164206F66204558435F5245BF
:10BA70005455524E20696E746F2050430020204967
:10BA80006C6C6567616C20757365206F66207468E7
:10BA9000652045505352002020417474656D7074C8
:10BAA00020746F206578656375746520756E6465B4
:10BAB00066696E656420696E737472756374696F0C
:10BAC0006E002A2A2A2A2A20425553204641554CE4
:10BAD00054202A2A2A2A2A002020537461636B6981
:10BAE0006E67206572726F72002020507265636904
:10BAF0007365206461746120627573206572726F72
:10BB00007200202042464152204164647265737382
:10BB10003A2030782578002020496D70726563697D
:10BB20007365206461746120627573206572726F41
:10BB300072002020496E737472756374696F6E2091
:10BB4000627573206572726F7200526573657276EA
:10BB5000656420457863657074696F6E20280053B2
:10BB6000707572696F757320696E74657272757025
:10BB70007420284952512000457863657074696FBC
:10BB80006E206F6363757272656420696E20536501
:10BB900063757265205374617465002A2A2A2A2A03
:10BBA0002048415244204641554C54202A2A2A2AF2
:10BBB0002A002020427573206661756C74206F6EB8
:10BBC00020766563746F72207461626C65207265A3
:10BBD00061640020204465627567206576656E7437
:10BBE0000020204661756C7420657363616C61741C
:10BBF000696F6E20287365652062656C6F77290018
:10BC0000415243485F455843455054207769746812
:10BC100020726561736F6E2025780A002A2A2A2A0D
:10BC20002A204465627567206D6F6E69746F72209B
:10BC3000657863657074696F6E202A2A2A2A2A0043
:10BC40002A2A2A2A2A20257320256429202A2A2AFA
:10BC50002A2A006D7075004661696C656420746FF6
:10BC600020616C6C6F63617465206E6577204D5048
:10BC70005520726567696F6E2025750A00506172E4
:10BC8000746974696F6E2025753A2073616E6974EA
:10BC90007920636865636B206661696C65642E005A
:10BCA000496E76616C696420756E6465726C796941
:10BCB0006E6720726567696F6E20696E64657820B3
:10BCC000257500464C4153485F30005352414D5F4B
:10BCD000300065786974006E65745F627566006E29
:10BCE00065745F6275665F73696D706C6500736F14
:10BCF00063000000000100FFFFFFFFFFFF000000E6
:10BD000000000000FFFFFFFFFFFF00000000000039
:10BD10007075626C69630072616E646F6D0070753E
:10BD2000626C69632D69640072616E646F6D2D6968
:10BD30006400253032583A253032583A253032588E
:10BD40003A253032583A253032583A253032582088
:10BD5000282573290030313233343536373839618C
:10BD60006263646566004254204C572057510002BC
:10BD7000FB349B5F8000008000100000000000008A
:10BD800062745F6275660062745F6461746100442E
:10BD900061746120627566666572206F7665726691
:10BDA0006C6F7720286C696E6B2074797065203019
:10BDB00078253032782900556E61626C6520746F89
:10BDC000206C6F6F6B20757020636F6E6E207769CB
:10BDD00074682068616E646C6520257500556E611D
:10BDE000626C6520746F206C6F6F6B757020636F71
:10BDF0006E6E20666F722068616E646C65202575BA
:10BE0000004861726477617265206572726F722C8E
:10BE100020686172647761726520636F64653A209F
:10BE2000256400436F756C64206E6F7420737562B7
:10BE30006D69742072785F776F726B3A20256400A9
:10BE4000556E61626C6520746F20616C6C6F63610C
:10BE500074652062756666657200556E68616E6411
:10BE60006C6564206576656E742030782530327894
:10BE7000206C656E2025753A202573004E6F20706A
:10BE8000656E64696E67207065726970686572615D
:10BE90006C20636F6E6E656374696F6E00556E65BE
:10BEA0007870656374656420737461747573203091
:10BEB000782530327820257300546F6F20736D61C0
:10BEC0006C6C20282575206279746573292065764D
:10BED000656E742030782530327800496E76616C5A
:10BEE0006964204843492041434C207061636B657D
:10BEF000742073697A6520282575290041434C20F8
:10BF000064617461206C656E677468206D69736D1F
:10BF1000617463682028257520213D20257529003E
:10BF2000556E61626C6520746F2066696E64206373
:10BF30006F6E6E20666F722068616E646C6520257E
:10BF40007500496E76616C696420484349206576C6
:10BF5000656E742073697A65202825752900574518
:10BF600053545F544F504449522F7A657068797228
:10BF70002F7375627379732F626C7565746F6F744C
:10BF8000682F686F73742F6863695F636F72652EC3
:10BF9000630062745F6863695F6576745F67657488
:10BFA0005F666C616773286864722D3E65767429DC
:10BFB0002026202831554C203C3C202831292900BE
:10BFC000415353455254494F4E204641494C205B02
:10BFD00025735D20402025733A25640A00556E6B59
:10BFE0006E6F776E20627566207479706520257596
:10BFF00000556E68616E646C65642076656E646F72
:10C00000722D7370656369666963206576656E7409
:10C0100020307825303278206C656E2025753A20E6
:10C020002573004E6F20636F6D6D616E64207365C4
:10C030006E7420666F7220636D6420636F6D706C28
:10C0400065746520307825303478004F70436F6414
:10C05000652030782530347820636F6D706C65749E
:10C06000656420696E7374656164206F662065780D
:10C0700070656374656420307825303478006576A7
:10C0800074206E756D5F68616E646C657320283D09
:10C0900025752920746F6F206C61726765202825D3
:10C0A00075203E20257529004E6F20636F6E6E65EA
:10C0B0006374696F6E20666F722068616E646C6570
:10C0C000202575007061636B65747320636F756EF6
:10C0D00074206D69736D6174636800696E74657254
:10C0E00076616C206578636565647320746865208B
:10C0F00076616C69642072616E67652030782530E6
:10C100003478006C6174656E637920657863656569
:10C110006473207468652076616C69642072616E56
:10C1200067652030782530347800737570765F74D9
:10C13000696D656F757420657863656564732074D7
:10C1400068652076616C69642072616E6765203075
:10C15000782530347800756E6B6E6F776E0065767B
:10C16000745F666C6167732026202831554C203C33
:10C170003C202830292900496E76616C6964206270
:10C1800075662074797065202575005B305D004907
:10C1900064656E7469747925733A20257300496467
:10C1A000656E746974795B25645D3A202573004877
:10C1B00043493A2076657273696F6E202573202893
:10C1C00030782530327829207265766973696F6E10
:10C1D000203078253034782C206D616E756661636F
:10C1E000747572657220307825303478004C4D506B
:10C1F0003A2076657273696F6E2025732028307837
:10C200002530327829207375627665722030782562
:10C2100030347800556E61626C6520746F207365F0
:10C220006E6420746F20647269766572202865726E
:10C2300072202564290009556E61626C6520746F57
:10C2400020616C6C6F6320666F7220486F7374207E
:10C250004E43500A00657272203D3D203000095562
:10C260006E61626C6520746F2073656E6420486F28
:10C270007374204E43502028657272202564290A69
:10C2800000556E61626C6520746F206C6F6F6B205F
:10C29000757020636F6E6E207769746820696E64B4
:10C2A000657820307825303278004E6F74207265C2
:10C2B000706F7274696E67207061636B657420665D
:10C2C0006F72206E6F6E2D636F6E6E656374656442
:10C2D00020636F6E6E00556E636C656172656420DD
:10C2E00070656E64696E672073656E745F636D64FC
:10C2F00000737563636573730009636F6D6D616EC1
:10C3000064206F70636F6465203078253034782046
:10C3100074696D656F75740A0009436F6E74726F8E
:10C320006C6C657220756E726573706F6E73697672
:10C33000652C20636F6D6D616E64206F70636F6438
:10C3400065203078253034782074696D656F757498
:10C350002077697468206572722025640A006F7006
:10C36000636F64652030782530347820737461748D
:10C3700075732030782530327820257300436F6E36
:10C3800074726F6C6C657220746F20686F737420A8
:10C39000666C6F7720636F6E74726F6C206E6F7453
:10C3A00020737570706F72746564004E6F6E2D4CE3
:10C3B000452063617061626C6520636F6E74726F9B
:10C3C0006C6C6572206465746563746564210041FA
:10C3D000434C2042522F4544522062756666657276
:10C3E00073206E6F7420696E697469616C697A6517
:10C3F000640056656E646F72204843492065787406
:10C40000656E73696F6E73206E6F742061766169FB
:10C410006C61626C6500485720506C6174666F7285
:10C420006D3A20257320283078253034782900484B
:10C43000572056617269616E743A20257320283046
:10C44000782530347829004669726D776172653AD3
:10C4500020257320283078253032782920566572BF
:10C4600073696F6E2025752E2575204275696C6481
:10C47000202575004661696C656420746F207265C3
:10C48000616420737570706F727465642076656E78
:10C49000646F7220636F6D6D616E647300466169D5
:10C4A0006C656420746F20726561642073757070B0
:10C4B0006F727465642076656E646F722066656164
:10C4C00074757265730048434920647269766572B9
:10C4D000206973206E6F7420726561647900425424
:10C4E00020525820575100484349206472697665AC
:10C4F00072206F70656E206661696C656420282506
:10C500006429004E6F2070656E64696E6720636FEA
:10C510006E6E20666F7220706565722025730055FF
:10C520006E657870656374656420484F53545F4E40
:10C53000554D5F434F4D504C455445445F5041432A
:10C540004B4554532C2073746174757320307825D7
:10C5500030327820257300312E306200312E3100C8
:10C56000312E3200322E3000322E3100332E300088
:10C57000342E3000342E3100342E3200352E30006F
:10C58000352E3100352E3200352E3300352E340055
:10C59000362E30005374616E6461726420426C7593
:10C5A00065746F6F746820636F6E74726F6C6C6506
:10C5B000720056656E646F72207370656369666998
:10C5C0006320636F6E74726F6C6C65720046697283
:10C5D0006D77617265206C6F61646572005265737E
:10C5E00063756520696D6167650072657365727654
:10C5F0006564006E5246353178006E5246353278A9
:10C60000006E5246353378006E5246353448780015
:10C610006E524635344C7800496E74656C20436F19
:10C6200072706F726174696F6E004E6F72646963CD
:10C630002053656D69636F6E647563746F72004E2D
:10C6400058502053656D69636F6E647563746F72C3
:10C65000730062745F6863695F636F726500636D26
:10C660006420646973616C6C6F776564004F6E6CF5
:10C67000792072616E646F6D2073746174696320D8
:10C680006964656E7469747920616464726573733A
:10C6900020737570706F7274656400496E76616C9A
:10C6A000696420696E70757420706172616D657463
:10C6B000657273004661696C656420746F207265F1
:10C6C0006164207075626C69632061646472657373
:10C6D000730052656164205374617469632041641E
:10C6E0006472657373657320636F6D6D616E642032
:10C6F0006E6F7420617661696C61626C6500466181
:10C70000696C656420746F20726561642073746164
:10C7100074696320616464726573736573004E6F3E
:10C7200020737461746963206164647265737365F6
:10C73000732073746F72656420696E20636F6E740A
:10C74000726F6C6C65720043616E27742073657440
:10C7500020626F7468204944454E5449545920263C
:10C76000204E52504100556E61626C6520746F20FE
:10C77000736574206964656E74697479206164649A
:10C780007265737300556E61626C6520746F2073FF
:10C7900065742072616E646F6D206164647265738C
:10C7A000730062745F696400546F6F206269672070
:10C7B0006164766572746973696E6720646174611F
:10C7C000004661696C656420746F207374617274D3
:10C7D0002061647665727469736572004661696C84
:10C7E000656420746F2073746F7020616476657265
:10C7F000746973696E673A20256400436F6E7472C2
:10C800006F6C6C65722063616E6E6F7420726573FD
:10C81000756D6520636F6E6E65637461626C652013
:10C820006164766572746973696E6720282564296E
:10C830000062745F616476007073615F6372797027
:10C84000746F5F696E69742829206661696C65641C
:10C85000202564007073615F67656E657261746541
:10C860005F72616E646F6D2829206661696C656412
:10C870002025640062745F686F73745F63727970FF
:10C88000746F004661696C65642072656164207232
:10C89000656D6F74652066656174757265732028B7
:10C8A000256429004661696C6564204C4520536508
:10C8B0007420504859202825642900556E657870E9
:10C8C0006563746564206669727374204C324341F9
:10C8D00050206672616D6500556E65787065637491
:10C8E0006564204C3243415020636F6E74696E75ED
:10C8F0006174696F6E004E6F7420656E6F75676846
:10C900002062756666657220737061636520666F6C
:10C9100072204C32434150206461746100556E6551
:10C92000787065637465642041434C20666C616770
:10C93000732028307825303278290041434C206C10
:10C94000656E206D69736D6174636820282575209C
:10C950003E202575290028756E6B6E6F776E290055
:10C960006E6F207472616E736974696F6E202573C7
:10C9700000496E76616C69642028257529206F6CEA
:10C980006420737461746500636F6E6E202570207F
:10C990006661696C656420746F2065737461626C94
:10C9A0006973682E205246206E6F6973653F006E72
:10C9B0006F2076616C696420282575292073746165
:10C9C0007465207761732073657400696E636F6DA1
:10C9D00070617469626C652068616E646C652025A5
:10C9E000750054696D656F75742064697363617255
:10C9F0006465642E204E6F20626C6F636B696E6796
:10CA000020696E2073797377712E00556E61626CA8
:10CA10006520746F20616C6C6F6361746520627552
:10CA2000666665722077697468696E2074696D65E1
:10CA30006F757400636F6E6E2025703A206E6F7490
:10CA400020636F6E6E656374656400466174616C2B
:10CA5000206572726F7220282564292E2044697324
:10CA6000636F6E6E656374696E6720257000466F34
:10CA7000756E642076616C696420636F6E6E6563A9
:10CA800074696F6E20282570292077697468206189
:10CA900064647265737320257320696E202573208A
:10CAA0007374617465200053656E64204C4520707A
:10CAB0006172616D20757064617465206661696C76
:10CAC00065642028657272202564290053656E64B0
:10CAD000206175746F204C4520706172616D207506
:10CAE0007064617465206661696C65642028657294
:10CAF000722025642900646973636F6E6E656374C8
:10CB0000656400646973636F6E6E6563742D636F33
:10CB10006D706C657465007363616E2D6265666F20
:10CB200072652D696E6974696174696E6700696EFA
:10CB30006974696174696E672D66696C7465722DBC
:10CB40006C697374006164762D636F6E6E656374D7
:10CB500061626C65006164762D6469722D636F6E2D
:10CB60006E65637461626C6500646973636F6E6E99
:10CB7000656374696E670062745F636F6E6E005503
:10CB80006E61626C6520746F20616C6C6F636174A0
:10CB9000652062756666657220666F72206F702010
:10CBA000307825303278004E6F20617661696C6193
:10CBB000626C65204C3243415020636F6E7465781F
:10CBC0007420666F7220636F6E6E2025700045784A
:10CBD00070656374696E6720757020746F202564BA
:10CBE00020726566732C20676F7420256400616C69
:10CBF0007265616479206861766520766965772061
:10CC00006F6E202570004C32434150206C656E677A
:10CC10007468206D69736D617463682028257520C0
:10CC2000213D2025752900496E76616C6964206973
:10CC300064656E742076616C756520696E204C3277
:10CC40004341502050445500546F6F20736D616C08
:10CC50006C204C4520636F6E6E20706172616D2098
:10CC60007273700052656A656374696E6720756ED1
:10CC70006B6E6F776E204C324341502050445520EC
:10CC8000636F64652030782530327800546F6F20F0
:10CC9000736D616C6C204C32434150207369676E38
:10CCA000616C696E672050445500546F6F20736D3E
:10CCB000616C6C204C3243415020504455207265C9
:10CCC0006365697665640049676E6F72696E672097
:10CCD0006461746120666F7220756E6B6E6F776E23
:10CCE000206368616E6E656C204944203078253081
:10CCF000347800636F6E6669670062745F6C3263DC
:10CD00006170004E6F20617661696C61626C6520B4
:10CD100041545420636F6E7465787420666F72207E
:10CD2000636F6E6E202570004E6F20617661696CB6
:10CD300061626C6520415454206368616E6E656C5D
:10CD400020666F7220636F6E6E2025700041545410
:10CD5000204D54552065786365656465642C206DAD
:10CD600061782025752C2077616E74656420257AA2
:10CD70007500556E61626C6520746F206372656129
:10CD8000746520555549443A2073697A65202575A4
:10CD900000556E61626C6520746F2063726561740A
:10CDA0006520555549443A2073697A652025640009
:10CDB000415454206368616E6E656C206E6F742000
:10CDC000636F6E6E6563746564004572726F722086
:10CDD0007369676E696E6720646174610052616E89
:10CDE000206F7574206F66205458206275666665E2
:10CDF0007273206F7220636F6E74657874732E0087
:10CE0000476F74206572722025642C206E6F742029
:10CE100063616C6C696E67204154542063620054F6
:10CE20006F6F20736D616C6C2041545420504455D9
:10CE300020726563656976656400556E68616E642D
:10CE40006C65642041545420636F646520307825FC
:10CE500030327800496E76616C6964206C656E20B2
:10CE6000257520666F7220636F64652030782530E9
:10CE70003278004E6F7420636F6E6E656374656404
:10CE800000556E61626C6520746F2066696E642067
:10CE9000415454206368616E6E656C004E6F204192
:10CEA0005454206368616E6E656C20666F72204D0D
:10CEB000545520257A75004E6F2070656E64696E3A
:10CEC0006720415454207265717565737400415434
:10CED000542054696D656F757420666F72206465A7
:10CEE000766963652025732E20446973636F6E6EC7
:10CEF000656374696E672E2E2E00446973636F6ECE
:10CF00006E656374696E67206661696C656420286C
:10CF1000657272202564290062745F617474004335
:10CF20004D414320757064617465206661696C656C
:10CF300064202564004E6F20737061636520746FF8
:10CF40002073746F726520434343206366670075E6
:10CF50006E61626C6520746F207361766520534347
:10CF60003A206E6F20636667206C65667400766198
:10CF70006C75655F6C656E206F662025752070721C
:10CF80006F766964656420666F72204E554C4C2044
:10CF900076616C7565004E6F2073706163652074F7
:10CFA0006F2073746F726520436C69656E742053D3
:10CFB0007570706F72746564204665617475726512
:10CFC0007300556E61626C6520746F20696D706FBF
:10CFD000727420746865206B657920666F722041D9
:10CFE000455320434D414320256400434D41432098
:10CFF0006F7065726174696F6E20696E6974206606
:10D0000061696C656420256400434D414320666975
:10D010006E697368206661696C65642025640052DE
:10D02000656164206D6574686F64206E6F74207331
:10D030006574004661696C656420746F2072656177
:10D04000642061747472696275746520257020288B
:10D0500065727220257A642900496E76616C696474
:10D060002072656164206C656E6774683A20257A69
:10D0700064004C696E6B206973206E6F7420656E5E
:10D0800063727970746564004465766963652069CC
:10D0900073206E6F74207375627363726962656466
:10D0A00020746F2063686172616374657269737460
:10D0B0006963004E6F2062756666657220617661F5
:10D0C000696C61626C6520746F2073656E642069A1
:10D0D0006E6469636174696F6E0043434320257019
:10D0E000206E6F74207772697461626C65005343BF
:10D0F00020726573746F726520696E646963617410
:10D10000696F6E206661696C6564004E6F206275A0
:10D110006666657220617661696C61626C65207417
:10D120006F2073656E64206E6F74696669636174E5
:10D13000696F6E0062742F6363630062745F67617E
:10D140007474004E6F20617661696C61626C652059
:10D15000534D5020636F6E7465787420666F722033
:10D16000636F6E6E2025700062745F736D70005384
:10D17000656C656374656420414443206761696E32
:10D18000206973206E6F742076616C69640053654A
:10D190006C65637465642041444320726566657202
:10D1A000656E6365206973206E6F742076616C69AB
:10D1B000640053656C656374656420414443206179
:10D1C00063717569736974696F6E2074696D652028
:10D1D0006973206E6F742076616C696400496E76A5
:10D1E000616C69642073656C656374696F6E206F30
:10D1F00066206368616E6E656C73004368616E6E75
:10D20000656C202575206E6F7420636F6E6669678C
:10D210007572656400414443207265736F6C757468
:10D22000696F6E2076616C756520256420697320B6
:10D230006E6F742076616C6964004F7665727361FD
:10D240006D706C696E6720697320737570706F7292
:10D2500074656420666F722073696E676C65206305
:10D2600068616E6E656C206F6E6C79004F766572CA
:10D2700073616D706C696E672076616C75652025D1
:10D2800064206973206E6F742076616C696400504D
:10D29000726F76696465642062756666657220697E
:10D2A0007320746F6F20736D616C6C202825752F4F
:10D2B0002575290061646340653030300061646326
:10D2C0005F6E7266785F736161646300556E6B6E4A
:10D2D0006F776E2074797065202575004661696CE2
:10D2E000656420746F2073656E64202865727220F7
:10D2F000256429004E6F7420656E6F756768206421
:10D3000061746120666F72206576656E7420686551
:10D3100061646572004576656E74207061796C6F2A
:10D320006164206C656E677468206973206E6F7429
:10D3300020636F727265637400436F756C646E274F
:10D340007420616C6C6F6361746520612062756626
:10D350006665722061667465722077616974696EB2
:10D3600067203130207365636F6E64732E004E6FDB
:10D370007420656E6F7567682073706163652069DE
:10D380006E2062756666657220257A752F257A751E
:10D39000004E6F7420656E6F7567682064617461FC
:10D3A00020666F722041434C20686561646572009D
:10D3B0004E6F20617661696C61626C652041434CFF
:10D3C0002062756666657273210041434C2070616E
:10D3D000796C6F6164206C656E6774682069732076
:10D3E0006E6F7420636F7272656374004E6F742089
:10D3F000656E6F756768206461746120666F722066
:10D4000049534F20686561646572004E6F206176F4
:10D4100061696C61626C652049534F206275666674
:10D420006572732028257A7529210049534F207091
:10D4300061796C6F6164206C656E677468206973D4
:10D44000206E6F7420636F727265637400556E6B2B
:10D450006E6F776E2048434920747970652025757A
:10D4600000484349207472616E73706F7274207348
:10D4700065747570206661696C656420776974688D
:10D480003A2025640A004950432073657276696327
:10D490006520696E7374616E636520696E69746975
:10D4A000616C697A6174696F6E206661696C65642C
:10D4B0003A2025640A005265676973746572696E63
:10D4C0006720656E64706F696E74206661696C6553
:10D4D00064207769746820256400456E64706F6904
:10D4E0006E742062696E64696E67206661696C653E
:10D4F00064207769746820256400446572656769F3
:10D5000073746572696E672048434920656E647064
:10D510006F696E74206661696C65642077697468F0
:10D520003A20256400436C6F73696E67204950434D
:10D530002073657276696365206661696C65642035
:10D54000776974683A202564004843492074726101
:10D550006E73706F72742074656172646F776E2081
:10D560006661696C656420776974683A2025640097
:10D5700062745F6863695F69706330006E72665FD2
:10D5800062745F6863690062745F6863695F647294
:10D59000697665720062745F6863695F6E72663592
:10D5A000335F737570706F727400636C6F636B4080
:10D5B00035303030006866636C6B006C66636C6B92
:10D5C000006866636C6B3139326D006866636C6B42
:10D5D000617564696F00636C6F636B5F636F6E741A
:10D5E000726F6C00656E74726F70795F62745F68E1
:10D5F0006369007073612D726E67006770696F40B8
:10D60000383432383030006770696F403834323522
:10D6100030300074785F6D61736B20746F6F2062BF
:10D62000696720286F72204950435F434F4E465F21
:10D630004E554D20746F6F20736D616C6C290072B4
:10D64000785F6D61736B20746F6F2062696720284B
:10D650006F72204950435F434F4E465F4E554D20F9
:10D66000746F6F20736D616C6C2900456E61626C24
:10D67000696E67206368616E6E656C207769746897
:10D680006F75742061207265676973746572656473
:10D690002063616C6C6261636B0A0053656E646940
:10D6A0006E672064617461206E6F74207375707092
:10D6B0006F72746564005258206576656E74206FD1
:10D6C0006E20696C6C6567616C206368616E6E6565
:10D6D0006C005258206576656E74206F6E20646908
:10D6E0007361626C6564206368616E6E656C006D69
:10D6F000626F78403261303030006D626F785F6EFB
:10D700007266785F69706300000102030405060712
:10D710000B4661696C656420746F20616C6C6F638B
:10D7200061746520505049204368616E6E656C00DD
:10D7300075617274403830303000756172745F6E9C
:10D740007266785F75617274650054462D4D206E67
:10D750006F6E2D7365637572652063616C6C6261B9
:10D76000636B20696E697469616C697A6174696F51
:10D770006E206661696C65642C206572726F723A06
:10D78000202564002A2A2A2A2A2053454355524537
:10D79000204641554C54202A2A2A2A2A002020417A
:10D7A0006464726573733A203078257800202049CC
:10D7B0006E76616C696420656E74727920706F6931
:10D7C0006E74002020496E76616C696420696E7405
:10D7D000656772697479207369676E6174757265C3
:10D7E000002020496E76616C6964206578636570FD
:10D7F00074696F6E2072657475726E0020204174BA
:10D80000747269627574696F6E20756E69742076C2
:10D81000696F6C6174696F6E002020496E76616C6F
:10D820006964207472616E736974696F6E00202080
:10D830004C617A79207374617465207072657365C8
:10D8400072766174696F6E0020204C617A79207362
:10D8500074617465206572726F72002A2A2A2A2AFE
:10D860002053505520494E54455252555054202A69
:10D870002A2A2A2A00202053656375726974792048
:10D8800076696F6C6174696F6E20666F7220746860
:10D890006520666C617368206D656D6F72792073A9
:10D8A0007061636500202053656375726974792027
:10D8B00076696F6C6174696F6E20666F7220746830
:10D8C000652052414D206D656D6F727920737061D6
:10D8D00063650020205365637572697479207669E9
:10D8E0006F6C6174696F6E206F6E206F6E65206F54
:10D8F00072207365766572616C20706572697068FC
:10D900006572616C732E000C04241C0020303030D2
:10D9100030303030303030303030300001756E72A1
:10D920006567697374657265642025732062757319
:10D930000A0067656E65726963006D6574616C3AB3
:10D9400020656D657267656E63793A20006D657458
:10D95000616C3A20616C6572743A202020202000AE
:10D960006D6574616C3A20637269746963616C3AC5
:10D970002020006D6574616C3A206572726F723A96
:10D980002020202020006D6574616C3A2077617240
:10D990006E696E673A202020006D6574616C3A20D4
:10D9A0006E6F746963653A20202020006D65746194
:10D9B0006C3A20696E666F3A202020202020006D8E
:10D9C0006574616C3A2064656275673A2020202096
:10D9D000200025733A2066726565696E67206E6F58
:10D9E0006E2D656D707479207669727471756575C8
:10D9F000650D0A00756E65787065637465642062F4
:10DA000075666665722068656C6420636F756E74F8
:10DA100065720D0A0072785F76710074785F7671B6
:10DA2000004E530048616C74696E6720737973749B
:10DA3000656D00556E6B6E6F776E206572726F72DA
:10DA4000003E3E3E205A45504859522046415441DE
:10DA50004C204552524F522025643A202573206FA6
:10DA60006E20435055202564004661756C74206417
:10DA70007572696E6720696E746572727570742054
:10DA800068616E646C696E670A0043757272656ED8
:10DA900074207468726561643A20257020282573AB
:10DAA000290043505520657863657074696F6E0076
:10DAB000556E68616E646C656420696E746572721F
:10DAC00075707400537461636B206F766572666C59
:10DAD0006F77004B65726E656C206F6F7073004BD3
:10DAE00065726E656C2070616E6963006D61696E50
:10DAF000006F7300737973776F726B7100286E75A6
:0CDB00006C6C29002A666C6F61742A00AE
:10DB0C000000000000000000000000000000000009
:10DB1C0000000000000000000000000000000000F9
:10DB2C0000000000000000000000000000000000E9
:10DB3C0000000000000000000000000000000000D9
:10DB4C0000000000000000000000000000000000C9
:10DB5C0000000000000000000000000000000000B9
:10DB6C0000000000000000000000000000000000A9
:10DB7C000000000000000000000000000000000099
:10DB8C000000000000000000000000000000000089
:10DB9C000000000000000000000000000000000079
:10DBAC000000000000000000000000000000000069
:10DBBC000000000000000000000000000000000059
:10DBCC000000000000000000B1CA000000000000CE
:10DBDC000000000000000000000000000000000039
:10DBEC000000000000000000000000000000000029
:10DBFC000000000000000000000000000000000019
:10DC0C000000000000000000000000000000000008
:10DC1C0000000000000000000000000000000000F8
:10DC2C0000000000000000000000000000000000E8
:10DC3C0000000000000000000000000000000000D8
:10DC4C0000000000000000000000000000000000C8
:10DC5C0000000000000000000000000000000000B8
:10DC6C0000000000000000000000000094A801006B
:10DC7C000000000000000000000000000000000098
:10DC8C0079530100000000000000000000000000BB
:10DC9C009081002090810020678A01000000000024
:10DCAC000000000000000000000000000000000068
:10DCBC00B0810020B08100200000000001000000B5
:10DCCC00C0810020C0810020C8810020C8810020B4
:10DCDC000000000001000000D8810020D881002045
:10DCEC000000000000000000000000000000000028
:10DCFC000000000000000000000000000000000018
:10DD0C000000000000000000000000000000000007
:10DD1C0000000000000000000000000000000000F7
:10DD2C00D16301000000000000000720000001008A
:10DD3C0058A801000000000058A8010001000000D4
:10DD4C0002000000000000000000000000020000C3
:10DD5C00E56E0100F0AD01000000000058B30100B9
:10DD6C000000080064B30100000002000000000085
:10DD7C000000000000000000C9A10000000000002D
:10DD8C000000000074B3010000001000000000004F
:10DD9C00857201000000000000000000000000007F
:10DDAC00AF77010000000000000000000000000040
:10DDBC00C5B80000000000000000000000000000DA
:10DDCC002DE1000000000000000000000000000039
:10DDDC0061DA00000000000000000000DC8200207E
:10DDEC00DC820020000000000000000081EC00003C
:10DDFC00C5FB000000000000000000000000000057
:10DE0C0045F300001D8301004F82010075EC0000FA
:10DE1C000000000088B301000000020094B3010070
:10DE2C0000000A00A4B30100000020000000000064
:10DE3C000000000000000000000000002788010026
:10DE4C0000000000B8B3010000000200C4B30100E0
:10DE5C0000000200D0B3010000000200000000002E
:10DE6C0000000000000000007CD501000000000054
:10DE7C008D8A0100311101000000000094A80100FE
:10DE8C00808300208083002000000000010000003F
:10DE9C0090830020908300206CA80100FFFF0000FD
:10DEAC00FFFF0000918D01008D8D01000090D003CB
:10DEBC000070014000000000FFFFFFFF3F0000006A
:10DECC00FFFFFFFF3F00000000000000000000000B
:10DEDC000000000000000000000000000000000036
:10DEEC000000000000000000000000000000000026
:10DEFC000000000000000000000000000000000016
:10DF0C000000000000000000000000000000000005
:10DF1C0000000000000000000000000000000000F5
:10DF2C0000000000000000000000000000000000E5
:10DF3C00000000000000000008000000FF000000CE
:10DF4C0000000000030000000000000032D90100B6
:10DF5C00000000004D350100000000000000000032
:10DF6C0000000000000000000000000000000000A5
:10DF7C00000000000000000078840020788400205D
:03DF8C000D180667
:10DF8F000000000000000000000000000000000082
:04DF9F00000000007E
:10DFA400000000000000000000000000000000006D
:10DFB400000000000000000000000000000000005D
:10DFC400000000000000000000000000000000004D
:10DFD400000000000000000000000000000000003D
:04DFE4000000000039
:10DFE800DC840020DC84002070DD002000000000BC
:10DFF800010000002C00000000000000F884002050
:10E00800F884002060AF002000000000010000003C
:10E01800B0000000000000001485002014850020D6
:10E028009CDD00200000000003000000100000003C
:04E0380000000000E4
:10E03C000000000050C10020001000000000000093
:04E04C0000000000D0
:10E0500044850020448500200000000000000000EE
:04E060000E000000AE
:10E0640058850020588500200000000001000000B1
:10E074006885002068850020708500207085002058
:10E0840000000000FFFFFFFF808500208085002046
:10E094000000000000000000908500209085002012
:08E0A4009885002098850020FA
:10E0AC000000000000000000A8850020A8850020CA
:10E0BC00B0850020B08500200200020006000000A0
:10E0CC001575010024AF010070D500200000000080
:10E0DC0000000000D4850020D4850020DC850020C1
:10E0EC00DC8500200300030010000000000000008D
:10E0FC0048B0010018DC0020000000000000000007
:10E10C00008600200086002008860020088600205B
:10E11C00030003001000000039F20000F0B0010011
:10E12C00F8DC002000000000000000002C8600201D
:10E13C002C86002034860020348600200300030047
:10E14C00010000000000000034AF01003CD60020AC
:10E15C0000000000000000005886002058860020B7
:10E16C0060860020608600200A000A000100000082
:10E17C005575010014AF010018D4002000000000F8
:10E18C000000000084860020848600208C860020FD
:10E19C008C8600200100010010000000DDD9000079
:10E1AC0038B0010090DB00200000000000000000EF
:10E1BC00B0860020B0860020B8860020B8860020EB
:10E1CC000A000A00010000000000000004B0010079
:10E1DC0078DA00200000000000000000DC8600203F
:10E1EC00DC860020E4860020E4860020010001008B
:10E1FC00010000000000000044AF010094D7002093
:04E20C0015E015E024
:040000030000A87DD4
:00000001FF
