:020000040000FA
:10000000F80B0020B106000055070000355A00002B
:10001000555A0000755A0000B55A0000955A000064
:100020000000000000000000000000000D2B000098
:1000300055070000000000005507000055070000AC
:10004000550700005507000000000000A73300001E
:100050000000000055070000000000000000000044
:100060005507000055070000550700005507000020
:100070005507000055070000550700005507000010
:1000800055070000550700000000000000000000B8
:1000900055070000550700000000000000000000A8
:1000A00055070000550700005507000055070000E0
:1000B00055070000550700005507000055070000D0
:1000C00055070000550700005507000055070000C0
:1000D0005507000000000000550700000000000068
:1000E00055070000000000005507000055070000FC
:1000F0000000000055070000000000005507000048
:100100000000000000000000000000005507000093
:1001100055070000000000005507000055070000CB
:100120000000000055070000000000000000000073
:1001300000000000000000000000000000000000BF
:1001400000000000000000000000000000000000AF
:100150005507000000015F5F02000000FE0B000079
:100160009D2B000080060000000000000000000041
:100170000000000000000000000000000100FFC3BC
:10018000000000C4201400200000000001015F5F97
:10019000030100001F010000D50400000000000062
:1001A000000000000100000001000000000000004D
:1001B000000000000000000000000000000000003F
:1001C0000000000070000000D85E00008000000009
:1001D000000F0000010000001103000001015F5F3B
:1001E000040100001F0100004306000000000000A1
:1001F00000000000000000000100000000000000FE
:1002000000000000000000000000000000000000EE
:1002100000000000E35E0000400000000507000051
:08022000010000002F050000A1
:1002400038B50025054C29462046D4F80024C4F8CA
:10025000045405F098FCC4F8005438BD580E002032
:1002600037B511460022CDE9002242680346402AF4
:10027000046845D1228D150A032D17D0012D37D0E2
:1002800022482468D0F80404AA1ECDE90040082AB8
:1002900039D8DFE802F0050B0F14191E23283000AF
:1002A0006A46184600F039F903B030BD184600F030
:1002B00022F9F9E76A46184600F020F9F4E76A46A1
:1002C000184600F015F9EFE76A46184600F019F9EC
:1002D000EAE76A46184600F017F9E5E76A46184665
:1002E00000F015F9E0E76A46184600F013F9DBE77D
:1002F00000F016F9D8E76A46184600F015F9D3E77A
:100300006FF08000D0E76FF08500CDE7580E002039
:100310002DE9F04F05680446A3B0002D40F0B180F0
:100320002022294602A805F02EFC12AF20222946E1
:100330000AA805F028FC40222946384605F023FC8F
:10034000E26904F11C039846B2B10426E26A04F1A2
:100350002C03EAB10425EEB96FF08306304623B0D2
:10036000BDE8F08F002EF1D053F8041D3246013E57
:100370000029F7D01646E9E70326F5E7002DEAD075
:1003800053F8041D2A46013D0029F7D01546E2E73F
:100390000325F5E740233A460021606805F030FC6C
:1003A0004028D9D1CDE902700127DFF8DCA00DF19A
:1003B000080904F1100BBE421FD10AAF38460021D4
:1003C000314A08EB8509D2F80034C84533D109B168
:1003D000C2F80034A3683146C2F8043402A82B46A0
:1003E0000AAAFFF73DFF4FF000080646454507F112
:1003F00008073DD1FFF724FFB0E75BF8043F1A1D63
:1004000021D8DAF80004D91C21F00301C0F580627C
:10041000914218D8014400EB0A02CAF8001460683F
:100420003946019205F0ECFB019AC9F80C0001373E
:1004300049F8082FBFE758F804EF1EF1040F07D959
:1004400009B1C2F80034FFF7FBFE6FF08C0685E7B8
:100450000EF1030C2CF0030CC3F5806AD44500F1B7
:100460000800EDD8D11840E9021E63440121ACE731
:10047000414657E90223606805F0D7FB08F10108FF
:10048000B4E76FF0850669E7580E002008B54FF411
:100490000E720021024805F076FB002008BD00BF67
:1004A000200C002010B5044C0F222046034905F013
:1004B00045FB204610BD00BF61120020460600002B
:1004C00008B50121024803F025FB002008BD00BF4C
:1004D0006012002008B5FFF7D9FF40B9FFF7E2FF2F
:1004E000FFF7EEFF18B9BDE8084003F09DBB08BD5B
:1004F0006FF0850070476FF0850070476FF08500E2
:1005000070476FF0850070476FF0850070476FF09F
:10051000850070476FF0850070476FF08500704769
:10052000D1E9000103F044BB6FF085007047F0B5DE
:1005300003680546B3F57D7FA7B007D040F2F532DA
:10054000934207D06FF0850027B0F0BD01F0B8FCF2
:100550000020F9E700243C22214607A8CDE9024407
:10056000CDE90444069405F00EFB3C22214617A871
:10057000169405F008FBEA69019405F11C0302B327
:100580000426EA6A05F12C033AB30424731E012BF6
:1005900052D8012C50D80423002168680DEB0302C7
:1005A00005F02EFB04281AD06FF08000CCE7002E57
:1005B000E7D053F8041D3246013E0029F7D0164615
:1005C000DFE70326F5E7002CE0D053F8041D2246B0
:1005D000013C0029F7D01446D8E70324F5E7022EA2
:1005E00016D16E69402E29D806AF33463A4601210E
:1005F000686805F005FB8642D6D1CDE9027602A9EE
:1006000044B92246019801F022FE044620469BE7A9
:100610000021F5E72B6A402BC6D816AACDE90423A2
:10062000019804AA01F013FEDDE904230446002129
:10063000686805F0FAFAE9E7012085E76FF08900BC
:1006400082E7002070474D62656420544C5320338C
:100650002E362E32000000000000000000000000D6
:10066000E8300000010000002937000001370000D9
:10067000407C00008012002049000000407C000007
:10068000200C002000000000407C0000000C002036
:1006900000000000A4130020C0050000200C002072
:1006A00098010000000C00200800000002F0AEBC21
:1006B00008B572B61E4A1F4B9A601F4B83F3098818
:1006C0001E4B83F30A8883F30B881D4B16A1D1E9D7
:1006D0000001C3E9000100F05DF81A4B1A498B4292
:1006E00012D30020194B1A498B4218D303F030F86B
:1006F000186850F82240586840F822400132986843
:100700008242F5D30C33EAE70022F8E71C6844F88C
:10071000220001325C68A242F8D30833E4E70022E9
:10072000F8E700BFAFF30080A5EDF5FEA5EDF5FEFF
:100730000000000000ED00E0F80B002000040020A5
:10074000F80B0020700600009406000094060000DC
:10075000AC060000EFF30880EFF309812DE9F00FFC
:100760006B46724600F02EF908B0FFF79FFFFEE7D8
:100770004FF47F03D3F83021D3F83431072A05D161
:10078000023B032B02D8024AD05C7047002070471E
:10079000EA3300007D4A08B5D2F8D03043F00203B6
:1007A000C2F8D030FFF7E4FF58B1794BD3F8202AD4
:1007B0003AB90D21C3F8201A0121C3F81C19C3F856
:1007C0001C290022D30003F57F03D3F80013013165
:1007D00007D0D3F800130132D3F80433202A0B607A
:1007E000F0D1FFF7C5FF002840F0B980FFF7C0FF48
:1007F00040B1684B684AC3F830254FF050230122BE
:10080000C3F858254FF47F03D3F83021D3F834319F
:10081000072A09D1023B032B06D8604AD35C1BB1DF
:1008200000225F4BC3F84C25FFF7A2FF50B14FF0F9
:100830005023D3F80024D00742BF0022C3F814216C
:10084000C3F818214FF47F03D3F83021D3F83431A3
:10085000072A09D14FF05023D3F80024D10744BF11
:100860006FF00102C3F80024FFF782FF18B1652280
:10087000474BC3F80C274FF47F03D3F83021D3F84C
:100880003431072A16D1464BD3F82034002B11DA25
:100890004FF050230322C3F8182501229A60D3F8A1
:1008A0000421002AFBD00022C3F804210122DA60CF
:1008B000C3F818254FF47F03D3F83021D3F834312F
:1008C000072A23D1023B032B02D8364AD35CEBB173
:1008D0007E222F4B2F49C3F80C27C3F83C297F23D6
:1008E000314AC2F818310023C1F8043EC1F8083E6D
:1008F00001F54821C1F81031C2F82431C2F82C3179
:1009000002F5FF1202F58052C2F8A032274B9A6A14
:10091000D2072CD501211F4AC2F80415D2F80014C1
:100920000029FBD09A6A22F001029A62194BD3F88F
:100930000024002AFBD00022C3F80425D3F80024A9
:10094000002AFBD0BFF34F8F1049194BCA6802F43D
:10095000E0621343CB60BFF34F8F00BFFDE7292256
:100960000B4BC3F80C270322C3F83C273EE707498B
:10097000D1F88C2042F44062C1F88C2019680D4AED
:10098000C2F84415DB69C2F84C3508BD00ED00E043
:1009900000400050009003504400EFBEE6330000DA
:1009A00000200350E2330000002000500080FF00D0
:1009B0000400FA05006000507C22014905F0BEB831
:1009C000BC1A002038B51D46384B394C5B68C3F360
:1009D00008032360EFF3038363655306C4E9012032
:1009E000E16039D502F00C020C2A08BF0846014626
:1009F000206120222F4805F0A1F825B120222946A8
:100A00002D4805F09BF8294B9A6AA265D96AE165E1
:100A1000986B206602F400406066586BA06602F096
:100A20008000E0669A62D962D3F8E4202348226706
:100A3000D3F8E810616702F04001A167C3F8E42031
:100A40000E2101F0C3FA2268D31E042B22D8DFE85E
:100A500003F00F15181B1E00EFF39483990704D5BC
:100A6000130702D5EFF38980C1E7EFF38880BEE773
:100A70000C211348BDE8384001F0A8BA12211148F2
:100A8000F8E70B211048F5E70D211048F2E70E2199
:100A90000F48EFE70F2A98BF1421BDE8384089BFFF
:100AA00025210C480C48103A01F02ABC00ED00E06A
:100AB000BC1A0020D01A0020F01A0020EE330000EB
:100AC000FC330000083400001A3400002534000014
:100AD0003234000040340000543400002DE9F3416A
:100AE00006460F460C4DD5F82C80C04710F0010487
:100AF000FBD1394630466B69984740B9C047C307B8
:100B0000FCD42B6A019302B0BDE8F041184720469F
:100B100002B0BDE8F08100BF7C34000010B5094C84
:100B20000020A36898472369022098474FF4E131D9
:100B3000A46A0120A04701211520A0470122024BF1
:100B40001A6010BD7C340000381B0020064B82B0B8
:100B50001868002382B262F30F03000C60F31F4396
:100B6000184602B0704700BFC4340000014B18693A
:100B7000704700BF84120020014B5869704700BFC6
:100B80008412002010B5044C204600F025FF002000
:100B900084F8240010BD00BF8412002038B50C4D2D
:100BA0000C4695F8243013B94FF0FF3038BD0A4693
:100BB0000146284600F0A0FF064B984205D00B3BAB
:100BC0009842F1D100206C61F0E76FF00100EDE791
:100BD000841200200B00AD0BF0B51B4E054696F8B5
:100BE00024300C4691B01BB94FF0FF3011B0F0BD6E
:100BF00000F06043B3F1005F21D100230A460146B3
:100C0000304600F00BFC114B98421AD00B3B984237
:100C1000EAD1346111E0A71B402F28BF4027A91952
:100C20003A46684604F08AFF39466846FFF7D4FF23
:100C30000028DBD14036B442EDD80020D6E70026AC
:100C4000F9E76FF00100D1E7841200200B00AD0B33
:100C5000C3B2012B30B540F0A2804DF6C0239942BB
:100C600076D028D8B1F5615F75D011D8B1F5965F0F
:100C700073D008D8B1F5966F71D0B1F5166F71D0F9
:100C80006FF0070063E0B1F5165FF9D14B4B33E02D
:100C900047F61223994268D007D8B1F5964F67D02E
:100CA000B1F5E14FECD1464B26E0B1F5164FE7D157
:100CB0004FF41D0320E0434B99425BD011D8B1F5AE
:100CC000E13F5AD007D8B1F5614F59D0B1F5963F01
:100CD000D6D13D4B10E0B1F5613FD1D14FF06C73EF
:100CE0000AE0B1F5612F4ED0384B99424ED0B1F5A4
:100CF000E12FC5D14FF0E86310F4E06F52D110F44A
:100D0000404403D0B4F5804F4FD11024304900F453
:100D10004052B2F5805F8D8B3BD0B2F5005F3BD087
:100D2000002A45D110F4403003D0B0F5403F42D105
:100D300001204A7622432A430876024300200B62B0
:100D40008C768D830968C1F82435C1F86C2530BDD7
:100D50004FF46503D0E71F4BCEE71F4BCCE74FF4B2
:100D60009E23C9E74FF41D23C6E74FF40003C3E7F2
:100D70001A4BC1E74FF08063BEE74FF0EB73BBE760
:100D80004FF46B03B8E74FF07063B5E74FF0805353
:100D9000B2E700250E22C5E74FF48075FAE76FF041
:100DA0000300D4E76FF00800D1E76FF00A00CEE748
:100DB0006FF00900CBE76FF00B00C8E70050270089
:100DC00000C0750090D0030000903A0140420F002F
:100DD0008412002000F03A0000B0130000A04E0082
:100DE00010B58EB02822002104A804F0CCFE4FF0EC
:100DF000FF33CDE90033CDE902334FF0EB736846A2
:100E00000A930723104C8DF83530D4E9021201F013
:100E1000FBF801460022204600F052FA0B4B9842A4
:100E20000ED1DDE90B0100230A9AA06122620122A2
:100E30001846C4E90433A18384F824200EB010BD01
:100E40006FF00100FAE700BF841200200000AD0B34
:100E5000036803F01F025B09026004D0012B034802
:100E600018BF002070470248704700BF0028845018
:100E7000002584507FB500250C46C0F80851164661
:100E8000D0F80821D0F8002222F02002C0F8002279
:100E9000104AC0F8082301F007F9A560256104F1A4
:100EA0004C03D3E8EF1F21F47F0121F47041C3E824
:100EB000E21F002AF5D110222946684604F063FE9D
:100EC000042368468DF800300196D4E90013984752
:100ED00004B070BD10020A00044B054A1B68B3FB46
:100EE000F2F35843034B43F00103184780120020EC
:100EF00040420F00D034000007B5019001A8FFF771
:100F0000A7FF019B00EB8300D0F80022034B1340A6
:100F1000C0F8003203B05DF804FB00BFF0F0FCFF46
:100F20002DE9F04F804690F804A05020664F0E4601
:100F300000FB0A70416885B049B113F0020304D088
:100F4000836B002B00F0B2800123009300E000913E
:100F50004FF0500909FB0A73DB6CD90600F1A6803B
:100F60004FF0010BB3180293029BB34200F0A7802D
:100F700006F06043039398F80450D8F8004009FB4A
:100F800005739A6B9AB9039BB3F1005F40F09980A7
:100F9000019200F0F3FD09FB0572D16C204601F0CF
:100FA000010101F04FF828B900F0F0FDE3E701235B
:100FB0000193EEE7516C33460029BCBFD4F84C15C1
:100FC0005164019A42B109FB05713078D1E90E23D1
:100FD000D054D1E90E3213441BB1C4F84435C4F8DF
:100FE00048B50022C4F82021D4F82011C4F85821B3
:100FF000D4F85811C4F85021D4F850210822C4F86C
:101000000025009AE2B14FF48003C4F80433C4F819
:1010100008B000F0BBFD502303FB0A7251680029A1
:101020004BD1D26C120748D503FB0A734C33D3E87B
:10103000EF1F21F00801C3E8E21F002A36D0F6E7CF
:10104000C4F808B0019300F0A1FD09FB0572D16C52
:10105000019B01F001012046019300F0F3FF84465B
:10106000019BD4F84C05D4F84425BCF1000F0DD1F8
:101070009342F0D005EB850507EB0515D1B100F0E3
:101080007DFD2946204601F021F8C2E705EB8505E4
:10109000934207EB0515F1D10028EFD100F06EFD6A
:1010A0002946204601F012F800F070FD074805B00F
:1010B000BDE8F08FC4F80CB0E1E7013654E704480E
:1010C000F5E70448F3E700BF3C1B00200800AD0B28
:1010D0000000AD0B0400AD0B07B5019001A8FFF7B0
:1010E000B7FE019B00EB8300D0F80022044B1340B5
:1010F00043F00303C0F8003203B05DF804FB00BF07
:10110000F0F0FCFF07B5019001A8FFF7A1FE019BDD
:1011100000EB8300D0F80022044B134043F002039D
:10112000C0F8003203B05DF804FB00BFF0F0FCFF34
:101130002DE9F3470C4694F83330054690F80480C7
:101140000968002B36D150235A4F03FB0873DE6C1D
:1011500046F00072DA644A1C0AD001A80191FFF738
:1011600077FE0123019A934083600846FFF7B4FF9E
:101170006068431C01D0FFF7BFFE94F82C30012BB0
:1011800018D1502303FB0873E06846F02066421C28
:10119000DE6401D0FFF7B0FEA668731C0AD001A878
:1011A0000196FFF755FE0123019A93408360304674
:1011B000FFF792FF94F832703FB950223D4B02FB8B
:1011C0000833DA6C42F08072DA6494F82C6094F898
:1011D0002D0094F82E90228E2B68D4F828A032434C
:1011E00040EA09000243D4F80CC0D4E9018EC3F8E8
:1011F00024A5C3F86C254FB9012EC3F80C15C3F80C
:10120000148504BFC3F808E5C3F810C5D3F86825F2
:1012100003F26457012A08BFDA60D3F86425012A73
:101220000FD1082149F64046C3F800155A603B68C3
:10123000A3BB2B68D3F88024C3F880240022C3F812
:10124000002500212B6894F83520C3F81011D3F83D
:101250001001C3F82011D3F82001C3F82411D3F8EA
:101260002401C3F84411D3F84401C3F85811D3F84A
:10127000581143F307335201002BD2B214DB0E494D
:10128000C81880F800230122580903F01F0302FA4E
:1012900003F341F8203002B0BDE8F0870120FFF7EA
:1012A0001BFE013EC3D1C4E7044903F00F03CA5437
:1012B000F1E700BF3C1B002000E100E014ED00E07E
:1012C0002DE9F3479046502290F804904E4C02FBD3
:1012D00009FA04EB0A070D4697F84810064600295C
:1012E0007ED109EB890004EB001004F04CFC2B6963
:1012F000AA6944F80A306B69BB6302B1013A502312
:1013000003FB0943DA632A6A042A81BFEA699A6106
:101310000022DA6195F83430B8F1000F34D083F050
:1013200001073F0233B1502303FB0943DA6C42F05B
:101330000102DA64502303FB09440123C4F804804A
:1013400084F848303468D4F84C21FAB9294630463C
:10135000FFF7EEFE0822002334688DF80730C4F84A
:1013600000250DF10702C4F84425C4F848350123CF
:101370000A25A360E360D4F858319BBB0120FFF736
:10138000ABFD013DF7D125E04746CBE708224FF002
:101390006409C4F800256360D4F84431F3B9D4F883
:1013A0002431DBB90A20FFF797FDB9F10109F3D128
:1013B0004B460022C4F84C21D4F84C11C4F810213B
:1013C000D4F81011C4F84421D4F84411C4F800250D
:1013D000002BBBD10D4802B0BDE8F0870123E8E740
:1013E0000B48F8E70023C4F820319845D4F82021B1
:1013F000C4F80035074B08BF00231F433368064875
:10140000C3F80473E7E700BF3C1B00200100AD0BED
:101410000C00AD0B10020A000000AD0B2DE9F047E7
:1014200084460F469E4616460579002A51D04FF055
:10143000500ADFF8AC80D0F800900AFB058ADAF891
:10144000044074B96BB9DAF82C50002D43D1CAF8B6
:101450002C20FFF765FD0446CAF82C502046BDE855
:10146000F0871EF0030F07D0734632463946BDE8B9
:10147000F0476046FFF754BD07F06043B3F1005FEB
:101480004FF0500414D104FB058400F077FBE26AAE
:101490001AB1144C00F07AFBE0E7C4E90A7605EBD8
:1014A0008505484608EB051100F01BFE0E4CF1E7E0
:1014B00004FB0584A36B83B100F060FBE36A002B9F
:1014C000E7D1E36C012243F00203C4E90A76E36446
:1014D000E5E7064CC2E7034CC0E7054CBEE700BF9A
:1014E0003C1B00200B00AD0B0000AD0B0600AD0B4C
:1014F0000A00AD0B2DE9F84350230679284D046806
:1015000003FB0653D4F80473DA6AC4F8087322B9EB
:101510002448C4F80473BDE8F88306EB860005F19F
:101520004C024FEA001802EB0012D2E8EFCF4CF069
:10153000080CC2E8E0CF0028F7D10122E26031B305
:10154000D96C01EA02094946204600F07BFD0028DB
:10155000FAD000F013FBB9F1000F1CD1D4F8203100
:1015600053B10123E360D4F85831002BFBD020465F
:1015700005EB080100F0AAFD00F008FB0023C4F809
:101580002031D4F82021502202FB0655EB62064898
:10159000C4F80473BFE7D4F85831002BE7D1EBE768
:1015A0003C1B00200500AD0B0000AD0B2DE9F843FE
:1015B00090F804804A4E08EB88073F0107F14C057C
:1015C00004683544D5E8EF3F43F48052C5E8E02F86
:1015D0000028F7D1DA047FD44B0705D5502303FB4D
:1015E00008639B69002B79D03E4B3744C4F808331D
:1015F0000823C4F800350023C4F81031D4F81021B2
:10160000C4F84C31D4F84C21C4F844310A03D4F85E
:1016100044318B0303F4804302F400524903134323
:1016200001F400410B43D5E8EF2F1A43C5E8E12F41
:101630000029F8D14FF0500909FB0869D9F80830A2
:10164000EBB9D9F8043093B9502303FB0863DB6C82
:10165000D8043FD5D5E8EF3F23F47F0323F470434C
:10166000C5E8E23F002AF5D11F48BDE8F883032111
:10167000384600F0F4FCD9F80830002BE4D0D4F858
:101680000433590713D5502303FB08635A6872B11A
:10169000DB6C1A030BD5D5E8EF3F23F40023C5E834
:1016A000E23F002AF7D10621384600F0D8FC50234B
:1016B00003FB0863DB6CDB040CD5D4F84C310BB9AD
:1016C00001232360502303FB0866736813B1054BA5
:1016D000C4F804330548C8E70548C6E70548C4E729
:1016E0003C1B002010020A000200AD0B0000AD0BF5
:1016F0000B00AD0B0800AD0B2DE9F84F502390F80F
:1017000004905B4E046803FB09631746DA6CD4F857
:1017100004A350038846C4F808A300F1A38001F095
:101720006041B1F1005F40F09F80996859B15B68FA
:10173000002B40F08380D4F8101100297ED0C4F82B
:101740001031D4F81031502505FB0965EA6909EB21
:10175000890BC5E902874FEA0B1B002A49D0974243
:1017600035D84FF000093A46A9694046C5E90299C3
:1017700004F0E4F9EA69A869D21BC119EA6104F02E
:10178000A7F96B6823B93B48C4F804A3BDE8F88FF8
:10179000EB6C5E44990414D5374B5B44D3E8EF1FE0
:1017A00041F48021C3E8E21F002AF7D13A464146BE
:1017B000304600F065FC4A4631462046FFF75AFBAA
:1017C000E1E73A464146304600F05AFCDBE7404646
:1017D000A96904F0B3F9EB696B620023EB61264B56
:1017E0005B44D3E8EF1F41F40021C3E8E21F002A65
:1017F000F7D1502303FB0963586ADA689968DB6CF8
:10180000121A0144C4F83415C4F83825DA04BAD5DC
:10181000194B5B44D3E8EF1F21F48021C3E8E21F9A
:10182000002AF7D101232360D4F84431002BAAD039
:101830000023C4F84431D4F84431A4E7502303FB17
:101840000966336993B95304C4F83485C6E904873B
:10185000C4F8387597D5D4F8003243F02003C4F8A3
:10186000003290E705488FE705488DE705488BE78C
:101870003C1B00200000AD0B881B00200500AD0BB9
:101880000A00AD0B0B00AD0B50232DE9F0414E4D7E
:1018900090F80480046803FB0853D86CD4F80072F5
:1018A00000F48220B0F5805F05D009B10022DA6132
:1018B0004648BDE8F081D4F80463C4F8086309B968
:1018C000BB0652D44FF4A111D4F8003223F0200308
:1018D000C4F80032502303FB08574C37D7E8EF0F0A
:1018E0000843C7E8EC0FBCF1000FF7D122B903FBA6
:1018F00008535B68002B63D1354BC4F808330123D0
:101900006360D4F84431002BFBD00023C4F84C3181
:10191000D4F84C21C4F81031D4F81021C4F8443163
:10192000D4F84421502202FB0852D16C11F400413A
:101930001ED1D161204600F0B7FB502303FB0855B0
:101940000023AB602B61D7E8EF3F23F47F0323F440
:101950007043C7E8E23F002AF5D126F4202626F49A
:1019600004761C48C4F80463A3E74FF48031B1E760
:101970009269C4F84C31D4F84C11C4F834250522CE
:10198000C4F83825C4F81031D4F810310123E362CB
:10199000D4F81031002BFBD00023C4F81031D4F858
:1019A0001031D4F84C210AB1D4F83C25502303FB64
:1019B0000853DA610023C4F84C31D4F84C31B9E74C
:1019C00001236360CDE700BF3C1B00200500AD0B89
:1019D00010020A000000AD0B2DE9F04103682E4A09
:1019E0000579C3F8082343F30733002B04460DDBC6
:1019F00001215A0903F01F03994002F12003274AED
:101A000042F82310BFF34F8FBFF36F8F01222046A0
:101A10001146FFF739FF01212046FFF76BFD2368D0
:101A2000227950241E49D3F80C0504FB0212D46C11
:101A3000D3F81485E201D3F80865D3F8107509D5F9
:101A40004FF0FF32C3F80C25C3F81425C3F808255E
:101A5000C3F81025A20115D5431C01D0FFF752FB96
:101A6000B8F1FF3F02D04046FFF74CFB200109D5FB
:101A70007A1C02D03846FFF745FB731C02D0304673
:101A8000FFF740FB5023002203FB0513DA6483F8C1
:101A900048205A60BDE8F08110034A0000E100E0F0
:101AA0003C1B002010B5502402790E4B04FB02337E
:101AB0005B689BB90368D3F80025082A05D011B1EB
:101AC000D3F83C350B60084810BDD3F810213AB16B
:101AD00011B1D3F83C350B600448F5E70448F3E74F
:101AE0000448F1E73C1B00200C00AD0B0000AD0BDF
:101AF0000800AD0B0B00AD0B2DE9F3410546164672
:101B0000FFF7FAFD184B0446984226D103212846D8
:101B100095F80480FFF74AFD144FB84201D0A04267
:101B20001FD15022124B02FB08335B68ABB9019303
:101B3000284601A9FFF7B6FFB842F9D00D4B9842ED
:101B40000AD0019BB34207D301222846114602B0B6
:101B5000BDE8F041FFF798BE074C204602B0BDE853
:101B6000F0810446F9E700BF0000AD0B0B00AD0BA0
:101B70003C1B00200C00AD0B0800AD0B72B6024AF6
:101B800013680133136070478C1B0020034A1368ED
:101B9000013B136003B962B6704700BF8C1B002085
:101BA000003A18BF0122003918BF012103688900DB
:101BB000074841EA4201186359605A6842F001023D
:101BC0005A60BFF34F8FBFF36F8F0020704700BF85
:101BD00004AAFF000722024BC3F80423704700BF8A
:101BE00000300050084BD3F80801D3F8002100382A
:101BF00018BF012080000AB140F00100D3F8043181
:101C00000BB140F002007047003000500022074B3B
:101C1000C3F80021D3F80011C3F80421D3F804114C
:101C2000C3F80821D3F80831704700BF00300050D6
:101C300000231720094A03F5C0710133402B42F8F5
:101C40002100F8D100231720044A03F5E071013385
:101C5000402B42F82100F8D1704700BF00300050FF
:101C600010B59DF80840800B43EA0423064C890B0D
:101C700043EA0213884200D910BDC2B202F5C07215
:101C800044F822300130F5E70030005010B59DF8DF
:101C9000084000F1604043EA042301F16041074C31
:101CA000400B490B43EA0213884200D910BDC2B26F
:101CB00002F5E07244F822300130F5E700300050C0
:101CC000C0F30D03C3F58043B3FA83F3C3F11B03E1
:101CD000064AC0F38730DBB240F4807043F480736F
:101CE000C2F80005C2F80435704700BF003000504C
:101CF0004303014818447047FF1FF81F054BC0F30A
:101D00000730090241F0300100F5007043F820105F
:101D1000704700BF00300050044BC0F30730090289
:101D200000F5007043F82010704700BF00300050ED
:101D300008B5FFF757FF044B162118600348BDE8AC
:101D4000084000F043B900BFD8210020D63400007D
:101D50000C22014903F0F2BED8210020F8B501F0B1
:101D600007FB044630BB01F0BFFF044620BB144A0A
:101D70002721D368134823F008031B041B0C43F0EE
:101D8000BF6343F40033D36000F020F901220C213B
:101D90000D4800F0B5FA254601260C4F06FA05F36A
:101DA0009B0704D02A460621384600F0A9FA0135DF
:101DB000202DF3D12046F8BD45F22354FAE700BFA9
:101DC00000ED00E0EC340000133500001F3500008A
:101DD000024B1860024B002019607047E821002078
:101DE000E42100201FB5274C426923685A628269AA
:101DF0009A62C269DA62026A1A63426A5A63826A42
:101E00009A63C26ADA63026B1A64426B5A60826B2D
:101E10009A60C26BDA60026C1A61426C5A61826C21
:101E20009A61C26CDA61026D1A62826D5A65C26D86
:101E30009A65026FDA65026E1A66826E5A66426FA2
:101E40009A66EFF388825A64EFF389829A64426853
:101E5000DA64EFF394821A65026801A81A67FFF743
:101E600077FF2368019ADA6601221A70064B1C6814
:101E700064086400204621462246234603F043FFBF
:101E800004B010BDE8210020E421002000B5A1B07D
:101E900001A8FEF791FD029B63B15B060AD4019B8A
:101EA00023F00203052B05D1044B1B6813B101A8D5
:101EB000FFF798FF21B05DF804FB00BFE42100208C
:101EC000BFF34F8F0549064BCA6802F4E062134323
:101ED000CB60BFF34F8F00BFFDE700BF00ED00E018
:101EE0000400FA05F8B543680C2B26D14B68042B87
:101EF00023D14FF0FF3304680E6821683360E1B1ED
:101F0000A268D2B10623012001F084F9A8B9616862
:101F10000B4BD3E9005CA9420AD3A26865448F1831
:101F2000AF4205D8206803F009FE00203060F8BDFC
:101F30000130052803F10803EBD10220F7E700BFC9
:101F400028350000436870B50C2B32D14B68042B48
:101F50002FD14FF0FF3306680C683068236050BB08
:101F60007268550903D0012D1CD14FF6FF7302F0A2
:101F70001F02D340D90719D5B168072916D88B237A
:101F8000CB40DB0712D57DB1012D16D10D4B03EBF4
:101F90008203D3F8002222F0E04242EA0172C3F841
:101FA00000220023236070BD074BF0E74FF0FF33A2
:101FB000F8E70220F7E70320F5E70023803253F823
:101FC0002230FFDE0028845000258450FEF786BDB5
:101FD000012070476FF003007047002382B0019327
:101FE000019802B070476FF003007047002382B081
:101FF0000193019802B07047022814BF6FF00300EC
:1020000000207047FEF7E8BD30B501EB8202914237
:1020100000D130BD51F8044B04F07F037F2B4FEA11
:10202000144408BF4FF0FF33032CF0D8DFE804F06E
:10203000020406080360EAE74360E8E78360E6E736
:10204000C360E4E70346D0F8580130B931B9D3F89A
:102050002001003818BF012070470120704730B5BB
:1020600004460D4685B010220021684603F08BFD22
:10207000D4E9001368468DF80050984705B030BD8C
:102080007FB504460E46154600211022684603F02F
:102090007AFD012368468DF80030CDE90165D4E969
:1020A0000013984704B070BD10B50446FFF766FDF5
:1020B000D4F8583133B1D4F8043313F4800308BF93
:1020C000C4F80035BDE81040FFF760BDD0F85831C6
:1020D00033B1CB6CC3F30032DB0458BFC0F800252A
:1020E000704770B5CE6C0D4606F001010446FFF74F
:1020F000A9FF38B94FF4800346F00406EE64C4F833
:10210000043370BDD5E90A365AB1296CEA6B761AE8
:10211000964228BF164619443246A86B03F00EFDBE
:10212000AB6B4FF0FF326A641BB1C4F84435C4F89E
:1021300048650023C4F82031D4F82021C4F8583170
:10214000D4F85821C4F85031D4F850310823C4F8D9
:1021500000354FF48003C4F804330123A360D0E7B3
:102160004B6830B513F01F052DD102680C6810685C
:10217000C0F30720844226D25068556094600C7CDE
:1021800023F01F0304F001041C438B7CDB0003F0ED
:1021900018031C434B7C5B0003F006032343D3600E
:1021A0008B68013B23F01F04CB685B0003F00E0338
:1021B000234343F0010313615060BFF34F8FBFF31C
:1021C0006F8F284630BD0120FCE7036800205A6865
:1021D000C9B258609960D86018615A60704770B58C
:1021E0000546002403681E68C6F30726B44201D1E1
:1021F000002070BD21462846FFF7E7FF0134F5E7D0
:1022000080037047800300F57F503F307047002007
:1022100070473F2070474FF48040704700F57F4083
:10222000C03040037047402070477F2070474FF414
:10223000005070470020704708B5FFF727FE72B6C0
:1022400020BFFDE70020704700207047704703461D
:1022500070B508461146042B3AD8DFE803F00307AF
:102260000B390F00BDE87040FFF73CBEBDE8704081
:1022700000F030B8BDE87040FFF764BE4368082B3B
:1022800001D0022070BD4C68042CFAD14FF0FF330E
:1022900005680E68296833600029F2D06B68002B4E
:1022A000EFD026237422012000F0B4FF0028E8D1EB
:1022B000224623230120696800F0ACFF0446002871
:1022C000DFD1D5E90001FFF783FD30602046D9E773
:1022D0000320D7E743680C2B01D0022070474B68DE
:1022E000042BFAD10B6801210268196011680131D1
:1022F000F3D10221906819600028EED11860704770
:1023000030B50C46154685B038B139B1FFF75EFEE1
:10231000041E03DA204605B030BD044640F60D2306
:10232000ADF80E3009230B4901A805F00F028A5CB5
:102330002D091A54013B012BF7D147F630030C212C
:10234000ADF80430FFF742FE0028B4BF044624185D
:10235000E0E700BF5035000008B5154B83F30A884D
:10236000144800F0F0FF00BBFFF7F8FCE8B92821A3
:102370001148FFF72BFEFFF75DFFB0B9FFF762FFD3
:1023800078B9FFF763FF00F044FF35210B48FFF7F2
:102390001DFE00F0D7FD00F0EDFB00F0B7F80020C7
:1023A00008BDFFF751FF0028EBD000F02FFEF2E749
:1023B00000040020901B00206035000088350000DC
:1023C00030B5094C024661680023084640B10568F3
:1023D0006D68954205D11BB1826860609A6081602A
:1023E00030BD03468068F1E7141C002038B5044670
:1023F0002AB10B689B68DB0512D5002038BD0B4B5A
:102400001D680DB900F002FE00222B689969343373
:102410008A4203D053F8040FA04204D19142ECD178
:102420006FF0FC00EAE70132F2E700BF1C1C00205D
:1024300070B504460E461546002130220C3003F0DC
:10244000A2FB064B20461B68A6606360656100F036
:10245000C4FE00232061236070BD00BF1C1C00204F
:10246000034B186810B1006800B14068704700BFA6
:102470001C1C0020064B10B51C680CB900F0C6FDF2
:1024800023689B6813F4406F14BF0120002010BD27
:102490001C1C00202DE9F843904607460C46FFF728
:1024A000E9FF024624B96FF080042046BDE8F883B6
:1024B0006300F8D5144B04F01F0153F82150002D90
:1024C000F1D02B6829465868FFF790FFB0B9C4F3E4
:1024D0000721284600F09CFD04460028E3D1EFF3D5
:1024E000108972B600F086FE064689F3108840B166
:1024F00042462946FFF79CFF3E60D6E76FF0810415
:10250000D3E76FF08204D0E7941B00202DE9F0415F
:1025100000F06FFE0023134E134F73607B6000F0DA
:10252000E9FADFF84880304600F022F80446A0B10E
:1025300039468023424600F0A1F80546204600F0C7
:10254000ACFD2068211D00F041FB08B100F05EFDEC
:102550002946204600F07AFAE5E7BDE8F04100F0B0
:102560008BBA00BF201C0020141C0020941B0020EC
:10257000F8B5054608B900F049FD3B4E346814F142
:10258000310F6ED8394B196804F130038B4268D291
:10259000E369A26903EB83030E321344226A02EB60
:1025A00042021344626AC2EBC20213449B00E31866
:1025B00001D2994201D200F029FD23682C4A1B0C5C
:1025C0001B04934201D000F021FD2388B3F5817FE5
:1025D00001D300F01BFD6368002B01DA00F016FD4B
:1025E000D4E90A239A4201DD00F010FDA36813F438
:1025F000406F22D11F4A176807F1200313601E4A5B
:102600001268934201D900F001FDE369A26903EB6E
:1026100083030E321344226A3C6002EB42021344ED
:10262000626AC2EBC2021344326802EB83026B6837
:102630003260FB616F603846F8BD6F68002FD9D0FB
:102640003B689A6812F4406F09D0E16A9A6A914235
:1026500005DBA26ADB6A9A4201DC00F0D7FCFF6965
:10266000ECE70027E7E700BFB4120020C835000000
:1026700000005F5FB0120020C43500002DE9F74F65
:102680000F4690460646009300B109B900F0BEFC23
:10269000D6F800A0DAF818200AF1380303EB820B11
:1026A000DAF81C40204B1D6854B10C2202FB045484
:1026B0001C601E4B1B689C4201D900F0A7FC2C46F5
:1026C00025464FF00009DAF81C204A4500D91CB90C
:1026D000002003B0BDE8F08F142303FB09B20023F0
:1026E000C5E900269268AB60930516D5B8F1000FD6
:1026F00002D0009B802B03D0019200F087FC019A4E
:1027000012F0E00FD0B202D158F820201AB1019097
:1027100000F07CFC019848F820507A6809F1010922
:10272000AA607D600C35CEE7AC120020C0350000F9
:102730002DE9F04F93B000935E4B0746D3F800B0FD
:102740000BB2002B0D461646C1F30269C1F3024AD3
:1027500004DA6FF0800013B0BDE8F08F8B42C360E5
:1027600001D10020F7E709EB0A03042BF1D8CC0FC5
:1027700064014FEAC90831464246DBF8040044F0E0
:10278000020300F047FD01460028E2D1202202A802
:1027900003F0F9F94246314602A84FEACA0603F0AF
:1027A000CDF932460099DBF8040044F0060300F04E
:1027B00031FD80460028CCD1014620220AA803F032
:1027C000E2F9324600990AA802AE03F0B7F933469F
:1027D00008F10108C14514D91A46C4460DE0D2F8E3
:1027E00008E0D16818687144884203D259680844E7
:1027F0008645AED30CF1010C0832CC45EFD108333D
:10280000E6E715F0006F18BF20241022002107F121
:102810001C0003F0B8F907F118081022002107F195
:102820002C0003F0B0F908EB890944F00203C84515
:1028300012D1202C27D1002D02DBC5F3C0456C013D
:1028400007F128050AAE05EB8A0A44F0060455454F
:102850001BD1009BFB6784E77268DBF8040056F825
:10286000081B019300F0D6FC00287FF472AF56F8E5
:10287000042C019B48F8042F56F8082CC8F83000A7
:10288000C8F82020D3E70024DAE77268234656F818
:10289000081BDBF8040000F0BDFC00287FF459AFF2
:1028A00056F8043C45F8043F56F8083C28642B636E
:1028B000CDE700BF1C1C00202DE9F0411F461A4B3C
:1028C0000D461646D3F8008000F0B4FB044608B964
:1028D00000F09CFBE368002B01DA00F097FB032D6E
:1028E00001D900F093FB04EB8504E569E36CED1A74
:1028F00016D006233A463146D8F8040000F08AFC88
:1029000008B100F083FBBD4228BF3D46E36CE16B9C
:102910002A461944304603F011F9E36C2B44E36472
:102920002846BDE8F08100BF1C1C00202DE9F041C5
:102930001D461A4B0F461646D3F8008000F07AFB6E
:10294000044608B900F062FBE368002B01DA00F0EE
:102950005DFB032F01D900F059FB04EB8704E36A08
:10296000E26E9B1AAB4201D200F050FB02232A46D2
:102970003146D8F8040000F04DFC08B100F046FBE9
:10298000E36EE06D2A463146184403F0D7F8E36E53
:1029900000202B44E366BDE8F08100BF1C1C002032
:1029A0002DE9F04105464FF001080E4E0E4B3768F9
:1029B0005C681CB928463760BDE8F08122689368DE
:1029C00013F400700CD16369012B09D0D368346013
:1029D00023B19847002801DA00F018FBC4F81480EE
:1029E000E469E6E71C1C0020201C002038B50446E2
:1029F00010B96FF0800038BD8368002BF9D01A68D9
:102A0000002AF6D05D68002DF3D00B4BA8616869F1
:102A10001D6020B92B68DB6853B901236B61A36883
:102A200004F10C001B681B69984701232360E2E74F
:102A300098470028F1DADCE71C1C00204268024BB2
:102A400008461A60704700BF1C1C00200022036863
:102A500010B5C0E905229A68044612F4406F07D009
:102A6000120503D5D3E90A0100F034F8014B1C60CC
:102A700010BD00BF1C1C002038B5124B1B681C6821
:102A8000A36813F4406F01D100F0C0FA00F05EF9C2
:102A9000226B23690C49134423F00703A3F10805B3
:102AA00043E9021185F30988073222F0070282F315
:102AB0000B88BFF36F8F054BE268054900F085FC7A
:102AC000002038BD1C1C0020A5EDF5FEF80B0020F1
:102AD000A1290000014BC3E900017047281C002018
:102AE000034BD3E900308342C8BF0020704700BFCA
:102AF000281C002008B500F01DF9034B986000F079
:102B00001FF980F3888808BD00ED02E0EFF308802C
:102B10007146EFF30982EFF30B830CB406B400F0B7
:102B200031FA8646009900F0080001F00801401AC9
:102B300002DC12DB04B070471EF020031CBF2DE93D
:102B4000F00FBDF1080D0A4C254626462746A04643
:102B5000A146A246A34630B4704704B030BC1EF074
:102B600020031CBF1DF1080DBDE8F00F04B0704735
:102B7000A5EDF5FE084BDA6882F07F4282F47F0211
:102B800042F48042DA6000221A765A76DA76DA77F0
:102B9000602283F82220704700ED00E0009A0A4B83
:102BA0009A420FD101229043014602460346044651
:102BB0000546064607468046814682468346844649
:102BC00086460447FEE70000A5EDF5FE2DE9F0413D
:102BD000044618B943F6DA30BDE8F0810029F9D08F
:102BE0008368002513F4406F14BF01230023134FA3
:102BF00043F00203DFF848800B6000F13806236AD7
:102C0000AB4201D80020E7E71421A369E26906EB93
:102C1000830301FB02330C226A4399188968090770
:102C200009D59B58BB4201D04345D3D1186810B198
:102C30000121FFF763F80135E1E700BFC41200206E
:102C4000BC12002070B5324C86B03248FFF7C7FA8C
:102C5000236801255A1C01932F4B2260DA681B69F7
:102C60004FF44076039300232A4801A90292049569
:102C7000ADF814608DF81630FFF772FA18B143F60C
:102C8000DA3006B070BD23688DF816005A1C019327
:102C9000224B20480293224B01A9CDE90335226043
:102CA000ADF81460FFF75CFA0028E8D123688DF8CE
:102CB00016005A1C01931B4B164802931A4B01A98C
:102CC000CDE903352260ADF81460FFF749FA00281A
:102CD000D5D123688DF816005A1C0193134B0D486B
:102CE0000293134B01A903930223049340F20113AF
:102CF0002260ADF81430FFF733FA04460028BED145
:102D00002A4629460348FEF74BFF2046B9E700BF95
:102D1000301C0020B812002070360000C0360000C1
:102D2000005F00006006000060060000000C00204C
:102D3000200C0020014B1868704700BF703600005F
:102D4000014B1B681868704770360000014B1B6808
:102D5000586870477036000008B5FEF7E9FFFEF7C7
:102D600055FF0A4B5A68103AD3B2120609D4012112
:102D70005A0903F01F03994002F16003044A42F824
:102D80002310BDE8084000F041B900BF00ED00E0AD
:102D900000E100E0054B03EB8000D0F8003223F0A7
:102DA000E04343F04053C0F80032704700258450A0
:102DB0000020034BD8765A6A42F470225A62704758
:102DC00000ED00E00349044BCA68002092B21343AF
:102DD000CB60704700ED00E00800FA05074A084B99
:102DE00011680020C3F84415D269C3F84C250222AB
:102DF000C3F84025C3F84825704700BF0080FF0096
:102E00000060005000224FF0FF300D4B02F1A00196
:102E10000132102A43F82100F8D1D3F88022002093
:102E200022F00802C3F88022D3F88022D3F880224F
:102E300022F40072C3F88022D3F88032704700BFBA
:102E400000E100E008B5FEF7C5FE0822024BC3F81A
:102E500080211A60002008BD00E100E0064BD3F895
:102E6000D02022F00102C3F8D020D3F8D02042F0C5
:102E70000202C3F8D020704700ED00E037B501240E
:102E8000FEF7D6FE134D2246052347F6FF710020BC
:102E90000094FEF7E5FE224607234FF000500E494E
:102EA0000094FEF7F3FED5E9010107230022009408
:102EB000FEF7D6FE07230022084909480094FEF7D2
:102EC000E5FE2969E8680139FEF7FAFE002003B043
:102ED00030BD00BF70360000FF7F0020FFFF0720DD
:102EE0000080002038B50024134D002155F8040B54
:102EF0000134FEF711FF292CF7D10121002403230F
:102F00000E4A2046C2F88044C2F88414C2F8C04475
:102F1000C2F8C414C2F8C834C2F8CC14FFF73AFFA0
:102F20000846FFF737FF064B2046C3F800154FF45D
:102F30008073C2F8403438BDCC35000000300050FA
:102F4000001000500122014B1A607047341C002011
:102F500010B50446094B2289186861680623406849
:102F600000F058F928B9064B1B68012B01D1FFF777
:102F700077FA6FF08603236010BD00BF1C1C002091
:102F8000341C002001F00C0370B50C2B0CBF15464F
:102F900005464A060C461ED58B0658BF2835AB6938
:102FA00013F8026C84F00803C3F3C003C6F3801265
:102FB000934201D000F02AF816F0A00F1CD176B190
:102FC000032E15D032461C210D48FFF799F96FF0FA
:102FD00083032B600AE000F019F82026E2E7FFF7F0
:102FE00095FA04460146074800F0EBF9204670BD0B
:102FF0002846FFF7ADFFF9E732461F210248E4E714
:1030000084360000F80B0020A0360000FFF714B94A
:1030100003689A68DB6812F4806F05D18B422CBF7D
:1030200000206FF0FA0070478B420CBF00206FF059
:10303000FA00704710B500F0D3F8044600F0E1F84C
:1030400050B9FFF70DFAA3685B681B685B688342A1
:1030500018BF0024204610BD0024FBE738B5054604
:1030600048B1FFF73DFDB5EBD07F044601D0FFF737
:10307000CDFF204638BDFFF7F3F9F4E7002310B584
:1030800000F1280252F8041F19B1C16F146C1944E1
:103090004C600833202BF5D110BD704782300128D9
:1030A00008B506D8FFF7E6F918B9BDE80840FFF7FC
:1030B000ADBF08BDF8B506460D46FFF7BBFF044699
:1030C00008B9FFF7A3FFA7680FB9FFF79FFFE368F1
:1030D000991C20D05A1C21D1A5B315F1820F13D110
:1030E00002232360EFF3108672B629462046FFF7CD
:1030F000A5FC054686F310882368022B24D12046C0
:1031000000F081F82846F8BD15F1830FEAD0FFF7EB
:103110007DFF0025E6E702232360FAE7002BF6DBBC
:103120002046FFF7ABFF3B689B689B0501D5022358
:10313000236015F1810FD5D16369002BD2DBFFF736
:1031400065FFCFE73546F4E700232360DAE708B5EB
:10315000FFF772F86FF0830008BD2DE9F3410E46CA
:10316000174698460546FFF785F9FFF777FF29468A
:10317000024601A8FFF78EF9044660B943463A4675
:1031800031460198FFF7D4FA044640B16B0002D5EE
:10319000019800F038F8204602B0BDE8F0810198AF
:1031A000FFF724FC0446F6E740F20110704770B5C3
:1031B0000546FFF75FF906462846FFF701F9044682
:1031C00008B9002070BD014632462846FFF70EF9C7
:1031D0000028F6D12368D868F4E74FF48050704790
:1031E000B0F5805F03D1EFF30B808038704700208B
:1031F00070477047EFF30B8000F1800383F30B8877
:10320000704700207047EFF30B83803B83F30B88FC
:10321000704770472DE9F0410F461546002A5BD0F4
:10322000002900F08D8003F00602062A57D09A0785
:1032300040F1868008249B0648BF44F012048607AC
:1032400058BF44F00404C00709D5EFF39483D907AD
:103250004CBF44F0040424F0040444F01204224659
:103260002946384602F042FBB0BB47E800F205EBC6
:103270000708110E120208F1FF3646E800F34FEA84
:1032800013605AD51B0258D5884256D047E800F53E
:1032900046E800F6FEF7BBFF2D0E85424FEA1666A4
:1032A00028D3FEF7B6FF864224D82846FEF7AAFFA9
:1032B0002246C7F101010144384602F017FBE0B392
:1032C0000135AE420DD83046FEF79AFF2246A8EBF4
:1032D000000102F00BFB80B30020BDE8F081012467
:1032E000A9E72846FEF78CFF0746FEF794FF224623
:1032F0000146E1E7FEF797FF85421ED3FEF795FFF3
:1033000086421AD82846FEF7F3FC2246C7F101018F
:103310000144384602F0EAFA78B10135AE4203D8EA
:103320003046FEF77BFFD1E72846FEF777FF0746DA
:10333000FEF77DFF22460146EBE76FF07F00CCE70A
:103340004CF2DA20C9E710B50446FFF787FDFFF716
:1033500095FD10B143F6DA3010BDFFF7C3FD00282C
:10336000F8D1FFF76FFC0028F4D102232360F3E7C4
:1033700008B5FFF71DFD10B143F6DA3008BDFFF7C1
:1033800021FD0028F8D1FFF729FD0028F4D162B60D
:10339000FDF7C4FBFFF736FD0028EDD1FFF752FD26
:1033A0000028EBD0E8E7EFF30880EFF309812DE97F
:1033B000F00F6B467246FDF705FB08B0FFF7CCFC3B
:1033C000FEE704460D46A546284783F3088896463F
:1033D0000222EFF31483134383F31488BFF36F8F38
:1033E0000847000000010101000001000000464103
:1033F00054414C204552524F523A20004861726469
:103400004661756C740D0A004D656D4D616E6167A6
:1034100065206661756C740D0A00427573466175AE
:103420006C740D0A0055736167654661756C740DA7
:103430000A005365637572654661756C740D0A0008
:10344000526573657276656420457863657074694A
:103450006F6E2000506C6174666F726D20657874B9
:1034600065726E616C20696E74657272757074201D
:10347000284952516E293A20000000004D0B0000EF
:10348000D11F0000E10D0000850B0000F91F0000B6
:10349000052000009D0B0000D51F00006D0B0000F3
:1034A000790B0000510C0000DB1F0000E71F00003B
:1034B000ED1F0000210000000B00000220000001B1
:1034C0000A000003030202020000000000000000E6
:1034D0000338FDD87047506C6174666F726D20457B
:1034E0007863657074696F6E3A0D0A0050696E7387
:1034F0002068617665206265656E20636F6E66691F
:103500006775726564206173207365637572652EDB
:103510000D0A004750494F20706F72743A200050D6
:10352000696E3A20000000000002FF002C0000003D
:103530005004FF00100000003001FF0008000000F0
:10354000200CFF00040000000081FF0000030000C9
:1035500030313233343536373839414243444546C9
:103560001B5B313B33346D426F6F74696E6720545F
:10357000462D4D2076322E312E312D6E6373342D33
:10358000311B5B306D0D0A001B5B313B33346D5BCF
:10359000536563205468726561645D20536563758B
:1035A000726520696D61676520696E697469616C17
:1035B000697A696E67211B5B306D0D0A000000009F
:1035C0001C140020041400202802000000000050F9
:1035D00000400050005000500080005000B00050EB
:1035E00000C0005000A0005000E0005000F000506B
:1035F00000000150001001500040015000500150E7
:1036000000700150008001500090015000A0015056
:1036100000B0015000C0015000D0015000E0015046
:1036200000F0015000000250001002500020025033
:1036300000300250004002500060025000800250F2
:1036400000A0025000B0025000D002500000035011
:1036500000300350004003500060035000700350DE
:10366000009003500025845000288450001008501A
:103670000080000000800000FFFF0F00007C0000C1
:1036800000800000556E6B6E6F776E2053504D209A
:10369000535643207265717565737465643A2000F2
:1036A000556E6B6E6F776E20535643206E756D624C
:0F36B0006572207265717565737465643A2000E8
:1036C0000348044B834202D0034B03B118477047B1
:1036D000A4130020A4130020000000000548064B9E
:1036E0001B1AD90F01EBA301491002D0034B03B100
:1036F00018477047A4130020A41300200000000006
:1037000010B5064C237843B9FFF7DAFF044B13B129
:103710000448AFF300800123237010BDA01A0020DD
:1037200000000000F85E000008B5044B1BB104491E
:103730000448AFF30080BDE80840CFE70000000078
:10374000A41A0020F85E0000A3F5803A704700BF7D
:10375000174B002B08BF134B9D46FFF7F5FF0021C9
:103760008B460F461348144A121A02F00CFA0E4BFD
:10377000002B00D098470D4B002B00D0984700201D
:10378000002104000D000D48002802D00C48AFF3C2
:10379000008002F023F920002900FEF7DDFD02F091
:1037A00009F900BF00000800000000000000000050
:1037B000F80B0020A4130020A42A00200000000021
:1037C00000000000009A074B9A4208D110B502F0A1
:1037D000FDF902F029F906BC96460C46744702F042
:1037E00039FA0000A5EDF5FE009A074B9A4208D180
:1037F00010B502F0F7F902F017F906BC96460C4630
:10380000744702F027FA0000A5EDF5FE0CB4029A09
:10381000084B9A420CD14FF0004319430CBC10B531
:1038200000F022F802F000F906BC96460C467447F8
:1038300002F010FAA5EDF5FE009A044B9A4202D16F
:1038400003490868744702F005FA0000A5EDF5FE8B
:10385000585D0000009A034B9A4200D1744702F071
:10386000F9F90000A5EDF5FE2DE9F84304460D46F3
:1038700016461F46EFF30583C3F308030BB1FFF7AA
:10388000C5FBDFF834903B46204632462946D9F83E
:103890000080FFF762FCD9F800300446984506D056
:1038A0009B6901461869BDE8F843FFF703BCFFF7C1
:1038B000F5FB2046BDE8F8831C1C002001680E4A79
:1038C0000346914215D1C169A2F11022A2F1EF1273
:1038D00091420ED18268012A0BD8C26812B10169E7
:1038E0008A4206D0586928B19B691B1A5842584130
:1038F00070470120704700BF55AA00FF0D4B70B5FF
:103900009E68A6B13046FFF7D9FF044678B9F36840
:103910006BB935690DB9204670BD2846FFF7CEFF5B
:1039200028B9EB68B34202D12E462D69F2E7012493
:10393000F1E700BF381C00202DE9F041394E346812
:10394000F368D4B1B468C4B1002861D000295FD055
:1039500001FB00F5B5FBF0F0884259D1291D57D87D
:10396000AA070DD025F0030204321C4603E061686B
:1039700091424FD2A469002CF9D12046BDE8F081D4
:103980002A46F2E7891A232904F12007D4E9050C15
:103990001AD80123A360A0B1C0F818C0A36903B16D
:1039A00058610023C4E905333369DB0702D5FFF70B
:1039B000A5FFA0BB2A46002138463C4602F0E3F8AA
:1039C000DBE7C6F80CC0E9E702F1200804EB0803C6
:1039D0002039C3E9011E2169DFF84CE0DC60196180
:1039E00044F808E0AEF1102EAEF1EF1EC3F81CE073
:1039F00001B1CB60C3E9050C40B18361996901B1A4
:103A00004B6101212361C4E90121CAE7F360F5E7B5
:103A10000024B2E7D4F808E0BEF1000FB2D00120D4
:103A200001F0C8FF381C002055AA00FFF8B5054674
:103A300000283AD0364E3368002B36D0B268002AC0
:103A400033D0834203D872681344984202D30120D2
:103A500001F0B0FFA0F120042046FFF72FFF00285F
:103A6000F5D155F8183C012BF1D145F8180C55E962
:103A70000570DFB1BB68CBB955F81C2C7B682032D0
:103A800013447B60386100B1C760202200212046CA
:103A900002F079F8386908B183682BB333699B0762
:103AA00003D5FFF72BFF0028D1D1F8BD40B38368C1
:103AB00033BB426863681344203363600369D4E90D
:103AC0000521236192B9B9B9426981696261A16135
:103AD000A2B19461A26902B1546103B1DC602022F9
:103AE000002102F050F8D9E73C46E2E79161A16974
:103AF0000029E9D04A61E7E7F160F8E7F460E9E717
:103B0000F36845F8083C03B15C61F460C6E700BFA8
:103B1000381C002038B50D461422002104461248F6
:103B200002F031F81149124800F02CF8232D1AD96F
:103B300014F003031FBF043DED18C3F10403E418A0
:103B40002A460021204602F01EF8074B094AC3E925
:103B500000459C602260A2F11022203DA2F1EF12EC
:103B60006560E261DC6038BD381C00202D3A000041
:103B70003939000055AA00FF014B1B68184700BFE8
:103B8000CC120020024B1860024B002019607047D5
:103B9000D0120020CC12002010B50A46044619B1FC
:103BA000024B00211B68984710BD00BFD4120020B3
:103BB000074B0A465978022906D11978072903D1FB
:103BC0000146181D02F08CB86FF08800704700BFE6
:103BD0004C1C002010B5124C2378590744BF23F029
:103BE0000403237023789A0705D500F063F823783F
:103BF00023F002032370637813B10A4802F081F8BE
:103C00000023042107486370FFF7C6FF2378DB0712
:103C100005D502F062F8237823F00103237010BD6C
:103C20004C1C0020501C002038B51C4D6A782B78A5
:103C3000022A01D1072B12D0D80713D52B78990768
:103C400007D400F02FF82B78044643F002032B70C2
:103C500088B96A782B788AB12B785A0719D500244D
:103C6000204638BD02F037F82B78044643F00103B4
:103C70002B700028E2D0FFF7ADFFF1E7DB07EBD5B3
:103C8000074802F02BF8022304466B700028F2D19B
:103C9000E2E743F004032B70E1E700BF4C1C002077
:103CA000501C00200122024B002083F88025704721
:103CB000541C00202DE9F0410A4C002526464FF007
:103CC000010803272046C4F820802777013501F03A
:103CD000E5FF202D04F12C04F4D1002386F8803573
:103CE000BDE8F081541C002010B50C4C236813B1C2
:103CF0000B4B1B682BB900F093FC30B90122084B29
:103D00001A6001232360002010BD0138072801D963
:103D1000044810BD044B53F8200010BDF0210020D2
:103D2000EC210020FE8FFFFF5C5D0000144B2DE9AD
:103D3000F043002814BF04461C46124F236883B08A
:103D4000BB4219D016460D4620464FF4147104F1BB
:103D5000040900F047F804F58E78484600F0CEF8E4
:103D6000404600F019FA2B464A464046064900965E
:103D700000F034FB08B92760002003B0BDE8F083F1
:103D8000F4210020A5BCC95A813F000070B50D4C3C
:103D90001D46002814BF064626460B4B306882B0ED
:103DA00098420DD106F58E700026334600961446D3
:103DB00000F03EFB002818BF34462C6002B070BDF6
:103DC0000248FBE7F4210020A5BCC95AE88FFFFF99
:103DD00038B131B1002201440346013081421A70EA
:103DE000FAD1704738B131B10022014403460130A5
:103DF00088421A70FAD170472DE9F043202B1D46F6
:103E00000646884691468BB026D8DBB202AF8DF8C5
:103E10000480B04658F8041B8DF8053021B940469F
:103E200001F026F9044640B90123022240463360DE
:103E300001A901F031F9044638B138462021FFF7D5
:103E4000D1FF20460BB0BDE8F0832A4649464046E4
:103E500001F022F90446F0E702AF194610460023AC
:103E60003A4601F09FFA04460028E6D12023B946DD
:103E70001D46CCE72DE9F041D0F8F830A6B0002B74
:103E8000D8BF02AE31DD05460027D0F80C4102AEA6
:103E9000A4F101089022D5F8FC403146D0F8000189
:103EA00001AB0197B8FA88F8A0474FEA58180446C2
:103EB00020B9019B53B9B8F1000F16D030469021BC
:103EC000FFF790FF204626B0BDE8F081014632465C
:103ED0002846FFF791FF58B9D5F80431019A1344E9
:103EE000C5F80431B8F1000FE8D16FF03C04E5E704
:103EF0000446204626B0BDE8F08100BF70B500251D
:103F00000446142204F588762946C0F8F850FC309F
:103F100001F039FE08222946304601F034FE144BE8
:103F200030461B689847204640F8045B01F086F84D
:103F3000104B30461B689847C8B9D4F8F830AB42EC
:103F40000FDC03EB830204EB82022021C2F80001A4
:103F50000120C2E9421008490133C2F8FC10C4F83C
:103F6000F830064B3046BDE870401B68184770BDFE
:103F7000F4120020F0120020394F0000EC12002053
:103F80002DE9F047202A88B07AD83F4B00F5887990
:103F900004461B6848461746884698470546F8B9C0
:103FA00040F20116D4F8F830002B65D02046FFF718
:103FB00061FF054638B9D4F8F830002B14DC013E17
:103FC000F2D16FF03B056E4620213046FFF70AFF25
:103FD0002E4B48461B689847002818BF6FF01D05F8
:103FE000284608B0BDE8F087D4E94132934203D3B4
:103FF000D4F80C21012A02D0013ED7D1E1E71F2BD2
:10400000FAD96E4601462022304604F1040A01F036
:10401000BAFD3146504601F069F805460028D3D173
:10402000504601F01FF8504601F008F82946504666
:1040300001F01EF805460028C6D150462022314620
:1040400001F02AF805460028BED103463246202159
:10405000304601F0A7F905460028B5D1D4F8F8306C
:104060003A46002BC8BF002340463146C8BFC4F8BB
:10407000043101F063FDA7E76FF03F056E46A3E74B
:104080006FF03B05ACE700BFF0120020EC120020FF
:1040900070B590B000287AD03E4C0D4640223621B3
:1040A0000646204601F06FFD40225C21A01801F079
:1040B0006AFD2B1DA34203D904F144039D4252D350
:1040C0002B682268534023602B68226C5340236482
:1040D0006B686268534063606B68626C53406364F2
:1040E000AB68A2685340A360AB68A26C5340A36462
:1040F000EB68E2685340E360EB68E26C5340E364D2
:104100002B69226953402361226D2B69534023653B
:1041100062696B69534063616B69626D53406365AB
:10412000AB69A2695340A361AB69A26D5340A3651B
:10413000EB69E2695340E361EB69E26D5340E3658B
:104140000021304600F094FF044628B94022304652
:10415000104900F0A1FF044640216846FFF742FEE7
:10416000204610B070BD631E04F13F01013D1F34B5
:1041700015F8010F13F8012F42401A7011F8012FA2
:104180002878A34282EA00020A70F1D1D8E76FF0E2
:104190007304E5E74424002010B54FF49A7200211F
:1041A000044601F0F0FC42F21072044BC4F82021E6
:1041B00004F596701B68BDE810401847F412002003
:1041C0002DE9F04F04468846914695B0002900F04D
:1041D000A780002A0CBF0126022600238DF80C3090
:1041E000002C00F09F80DFF844A104AF0AF1400BDF
:1041F0000021204600F03CFF034648B1384620210C
:104200000193FFF7EFFD019B184615B0BDE8F08F55
:1042100040225146204600F03FFF03460028EDD1E2
:1042200004F1F40520222946204600F035FF03461C
:104230000028E3D10122204603A900F02DFF034608
:104240000028DBD1022E62D020460CA900F04EFFE0
:1042500003460028D2D10146204600F009FF03465C
:104260000028CBD140225946204600F015FF0346D6
:104270000028C3D1202220460CA900F00DFF0346E0
:104280000028BBD13946204600F030FF0346002805
:10429000B4D139462046FFF7FBFE03460028ADD1D6
:1042A00020222946204600F0F7FE03460028A5D12B
:1042B00020460CA900F01AFF034600289ED10146B3
:1042C000204600F0D5FE0346002897D140225946EB
:1042D000204600F0E1FE034600288FD12022204630
:1042E0000CA900F0D9FE0346002887D129462046B4
:1042F00000F0FCFE0346002880D19DF80C2001321E
:10430000D2B2B2428DF80C20FFF472AF76E74A4683
:104310004146204600F0C0FE0346002894D06DE7D9
:1043200001265AE76FF0730304AF67E744240020C7
:104330002DE9F0410446884615461F46D0F818017D
:10434000E0B013B100EB40004008B5F5807F3ED8E7
:104350002844B0F5C07F3AD84FF4C07200216846B7
:1043600001F011FC6946D4F82431D4F81821D4F8AE
:104370002801984770BBD4F8186157B1D4E9493087
:1043800072080DEB0601984720BBD4F8183106EBF4
:104390005306B8F1000F00D08DB932466946204669
:1043A000FFF70EFF054610B90123C4F8143131465A
:1043B0006846FFF717FD284660B0BDE8F0810DEBB9
:1043C000060041462A462E4401F0B8FBE5E76FF0AF
:1043D0000405F0E76FF00805EDE700BF2DE9F047B1
:1043E000044604F1F4050F4691461E46DDF8208090
:1043F00000F024FE29462046FFF74AFE08B1BDE83A
:10440000F08728462022012101F0BDFBD4F81831A5
:10441000C4F82471C4F8289113B92023C4F81831C2
:10442000424631462046BDE8F0470123FFF780BFF2
:10443000B2F5806F00F295802DE9F04F89B09A4671
:10444000129BB3F5807F00F29080D0F8243116469D
:1044500004460F464BB3D0F81C31012B05D0D0F8E1
:104460001421D0F820319A421FDD51460023204606
:10447000129AFFF75DFF014698B900231293002EB0
:104480005ED0DFF8EC9009F1400B0021204600F0EF
:10449000EFFD202E3546014628BF202504F1F40803
:1044A00090B1084609B0BDE8F08FBAF1000FE6D030
:1044B000129B002BE1D051461A462046FFF780FEA2
:1044C00001460028DBD0ECE749464022204600F0B8
:1044D000E3FD01460028E4D141462022204600F0B9
:1044E000DBFD01460028DCD16946204600F0FEFDD8
:1044F00001460028D5D1204600F0BAFD014600282B
:10450000CFD159464022204600F0C6FD0146002882
:10451000C7D169462022204600F0BEFD0146002892
:10452000BFD14146204600F0E1FD01460028B8D148
:1045300038462A46414601F001FB761B2F44A4D1A0
:1045400051462046129AFFF73BFE01460028A8D1AB
:104550000846D4F814310133C4F8143109B0BDE869
:10456000F08F6FF00201084670476FF0040198E782
:1045700044240020002130B58DB0282202A80191EA
:1045800001F001FB02A800F035FF044610B12046FF
:104590000DB030BD1B4D4FF0FF31286800F032F9EF
:1045A00060BB194BD3F8340E10F0010017D100F0A6
:1045B00059F9F8B9154A02A901A800F0AFFC044660
:1045C000012000F04FF988B9286800F023F900288D
:1045D000DDD00F4800F0ACF920460DB030BD2868A2
:1045E000052400F017F90028D1D0F2E7094800F0BF
:1045F0009FF9E9E7084800F09BF9DBE7074800F07E
:1046000097F9CEE7D812002000608450C42400201F
:10461000D45D0000B45D0000945D00007C5D00008E
:1046200030B583B000F036F878B900F055F890B99D
:10463000144BC3F80C0AFFF79DFF0446F8B9124D5E
:104640002B6863B1204603B030BD032400F072F83C
:10465000204603B030BD0424204603B030BD0246DE
:104660000146FFF763FB50B96822084901ABFFF729
:104670008DFB20B92046064B2B6003B030BD0524CE
:10468000E0E700BF00508450E4260020E826002028
:104690005AEA5A5A00207047430504D54FF0FF32BA
:1046A000034BC3F80821024BC3F8080A704700BF48
:1046B00000508450014BC3F8040A704700508450E6
:1046C00008B100F071B84FF47500704708B100F000
:1046D0004FB84FF47500704710B5114800F07EF8E0
:1046E00000B110BD0F4800F079F80028F9D10E4C48
:1046F000204600F073F80028F3D10C4B0C481C60E6
:1047000000F06CF801460028EBD100F02DF80446CB
:1047100008B1204610BD00F087F82046FAE700BF38
:10472000E8120020E4120020E0120020D81200203D
:10473000DC12002008B5084800F05AF8074800F0DD
:1047400057F8074800F054F8064800F051F8BDE863
:10475000084000F00BB800BFE8120020E41200206F
:10476000E0120020DC12002000207047704700BFDC
:1047700010B402460B4C01E0134207D1D4F8003AC2
:1047800013F48070F8D0012042F4807229B1054BF7
:10479000D3F804410C60C3F80841024BC3F8082A5F
:1047A00010BC7047005084500246084901E01A428C
:1047B00007D1D1F8003A13F48070F8D0012042F408
:1047C0008072024BC3F8082A704700BF0050845023
:1047D00001F07EB90A46002101F0D5B908B5034BB6
:1047E00002681B6810689847002008BD1413002059
:1047F00008B5034B02685B6810689847002008BD45
:1048000014130020024B02689B681068184700BF11
:104810001413002008B5034B0268DB681068984742
:10482000002008BD1413002070B5094C094D206903
:10483000AB68984718B1084B08485B689847002157
:10484000074AEB6811602069BDE87040184700BF57
:104850000013002014130020F8120020EC5D00006B
:1048600050270020F8B51A4D1A4E0446B268286940
:104870009047E8B9184F3B684CB1A3B1012B19D050
:10488000013B3B602869F36898470020F8BD43B9B5
:104890000121124AC2F800151149D1F81029002A45
:1048A000FBD101333B60F368286998470020F8BDCD
:1048B0000C48F8BD0A4AD2F81039002BFBD1074A40
:1048C0006FF07E40C2F80035FFF7F4FE3B68D7E793
:1048D00000130020141300205027002000408450B3
:1048E00000508450E98FFFFF014B1B68184700BF41
:1048F00014130020014B9B68184700BF14130020BD
:10490000014BDB68184700BF14130020BFF34F8F23
:104910000549064BCA6802F4E0621343CB60BFF35B
:104920004F8F00BFFDE700BF00ED00E00400FA0577
:1049300030B44FF0FE3200250B4B0C4C0C4949684B
:10494000C3F80024C3F80424C3F80824C3F80C24D3
:10495000C3F81024C3F81424C3F81824C3F81C2483
:10496000C4F8005530BC08470050845000408450C3
:10497000F812002010B5044650B1636813F0685F68
:1049800005D0064A934202D000236260236010BD26
:10499000034B04485B689847EFE700BF2C5F5CA9B6
:1049A000F81200200C5E0000C8B143680D4A934223
:1049B00013D013F0685F0ED0012350E8002F194682
:1049C00040E8001C9CF0000FF7D1012AF5D0BFF39E
:1049D0005F8F0020704704487047044870476FF4A9
:1049E000E04070472C5F5CA9E98FFFFFEA8FFFFF73
:1049F000034680B1426809498A420AD012F0685FD2
:104A000005D0BFF35F8F002210461A60704704483C
:104A10007047044870476FF4E04070472C5F5CA912
:104A2000E98FFFFFEA8FFFFF10B5044620B1002396
:104A3000034A2360626010BD0248FFF779FFF6E782
:104A40003A00003A345E00002DE9F041002873D0AE
:104A50000C46002970D01D46002B6DD007461AB1B8
:104A6000012200232A6003602B68002B5FD02946B7
:104A7000204600F079FD804600285AD1214628685A
:104A800000F058FD8046002853D12868082867D0D8
:104A9000042867D0A0F10200B0FA80F0400901219B
:104AA000314EC6F8C411C6F84011C6F8C411636A85
:104AB000C6F83031D6F830219342F6D10023C6F83B
:104AC0002C314FF0FF33C6F808316FF01B03C6F8E6
:104AD0000031C6F80C01D6F8040A40F48060FFF7F4
:104AE000E9FD0A23C6F83831069B012B29D023693A
:104AF0001E4AA2FB03231B09626A404602FB03F322
:104B000003EB4303184ADB039B09C2F8D8310123A6
:104B1000C2F82C313B682A6823F07F4343EA0263E2
:104B20003B602A6843EA02233B60BDE8F081DFF87E
:104B300040804046BDE8F081DFF838804046BDE85F
:104B4000F0814FF47F03D3F80C2C013206D0D3F858
:104B50000C3C064AA2FB03231B09CDE71623CBE737
:104B600003209CE702209AE700508450ABAAAAAA2F
:104B7000310CF100350CF10058B34B1EB3F5047F36
:104B800027D230B54FF0000ECD00744671464B0968
:104B900001F01F0C50F82330BCF11F0F23FA0CF367
:104BA00006D003F0010319B901211C468E46EEE739
:104BB0009C4201F1010106D01C464FF0010EA942B2
:104BC000E5D1002030BD0EF1010E9645F7D1024827
:104BD00030BD0148704700BF360CF100C0B32DE96D
:104BE000F0434C1EB4F5047F1DD2E3B1DAB10025C9
:104BF0002E46A8462C46CF0003F1FF394FEA541C3D
:104C000004F01F0E50F82C10BEF11F0F21FA0EFCFD
:104C10000CD00CF0010C4CB90126E0463446354668
:104C2000ECE7964216D90C48BDE8F083AB420BD0B6
:104C3000C44508BF0136A945F3D001350134BC4253
:104C4000DCD10020BDE8F0830125E0462E46F5E7E3
:104C5000014870471D46F1E7370CF1002DE9F04F90
:104C60008FB08246DDE919460D46002E6ED10969E6
:104C700004911C60002318990B60002A00F0288121
:104C8000994B6A6AD3F83811D3F830319A4269D116
:104C90000A2967D19AF80330069304F108030593B3
:104CA0000423049A0393914B8F4CA3FB023B4FEADE
:104CB0009B0B0BEB4B0BA2EB4B0B189B049E1E604C
:104CC000002E00F0E580002700F05EFC0797BAF1A7
:104CD000000F00F0D0804FF00109DDF81480002DA6
:104CE00000F0C980069B002B3ED0284606A900F0A4
:104CF0003BFC00283AD07E4B984220D0069B082BE4
:104D000000F0E08000225B000693294606AB504687
:104D10000092FFF799FE774B984200F0CF8070B970
:104D2000DAF80020130A03F47F03134323F07F43D0
:104D3000CAF80030039B013B0393BED100200390CF
:104D400000F022FC03980FB0BDE8F08F4FF47F0114
:104D5000D1F80C0C01300CBF4FF40471D1F80C1CCD
:104D6000049186E76448EAE76248C4E72946069862
:104D700000F0E0FB0028BED1069B082B00F0A480C9
:104D8000042B00F0A380A3F10203B3FA83F35B09C1
:104D9000C4F8C491C4F84091C4F8C4916A6AC4F8D4
:104DA0003021D4F830118A42F6D10022C4F82C21E7
:104DB0004FF0FF32C4F808216FF01B02C4F8002145
:104DC000C4F80C31D4F8040A40F48060FFF772FC98
:104DD0000A23C4F838312B69444AA2FB0313696AD9
:104DE0001B0901FB03F303EB4303DB039B09C4F83B
:104DF000D831C4F82C910698DAF8003023F07F41BE
:104E0000030243EA00630B43CAF8003007A800F02E
:104E100081FB079B354A03F01A0303437FF46EAF0F
:104E2000A2FB0632D4F81431B7EB920F0893D4F8F2
:104E300018310993D4F81C310A93D4F820310B931C
:104E4000D4F824310C93D4F828310D9302D1BBF15E
:104E5000000F12D14046182208A9183EFFF7B8FCEF
:104E600008F1180801379EB100F08EFB002307936C
:104E7000002D7FF437AF21483DE740465A4608A948
:104E8000A6EB0B06FFF7A4FCD8440137002EEBD1AC
:104E9000049F059E6A6939463046FFF76DFEAA6990
:104EA00040B94FF4806339463046FFF797FE00283B
:104EB0003FF444AF0023189A13601CE72B6A002BC1
:104EC0003FF43DAF0E483AE7032361E702235FE773
:104ED000012229465046009606ABFFF7B5FD002893
:104EE0003FF4DBAE2BE700BF00508450ABAAAAAA68
:104EF000020CF100310CF100300CF100350CF10026
:104F0000320CF10010B4DDE9013401940024DDF825
:104F10000CC0CDE902C410BCFFF7A0BE30B51546E9
:104F2000012487B005AB00930022CDE9015404AB06
:104F3000FFF794FE07B030BDF0B587B0002967D009
:104F40001E46002B64D01446002A61D0324F0D4615
:104F500038684FF0FF31FFF755FC00283DD12F4B4B
:104F6000D3F8340E10F0010015D04FF0FF354FF498
:104F700008712B48FEF72CFF04212A48FEF728FF72
:104F800029482821FEF724FF3868FFF743FC40BB7F
:104F9000284607B0F0BDFFF765FC002834D1224851
:104FA00000F028FA70B91E4A0346029205AA01923F
:104FB00004AA039000921C4902461A48FFF7A2FF78
:104FC0000346A0B14FF0FF350120FFF74BFC00284E
:104FD000CDD01648FFF7ACFCC9E71548FFF7A8FC91
:104FE000BDE71448FFF7A4FC284607B0F0BD2846EB
:104FF0001D46059B22469C4228BF1A4604993260F2
:105000000831FFF7E5FBDFE70B48FFF791FCC6E748
:105010004FF0FF35BCE700BFD8120020006084507D
:10502000902700206427002068270020B45D00003E
:105030007C5D0000585E0000945D000010B50446E1
:1050400028B12046BDE81040F421FFF7C3BB044857
:10505000FFF76EFC2046BDE81040F421FFF7BABB15
:10506000705E000010B1F421FEF7B2BE704700BFC1
:1050700008B521B1012908D06FF0360008BD012123
:1050800000F058F80028F7D108BD022100F052F8CE
:105090000028F9D0F0E700BF30B505468818B0F514
:1050A000801F0B461446A1B001D8802A0CD9B3F555
:1050B000801F17D922461946284600F07DF804467D
:1050C00084B9204621B030BD6846FFF781FB2246F7
:1050D0006946284600F070F8802104466846FFF7CC
:1050E00079FBEDE76FF03604EBE700BF70B5E8B190
:1050F0000E46D9B1044600F031F80546B0B9236830
:10510000012B0BD0022B01D0284670BD1C2230464B
:1051100004F10801FFF75CFB284670BD20223046F1
:1051200004F10801FFF754FB284670BD6FF0360507
:10513000EAE700BF78B138B50D46F0210446FFF725
:1051400049FB402320462560E36500F061FA003802
:1051500018BF012038BD0120704700BFF0B5056EB3
:10516000A5B0044604AEE5B90023012701933046FB
:105170006760294602AA009300F018FA10B10120D6
:1051800025B0F0BD2A46204602A900F069FA0028A1
:10519000F5D1204600F06CFB0028F0D1206625B048
:1051A000F0BD802D2A46304628BF802204F16401DC
:1051B000FFF70EFB256ED7E7002800F0AE802DE943
:1051C000F04F1446A5B0002A3DD00F46002949D023
:1051D000B2F5803F0546006E20D34FF6FF7805F10B
:1051E000640AEB6D1A1AB2FBF3F103FB1122002AD9
:1051F00065D18342B9464FF6FF7672D0B6FBF3FB1A
:1052000003FB0BFBBBF1000F30D1002E45D1A4F501
:105210007F44FF3CB4F5803F4744E2D2EA6D161A62
:10522000B6FBF2F302FB1366A64228BF2646002E09
:1052300075D1824200F08D80B4FBF2F602FB06F6D7
:105240002EB9002C79D1002025B0BDE8F08F0023C5
:1052500031463846CDE9003302AA00F0A7F900280C
:1052600000F09580012025B0BDE8F08F002359465D
:105270004846CDE9003302AA00F098F90028F1D1A0
:105280005A46284602A900F0EBF90028EAD1A6EB1D
:105290000B06286ED944002EB9D019304946324643
:1052A00005EB8000FFF794FAA4F57F44286EFF3CDD
:1052B0003044B4F5803F4744286692D2AEE7424579
:1052C00028BF4246164639465044FFF781FA286EF9
:1052D000EB6D3044834207EB06092866A8EB06060F
:1052E0008CD1802B28BF802351461A4604A8FFF793
:1052F0006FFA0023E96D02AACDE9003304A800F09B
:1053000055F90028AED12846EA6D02A900F0A8F9A7
:105310000028A7D1EB6D286670E70120704705F1E2
:105320006403394632461844FFF752FA286EEA6D94
:105330003044A41B374428667BE72B6E2246193382
:1053400005EB83003946FFF743FA2B6E23442B66A7
:1053500079E7802A28BF802205F1640104A8FFF7BD
:1053600037FA0023E96D04A8CDE9003302AA00F062
:105370001DF900287FF476AF2846EA6D02A900F0F7
:105380006FF900287FF46EAFEA6D286654E7324665
:10539000284602A900F064F900287FF463AF37447F
:1053A000A41B4EE7F8B51C460546114816460F46A5
:1053B000FFF744FE21460E48FFF75AFE044620B18F
:1053C0000B48FFF74FFE2046F8BD3A4629460848ED
:1053D000FFF762FE04460028F2D131460448FFF789
:1053E00085FE04460248FFF73DFE2046F8BD00BF9B
:1053F000B02900201C2370B582B001A90546019395
:1054000000F032F8044638B9019B1C2B07D0144C2D
:105410001C212846FFF7DEF9204602B070BDD5E911
:105420000112131E18BF0123003918BF01210126E4
:1054300028689B00EA6843EA4103002818BF43F04C
:105440000103EE612AB9C5E90834002BE4D1054C0B
:10545000DEE7204643F00803C5E9083402B070BD1A
:10546000370CF0000E0CF000034618B111B10A68B9
:105470001C2A01D0012070474FF47F02D2F8101C83
:1054800001310CBF40F2DC51D2F8101C4FF47F0206
:105490000160D2F8141C01310CBF40F2DC51D2F88B
:1054A000141C4FF47F024160D2F8181C01310CBF6C
:1054B00040F63401D2F8181C4FF47F028160D2F814
:1054C0001C1C01310CBF40F63401D2F81C1C4FF4F7
:1054D0007F02C160D2F8001C01310CBF9021D2F8CC
:1054E000001C4FF47F020161D2F8041C01310CBF93
:1054F0005121D2F8041C4FF47F024161D2F8081CFC
:10550000002001310CBF40F23732D2F8082C9A61EA
:10551000704700BF014608B54FF48060FFF7D6F82A
:105520000022034BC3F8C821C3F82C2108BD00BFDB
:10553000005084500138072805D8DFE800F0100E2D
:10554000040A0404040607487047CB6800204B6235
:1055500070478B6800204B6270474B68F6E70B681A
:10556000F4E700BF310CF1000B6802E0082B0B6080
:1055700006D8026A13424FEA4303F7D0002070476F
:1055800000487047310CF100002310B5064C4FF471
:105590008060C4F82C31C4F8C431FFF77DF84FF0B7
:1055A000FF33C4F8083110BD005084502DE9F0419C
:1055B000002482B015461E4601220DF1070307465E
:1055C000DDF824808DF8074000F08CF9D0B99DF803
:1055D000073004462F602B71B8F1000F0ED04EB18A
:1055E0000246089930460DF1070300F07BF948B9EF
:1055F0009DF80730C8F8006088F80430204602B0F3
:10560000BDE8F0814FF47504204602B0BDE8F0819A
:10561000D8B108B50368012B04D0022B0FD043B1D9
:105620000B4808BD20220B490830FFF7D1F80020B5
:1056300008BD142208490830FFF7CAF8F7E720220E
:1056400006490830FFF7C4F8F1E74FF473007047DC
:105650000100F300805E0000C05E0000A05E00005C
:105660002DE9F047002900F0EB800446002800F007
:10567000EB80036888469146002B00F0B580013B23
:10568000012B00F2C9804FF0FF3171484FF0020A40
:10569000FFF7B8F8002840F0B1800020FFF7E2F8EB
:1056A0000746002840F0B4806A4DD5F81069002EF6
:1056B000FBD14FF0FF30FEF7EFFFD5F8040A20F4DE
:1056C0000060FEF7F7FF01230722C5F81838C5F878
:1056D0002038C5F80029C5F8C437C5F8A466A36CFE
:1056E000C5F8CC37E36CC5F8D037C5F8C0A7236838
:1056F0005BB1013B012B18D8636AC5F85C36236A9D
:10570000C5F85836E369C5F85436A269514BC3F859
:1057100050266269C3F84C262269C3F84826E2681D
:10572000C3F84426A268C3F84026B9F1000F56D04A
:1057300063684FF40060012B04BF464AC2F8843608
:1057400098F80430D8F80010424A5B0003F00203D6
:10575000C2F80C3BC2F8281CC2F82C9CFEF7B0FF24
:105760000746236863B1013B012B19D8394BD3F8A5
:105770005C266262D3F858262262D3F85436E3617D
:10578000344BD3F85026A261D3F84C266261D3F88B
:1057900048262261D3F84426E260D3F84036A3605D
:1057A000002201212B4BD3F8CC07A064D3F8D007FB
:1057B000E064C3F8C417C3F88426C3F8C827C3F845
:1057C0001828C3F82028AFBB0120FFF74BF868BBAF
:1057D0001F48FFF71FF818BB3846BDE8F0870422C2
:1057E0001C4BC3F8C827BCE74FF0FF3118484FF0F7
:1057F000010AFFF707F800283FF44FAF1648FFF7FC
:1058000097F80020FFF72EF8074600283FF44CAF2A
:105810001248FFF78DF847E7114F3846BDE8F0878B
:105820001048FFF785F83846BDE8F0870E48FFF7C7
:105830007FF8CDE7102104F10800FEF7CBFFC3E7A6
:105840000A4F3846BDE8F0874FF47307C4E700BF3E
:10585000E8120020005084507C5D0000945D000040
:105860000100F300D45D0000B45D00000300F3000C
:10587000A0B3034670B4D0E90240D3E9041226BABB
:1058800005BA0CBA10BAC3E90440D3E90612986A03
:1058900009BAC3E9026512BA996100BAD3E90841AD
:1058A00025BA0CBAC3E90725D3E90B12C3E90940AD
:1058B00009BAD86B12BAD962D3E90D4125BAC3E946
:1058C0000C250CBA00BAD3E9101209BA12BAC3E90E
:1058D0000E40196400205A6470BC70474FF4730086
:1058E000704700BF00201870704700BF431810B504
:1058F00001D21F2A01D9002010BD013902F0140382
:105900000144102B80EA01043CD009DC8BB1042B4C
:10591000F1D11F2C40E840F315D941E840F10EE0E9
:10592000142BE8D11F2C40E8C0F30CD941E8C0F19A
:1059300005E01F2C40E800F305D941E800F11C46C2
:105940000B468C42D7D122F01402013A0A2AD2D84F
:1059500001A151F822F000BFA7590000A159000091
:1059600093590000F7580000F7580000F75800005E
:10597000F7580000AD590000A75900009B590000DE
:10598000935900001F2C40E880F3DCD941E880F1F6
:10599000D5E713F4001FAFD1ADE713F4801FFAE78A
:1059A0005B02A9D5A7E713F4002FF4E713F4802FC7
:1059B000F1E700BF08B5074B044613B10021AFF370
:1059C0000080054B1868836A03B19847204600F0B1
:1059D00029F800BF00000000D45E000070B50D4D36
:1059E00000260D4C641BA410A64209D10B4D0026C5
:1059F0000B4C00F0A5F9641BA410A64205D170BDA4
:105A000055F8043B01369847EEE755F8043B01365C
:105A10009847F2E768060000680600006806000084
:105A20006C060000FEE700BF002383F30088704788
:105A3000FDF7ECBAEFF30880EFF309812DE9F00FE1
:105A40006B467246FAF7BEFF08B0FFF7F1FFFEE7BC
:105A5000FDF7DCBAEFF30880EFF309812DE9F00FD1
:105A60006B467246FAF7AEFF08B0FFF7F1FFFEE7AC
:105A7000FDF7CCBAEFF30880EFF309812DE9F00FC1
:105A80006B467246FAF79EFF08B0FFF7F1FFFEE79C
:105A9000FDF7BCBAEFF30880EFF309812DE9F00FB1
:105AA0006B467246FAF78EFF08B0FFF7F1FFFEE78C
:105AB000FDF7ACBAEFF30880EFF309812DE9F00FA1
:105AC0006B467246FAF77EFF08B0FFF7F1FFFEE77C
:105AD000814270B40546144602D370BC00F02EB863
:105AE000821821443CB141EA020313F003030FD1B1
:105AF000E018032812D86FF00300A30843430020E6
:105B000019441A442344984210D1284670BC704767
:105B100011F8013D013C02F8013DE3E7581850F847
:105B2000046C981840F8046C043BE1E70C1A14F874
:105B3000016C141A04F8016C0130E4E770B50446F6
:105B40003AB141EA040313F003030CD1D518032D35
:105B50000FD822F003031C441944002302F003026F
:105B600093420CD170BD11F8013B013A04F8013B9E
:105B7000E6E7CD1A2E68E51A2E60043BE6E75D5C89
:105B8000E5540133ECE7F0B5044662B922F00303B3
:105B9000234402F003021A44934214D1F0BD04F8E6
:105BA000011B013AF1E7A307F9D115460B0443EABB
:105BB00001630B4343EA01231619032DE6D9771B32
:105BC0003B60043DF9E703F8011BE5E708B5EFF397
:105BD0000583C3F308030BB1FDF718FABDE80840CD
:105BE000FDF7E2BA10B50446EFF30583C3F30803EB
:105BF0000BB1FDF70BFA2046BDE81040FDF7D7BA10
:105C00002DE9F04104460D4616461F46EFF3058385
:105C1000C3F308030BB1FDF7F9F93B4632462946B9
:105C20002046BDE8F041FCF747BE2DE9F0410446AF
:105C30000D4616461F46EFF30583C3F308030BB169
:105C4000FDF7E4F93B46324629462046BDE8F041DF
:105C5000FCF76CBE08B5EFF30583C3F308030BB183
:105C6000FDF7D4F9BDE80840FDF771BA0020704790
:105C7000704710B5044608B1FDF78EFF2046BDE819
:105C80001040FDF779BF10B50446406A10B1A16A13
:105C9000FFF7EFFF0020C4E9090010BD38B5054645
:105CA000FFF7F1FF2B7F0446012B0ED0023B012BA7
:105CB0000ED82B6A012B18BF6FF096042C220021FE
:105CC0002846FFF760FF204638BD2B6A002BF2E71D
:105CD0006FF09604F2E7002070477047002070478D
:105CE00013B5002001AB1446FEF750F830B9019B04
:105CF000A34218BF6FF0930002B010BD6FF0920086
:105D0000FAE7002070472DE9E04F2746A046A1465C
:105D1000A246A346A446A2B02DEC000A84F3008854
:105D200025462646A447EFF3148515F0080F18BF43
:105D3000B0EE400A3DEC000A22B0BDE8E08F000062
:105D4000F8B500BFF8BC08BC9E467047F8B500BF68
:105D5000F8BC08BC9E4670477AFFFFFFFF8FFFFF2D
:105D6000FF8FFFFFFE8FFFFFFE8FFFFFFD8FFFFF07
:105D7000FC8FFFFFFC8FFFFFFB8FFFFF4661696C0D
:105D800020746F2061637175697265206D7574652B
:105D9000780A00004661696C20746F20696E637236
:105DA0006561736520504D20636F756E7465720A6E
:105DB000000000004661696C20746F2064656372A6
:105DC0006561736520504D20636F756E7465720A4E
:105DD000000000004661696C20746F2072656C657C
:105DE000617365206D757465780A0000436F756C8A
:105DF00064206E6F74206C6F636B20706F776572B8
:105E00002073617665206D75746578006D757465B5
:105E1000785F667265652063616C6C656420776984
:105E20007468204E554C4C20706172616D657465CC
:105E30007200000043616E277420696E69746961A5
:105E40006C697A65206D757465782C207761732094
:105E50004E554C4C0D0A00004661696C20746F2051
:105E6000756E6C6F636B206D757465780A00000049
:105E70000A637478206973204E554C4C0A00000068
:105E800067E6096A85AE67BB72F36E3C3AF54FA5CB
:105E90007F520E518C68059BABD9831F19CDE05BF7
:105EA000D89E05C107D57C3617DD703039590EF7FD
:105EB000310BC0FF11155868A78FF964A44FFABEC3
:105EC0000123456789ABCDEFFEDCBA9876543210DA
:105ED000F0E1D2C34413002054464D5F4352595061
:105EE000544F0054464D5F504C4154464F524D5F05
:105EF0005345525649434500000000000000000091
:107C00007FE97FE9FBF7DEBD7FE97FE9FBF7ECBDAC
:107C10007FE97FE9FBF71EBE7FE97FE9FBF70CBE3A
:107C20007FE97FE9FBF7F2BD0000000000000000E3
:107C30000000000000000000000000000000000044
:107C40000090D0030090005000000000B434000009
:107C50000400000000000000000000000000000020
:107C600000000000000000000000000004140020DC
:107C7000A41300205401000090ED00E00010085013
:107C80007F160850009000506F950050715C000006
:107C90006D5C0000875B0000E012002010130020E4
:107CA00008130020041300200013002001490000E5
:107CB000F5480000E9480000000000000D49000000
:107CC0003C130020341300202C130020000000007F
:107CD00024130020294A000075490000A94900002A
:107CE000F1490000542700203A00003A58270020AC
:107CF0003A00003A5C2700203A00003A6027002052
:107D00003A00003A000000000000000000000000FF
:107D10000000000000000000000000000000000063
:107D20000000000000000000000000000000000053
:107D30000000000000000000000000000000000043
:107D40000000000000000000000000000000000033
:107D50000000000000000000000000000000000023
:047D6000000000001F
:1080000050BD00207DA800009371010069A8000008
:1080100069A8000069A8000069A8000069A800001C
:10802000000000000000000000000000E9A90000BE
:1080300069A800000000000079A9000069A80000FC
:1080400075AB000075AB000075AB000075AB0000B0
:1080500075AB000075AB000075AB000075AB0000A0
:1080600075AB000075AB000075AB000075AB000090
:1080700075AB000075AB000075AB000075AB000080
:1080800075AB000075AB000075AB000075AB000070
:1080900075AB000075AB000075AB000075AB000060
:1080A00075AB000075AB000075AB000075AB000050
:1080B00075AB000075AB000075AB000075AB000040
:1080C00075AB000075AB000075AB000075AB000030
:1080D00075AB000075AB000075AB000075AB000020
:1080E00075AB000075AB000075AB000075AB000010
:1080F00075AB000075AB000075AB000075AB000000
:1081000075AB000075AB000075AB000075AB0000EF
:1081100075AB000075AB000075AB000075AB0000DF
:1081200075AB000075AB000075AB000075AB0000CF
:1081300075AB000075AB000075AB000075AB0000BF
:1081400075AB000075AB000075AB000075AB0000AF
:1081500075AB000053B94AB9002908BF00281CBFFD
:108160004FF0FF314FF0FF3000F00CB8ADF1080CCC
:108170006DE904CE00F022F8DDF804E0DDE9022329
:1081800004B07047704700BF10F8012B11F8013B95
:10819000012A28BF9A42F7D0D01A7047034611F837
:1081A000012B03F8012B002AF9D17047034613F87D
:1081B000012B002AFBD1181A013870472DE9F0472E
:1081C00086468C460846089E154674461946002B7E
:1081D00040F0C1808542B2FA82F245D94AB1C2F17B
:1081E000200300FA02FC954094402EFA03F343EA80
:1081F0000C0C4FEA154EA8B2230CBCFBFEF80EFB8C
:1082000018CC08FB00F943EA0C43994528D9EB1830
:1082100008F1FF3704D2994502D9A8F102072B448F
:10822000A3EB0903A4B2B3FBFEFC0EFB1C330CFB57
:1082300000F044EA0344A04214D92C190CF1FF3396
:1082400004D2A04202D9ACF102032C44241A43EA1E
:1082500007401EB1D440002334607360BDE8F0874E
:108260004746DDE76346F1E792BB431B01214FEA36
:10827000154EAFB2200CB3FBFEFC0EFB1C330CFB07
:1082800007F840EA0343984561D9EB180CF1FF3039
:1082900004D2984502D9ACF102002B44A3EB0803A9
:1082A000A4B2B3FBFEFC0EFB1C330CFB07F744EA45
:1082B0000344A7424DD92C190CF1FF3304D2A74235
:1082C00002D9ACF102032C44E41B43EA0040C0E7AE
:1082D000C2F120039540944020FA03F12EFA03F3F3
:1082E0004FEA154E9040AFB20343B1FBFEFC0EFBCC
:1082F0001C10190C0CFB07F841EA0041884522D9F3
:1083000069180CF1FF3004D2884502D9ACF10200A3
:108310002944A1EB08019BB2B1FBFEFC0EFB1C1132
:108320000CFB07F743EA01439F420ED9EB180CF10F
:10833000FF3104D29F4202D9ACF102012B44DB1B76
:1083400041EA004193E76046E3E76146F7E76046AC
:10835000A4E76346B8E7834206D916B90021084668
:108360007CE7C6E900E0F9E7B3FA83F78FB9834207
:1083700001D3724508D8BEEB020460EB0303012071
:108380009C461EB9002169E73846FAE7C6E9004C69
:10839000F8E7C7F1200CBB400EFA07F522FA0CF4FF
:1083A0002EFA0CF1BA401C4320FA0CF3B8404FEA05
:1083B000144901431FFA84FEB3FBF9F809FB183096
:1083C0000B0C08FB0EFA43EA00439A4540D9E31828
:1083D00008F1FF3004D29A4502D9A8F102002344E3
:1083E000A3EB0A0389B2B3FBF9F809FB183308FBC6
:1083F0000EFE41EA03418E452CD9611808F1FF3386
:1084000004D28E4502D9A8F10203214443EA004078
:10841000A1EB0E01A0FB02984145CE46434602D394
:1084200006D14D4504D20138B9EB020E68EB0403C6
:10843000002EA7D0B5EB0E0261EB030101FA0CFC94
:1084400022FA07F3F9404CEA0303C6E9003199E741
:108450004046C5E74346D9E70B460321014A024897
:108460000EF0CFBDF0B30100ACAB0100034601211B
:10847000014A02480EF0C5BD09B40100ACAB0100D1
:10848000084609B1FFF7F2BF0321024A02480EF085
:10849000AFBD00BF24B40100ACAB01002DE9F04139
:1084A00002278EB01422002104A812F07BF80DF1EF
:1084B0000E0300200693079704F006FB064630B132
:1084C00003463E4A01213E480EF09BFD1DE03D4D16
:1084D00009AC0FCD0FC42B683A4623603A493346A6
:1084E000009609A805F046F9034690B10121374AE4
:1084F00033480EF086FD364D284611F061FB70B909
:108500000121344A2E480EF073FD00200EB0BDE864
:10851000F0810321304A2A480EF06AFDEBE7AB6890
:1085200028461B682D499847031E01DA2C4AC9E7E3
:10853000012305930C230027DFF8A880204EADF817
:108540002030AB6828465B6804A99847031E05DA0B
:1085500001213046244A0EF054FDF2E711F028FFC5
:10856000BDF90E30B3F5FA6F18DD4FF47A72A0FB47
:10857000024302FB0131E40B44EA4144E31BB3F53F
:10858000167F0BD94EF66027B7FBF3F7632F0AD19E
:1085900003213046154A0EF02BFD274600212120ED
:1085A00011F08DFECDE7032130463B4642460EF0EA
:1085B00028FD384601F068FEEFE700BF2EB4010049
:1085C000ACAB0100B0AC010028AD01004DB401001E
:1085D00080A8010093B4010072B401003EAD010017
:1085E000A9B40100F6B40100CBB40100DFB401006E
:1085F0002DE9F04F91B0009302F004030293C2F30F
:10860000C2030133840705460E46DDF868800392F5
:10861000059340F0BB81041D30B1072909D86FF0E4
:108620001B0011B0BDE8F08F01F007063444C6F11D
:108630000806009B4FF000094FF0040A591E4FF046
:10864000FF334F460193CB465346CDF810900DB102
:10865000009A22600598002800F3E8809848009A64
:10866000824203D397488242C0F0E080039AA4EB91
:10867000050E92074FEA9E0000F103810F2F00F2D2
:10868000B180002D00F0058107F140020DEB020CD6
:10869000019A0CF8200C0CF8102C0498013004906E
:1086A000E7E07A285DD84B280ED8472859D82928E2
:1086B0002DD8252852D054D820287AD02338D0F16C
:1086C000000B4BEB000B74E04C382E2849D8DFE848
:1086D00000F07048484848484848484848484B488F
:1086E0004848484848484859484B4B595959704B95
:1086F0006D487048184B184848827F4B48484B4893
:108700007F0000204FF0000B4FF0040A38E00122F8
:108710002A38C0B202FA00F010EA0E0F49D110F068
:10872000625C2FD110EA020B43D06046013C5444F6
:10873000B4FBFAF40AFB04F4002D61D0A3EB050CA2
:10874000A444B4453FF66BAF002868D1042B47D151
:1087500058F8043B2360042304342AE0019A013AC8
:1087600001924FF0000B24E011F8010C6C2834D179
:10877000002011F8023C83466C2BC5D14FF0080A4B
:108780005346D3E708F1070828F00708073424F018
:108790000704F8E802AB35B106982044B0423FF632
:1087A0003EAFC4E900AB4FF0000B08344FF0080AAD
:1087B000534611F8010F002878D0BBF1000F7FF469
:1087C00070AF2528F5D14FF0010B019B01330193C8
:1087D0004FF0040AECE7584694E700208346A5E7EB
:1087E000082B02D06FF015001BE708F1070828F0EE
:1087F0000708F8E80223C4E9002308230834D8E76F
:1088000068B9042B02D108F10408A4E7082BE9D1C8
:1088100008F1070828F0070808F10808EDE7059AAD
:10882000013A059258F8042B009210E7039A90073A
:1088300020D54FF0010CA4EB050E4FEA9E00BEF5CB
:10884000007FCFD20F2FCDD8F5B107F140020DEB4D
:10885000020E019AC0B20EF8200C0EF8102CBCF1DA
:10886000000F3FF41AAF60F07F000EF8200C09F102
:1088700001090137C5F108024FF6DA7E0434069289
:1088800097E74FF0000CDAE7BCF1000F01D001369A
:10889000EFE7029802360028EBD10098CDE90631C7
:1088A000FFF784FCDDE906310644E2E7631BB3F51C
:1088B000806F97D245B9A6F10804E018B1E600BF71
:1088C00000A701000CDB0100029A9B0828602B70B6
:1088D0009DF81030C2B1EB7085F80290B9F1000F2D
:1088E00005D0002208A8C5F1010C97420ED14FF027
:1088F000000AC5F101030DF1200801930DF1300BC1
:10890000574512D1601B8CE66B70E5E710F8013B10
:10891000190608D50CEB040EB64503F07F033FF6AD
:108920007EAE04F8013B0132DFE7B9F1000F03D05E
:1089300098F90020002A17DB029BD3B11AF80B200C
:1089400004F8012B0022019B18191044B0423FF695
:1089500066AE98F80000009904F8010B20460392D7
:1089600011F013FE039A14440AF1010A08F10108F8
:10897000C6E798F8002055F822300093029B009833
:1089800045F82230FFF712FC421CDCE76FF00D00C7
:1089900047E600BF2DE9F04F97B000AFD7F880B0A1
:1089A0003B62CBF3C0030446894690F802A0FA620A
:1089B000BB6141B9457800780AEB800020444D4501
:1089C00017D8A0EB0409E378FB61BAF1000F02D0DD
:1089D0001BF0010F16D1FB6953BBFB6A1BB1494663
:1089E00020463A6A98474D4628465C37BD46BDE862
:1089F000F08F461C3046FFF7D9FB0130304409F1B7
:108A00000109DCE7626823787A62FA6A9900796181
:108A100004EB8301002A40F001810E464FF000086C
:108A20004D4601EB0A094E454CD101EB0A0610E018
:108A30001BF0020FD1D023789A007A61626804EBB0
:108A400083017A62FA6A002A77D14D46904601EB9B
:108A50000A061BF0050F0CBF02230123FB62FB6912
:108A600006EB430A0BF00203BB625645BCD016F876
:108A7000021B16F8013C54F82390994B994502D3F8
:108A8000984B994536D3BB69002B40D0786A0DF0DE
:108A90007AFC00283BD0E9468AB06A46924B536183
:108AA0007B6AC2E906314FF4007313848F4B42F89E
:108AB000103F00234FF412518D4801F0ABF8023DF6
:108AC000CD46D2E716F8013BF96254F82300FFF7D0
:108AD0006DFBD7F88430F96A01304BB1D7F8883094
:108AE00098453EBFD7F8843023F8180008F10108F4
:108AF000054498E7BB6923B1786A0DF044FC00286F
:108B0000C9D11BF0010F05D1FB6AED1AADE7BB6AB5
:108B1000002BAAD04846FFF749FBD7F8843053B161
:108B2000D7F8883098453FBFD7F88420431C22F8F7
:108B3000183008F10108054497E7BAF1000F73D027
:108B40001BF0040673D0D046002607F148005246B9
:108B50003B61B96211F019FDB96A3B6901EB0A0288
:108B6000BA62FA69F9695200FA60BA6A02EB410224
:108B70003A610BF00202BA603A69B96A8A4258D186
:108B800062781BF0020F18BF00217A6208BF4FEA1B
:108B90005801B2181BF0010FD2B240F09F801BF0B9
:108BA000040F14BF40460020BB616270A070E170EA
:108BB00020463A6A7969FB6A9847051EFFF614AFAA
:108BC000BB69414623707B6A3A6A6370FB6984F82B
:108BD00002A0E37007F14800FB6A9847B0F1000873
:108BE000C0F2BA807B69A9EB0A01C91AFB683A6A2C
:108BF000C91AD7E90A0398470028C0F2AF804FF09E
:108C0000000BA84408EB000507F1380AB34571D3FF
:108C100000213A6A0846FB6A9847E5E656464FF057
:108C2000000807F1380092E75646D04696E7B0466E
:108C300094E7BA6A12F8021B12F8015CBA6254F89F
:108C40002500274A904202D3264A90421ED3BA6991
:108C500032B1786A7B600DF096FB7B6800288BD17F
:108C6000BA6802BB08F1280207F1300C08F10100D4
:108C7000944407F1580208F1020852FA80F00CF807
:108C8000101C5FFA88F800F8105C75E7BA693AB111
:108C9000786A7B600DF077FB7B6800287FF46CAF0F
:108CA0001BF0010F09D006F1280207F13000711CFA
:108CB000161806F8205CCEB25EE71BF0040F3FF4F6
:108CC0005BAF08F1280207F1300008F1010102EB67
:108CD000000808F8105C5FFA81F84DE7002063E7B0
:108CE00000A701000CDB010023B501000400000116
:108CF00024AC01001BF80A3054F8239087F8373071
:108D0000D7F884302BB3D7F888309B4521D2D7F8D9
:108D1000843033F81B8001213A6AFB6A07F137007F
:108D2000984700281ADB0544B8F1000F06D14846E1
:108D3000FFF73CFA00F101081FFA88F8414648465F
:108D40003A6AFB6A9847002808DB05440BF1010BDF
:108D50005CE74FF00008DEE7454645E6054643E69A
:108D6000014B1860704700BF2082002080B5054687
:108D70000E46174698460CF0A1F8034611F0B6FCD3
:108D80000446DFF81890424649F80030394630462C
:108D9000A84754F8090001F0D9FD00BF0800000001
:108DA0002DE9F047058B04462807904611D4022987
:108DB00005F0070540F0CC8020460DF08AFD78B123
:108DC0000138218B042811D8DFE800F0C2106D852E
:108DD000950001290CBF45F0100545F020052583BD
:108DE00088F31188BFF36F8FBDE8F08701F0070AA1
:108DF000AA4500F0A5800027B9463E46A368002B8F
:108E000000F0BC8041F00801218388F31188BFF392
:108E10006F8FA168002900F0BA800D68002900F06A
:108E2000B680334652462046D1F80480C047002D14
:108E300076D02B6829461D46F0E701F007035A1F3C
:108E4000012A1BD8002221F00701062B276889B2CE
:108E5000C4E9002209D13B4603E0628B0132628300
:108E60001B68002BF9D141F00201204621830DF04F
:108E700030FD00287AD041F0200176E0042B0AD1A1
:108E800021F0070189B2204621830DF022FD10B1A7
:108E900041F020012183218B01F0070AAA454FD020
:108EA0000027B946AAE7236921F0070141F006012E
:108EB000062DD3F8009021832DD1B9F1000F3FD0BA
:108EC00041F00801218388F31188BFF36F8F20469A
:108ED0003949C84729E021F00701236941F004011D
:108EE00089B2042DD3F804902183E6D000274FF0F7
:108EF000040A3E4682E721F00701236941F005019B
:108F000089B2052DD3F808902183D6D000274FF0E1
:108F1000050A3E4672E700274FF0060A3E466DE717
:108F20002B4687E7B9F1000FD1D1EFF31188202349
:108F300083F31288BFF36F8F238B23F008032383FF
:108F4000258BEA062ED525F01003238305F00705AF
:108F50006669218B002EBFF670AF00232768C4E935
:108F6000003321F0070141F001012183218B4FF0F3
:108F7000000901F0070AAA457FF440AF002F9CD0FA
:108F800041F00801218388F31188BFF36F8F002F10
:108F9000C8D03D6839463346524620460DF0C5FCE0
:108FA0002F46F4E7AB067FF51BAF25F020032383A4
:108FB00005F0070500E700BF5769010010B530B99B
:108FC0000B480C490DF090FD6FF0150010BD836843
:108FD00033B9074808490DF087FD6FF00400F5E745
:108FE0001B6813B1BDE8104018471846EEE700BFF4
:108FF0003CAC0100D7B50100E8B5010010B530B9AF
:109000000B480C490DF070FD6FF0150010BD836822
:1090100033B9074808490DF067FD6FF00400F5E724
:109020005B6813B1BDE8104018471846EEE700BF73
:109030003CAC0100D7B50100E8B5010070B508B13E
:1090400001B132B90B480C490DF04EFD6FF015001F
:1090500070BD84680CB1E56835B9064807490DF064
:1090600043FD6FF00400F3E741F8040BE368BDE84B
:10907000704018473CAC010006B60100E8B501009D
:1090800010B5044630B9104810490DF02DFD6FF0B1
:10909000150010BD006830B90B480D490DF024FDD6
:1090A0006FF00100F5E783680BB11B6933B906481F
:1090B00008490DF019FD6FF00400EAE76168984770
:1090C0000028E6D12060E4E73CAC010032B60100A4
:1090D00043B60100E8B5010070B51346044630B947
:1090E000104811490DF000FD6FF0150070BD0068CB
:1090F00030B90C480D490DF0F7FC6FF00100F5E7B1
:1091000082680AB1956835B9064809490DF0ECFC4A
:109110006FF00400EAE70A46AC466168BDE87040BB
:10912000604700BF3CAC010032B6010043B601000D
:10913000E8B50100034A13680BB9526813600020B8
:10914000704700BF2482002030B50C460E4985B020
:109150000291D0F8D4110546CDE9003100F1F001BB
:109160004FF0FF3320460AF0A1FB50B9012384F8E9
:109170006C30D5F8D03123B1204605B0BDE8304081
:10918000184705B030BD00BFE16B010038B50C4693
:10919000114605460DF026FD034638B92846044918
:1091A0000DF020FD03460020236038BD0120FBE7C1
:1091B000F3D901002DE9F04F012381460569466886
:1091C00087B005F55F77D7E8EF2F002A03D1C7E80E
:1091D000E13F0029F7D10CBF1A46002240F0B080D1
:1091E000B368B16A05F5F8781C1F10460DF081FDD3
:1091F00084426ED8013A00F09D80B2FA82F24FF0BC
:109200000044D44072682046073222F00302C5F8B9
:109210003C22B16A0DF06DFDC5F84002B36A4046CC
:109220006343033323F0030302EB4302230103EB05
:109230004403093323F0030303EBC403C5F83422CA
:109240001A440832C5F830227368C5F83842C5F8A8
:109250002C323D4BC5E9AD63316800F0E5F90446B9
:10926000002834D1D9F810B0D9F804A0D9F80030CA
:109270000BF53479059004934846DAE90734012B5D
:1092800008BF103C10F00FFFDAF824002F4904ABA0
:1092900001EB80214FF480624846009323460BF097
:1092A00059FA2B490BF5307010F0B6FEDAE90501DA
:1092B00083685C684CB15B46264AA047044630B9D7
:1092C000DAE9050183681B692BB96FF057040021A7
:1092D00029E0013289E70122984704460028F6D1A7
:1092E0001D4B2846C5F8D0311C4BC5F8D4311C4B5A
:1092F0000393D5F840320293D5F83C32CDE9008390
:1093000005F51173B26AD5F8781300F055F90446E3
:109310000028DCD105F1F0000AF06EFB0028C5F84A
:1093200080030ADB022138460DF090FC204607B08E
:10933000BDE8F08F6FF00B04C9E76FF01504C6E7C6
:109340006FF07704F2E700BF376C0100A89C0020A3
:109350001D6C0100116C010065930000C96D0100D6
:109360007D6C010013B5044640B100230122CDE914
:109370000032074BD0E909120AF06CFA236F1B6820
:1093800023B1606F02B0BDE81040184702B010BDB5
:10939000F3D9010013B504460846216901F55F7150
:1093A000D1E8AF1F022910D193B1A0B10121CDE9BD
:1093B00000311346D0E909120AF04CFA074B9842E3
:1093C00008BF6FF00B0002B010BD6FF00F00FAE79E
:1093D0006FF04C00F7E76FF00100F4E72EF8FFFFA5
:1093E0002DE9F34789461546066906F55F73D3E80C
:1093F000AF3F022B64D1136823B96FF0150002B0A0
:10940000BDE8F0871B78002BF7D0D6F878A3BAF127
:10941000000F36D106F5EC774FF0FF324FF0FF33F7
:1094200038460AF0C9FE30462A6801A9FFF7AEFEA9
:10943000019C80461CB938460DF006FCDDE705F1BD
:10944000080323676B6984F86CA06367646460B188
:1094500038460DF0F9FB21463046A36E2A68FFF727
:1094600073FE0020C9F80040C9E71F22296804F1F3
:10947000480011F0C1F8384684F867800DF0E4FB2D
:10948000EFE7304610490DF0ADFB04460028B4D09C
:10949000002705F1080303676B6980F86C70436768
:1094A00040641F222968483011F0A6F822460121A5
:1094B000304684F8677000F061F80028D1D09CE74E
:1094C0006FF00F009BE700BFF3D9010010B50C4609
:1094D000006900F55F73D3E8AF3F022B0FD189B16C
:1094E0000A4900F5307010F0C3FD204610F092F8E4
:1094F00078220021204611F055F8002010BD6FF0B1
:109500000F00FBE76FF00100F8E700BFB094002008
:109510002DE9F04F05460E4690460027D0F8C4A02E
:1095200085B0AAF5BE7421463046FEF72DFEE0B99F
:10953000114BA4F1480B0293DAF810303246CDE912
:10954000008329464FF0FF335846AAF5E2790AF026
:10955000ADF960B97823012203FB079383F86C20EF
:10956000DAF80C300BB158469847783417B105B08B
:10957000BDE8F08F0127D6E7F76D01001FB514464F
:1095800090B18AB1012912D10A4B00F1F001029386
:10959000D0F8D431483201934FF0FF332046009386
:1095A0000AF084F904B010BD6FF01500FAE700204E
:1095B000F8E700BFF76D01002DE9F04387B00E46D4
:1095C000DDE90E811446DDE910251F4630B329B3CD
:1095D000DFF850C000F1F009002D08BF65469EB9C4
:1095E000CDE9034400F5E2742046059610F0AAFA8E
:1095F00003ABCDE900432A463B46414648460AF0C4
:1096000075FA07B0BDE8F083002241460E92484645
:109610002A4607B0BDE8F0430AF0B8BB6FF015006A
:10962000EFE700BF11950000F0B504462B4A87B064
:1096300004AB0E4692E8030083E80300002C49D0F7
:1096400018460AF00DF80546B0B94FF0FF33E16C4B
:1096500004F15407A163CDE9010000933846236D5E
:1096600004F138020FF088FCA06C0DF0F3FBC4F895
:10967000BC0020B96FF00B05284607B0F0BDA06C08
:109680000DF0E8FBC4F8C0000028F3D0236CD4F838
:10969000BC10C4F890300423C4F89430C4F8AC3043
:1096A0000223E3620E4BB4F84820C4F88C10616CBE
:1096B000236204F18C03C4F8A070A4F89820C4F8C5
:1096C000B870C4F8A810A4F8B020C4F8A400A6612B
:1096D0002363D1E76FF01505CEE700BFC4AC0100EE
:1096E00078AD01002DE9F047044607464FF0010927
:1096F000DFF8508014B93846BDE8F08794FAA4F535
:10970000B5FA85F509FA05F32E0108EB05156FEAA0
:10971000030A24EA03042B7B002BEBD058F8063015
:109720001B694BB94644736804222846196807EA46
:109730000A0700F05BFADDE7284698470028D9D1F0
:10974000F0E700BF94AC010030B5002289B00F49AA
:109750000F4810F074FE002200230024CDE90623F8
:109760000E230C4DCDE903344FF440722846CDE969
:109770000144094B094900940BF008F908492846AF
:1097800010F0ECFC204609B030BD00BFA5970000EA
:10979000188F0020888A0020919A0000A8A000203D
:1097A00068B6010001480AF001BE00BF58850020DC
:1097B0002DE9F04780461F480F460DF097FB0646FF
:1097C000002830D000252846BDE8F087237B6BB108
:1097D0002368DB680BB12046984723681B69D3B91F
:1097E000636804222046196800F000FA013610343C
:1097F0004C45EBD3B8F1000FE5D0002DE2D0284660
:10980000FFF770FF0546002FF7D000214FF4A4703A
:1098100010F055FDF1E7204698470028E0D00AFAFD
:1098200006F31D43E2E705464FF0010A024CDFF85C
:109830000C90DDE7E894002094AC0100A4AC01009A
:10984000014B53F820007047B8AD010008B503463E
:1098500008462BB1044A136000F072FC002008BDDA
:109860006FF01500FBE700BF5082002010B5044CDC
:10987000237813B903480AF099FD0123237010BD22
:10988000F49900205885002010B5044609480DF0D1
:109890002DFB3CB1084BD3E8EF1F0139C3E8E21FB1
:1098A000002AF8D1054810F0D6FDBDE81040044864
:1098B0000AF07CBDE0940020E4940020188F002082
:1098C0005885002000200146034BD3E8EF0FC3E882
:1098D000E21F002AF9D17047E094002070B5FFF72D
:1098E000F1FF0546074C084EB44200D370BD6368D3
:1098F0005B792BB123685B6813B1294620469847F2
:109900001034F1E794AC0100A4AC010010B5044C94
:10991000044920460CF076FE034B1C6010BD00BFCE
:1099200098840020A4AD0100D894002008B500233D
:10993000074A4FF400411370064A07481360074A6C
:109940001360FFF783FFBDE80840FFF7DFBF00BFEC
:10995000F5990020E0940020E96E0100E4940020D5
:1099600001460022002301480CF06DBE98840020BF
:1099700001480CF006BF00BF98840020024B01464E
:1099800018680CF052BF00BFD894002001480CF0BA
:1099900087BF00BF9884002070B5264B1878002838
:1099A00047D0FFF7E5FF054670B1234BD3E8EF1F23
:1099B0000139C3E8E21F002AF8D1204C204EB442FE
:1099C0002DD32846FFF7DAFF1E4B1F4C1B68002BD8
:1099D00019DD10F0EDFC4FF47A72A0FB020302FBDC
:1099E0000131C30B43EA4143D4E900209B1A40F202
:1099F000E9324FEAD13161EB0001934271F100018C
:109A000001D3FFF76BFFD4E9003213F57A7342F10B
:109A10000002C4E90032BDE87040FFF7B7BF6368D9
:109A20005B7923B12368294620461B689847103488
:109A3000C5E770BDF4990020E494002094AC0100C7
:109A4000A4AC0100E0940020108F002070B50D4DF3
:109A5000297861B90120FFF7ABFE0B4C0B4EB442E5
:109A600006D3FFF799FF0028FBD101232B7070BDAF
:109A700063685B791BB1236820469B689847103464
:109A8000EDE700BFF599002094AC0100A4AC010003
:109A900000212DE9F0470846FFF78AFE044658B337
:109AA00040F267684FF0000910F020FE1B4B1C4A83
:109AB0001B58136033B11B4B1B68092B02DD1A487E
:109AC0000AF074FC0025194FDFF85CA044B1204671
:109AD000FFF708FE044618B94FF0FF384FF0FF3982
:109AE000FFF75AFF064628B9B5B942464B465046DD
:109AF0000AF090FC3546E9E74FF0FF384FF0FF39A8
:109B0000D2E72B689B691BB1002228461146984773
:109B10001035BD42F5D3E8E7054DFAE7080000002F
:109B2000DC940020E494002058850020A4AC0100BF
:109B300094AC010013B518480DF0D8F9174B1B78F9
:109B400073B1EFF31184202383F31288BFF36F8F77
:109B5000FFF722FF84F31188BFF36F8F02B010BDAF
:109B60000F4B1B68002BF9D050B9002200230D4881
:109B7000CDE900234FF4004200230BF06DFCEDE72C
:109B80000928EBD1074810F066FC074802B0BDE891
:109B900010400AF00BBC00BFE4940020F5990020AF
:109BA000DC940020188F00205885002010B5064B4B
:109BB00004461B6898472146A06004480CF0C2FD8B
:109BC000BDE81040FFF7B6BF508200209884002007
:109BD000044A054B9B1AB1EBD30F34BF52F8310046
:109BE00000207047ACAB010094AC0100084B10B4EE
:109BF000C31A44681B110133237143689A7101220F
:109C00004368196043685A7110BCFFF72FBE00BF4C
:109C100094AC01002DE9F04F8FB0C1F34A2804AF96
:109C20000D469146B8607B600C0DB8F1000F63D013
:109C300000264FF0040B4FF00A0A07F11403C7F88F
:109C40000C80C7E907667E620193CDF808B0CDF8B5
:109C500000A007F11C0332464846F968FEF79AFE59
:109C6000B0F5006F03461CD36C468AB0D9F80410D7
:109C700004AB26481A46C3E9050140F2FF71D961D9
:109C80004FF400711984224B42F8103F4FF41251E7
:109C900033462048FFF7BEFFA5462C37BD46BDE83A
:109CA000F08FC0F30A0804F11700184420F00700F1
:109CB00080083B60FFF754FE68F35325044690B1DB
:109CC0003B6800F11001C7E9083607F11403F96198
:109CD000CDE900A3CDF808B048460F4AF96807F16E
:109CE0001C03FEF757FE68F353252A4620467B687F
:109CF000B9680DF02DF9D0E704F1170020F0070046
:109D00008008FFF72DFE0446EDE700BF7DB6010099
:109D10000400000144AC0100256F01002DE9F04F63
:109D200087B00446DDE9105ADDE91279934698467A
:109D30000391BFB13B46524610210020CDF8009060
:109D4000CDF81490FEF754FCB0F5006F06460AD328
:109D500040F2FF730221174A174807B0BDE8F04FE1
:109D60000DF04FB93E4605F11700304420F00700D2
:109D70008008FFF7F5FD04F007040BF0070BE40083
:109D800044EA8B1444EA462444EA0554054640B1AB
:109D90003FB13B4652463146CDF800901030FEF7B9
:109DA00027FC434622462846039907B0BDE8F04FFA
:109DB0000DF0CEB8BCB6010044AC0100406820B143
:109DC000034BC01A40F3CF0070474FF0FF3070478D
:109DD000ACAB01000EB403B503AB53F8042B014642
:109DE0000448019301F0E6F802B05DF804EB03B01B
:109DF000704700BF65700100CA0605D48B064CBFD2
:109E000002490349FFF7E6BF704700BFF2D90100DE
:109E1000F1D901002DE9F04F89B09B46149B9DF8C4
:109E20004CA00693159B04460593169B0D46904641
:109E3000179E0493BAF1000F00F09D8006F4807322
:109E400007930DF06DF806F00209024600283ED097
:109E500020469149FFF7BEFF0746B9F1000F08D031
:109E600016F0440F35D12A4620468C49FFF7B2FF41
:109E7000074406F0010353B1894B204653F82A20CA
:109E8000884B8949002A08BF1A46FFF7A3FF06F44A
:109E90008073002B49D006F00803002B63D1B8F182
:109EA000000F66D0424620468049FFF793FF0546E3
:109EB000069B3D44002B6DD1049B002B73D1F3070F
:109EC00000F1E48031462046FFF796FFD8E00746D0
:109ED000C3E7774B18680028CAD0764B4FF47A79DD
:109EE0001B684FF03C0CB5FBF3F5B5FBF0F14FF4FC
:109EF000616300FB115509FB05F5B1FBF3F2B5FBFE
:109F0000F0FE03FB121100FB1E55B1FBFCF309FB35
:109F100005F5B5FBF0F50CFB131120460091CDE9DA
:109F200001E56549FFF756FFA2E706F00803EBB12C
:109F3000624B204653F82A206149FFF74BFF054644
:109F4000B8F1000F05D0424620465849FFF742FFBE
:109F50000544BBF1000FABD05A4620465949FFF7E4
:109F600039FF0544A4E74FF0000BE1E706F00805D0
:109F7000E6E745469CE7BBF1010F069B06D1002BA7
:109F800064D1049B002B7BD000250CE0002BF8D083
:109F90004D485CE04D48069B22464D490CF0C2F905
:109FA000049B002B68D0DFF82C81DFF82C91049FF4
:109FB0003146102F204628BF10274FF0000BFFF727
:109FC0001BFF5D4545DC059B494620461A78FFF797
:109FD00001FF4FF0010B1BF0070F03D14146204654
:109FE000FFF7F8FE5F453BD9059B4946204613F82D
:109FF0000B20FFF7EFFE0BF1010BBBF1100FEAD1C5
:10A000004FF0000B20463549FFF7E4FE5A46059B0A
:10A0100020469A5CA2F120015F2928BF2E223049F8
:10A02000FFF7D8FE0BF1010BBBF1100F1DD01BF099
:10A03000070F03D141462046FFF7CCFE5F455A4645
:10A04000E5D841462046FFF7C5FEEBE71F485546D9
:10A05000A1E741462046FFF7BDFE0BF1010BB0E73B
:10A0600020462049FFF7B6FEC5E7059B3B44059314
:10A07000049BDB1B04939AD1BAF1000F7FF41FAF4E
:10A08000204609B0BDE8F04F0CF0DFBF2046054A7E
:10A090000549FFF79FFE15E7F9B60100FDB601007F
:10A0A000C8AD0100F4B60100ACC1010022B7010047
:10A0B000F0940020EC94002006B70100DCAD010014
:10A0C00026B701002CB701009370010065700100F4
:10A0D000B5AF0000BDD9010031B7010037B70100AD
:10A0E00039B70100BBD9010042F20F7373B58B423F
:10A0F00028BF0B4605680446052168460D4A0BF04B
:10A10000C7FB0646636828460B225B680A490CF0C9
:10A110008EFF63683246694628465B680CF087FF0D
:10A1200063681B2228465B6804490CF080FF02B07C
:10A1300070BD00BF0FB5010058B701003CB701006A
:10A1400000210123064A904206D8064A01B901239C
:10A150001360054B18607047012140085B00F2E76F
:10A1600040420F00EC940020F0940020F8B50D461A
:10A170000446064F4618B44201D12846F8BD14F8EB
:10A18000011BBB6801485B689847F4E744A80100DD
:10A19000014B03600020704724AE01000122024BF6
:10A1A00000201A70704700BFF99900201FB50124E4
:10A1B0000294044C0194BDF8184000940EF05EFB2C
:10A1C00004B010BDF9990020B0B5144A01296C46BD
:10A1D00000AF88B0124B06BF0125134600256A4622
:10A1E0001049C2E905134FF4007393830E4B42F8F4
:10A1F000103F00234FF4E6510C48FFF70BFD0C4BCA
:10A20000A5461C683CB154F8083C083C0BB12846F4
:10A210009847A468F6E7BD46B0BD00BF9EB70100F1
:10A22000A6B70100AFB701000300000134AC010084
:10A230002095002070B516461D4603210F4A104890
:10A240000CF0DFFE0F4B1C687CB16FF08500083C02
:10A2500063682BB13078984710B110F1860F09D19F
:10A26000A4680CB1083CF3E710B16FF07F0070BD3B
:10A270002846FCE76FF00D00F9E700BFC4B7010006
:10A2800034AC010020950020062310B50C4C86B09C
:10A290001822607000216846237010F083F9094B82
:10A2A0006946CDE9013402230020ADF80C3006F0F8
:10A2B0004BFB10F1800F08BF002006B010BD00BF9F
:10A2C000F799002038AE010008B504480CF084F876
:10A2D000BDE8084002480CF07FB800BFE2B70100BB
:10A2E00017B801002DE9F04706460C4600AF0029DB
:10A2F00036D0D1E90012E9468AB06D46A3684FF026
:10A30000050AA8461F48C5E90723C5E9050148F81D
:10A3100010AF002342464FF421511B48FFF77AFC4F
:10A32000D4E90312CD466369AD461848C5E9072351
:10A33000C5E90501C5F810A0002342464FF421519C
:10A340001148FFF767FCCD46E3690121104A0E482A
:10A350000CF057FEA36901210E4A0B480CF051FE88
:10A36000012E07D1EFF305830B4A31460648103B17
:10A370000CF047FE2146304609F02EFDBD46BDE8F3
:10A38000F08700BF45B801007CAC010074B8010043
:10A39000A3B80100B2B80100E0B8010030BFFFF778
:10A3A000FDBF00BF2DE9F04105460B4EDFF82C80C4
:10A3B000324606EB0807CC1B2046094910F0E5F8A9
:10A3C000A01942460021083C10F0ECF86C6707F138
:10A3D0000800BDE8F08100BF00000000040000009C
:10A3E000A4AC0100074A936893F90E10002907DB1B
:10A3F000526993421FBF044A536843F0805353602D
:10A40000704700BF9499002000ED00E070B52A4C21
:10A4100006460D4629482A490CF0C2FEA36ADB060F
:10A4200047D5264827490CF0BBFE1120A36A1C071C
:10A4300004D5224824490CF0B3FE12201E4CA36A16
:10A44000990712D521491D480CF0AAFE636BA26A38
:10A45000120609D501211E4A18480CF0D2FD1EB182
:10A46000A36A23F08003A3621320134CA36ADE07C0
:10A4700004D5124817490CF093FE1420A36A9C06D9
:10A4800004D50E4814490CF08BFE15200A4B9A6A2D
:10A49000D10658BF9A6A9A6A920642BF5A6A22F453
:10A4A00000525A629A6A42F0FF029A6200232B70AD
:10A4B00070BD1020BAE700BF00ED00E07CAC0100E9
:10A4C000F3B8010009B901003CB901004FB901001E
:10A4D00067B901007DB901009CB9010010B5244C99
:10A4E000244925480CF05CFEA36A99013ED5224818
:10A4F00022490CF055FE1E20A36ADA0104D51E483D
:10A500001F490CF04DFE1F20194CA36ADB0204D535
:10A5100019481C490CF044FE0220A36A1C0304D510
:10A52000154819490CF03CFE2120114CA36A59032F
:10A5300004D5114815490CF033FE2220A36A9A0372
:10A5400004D50D4812490CF02BFE2320084CA36AB9
:10A55000DB0304D508480F490CF022FE2420A36A2F
:10A560006FEA03436FEA1343A36210BD1D20C3E7E4
:10A5700000ED00E0CBB901007CAC0100E3B90100C3
:10A58000F6B9010010BA01003ABA010058BA010048
:10A590007DBA010097BA010070B5294C06460D46F8
:10A5A000284829490CF0FCFDA36AD9043CD525486C
:10A5B00026490CF0F5FD1720A36A1A0504D5214899
:10A5C00023490CF0EDFD18201D4CA36A9B0512D504
:10A5D0001C4820490CF0E4FDA36BA26A100409D5C5
:10A5E00001211D4A17480CF00CFD1EB1A36A23F48B
:10A5F0000043A3621920124CA36A590504D51148DF
:10A6000016490CF0CDFD1A20A36ADA050ED50D48C7
:10A6100013490CF0C5FD1B20094A936A43F47F439C
:10A62000936200232B7070BD1620C5E7A36A9B04BC
:10A63000F2D504480B490CF0B3FD1C20ECE700BF39
:10A6400000ED00E07CAC0100C2BA0100D8BA010004
:10A650003CB90100E9BA010002BB010017BB0100CF
:10A6600032BB01009CB901002DE9F0478AB0694B6B
:10A670000446D3F804A089461646002500AFCAF365
:10A68000080885F31188BFF36F8F02F07F43B3F1A1
:10A690007F4F1ED1D3071CD4500603D4110708D412
:10A6A000012508E05C495D480CF07AFD16F00406CF
:10A6B00000D04C4600250023FB71A8F10303092BB1
:10A6C00000F28680DFE803F0077C7F78848484844E
:10A6D00084822C46EFE7524950480CF061FD00237C
:10A6E0004C4EFB71F36A9A0705D54E494B480CF066
:10A6F00057FD002329E0F36A002B01DA4A49F5E708
:10A70000F36A5B00F5D5494944480CF049FD73698B
:10A71000A26943F480737361BFF34F8FBFF36F8FF0
:10A72000736932F8022C23F480737361BFF34F8F87
:10A73000BFF36F8F4DF602739A4228D1236801212F
:10A740003B4A36480CF05DFC2368FA79DAB907F128
:10A75000080604F1200C324620686168083403C200
:10A7600064451646F7D17A6A002D4ED0C2F308012F
:10A7700021B96FEA52226FEA42227A62184607F143
:10A780000801FFF7AFFD2837BD46BDE8F087B36A83
:10A79000DBB223B10120F91DFFF738FE0EE0B36AEA
:10A7A00013F47F4F04D00120F91DFFF7F5FE05E0FB
:10A7B000B36AB3F5803F9CD3FFF790FE0346C4E72E
:10A7C0000020F91DE8E70020F91DEEE719498DE7A3
:10A7D000194A6E461AF4F87F8AB0184B18BF134610
:10A7E0006A461749C2E90513A8F11003D3614FF473
:10A7F00000731384134B42F8103F00234FF41151A0
:10A800000648FFF707FAB54673E722F4FF7222F015
:10A810000102B2E700ED00E078BB01007CAC010072
:10A820009BBB0100B2BB0100D3BB0100E1BB010037
:10A8300000BC01001CBC01005FBB01004ABB010061
:10A8400040BC010004000001064B5A6942F01002AE
:10A850005A615A6942F480625A615A6922F00802C8
:10A860005A61704700ED00E0EFF30880EFF30981D3
:10A8700001B57246FFF7F8FE01BD00BF002080F36E
:10A880001488BFF36F8F002080F30A8880F30B8851
:10A890000F4880F308880EF0D8FA00200D490860B0
:10A8A000BFF34F8F00F02CF8202080F311880A4866
:10A8B0004FF40061401880F30988EFF314800221FF
:10A8C000084380F31488BFF36F8F00F0E5F80000B1
:10A8D00050BD002094ED00E010B000200023184689
:10A8E0000649D1F89020C2F30722934200DB70475B
:10A8F000C1F89830C1F8A0000133F6E700ED00E0A0
:10A9000010B572B6002484F31388FFF7E7FF2346DF
:10A910004FF0FF300C4A03F120010133102B42F8B5
:10A920002100F8D100234FF0FF30074A03F1600106
:10A930000133102B42F82100F8D162B6BFF34F8FDC
:10A94000BFF36F8F10BD00BF00E100E0084B9B68B4
:10A9500083420BD1EFF3058343B1064B5A6842F0B3
:10A9600080525A605A6A22F400425A620AF0ACBA23
:10A970009499002000ED00E018498A6882F881E08F
:10A980004FF030001044EFF3098C80E8F01F2020D6
:10A9900080F31288BFF36F8F114F4FF000664A6942
:10A9A0008A603E604FF07404141920680D4C2060DA
:10A9B00092F981E0906F0023936780F3118802F190
:10A9C000300090E8F01F8CF3098802F1000004B514
:10A9D0000CF0F0FBBDE804407047000094990020A3
:10A9E00004ED00E0289500201EF0040F0CBFEFF3EB
:10A9F0000880EFF30980816911F8021C0229FFD059
:10AA000001B572460CF0C1FB01BD00BF40B2002889
:10AA100007DB01234109034A00F01F00834042F88D
:10AA20002130704700E100E040B200280CDB012239
:10AA30000649430900F01F008240203341F82320DB
:10AA4000BFF34F8FBFF36F8F704700BF00E100E08F
:10AA5000054B420953F82220012300F01F0003FA9E
:10AA600000F01040704700BF00E100E040B2002855
:10AA700001F10101ACBF00F16040064B4FEA41110A
:10AA8000C9B2ABBF00F5614000F00F0080F80013C1
:10AA90001954704714ED00E00B4A08B50B4B22F037
:10AAA0007F029A60BFF34F8FBFF36F8FD3F8882078
:10AAB00022F47002C3F8882009F07AFA0AF026FB23
:10AAC00000F04CF809F0B4FA0080000000ED00E05E
:10AAD00042F8203C009B0D4942F81C3C019B21F0B0
:10AAE000010142F8183C029B42F8081C42F8143C51
:10AAF0004FF0807342F8043C002383674FF43C43DB
:10AB0000203A0265C0F88030704700BF6D8D0000AC
:10AB100000B50B4B15469860426F0A4B0E461A6003
:10AB2000436E83F30B882C4686F309880020064B7E
:10AB300098472046002100220023044C204700BFF4
:10AB40009499002028950020BD7101006D8D0000B2
:10AB50001022014B1A61704700ED00E00023202114
:10AB60000348C2180133452B82F80013F9D170470E
:10AB700000E100E008B5EFF30583064A103B02EB65
:10AB8000C30152F8330049688847BDE80840FFF721
:10AB900029BC00BFA8A801001FB5094C094A2346DB
:10ABA0000121094800F012F900230393074B01210A
:10ABB000E41A01A80193029400F012F904B010BD48
:10ABC0000000072000800020C4AE010000870020A4
:10ABD00010B50C7A0B6804F01F0223F01F031A4310
:10ABE000CB68640923F01F03054943EA440343F09B
:10ABF0000103C1F89800C1F89C20C1F8A03010BD35
:10AC000000ED00E010B50A4BD3F89030C3F30723F2
:10AC1000013B984208D901210346064A06480CF038
:10AC2000F0F96FF0150010BDFFF7D2FFFBE700BF92
:10AC300000ED00E057BC010064AC01002DE9F04FCD
:10AC40008946144606464FF00008514D85B0C84568
:10AC500027DAD6F804A0BAF1000F44D0BAF11F0FDA
:10AC600017D91AF01F0F14D1D6F800B01BF01F0F20
:10AC70000FD158460CF0DEFA07460AEB0B000138FC
:10AC80000CF0D8FA874210D06FF01507414A3B46C6
:10AC900001E04346404A012140480CF0B2F96FF010
:10ACA0001504204605B0BDE8F08F17F1160FEDD062
:10ACB000BC42EBDDC5F89870D5F89C10C5F89870CB
:10ACC000D5F8A03021F01F0143F01F0BD6E9003268
:10ACD0001A44994202F1FF3A1DD1D34507D13146BA
:10ACE000F8B20CF0B0FA08F101080C36AFE73146C3
:10ACF000C5F89870D5F89C3022F01F0203F01F03AE
:10AD00001343C5F89C30E0B20CF09DFA10F1160F19
:10AD1000C5D0441CE7E7C5F89870D5F8A020013BE2
:10AD200023F01F0302F01F021343D3453146E0B264
:10AD3000C5F8A030E8D00CF086FA10F1160FAED0AE
:10AD4000C5F89870D5F89C209DF808300BF1FF3BB2
:10AD500062F304038DF80830D5F8A0309DF8082080
:10AD60005B0863F347128DF80820D6E900321344DC
:10AD7000009323F01F035B44A3EB0A03013023F08D
:10AD80001F036946C0B20393FFF73CFFBEE700BF55
:10AD900000ED00E0A0BC01007DBC010064AC01003E
:10ADA0000522044BC3F89420BFF34F8FBFF36F8F7E
:10ADB000704700BF00ED00E0BFF35F8F0022024B41
:10ADC000C3F89420704700BF00ED00E010B5034CBD
:10ADD0002278FFF733FF207010BD00BFFA990020E2
:10ADE0002DE9F74F294D8A4606464FF00008AB463D
:10ADF000274FD0451BDAD6F80490B9F1000F3FD0A9
:10AE00003168084601910CF015FA0199044609EBE6
:10AE1000010001380CF00EFA84424FF014021D4B71
:10AE200008D002FB08F36FF015024BF8032003B0C3
:10AE3000BDE8F08F14F1160F2C60F8D01978A142FC
:10AE4000F5DD02FB08B0C7F89840C7F89840D7F87E
:10AE50009C4000F10801007B64F304000871D7F8FE
:10AE6000A0000C79400860F347140C71D7F89C10CF
:10AE700021F01F016960D7F8A01021F01F0129619E
:10AE800008F1010814350C36B3E700BF2C950020FB
:10AE900000ED00E0FA990020F0B54149414CD1F8AD
:10AEA00090302568C3F307239D4287B075D80020F2
:10AEB000FFF782FF3C4BC1F8C030854216D13B4CB6
:10AEC00001A82570FFF764F900250646384FAE4209
:10AED00013D1002023783249D1F89020C2F3072201
:10AEE000934254DBFFF75CFF00202FE0616801EB29
:10AEF0000011FFF76DFE0130DFE70199280101EB3A
:10AF00000513DA683A40B2F5001F21D0B2F5800F80
:10AF10002BD0B2F5801F38D15A689B680958013B85
:10AF200022F01F0003440120844623F01F0340EA5F
:10AF30004C10CDE902218DF8100002A9207805936C
:10AF4000FFF760FE00281DDA6FF0150007B0F0BDB6
:10AF50005A689B680958013B22F01F0003444FF0D8
:10AF6000020C012023F01F03E1E75A689B6809588F
:10AF7000013B22F01F0003444FF0000C062023F099
:10AF80001F03D4E723780133237001359FE7C1F80D
:10AF90009830C1F8A00001339EE74FF0FF30D5E7AD
:10AFA00000ED00E0D0AE0100AAFF4400FA990020B5
:10AFB0000000F0FFF0B587B007460E4614460021AA
:10AFC000102268461D460FF0EDFA02238DF802307C
:10AFD000054B2A4621466846CDE9047601930AF0DE
:10AFE00083FC07B0F0BD00BF7972010008B50248CC
:10AFF0000AF02EFCFEE700BFD2BC010008B5024BF0
:10B000001B689847002008BD40950020034B044A68
:10B010001860937843F002039370704740950020C6
:10B020008C82002008B50649064821F00701C1F1CD
:10B03000005202F5E0220BF01DF9002008BD00BF10
:10B04000D3DD00204495002070B541690446867A1E
:10B050000A4D59B1437ADB0706D42C2303FB065370
:10B060005B6A1B689B689847002363612C2021461C
:10B0700006FB0050BDE870400EF03DBFA0850020EB
:10B080002C22024B02FB0030704700BFA08500203D
:10B090002C21827A054B01FB02339A6A1B7F801AAE
:10B0A0001B3323F00303B0FBF3F07047A0850020AF
:10B0B00038B52C24827A064B04FB02335B6AD3E951
:10B0C00001240C601568FFF7E3FF04FB005038BD56
:10B0D000A08500202DE9F04385B0054668469046DE
:10B0E0001C4603910FF066F9DDE90067EFF3118963
:10B0F000202383F31288BFF36F8F6B8B002B41D01B
:10B100002A8B9A4225D900220023284609F01CF9EF
:10B110000446F0B189F31188BFF36F8F039B002BB6
:10B1200041D032463B4668460FF068F92C21A27A9E
:10B13000254B204601FB02335B6A03A91B681D688F
:10B14000DDE90023A847606170BB2046FFF77CFF64
:10B1500024E0698B4B1E6B8389F31188BFF36F8FDB
:10B160002B7F2A8BAC6A1B3323F00303521A02FB9A
:10B170000344154B154AEB1A9B105343A3722B7FC4
:10B18000E372CBE789F31188BFF36F8F2346424602
:10B19000284609F0D9F804460028BFD100242046EB
:10B1A00005B0BDE8F0836361012300252381039B83
:10B1B00029466382E27A656004F118000FF0F2F923
:10B1C00063692582E360EAE7A0850020A38B2EBA9D
:10B1D00070B52C250B4C00B970BD037A4668013B55
:10B1E000DBB20372002BF7D1C3604360837A05FBA7
:10B1F00003431B6A13B198473046ECE7FFF724FF7F
:10B20000FAE700BFA085002007B50DF1070007F0A1
:10B21000E9FB114B98421CD14FF480620F4B10494F
:10B22000C3F8B8254FF40062C3F83C259DF8070029
:10B230000DF014FE0B499DF807000DF00AFE0120E9
:10B240009DF80730984007F0C7FB002003B05DF879
:10B2500004FB6FF00B00F9E70000AD0B00A002400B
:10B260002CA0024028A10240052370B5144D154EB4
:10B270002C780134B4FBF3F303EB8303E41A0DF0F1
:10B2800081FD114A137823B156F82430C01A0728DB
:10B2900013D90E4BD3F8141141B10021C3F8141186
:10B2A000D3F814312C700CB9012313702C780DF0E5
:10B2B00069FD46F82400012070BD0020FCE700BFB6
:10B2C000FC99002050950020FB9900200050004080
:10B2D00048B1054B054A1B68B3FBF2F35843044BD6
:10B2E00043F0010318477047AC83002040420F0031
:10B2F00020AD01000B460121024AC2F814160021BC
:10B30000184700BF00500040014902480BF030BB15
:10B3100008AF0100649500202DE9F047174B054662
:10B32000D3F830210C46072AD3F8343121D1023B1F
:10B33000032B02D8124AD35CDBB14FF00108002680
:10B340004FF050290F4F0520C9F81886C7F814662A
:10B350000DF07DFD4046C7F814860DF078FDC7F866
:10B360001466C9F8186628462346BDE8F047002150
:10B3700018470022034BC3F81426F4E700F0072017
:10B38000F2BC0100005000401FB578B100230193CA
:10B39000039301236946084802930BF0FCFA029BD1
:10B3A0009B0700D1039B05B05DF804FB024805B084
:10B3B0005DF804EB0BF046BB6495002008B504482B
:10B3C0000EF0FEFB00280CBF6FF01200002008BD3D
:10B3D00030A801000E4B402928BF402170B51D4602
:10B3E0000C4C4618B04203F1020304D1002305F8C7
:10B3F0001130074870BD02781209A25C03F8022CD4
:10B4000010F8012B02F00F02A25C03F8012CE9E70F
:10B410001B9A002055BD010030B503788BB004465F
:10B4200007AD032B21D8DFE803F0021A1C1E1249D6
:10B430002846FCF7B3FE059563781E210493A37894
:10B440000E4A0393E3780E480293237901936379BC
:10B450000093A3790AF01CFA09480BB030BD0949E2
:10B46000E6E70949E4E70949E2E70A212846084AEC
:10B470000AF00EFADFE700BF10BD010032BD010087
:10B48000FD99002017BD01001EBD010028BD01006F
:10B490004DCE010030B50024094D0A4B85B0284639
:10B4A000029303940EF0FFFD02AB284600934FF485
:10B4B000E1620A23044909F04DF9204605B030BD88
:10B4C000508F002066BD0100A8A30020014601485E
:10B4D00009F0BAB9508F0020037830B5012B13D092
:10B4E000022B27D07BB90A46184B03F1100453F8FE
:10B4F000045BA34242F8045BF9D11B7813704388C4
:10B500004B731B0A8B7330BD0A46104B03F11004BA
:10B5100053F8045BA34242F8045BF9D11B78137023
:10B520004368C3F307224B731B0CCB731B0A8A734C
:10B530000B74E8E700F1100350F8042B984241F82F
:10B54000042BF9D103780B70DDE700BF6FBD01005C
:10B5500010B5044609F0B8FB044B1B680BB120463C
:10B560009847BDE8104009F0C3BB00BF809500209C
:10B57000022838B505460CBF064807480BF08DFE7B
:10B58000044620B101210C300BF0DCFE257620466C
:10B5900038BD00BF50860020A08500200F2810B5C0
:10B5A0000ED80D280ED90B480BF077FE044628B1B3
:10B5B00001210C300BF0C6FE02232376204610BD7D
:10B5C0001328F0D009B10448EEE70220BDE810408E
:10B5D000FFF7CEBFD486002024860020C368022156
:10B5E0001B78024A02480CF015B800BF8FBD01005D
:10B5F000ECAB010070B5C6683378B6F8014083B98A
:10B600000F21204602F05AFDF378054650B90A4A48
:10B61000118831B96FEA04506FEA10501080074A60
:10B62000137070BD4372012102F066FC2846BDE82C
:10B63000704002F03BBC00BFE09900209C9A0020C3
:10B6400070B5C3681D78BDB9B3F801600F213046ED
:10B6500002F034FD044638B93346BDE8704001219C
:10B66000064A07480BF0D6BF294602F045FC2046A3
:10B67000BDE8704002F01ABC70BD00BFB7BD01004C
:10B68000ECAB010010B5C3680121B3F801402046BE
:10B6900002F014FD38B92346BDE810400121044AE8
:10B6A00004480BF0B7BFBDE8104002F0FFBB00BF7D
:10B6B000DDBD0100ECAB0100012110B50C300BF039
:10B6C0007CFEBDE8104003780121024A02480BF0DD
:10B6D000A1BF00BF01BE0100ECAB0100014610B5E7
:10B6E00008480BF0DEFD084908480EF0B1FC031EC7
:10B6F00006DABDE810400121054A06480BF08ABF72
:10B7000010BD00BF4C810020AC820020F88F0020CB
:10B7100023BE0100ECAB010010B5084C0146062227
:10B7200094F86F0002F074FF38B994F86F000522A6
:10B73000BDE81040024902F06BBF10BD0080002040
:10B74000F6BC01000121024A02480BF061BF00BFB4
:10B7500040BE0100ECAB01000B46B0B50D8A00AF56
:10B7600004462946D868FFF735FE8AB06A46094B79
:10B77000C2E90750C2E9053440F202439384064B04
:10B780004FF43251054842F8103F0BF050FFBD46D0
:10B79000B0BD00BF5ABE010005000001ECAB0100C6
:10B7A00070B5C5680121B5F80160304602F086FC2D
:10B7B000044638B93346BDE8704001210B4A0C48B5
:10B7C0000BF028BF2B783BB9D5F80330C0F8953083
:10B7D000D5F80730C0F89930201D4FF480310BF0B8
:10B7E0001BFF2046BDE8704002F060BBDDBD0100DC
:10B7F000ECAB0100B0B53C28044600AF1AD101F013
:10B8000079FE6FF0800110300BF014FF0020FFF77D
:10B8100083FF054630B90121114A12480BF0F8FEAA
:10B82000BD46B0BD4472002102F066FB284602F01E
:10B830003DFBF5E76D468AB06A460B4B4FF412515B
:10B84000C2E90530094B0748D36140F20133138444
:10B85000074B42F8103F0BF0EAFEAD46E0E700BFB1
:10B860007CBE0100ECAB01009DBE0100F3D90100DC
:10B870000400000137B50446084602EBC3039A42B0
:10B8800002D16FF05E0010E0114611F8085BA5428E
:10B8900011D1038A5178994209D908480121084AEF
:10B8A00000940BF0B8FB6FF0150003B030BD536887
:10B8B00098470020F9E70A46E1E700BFECAB01003A
:10B8C000B9BE010073B53D480BF000FD04460028E9
:10B8D00072D0017E022948D008296AD1038A032B3D
:10B8E00005D8374A012137480BF094FE13E00421B4
:10B8F0000C300BF062FDFF23428806886376238AB2
:10B90000C6F30B009A42A08309D0012100922D4872
:10B910002D4A0BF080FB2046FFF75AFC12E00F2166
:10B9200002F0CCFB054610B9A38B284ADAE702F0F7
:10B9300005FC21466076320B284602F08BF928463A
:10B9400002F0B4FA224BD3F84C31002B34D0214909
:10B9500021480EF07DFB031E2EDA01211F4A1948F3
:10B9600002B0BDE870400BF055BE038A012B01D830
:10B970001B4AB7E70C300BF020FD054600780BF0B2
:10B9800035FE10F002060DD140F6CE33154A1649A9
:10B9900016480AF02EFD86F31188BFF36F8F03233C
:10B9A000184602DF04232146114A28780BF04AFE8C
:10B9B000B1E70B460F4A95E702B070BD4C810020FD
:10B9C000DBBE0100ECAB0100FCBE010020BF0100AA
:10B9D00000800020AC820020F88F002023BE0100F0
:10B9E00042BF01005EBF010092BF0100C0BF010065
:10B9F000B4AF0100DDBF010010B5012104460C30D9
:10BA00000BF0DBFC2146BDE810400623014A00781C
:10BA10000BF018BED4AF0100F8B50121044600AF09
:10BA20000C300BF0CAFC0678002321463046104A41
:10BA3000FFF720FF5F3018D1258AE0682946FFF71D
:10BA4000C9FC6C468AB06A460A4BC2E90750C2E993
:10BA5000053640F202439384074B4FF432510748B6
:10BA600042F8103F0BF0E3FDA546BD46F8BD00BF10
:10BA700004B00100F1BF010005000001ECAB0100C2
:10BA80002DE9F74F0023804689461746DFF814A1B9
:10BA9000DAE8EF4FCAE8E23F002AF9D1264644B976
:10BAA00043460121404A414803B0BDE8F04F0BF046
:10BAB000B1BD2046FFF7ECFA4FF00C0B3C4D0BFBF1
:10BAC0000050438843451BD02046FFF7E1FA0BFBAB
:10BAD0000050438801210093364A434633480BF017
:10BAE0009AFADAE8EF3FCAE8E26F002AF9D1002BB0
:10BAF00054D01E46304603B0BDE8F04FFFF768BB98
:10BB0000A7420FD020460BF0C3FB022304F10C0820
:10BB10000121404623760BF015FC40463A8AF9682D
:10BB20000BF021FC2046FFF7B3FA0C2707FB00506F
:10BB30004368ABB1B9F1000F12D12046FFF7A8FA64
:10BB4000012107FB00504268D2E90003127A03F09A
:10BB50001F07B9405B09DAB100EB83000BF05CFD15
:10BB60002046FFF795FA0C2707FB00508368002B4F
:10BB7000C0D02046FFF78CFA784305F800902046A5
:10BB8000FFF786FA07FB0055A86808F00FFCB1E73D
:10BB9000C94300EB83000BF04DFDE1E703B0BDE8C6
:10BBA000F08F00BF4881002023C00100ECAB0100F2
:10BBB000849500204BC001002DE9F84F0123D0F8F7
:10BBC0000C80018A98F8004000AF03EB84038B429D
:10BBD0005BD96D468AB06A46C2E9073105232D4814
:10BBE0004FF42151C2E905042B4842F8103F0BF0F5
:10BBF0001EFDAD46BD46BDE8F88F4B460121274AE4
:10BC000025480BF007FD013598F800309D42F1DA28
:10BC100008EB8503B3F801900F214846B3F80360A1
:10BC200002F04CFA04460028E7D000F1C0095EB1EA
:10BC3000204601F0B3FF08F0B9FB636943B95A46E7
:10BC4000012115480BF0E4FC204602F02FF9DAE759
:10BC5000A1691A688B42626108BFA261C3F800A0A3
:10BC6000226A7AB9C4E90733D9E8EF3F013BC9E852
:10BC7000E23F002AF8D100212046013E01F09AFF60
:10BC8000B6B2D4E713602362EEE70025DFF810B008
:10BC9000AA46B9E77EC00100ECAB0100A8C00100D4
:10BCA000C4C0010073B5C5680121B5F80160304614
:10BCB00002F004FA044640B9334601213A4A3B48AF
:10BCC00002B0BDE870400BF0A5BC2B78061D1A2B06
:10BCD00019D1C378012B4ED14FF4804130460BF07F
:10BCE0009BFC42040FD4D4F8883069460093D4F802
:10BCF00090302046019302F05BFF204602B0BDE881
:10BD0000704002F0D3B82B78ABBB40F67A41B5F85F
:10BD10000320A4F8862093B2B5F80520A4F88C205F
:10BD2000B5F80720A4F88E209A1F92B28A4204D94F
:10BD300002211F4A1D480BF06DFCB4F88C30B3F59E
:10BD4000FA7F04D302211B4A18480BF063FC40F62B
:10BD50007641B4F88E30A3F10A0292B28A4204D935
:10BD60000221154A11480BF055FC6FF48051304602
:10BD70000BF060FC14E0D6E8AF3FDB04F5D52B7880
:10BD8000202BF2D194F89430002BEED0013B84F8B4
:10BD900094304FF42032002304F1400008F07EFD7F
:10BDA000204602F037FBA8E7DDBD0100ECAB010047
:10BDB000DBC0010003C101002AC10100054BD3E82B
:10BDC000AF2F02F00902D3E8EF1FC3E8E02F0028ED
:10BDD000F9D17047D480002010B5C1E900239DF847
:10BDE00008300C460B72FFF753F90C22024B02FB92
:10BDF00000335C6010BD00BF849500202DE9F04742
:10BE00004FF0FF3206464FF0FF33184888460BF0DC
:10BE100044FA044638B300F10C07012138460BF010
:10BE200091FA012320462376FFF732F94FF00C09EF
:10BE30000F4D4FF0000A09FB005046802046FFF7E7
:10BE400027F909FB0050C0F808A02046FFF720F9A9
:10BE500009FB005503213846C5F804A00BF07DFA14
:10BE6000068080F802802046BDE8F087A886002082
:10BE70008495002070B5064690B00B4D01AC0FCDF7
:10BE80000FC40FCD0FC40FCD0FC495E8070084E891
:10BE900007000E2E9DBF10AB03EB860656F83C0C38
:10BEA000024810B070BD00BFCCAC010056C101000B
:10BEB000034B0146D3F86C0182689268104700BFBB
:10BEC000008000202DE9F843044600F10C063046BE
:10BED0000BF083FAB4F810800546B8F1010F0AD8C8
:10BEE00043460121194A1A480BF094FB2046BDE84D
:10BEF000F843FFF76DB9304602210BF05EFA0746B2
:10BF000000780BF073FB10F0010906460DD140F6E6
:10BF1000EE73104A104911480AF06BFA89F3118840
:10BF2000BFF36F8F0323184602DF052321460C4A17
:10BF300038780BF087FBB307D8D56369A4F8108075
:10BF400013FA85F5E560BDE8F88300BF42BF010044
:10BF5000ECAB01005EBF01005EC10100C0BF01008B
:10BF60008CAF010038B50C4608F0AEFE237E022BE4
:10BF700005D0082B14D12046FFF7B0FB0BE0E36897
:10BF800018780BF033FBC207054602D52046FFF7B1
:10BF900099FFAB07EFD4002408F0AAFE204638BD75
:10BFA0000121054A05480BF035FB2046FFF710F943
:10BFB0006FF01504F0E700BF77C10100ECAB0100A2
:10BFC0002DE9F84F3D4C00AF04213D480BF024FB18
:10BFD0003C4DE2793C4B2046012A88BF1D466E4607
:10BFE000FFF71AFA8AB06A46384BA346C2E905350C
:10BFF0000125374BD0611362364B4FF4235136483D
:10C0000042F8103F0BF013FBDFF8D080B546DFF8A5
:10C01000C890334EE3790BF1070B9D4238DB94F85F
:10C0200070506E462846FFF725FF8CB06A46B4F87C
:10C030007210B4F87630C2E907514FF400755362BC
:10C04000DFF8A0C0284BC2E905C015854FF4535155
:10C0500042F8103F20480BF0EAFAB54694F87160B8
:10C060003046FFF707FF8AB06A46B4F874301F49BC
:10C07000C2E907631E4BC2E9051095844FF43351A2
:10C08000154842F8103F0BF0D2FABD46BDE8F88FD4
:10C090005846FFF7C1F9EA468AB06A4640F20133D2
:10C0A000C2E90565D06113844FF41351484642F844
:10C0B000108F0BF0BCFA0135D546ABE700800020AD
:10C0C000D4800020F3D901008BC101008FC1010091
:10C0D0000002010304000002ECAB010004000001B7
:10C0E0009EC10100AFC1010006000001EDC10100C9
:10C0F000050000010048704712B50100014808F032
:10C1000023BB00BF9C82002038B505460C4619B9F8
:10C11000FFF774FE0446D8B140F635439D420FD177
:10C120002046FFF7C5FE054640B1034601210A48F7
:10C130000A4A0BF06FFA2046FFF74AF8284638BD46
:10C14000214607480DF0CCFE0025FFF7D7FFF5E7A5
:10C150006FF06805F2E700BFECAB010014C201000C
:10C1600054810020F8B50521054640F63540FFF71B
:10C1700045FE044678B9FB231C4A1D491D480AF0B8
:10C1800038F91D480AF035F984F31188BFF36F8F31
:10C190000323184602DF04F10C07012138460BF097
:10C1A000DCF801260421067038460BF0D6F805802D
:10C1B000002521468670C57040F63540FFF7A4FF84
:10C1C000044688B140F20513084A0C4909480AF0B0
:10C1D00010F921460A480AF00CF985F31188BFF3DB
:10C1E0006F8F0323184602DFF8BD00BF5EBF01005A
:10C1F00083BD0100C0BF010036C2010055C201006D
:10C200005EC201002DE9F0410446868B477E807AAC
:10C21000FEF736FF6169054649B1637ADA0704D44F
:10C22000436A20461B689B68984700236361214648
:10C2300028460DF060FEA37E33BB144B93F88A3082
:10C240009B0621D5384602F0B9FA044638B93B4678
:10C25000BDE8F04102210E4A0E480BF0DBB9837AAB
:10C26000073B012B09D90B4802210B4A0BF0D0F9EF
:10C270002046BDE8F04101F019BE01F017FE30463E
:10C28000BDE8F041FFF76EBFBDE8F08100800020FF
:10C2900081C20100ECAB0100AAC2010073B5C36802
:10C2A000D9789A781E8842EA0122ADF8002059799F
:10C2B0001A79B4B242EA0122ADF80220D9799A790A
:10C2C000204642EA0122ADF804201A7A5B7A012165
:10C2D00042EA0323ADF8063001F0F0FE054658B9F6
:10C2E00001211C4823461C4A0BF094F902212046E8
:10C2F0000BF0DDF902B070BD694602F0D1F838B933
:10C300001E2120460BF0D3F9284601F0CFFDF1E7BE
:10C310000E2142F22000FFF771FD04460028F3D001
:10C320000E210C300BF019F800230680C0F80A30FB
:10C33000BDF8003021464380BDF802308380BDF84F
:10C340000430C380BDF80630038142F22000FFF7BD
:10C35000DBFED9E7ECAB0100DDBD010038B50246DC
:10C360000B462B4DD5F8541109B9002038BD05F501
:10C37000987008F04FF80028F7D10022002305F547
:10C38000AA7007F0E1FF044668B940F6DD33214AA0
:10C39000214922480AF02DF884F31188BFF36F8FEA
:10C3A0000323184602DFD5F848315BB101211C4A4E
:10C3B0001C480BF02DF9D5F84801FEF709FF0023C2
:10C3C000C5F8483120460AF097FFC5F848012046D5
:10C3D000FFF76EFD0346C8B10121134A11480BF067
:10C3E00019F9124807F0E2FF2046FEF751FE0C2231
:10C3F0000F4B02FB0033588818B122461F21FFF76C
:10C400003FFB2046FEF7E4FEFFF778FE0120ADE794
:10C41000008000205EBF010083BD0100C0BF01009D
:10C42000D6C20100ECAB010014C201003081002033
:10C43000849500202DE9F04F87B0054616460C463E
:10C4400000AF31B9FFF7DAFC044648B96FF0680075
:10C4500092E0887AFEF714FE534B834240F09E80B0
:10C460000122002138460DF054FD2046FEF710FE53
:10C470000C23DFF838A103FB00A0876020460AF0F8
:10C480003BFF01464A480DF02BFDFFF737FE0EF04B
:10C490002DF9484B1A58484B9A4220D1DFF81CB16D
:10C4A00043480DF032FD002181464FF4A020FFF7F4
:10C4B00055FF804688B94FF4D8735946404A4148E1
:10C4C00009F097FF2946404809F093FF88F3118847
:10C4D000BFF36F8F0323184602DF4C45E0D14FF4C2
:10C4E000A0220023384607F095FF804698B14FF40C
:10C4F000DB73334A3549334809F07BFF424629460E
:10C50000334809F076FF002383F31188BFF36F8F60
:10C510000323184602DF2046FEF7BAFD0C235843DA
:10C520001AF80080B8F1000F30D06E468AB06A4623
:10C53000284BC2F81C80C2E90535274B4FF4325115
:10C54000136240F202439384244B254842F8103F83
:10C550000BF06DF82046B546A8F10908FEF738FE45
:10C56000B8F1090F0FD8DFE808F01C0E0E0B050E0E
:10C570000E0E0E196FF00B001C37BD46BDE8F08F94
:10C580006FF00C00F8E76FF00400F5E716B13460C7
:10C590000020F1E72046FEF71BFEF9E76FF01500DB
:10C5A000EAE76FF06E00E7E7A88600208495002098
:10C5B000548100200800000060930020F1C20100B7
:10C5C0005EBF0100C0BF0100F9C2010055C20100F9
:10C5D00019C301005EC30100F3D901000500000189
:10C5E000ECAB01000022F0B583B0114640F60340E9
:10C5F00000AFFFF71FFF0446002840F0A180FFF7BF
:10C60000DDFB214641F203003A1DFFF713FF04460C
:10C61000002840F095807A68B04DD16805F1780324
:10C62000D1F80100D1F8051003C31046FEF7D0FD84
:10C63000214641F201003A1DFFF7FCFE04460028A6
:10C640007ED17868C3685A7885F870205A88A5F832
:10C6500072201A7985F87120B3F80720A5F87420A4
:10C66000B3F80530A5F87630FEF7B2FD214641F269
:10C6700002003A1DFFF7DEFE0446002860D1D7F81D
:10C6800004C005F18006DCF80C20531C413234460E
:10C6900018685968083303C493422646F7D16046A8
:10C6A000FEF796FD01F056F90446002848D195F8AA
:10C6B0008A309E0610D40221894A8A480AF0A8FFCF
:10C6C00095F87C3058063FD40121874A85480AF006
:10C6D0009FFF6FF0120433E0072140F63340FFF76D
:10C6E0008DFB0646002800F0EC8007210C300AF094
:10C6F00034FE1B2303700223C0F80240847144708F
:10C7000004712246C370314640F63340FFF792FE73
:10C710000446A8B9012140F63140FFF76FFB0646F9
:10C72000002800F0CE8001210C300AF025FE2246C0
:10C73000314640F63140FFF77DFE04460028BFD069
:10C7400020460C37BD46F0BD002142F203003A1DE1
:10C75000FFF770FE04460028F2D17B68634EDA686A
:10C76000D2F80100D2F8051003C61846FEF730FDD6
:10C77000214642F202003A1DFFF75CFE0446002803
:10C78000DED17C68E368B3F8012091B249B1D97871
:10C7900039B1A5F80421DA78114606F128000DF028
:10C7A000B8FB2046FEF714FD1F2395F87C60A5F822
:10C7B000203116F0200617D1022140F66D40FFF718
:10C7C0001DFB044600287CD002210C300AF0C5FD78
:10C7D0000123214603704670324640F66D40FFF754
:10C7E00029FE04460028ABD195F89C30190712D5D4
:10C7F000002142F21C003A1DFFF71CFE04460028EF
:10C800009ED17868C368D3F80120D3F80530C5E914
:10C810003823FEF7DDFC082142F20100FFF7EEFAB3
:10C82000044600284DD008210C300AF096FD95F8FA
:10C83000D83095F8D92013F0020F14BF2F230F23FF
:10C8400012F0090F4FF0000218BF43F400630370A9
:10C850001B0A214643708270C2700271427182715C
:10C86000C27142F20100FFF7E5FD044600287FF4A3
:10C8700067AF95F87C30B5F804119A0624D4C9B98D
:10C8800041F205003A1DFFF7D5FD044600287FF46C
:10C8900057AFB5F804317C684BB9E368B3F80120B1
:10C8A000A5F804219A88124811460DF032FB204663
:10C8B000FEF78EFC082140F60140FFF79FFA044680
:10C8C000D0B96FF068043BE70029F3D10121094A90
:10C8D00004480AF09DFE6FF0040431E70080002058
:10C8E0007DC30100ECAB0100ABC30100D880002088
:10C8F00008810020CFC3010008210C300AF02DFD73
:10C90000102303708823002243700226202321462F
:10C910008270C670027142718271C37140F601402B
:10C92000FFF788FD044600287FF40AAF01463A1D50
:10C930004FF60140FFF77EFD98B1504A0221504862
:10C940000AF066FE00F0C6FC044600287FF4F8AE4C
:10C9500001F03CFF044600287FF4F2AEFFF730FB05
:10C96000EEE67B686E46DC688AB0B4F80130032BD3
:10C9700096BF444A444952F823106A46D3614FF4A3
:10C98000007342481384424BC2E9050142F8103F4C
:10C990004FF413513A480AF04AFEB4F80120B54664
:10C9A000022AB4F8033049D1052B47D8394A52F846
:10C9B00023106E468AB06A46D3614FF4007336483E
:10C9C0001384334BC2E9050142F8103F4FF4135171
:10C9D0002B480AF02CFEB546637994F806C0032B69
:10C9E00098BF2E4AB4F80760D4F809006C468CB0A2
:10C9F00094BF52F8231024496A46C2E9073C4FF419
:10CA00000073DFF89CE09385264BC2E905E1C2E99B
:10CA100009604FF4735142F8103F19480AF007FEBD
:10CA2000A5467868FEF7D4FB00214FF602403A1D78
:10CA3000FFF700FD044618B11B4A7FE71249B8E72B
:10CA40007868C368B3F80130A5F8C130FEF7C0FBC1
:10CA500095F8C1305B077FF575AF21464FF603406F
:10CA60003A1DFFF7E7FC08B1104A67E77868C3682A
:10CA70005B7885F8C030FEF7ABFB63E7F2C30100DB
:10CA8000ECAB01007CAF010056C1010016C40100EF
:10CA90000400000164AF01002FC4010054AF010085
:10CAA00047C401000700000174C401009DC40100D7
:10CAB00010B5FFF797FD034B1B6813B1BDE810409D
:10CAC000184710BDFC95002073B52A4D0646D5F8D1
:10CAD0006C010DF075F848B90121274A27480AF082
:10CAE00097FD6FF01204204602B070BD6FF0020196
:10CAF00005F1D4000AF09EFD01210AF08DFD10EA37
:10CB0000010434D11E4B1E600A4605F598700DF0E5
:10CB100000FA05F5AA700DF0D7F91A480DF0C3FA1E
:10CB20006FF007034FF4966217491648009407F018
:10CB300011FE164913480DF011FBD5F86C0114498C
:10CB400083681B689847044630B103460121114AA7
:10CB50000A480AF05FFDC6E726B902B0BDE870409A
:10CB6000FFF740BD05F1C40007F0EEFDBBE76FF035
:10CB70007704B8E700800020C6C40100ECAB0100D8
:10CB8000FC950020F88F0020B0AA0020DEC4010030
:10CB900065BF0000E7C40100F7B5144B054693F9E3
:10CBA0009B300C46002B1DDA14B9204603B0F0BDB3
:10CBB000082C4FF0000142F2180001AA264628BFB7
:10CBC0000826FFF737FC0028F0D1019F3246F968AC
:10CBD000284601310DF0D9FC3846FEF7F9FA354404
:10CBE000A41BE1E76FF08500E0E700BF00800020B4
:10CBF0002DE9F04F85B00026624BB0F801901988FE
:10CC000049F47042914204BF1E805F4B00F104085A
:10CC100008BF1E78C3780546012B08BF5B4B404612
:10CC200000AF14BF002493F86F400AF06FFC414638
:10CC300068B34FF0010A07F108000AF05CFCD5F870
:10CC40001130C7F80130B5F81530A7F80530EB788A
:10CC5000012B31D04046FEF7DFFB6C4688B06A46B8
:10CC60004B4B4FF4E251C2E905304FF4007393830C
:10CC7000484B494842F8103F0AF0D9FC1321A54619
:10CC800048460AF02FFD1437BD46BDE8F08F204618
:10CC90000AF0A5FD0346006895F804A0B8609A88DC
:10CCA0009B796868BA81BB73B8F8042098F806309D
:10CCB0003860BA80BB71CAE707F10800FEF72CFDA7
:10CCC000EB780446012B0AD100F014FC83466FF088
:10CCD000800110300AF0AEFC58460AF07FFE002CAE
:10CCE000B8D02346B5F8012023F8702BBA7BB8687A
:10CCF000B98920679A7100229980B5F81730A4F895
:10CD00008630B5F81930A4F88C30B5F81B30A4F88B
:10CD10008E30EB786272012BE37022D187F800A08D
:10CD2000BA88BB793868A4F87B2084F87D30C4F8D1
:10CD3000770000F0DFFB237A144AC3EBC303991892
:10CD4000D358C4F87E308B88A4F882308B7984F86D
:10CD50008430D2E9381303F03F03194301D000F0C7
:10CD600089FD0721204601F0C7F826B101212046A0
:10CD7000667201F0C1F8204601F022FA204601F067
:10CD800095F880E7E09900209C9A00200080002020
:10CD900003C5010003000001ECAB010000B5C3684E
:10CDA00089B0187820B109B05DF804EBFEF722BD18
:10CDB000B3F801208DF80000ADF80120DA788DF885
:10CDC0000320B3F80B20ADF81720B3F80D20ADF811
:10CDD0001920B3F80F20ADF81B205A7C8DF81D20C8
:10CDE000586801901A899B7AADF808208DF80A30AE
:10CDF000084B68461A689B88CDF80B20ADF80F30B9
:10CE0000CDF81120ADF81530FFF7F2FE09B05DF84E
:10CE100004FB00BF0ABD010038B5042104460C30F4
:10CE20000AF0CBFA034640885D7818B1224619789B
:10CE3000FEF726FE35B1044807F0B8FABDE83840E1
:10CE4000FFF75CB938BD00BF30810020B0B50446A3
:10CE5000032100AF0C300AF0B0FAE36805781978C6
:10CE600040F63543B0F80100984215D16C468AB0BF
:10CE70006A460F4B0F48C2E905310F4B4FF4125170
:10CE8000D36140F2013313840C4B42F8103F0AF097
:10CE9000CEFBA546BD46B0BD10B12246FEF7F0FD63
:10CEA000002DF7D0064807F081FAFFF727F9F1E7E0
:10CEB0001FC50100ECAB0100F3D901000400000123
:10CEC00030810020F8B506460024094DEF79E3B221
:10CED0009F4202D86FF0010007E0294630460AF071
:10CEE00074FC0735631C08B12046F8BD1C46EEE70C
:10CEF0000080002070B5194E0622314605460DF01F
:10CF000059FB30B3062142F20500FEF777FF0446D5
:10CF100008B3062229460C300AF025FA21460022E1
:10CF200042F20500FFF786FA044648B110F10D0FF2
:10CF300004D102210A4A0B480AF04FFC204670BD7A
:10CF400033462A6843F86929AA88B280012283F807
:10CF500068200024F2E76FF06804EFE769800020A2
:10CF60005EC601000CAC010037B504460D4689B120
:10CF7000284618490AF029FC60B9174A2968C4EB09
:10CF8000C4041151A318AA889A80AA799A71002022
:10CF900003B030BD68460AF0A0FA0028F8D1684610
:10CFA000FFF790FF0028F5DA0B4A0098C4EBC404A1
:10CFB00010519DF80610BDF80400A31898809971CF
:10CFC000002DE4D012592A609A88AA809B79AB710F
:10CFD000DDE700BFFDBC01000080002070B5044605
:10CFE000B1B9C0B11F490AF0F0FBA0B92046FFF764
:10CFF00069FF00282FDA2378012B04D1A37903F0ED
:10D00000C003C02B07D00121174A18480AF0E5FBDE
:10D010006FF0150070BD164DEB79012B1ED005F198
:10D02000D403D3E8AF3FDB0707D4002CF0D0204671
:10D030000C490AF0CAFB0028EAD1EE792146731C9C
:10D040003046EB71FFF790FF08B93046E2E7EB7925
:10D05000013BEB71DEE76FF07700DBE76FF00B0071
:10D06000D8E700BFFDBC01006DC601000CAC01009B
:10D07000008000202DE9F341044640B91A4A0221FC
:10D080001A480AF0AAFB002002B0BDE8F081002196
:10D0900041F2090001AAFFF7CDF9054608B1144A8B
:10D0A000EDE7019E0622D6F80C80124908F101072F
:10D0B00038460DF07FFA28B1062238460E490DF0A9
:10D0C00079FA18B93046FEF783F8DCE7D8F8013072
:10D0D0003046C4F80130BB882570A4F80530FEF74F
:10D0E00077F80120D0E700BF9BC601000CAC01001F
:10D0F000B4C601000ABD010004BD010007B56846C1
:10D10000FFF7B8FF044BD87118B169460020FFF74C
:10D110002BFF03B05DF804FB00800020F0B5304D1C
:10D1200089B0EC79002C53D195F8C26016F0010655
:10D1300010D12C4A02212C480AF04FFBEC71162624
:10D1400000240127EB79E0B298422CD3002B3FD08A
:10D1500000203BE06A4621464FF60940FFF76AF996
:10D1600008B1224AE6E7DDF800C0DCF80C104B7885
:10D1700023B96046FEF72CF81D4ADBE78B1C02AA98
:10D1800001F11204174618685968083303C7A3420F
:10D190003A46F7D11868344638609B886046BB80B1
:10D1A000FEF716F8CAE708AB06FB003353F8182C55
:10D1B00033F8143C6946CDF80120ADF805308DF800
:10D1C0000070FFF7D1FE01340028BBD009B0F0BDDC
:10D1D0000021084609B0BDE8F040FFF7FFBE00BFE0
:10D1E00000800020D2C601000CAC0100FEC6010088
:10D1F0001EC701002DE9F0410D4617461C460646A4
:10D2000050B14BB10A03037811D56D0708D5012140
:10D210002D4A2E480AF0E1FA6FF01500BDE8F081C2
:10D220000AF0EAFA0028F9D101232370F6E7E907AA
:10D230002ED527480FB1AA0608D4C3EBC302825CDF
:10D24000012A13D002B922700020E7E790F8D82015
:10D25000510635D5C3EBC302825C012A06D002B960
:10D260002270237843F002032370EDE74FF00108AA
:10D27000072111FB0381014430460AF0B5FA00286A
:10D28000CCD184F80080002FDED0AB06DCD5E8E7F7
:10D290006A0712D50E49C3EBC3028E5C012E09D179
:10D2A000072212FB036319440AF09EFA0028B5D145
:10D2B0002670EAE7002EE8D1FAE70AF09DFAB3E714
:10D2C0006FF08500AAE700BF47C701000CAC010062
:10D2D0000080002038B5104DEB7913B100242046B2
:10D2E00038BDFFF70BFF044628B10C4A01210C485A
:10D2F0000AF073FAF3E7EB79002BEFD1FFF70EFF9B
:10D3000004460028F1D1681CFFF7F4FD044600280C
:10D31000E5D0044AEAE700BF0080002066C70100AC
:10D320000CAC010085C701002DE9F74F0C46202108
:10D3300092460090FEF762FD0546002855D0202158
:10D340000C300AF00AF82022814600210DF02AF95B
:10D35000002609F1010B04EBCA0A0023D4F800806F
:10D36000626893420CD30834A245F6D100222946C4
:10D37000009889F8006003B0BDE8F04FFFF75AB895
:10D3800098F80120B01C81181F2998F800C015D901
:10D39000BCF1090FC0F11F0201D1002A0CDC0121F0
:10D3A000134A144809F024FE2846FDF711FF6FF0D8
:10D3B000150003B0BDE8F08F4FF0080CD7B2791C10
:10D3C0000BF80610711CC9B20BF801C0D8F8041094
:10D3D0005BFA80F0019302370DF0D7F8019B3744D8
:10D3E000FEB2013308F10808BAE76FF06800E0E721
:10D3F000A8C70100BCAB0100072208B503490930EA
:10D400000DF0D8F8003818BF012008BDFDBC0100A0
:10D41000F8B5154B067804460D4683F86F60FFF7A4
:10D42000EBFF70B93046114901F076F8044610B9A7
:10D430006FF00B00F8BD052100F05EFD00202C60B0
:10D44000F8E704F109073946304601F0A9F840B978
:10D450002078394601F060F804460028E8D006211B
:10D46000EAE76FF01500E5E700800020F6BC010058
:10D47000F8B545680646690535D4046914B115F058
:10D48000010330D0194F3078FB7983422BD9C0EBA0
:10D49000C0000722164938440DF08CF8A8B115F0E9
:10D4A000010306D197F87020082A02D8B2689F2A93
:10D4B00019D915F0300F09D0ACB1EA060AD405F439
:10D4C0006035B5F5603018BF0120F8BDEB0601D41A
:10D4D000002CF4D1D6E902239A4204D81F2A02D99B
:10D4E000B3F5804FEBD90020EFE700BF00800020AC
:10D4F000FDBC010000487047188000202DE9F04F66
:10D500009A460023D1F810908DB0B9EB030605467A
:10D51000934818BF0126059207930AF097F90C4625
:10D52000410740F112812046FFF7A2FF28B96FF0B2
:10D53000150B58460DB0BDE8F08F20460AF073F980
:10D5400080460028F3D005F1100738460AF07EF92E
:10D550000206C0F3C01300F1FB80CDE90933CDF81A
:10D560002B30A3686068ADF82030E3686FF48071F9
:10D57000ADF822300AF05BF98DF82D0078480AF0FA
:10D5800068F92378774A2B7082F86F302846324644
:10D5900061680DF12503FFF72DFE83460028C8D1F1
:10D5A00005F10902B9F1000F18D021690868C5F822
:10D5B0000900888890808979204691710AF0D9F90C
:10D5C00062680646D0071BD4920503D4169B0BB99C
:10D5D000022E5CD102238DF8243023E0624B2046DA
:10D5E0001968C5F8091099889B79918093710AF0A0
:10D5F000C0F962680646D107E6D58DF8249011E09F
:10D6000012F0100F0CBF01220422D8468DF82420FE
:10D6100022691168CDF826109188ADF82A10927908
:10D620008DF82C200F2142F20600FEF7E7FB83461F
:10D63000002800F090800F2208A90C3009F093FE1A
:10D640000022594642F20600FEF7F4FE002840F0A0
:10D650008580B9F1000F20D06368DB072BD401214E
:10D6600028460AF096F98346002866D001213F4AF1
:10D670003F4809F0BDFC079C002C3FF45AAF204600
:10D68000002100F039FC204600F010FC51E7032394
:10D69000DDF858808DF82430C4E7179B524600937C
:10D6A0002846CDE90186169B05990AF0F0F88346D5
:10D6B0000028D1D03DE7284607A9FFF7A9FE8346F9
:10D6C0000028CCD010F10C0F7FF433AFB9F1000F6C
:10D6D0007FF42FAF626890073FF52BAF636883F04C
:10D6E0000203C3F3400B0BF001020E2138460AF08F
:10D6F000BBF8731E5A425A41082138460AF0B4F862
:10D70000B11E4A424A41384609210AF0ADF8626822
:10D710000A21384602F001020AF0A6F842460B211F
:10D7200038460AF0A1F862680D213846C2F380023B
:10D730000AF09AF84FF0000BFBE6079808B100F0EA
:10D74000B5FBB9F1000FCED1C8E76FF00A0BF0E6D8
:10D750006FF0770BEDE66FF0680BEAE68346E8E6DC
:10D76000D480002000800020FDBC0100C1C7010062
:10D77000BCAB010073B51546069A0C46CDE90032E4
:10D780002B460A4601461148FFF7B8FE21460646D9
:10D79000002340F201109D4202D1304602B070BD1C
:10D7A0000A88824204D14A6812B11278D20702D4A0
:10D7B00001330831EFE7064906480CF07AFC4FF4D4
:10D7C00070220023034807F09DF8E6E71880002048
:10D7D00051D800003080002010B519480AF0FEF83A
:10D7E0006FF4804117480AF034F816480AF02EF812
:10D7F00003461A06C0F3C01021D512480AF026F8D5
:10D80000430513D50E48FFF7F7FD03460E49087E82
:10D8100093B905220D4900F0FBFE044630B100210A
:10D82000417200F069FB204600F040FBBDE810406B
:10D83000002103480AF0ADB806222131EBE710BD04
:10D84000188000202880002000800020F6BC010005
:10D8500010B5FFF7C1FF034630B1BDE8104002210B
:10D86000024A034809F0CDBB10BD00BFDCC7010070
:10D87000BCAB010073B5334809F0E8FF10F4804FEA
:10D88000304C38D0204609F0E1FF030633D420465F
:10D8900009F0DCFF46052ED501A9A4F11000FFF721
:10D8A000B7FD40BBA4F11000FFF7A6FD02462046DD
:10D8B00009F0CCFFC0F38031204609F0C7FF81F0AA
:10D8C000010145054FEA41011E4848BF41F00101F1
:10D8D00009F0BCFF800448BF41F004011A480DF173
:10D8E0000303FFF787FC054638B101210346174AB9
:10D8F000174809F086FB02B070BD012112480AF0FA
:10D9000048F8019E28B9304602B0BDE8704000F0EA
:10D91000CDBA2946304600F0EFFA6FF4804109484D
:10D9200009F097FF0546304600F0C0FA6B04E2D5D7
:10D93000D4E8EF3F43F48043C4E8E23F002ADAD062
:10D94000F6E700BF2880002018800020FBC70100F8
:10D95000BCAB010008B50BF05DFA38B101210346FC
:10D96000034A044809F04DFB6FF0040008BD00BFF6
:10D9700038C8010004AC010008B504F0B3FF38B1A9
:10D9800001210346034A044809F03BFB6FF0040001
:10D9900008BD00BF54C8010004AC010070B50546C5
:10D9A0000B4B1C6844B154F8143C143C13B128468A
:10D9B000697A98476469F5E7064C074EB44200D38C
:10D9C00070BD236813B12846697A98471834F5E783
:10D9D000349600207CAB010094AB010010B50446E6
:10D9E000FDF756FB044901EB0011204609F0DFFD6D
:10D9F000BDE81040FEF782BB00960020002270B503
:10DA00000446D1E901560748C1E901220CF068FA41
:10DA10003DB1314620462B46BDE870406FF06D02A7
:10DA2000184770BD8885002070B5002205460E4657
:10DA3000002300210848FDF74DFB044658B1FDF7CF
:10DA400027FB064B3246294603EB00132046BDE870
:10DA5000704009F087BD70BD7C86002000960020D4
:10DA600070B50546002200230E4806F0D3FCB8B975
:10DA70000D4B1C6834B154F80C3C143C03B198476E
:10DA80006469F7E7094C0A4EB44204D32846BDE85E
:10DA9000704006F059BEA36803B198471834F3E705
:10DAA00070BD00BF70850020349600207CAB010063
:10DAB00094AB01002DE9F843044620270025DFF848
:10DAC0005080EFF3118387F31288BFF36F8FE16902
:10DAD00029B983F31188BFF36F8FBDE8F883206AFB
:10DAE0000A68814208BF2262E26183F31188BFF3B2
:10DAF0006F8FD1E901694046C1E901550CF0F0F999
:10DB00001EB1002249462046B047FEF7F7FAD8E793
:10DB10008885002037B504460430D0E8EF3F43F451
:10DB20008062C0E8E12F0029F7D159052BD409F014
:10DB300069FF10F4803F154D14D095F8D930DA07FD
:10DB400021D5022300211A462046009109F007FE44
:10DB50000346C0B101210E4A0E4803B0BDE8304073
:10DB600009F04FBA95F8D8301B07E6D5204609F0E2
:10DB7000DCFD034620B10121074A064809F041FABD
:10DB8000A37A072BD9D003B030BD00BF008000209E
:10DB9000A4C80100D4AB010083C801000448B0F858
:10DBA000043100F58470002B08BF0020704700BFCF
:10DBB0000080002030B504460CF098FD0D460C495D
:10DBC0000C4A09588BB0914205D120460BB0BDE8F4
:10DBD0003040FFF76FBF2434214610460CF038FA6E
:10DBE0001DB1694620460CF043FA0BB030BD00BFB2
:10DBF000080000006093002038B5002204468A42E5
:10DC000002D10024204638BD012004F1C803D3E826
:10DC1000EF5F002D04D1C3E8EC0FBCF1000FF6D18B
:10DC200002D0D0340244EAE7002CEAD0C822002116
:10DC300020460CF0B7FC04F1400004490CF039FA1E
:10DC4000034904F124000CF0E7F9DBE7BDE600002E
:10DC5000397A0100F7B50D46164601210446FFF753
:10DC6000A9FF0021284609F0FBFC012E1BD0022E43
:10DC700045D123693BB136480121364A09F0B8F94C
:10DC8000204609F0FDFE284609F036FB2061226996
:10DC9000138A012B3AD82088FEF764FA012128461E
:10DCA00009F0DEFC0CE0206940B92B4A31462848D7
:10DCB00009F09EF9204609F0E3FE01E02F8A2FB912
:10DCC000284603B0BDE8F040FDF782BA0C3009F0F9
:10DCD00088FB87420CD9214A31461D4809F088F952
:10DCE00000222046216900F037FF00232361E7E787
:10DCF00020692A8AE9680C3009F035FBC7E7012161
:10DD00003346174A124809F07CF9D3E7D2681688DF
:10DD10000436B6B2B342BED32846FDF759FA21699C
:10DD20000B8A9E420BD201210E4A0948009609F047
:10DD300072F9204603B0BDE8F04009F0A1BE00230F
:10DD400001222046236103B0BDE8F04000F004BF8B
:10DD5000D4AB0100BBC80100D8C80100F6C801005F
:10DD60001DC901003BC9010038B50122044600F17C
:10DD7000BC03D3E8EF5FC3E8E12F0029F9D17DB9F7
:10DD800009F087FE06F0A0FF094BC4F8B850D3F89D
:10DD9000281104F1B80239B9C3E9492206F0A8FFF5
:10DDA000BDE83840FEF7AAB90A60C3F82821F5E7B4
:10DDB0000080002070B53A4B5A8B32B1394DD5F8FE
:10DDC000244134B90024204670BD1B68002BF5D1D6
:10DDD000F8E754F8B83903B1B83B0026324901E0FE
:10DDE0001C461346B5F80421002A56D0D5F8102158
:10DDF0004AB904F1B806002BE4D0D3F8B820002AC1
:10DE0000EED0B83AECE70A68002AF2D0D4F8A420A1
:10DE1000002AEED0D4F8A820002AEAD0D4F8AC200A
:10DE2000002AE6D0A37A072B0DD12046904750B1A7
:10DE300004F1C00009F0E6FD022804DC2046BDE83C
:10DE4000704009F026BED4F8B83004F1B802E6B943
:10DE5000D5F82811C5F824318A4201D1C5F82831F6
:10DE6000002204F1BC03C4F8B820D3E8EF1FC3E8D4
:10DE7000E02F0028F9D12046D4F8AC30984700288C
:10DE8000A1D02046FFF770FF9DE73360D5F8283119
:10DE90009A4208BFC5F82861E2E79368FFDE00BF39
:10DEA0007C860020008000208885002037B5C8309F
:10DEB00010F8C65C10F8C54CD0E8EF3F5A1EC0E819
:10DEC000E12F0029F8D101A8019309F09BFD012859
:10DED0000BD1074806F06AFA064806F035FC012D1A
:10DEE00003D1012C01D1FFF7C5FC03B030BD00BF49
:10DEF00070850020CC820020F8B5867A04468E42D8
:10DF00000D4600AF1BD1082E98BF624B6C4688B0FF
:10DF100094BF53F82630604B6A466049C2E9051346
:10DF20004FF4007393835E4B42F8103F00234FF48D
:10DF3000E4515C48FBF76EFEA546BD46F8BD817214
:10DF400026B98378082B01D009F0A3FDA37A082B0A
:10DF500000F29D8001A252F823F000BFB9DF00005B
:10DF600035E000003BDF00003BDF00003BDF00004E
:10DF70003BDF00003BDF000081DF00003BDF0000F3
:10DF8000A378042BD9D00021474807F09FFA00233B
:10DF9000C4E90D33E378012BCFD1A3784FF42032BD
:10DFA000012B08BF032304F1400008BF84F894301C
:10DFB000002306F073FCC0E7A378042B03D12046AE
:10DFC000FFF774FFB9E7082EB7D801A353F826F07E
:10DFD00027E00000F5DF000019E00000BFDF0000CF
:10DFE000BFDF0000BFDF000019E0000027E00000F5
:10DFF00027E0000004F1400528460CF066F80121F6
:10E000002046FFF7D7FD204609F03AFD0022002305
:10E01000284606F077FC90E7637A002BCFD02046A5
:10E02000FFF7BCFCCBE72B46204A02211D4808F035
:10E03000E8FF82E7637A3E2B0FD16D4688B06A46CF
:10E040001B4BC2E90534032342F8103F00234FF471
:10E05000C4511448FBF7DEFDAD46164D05F5847638
:10E06000616911B9FEF74AF867E7A2690B68914246
:10E0700008BFA36120466361FFF7C0FCB5F8043117
:10E08000002B14BF3046002006F090F9E8E70A4A5A
:10E090002B46CAE714B0010056C9010060C901004F
:10E0A00003000001D4AB0100DC82002071C9010033
:10E0B00088C9010000800020AFC9010070B5024688
:10E0C00005460E460A48012109F0FAFC044610B93B
:10E0D0000024204670BD83781E42FAD102212B46CF
:10E0E000044A054808F08DFF2046FFF7DFFEEFE702
:10E0F000A0900020CBC90100D4AB0100F8B50746C1
:10E1000009480D46164609F0C4FC044650B1837810
:10E110001F4203D1BDE8F840FFF7C8BE3146A8470B
:10E120002046F7E7F8BD00BFA090002000220120A4
:10E130000149FFF7E3BF00BF757A0100034BC01A26
:10E14000034B00115843C0B2704700BFA09000209D
:10E15000C54EECC470B51C46144305460E460BD0A4
:10E160000CF0C4FA104908581049884206D102211F
:10E170000F4A104808F03CFF002213460E49002DBC
:10E1800014BF2846084609F088F8044630B9022131
:10E190000A4A084808F02CFF204670BD711D0C305B
:10E1A00009F0D0F8F8E700BF0800000060930020F5
:10E1B000E2C90100D4AB0100CC8500200BCA0100EC
:10E1C00010B50446054806F0BFFA204600F054FB9F
:10E1D0002046BDE81040FFF7E1BB00BFBC82002035
:10E1E0002DE9F04F002587B000AFFD607D61FFF79E
:10E1F000E1FD0446F8B1837A072B26D06E4688B03D
:10E200006A467D4BC2E90530032342F8103F4FF4C4
:10E21000C4512B467948FBF7FDFCB5464FF0FF3162
:10E220002046D4F8A43007F110029847014630B9CF
:10E230002046FFF73BFE1C37BD46BDE8F08F204669
:10E240007B69FA6809F0E1FBE8E7DFF8B481D0F810
:10E25000A430B8F8041107F11002984706460028C8
:10E26000E6D0B8F804213B699A4208D30146D4F8B5
:10E27000A850204607F1140307F10C02A847D7E97C
:10E2800003BA7B697B60338A002B00F0B280304692
:10E2900009F0A3F98146E8B16FF004036D4688B038
:10E2A0006A465849D461C2E90513042342F8103F75
:10E2B00000234FF401515148FBF7ACFC3146204696
:10E2C000AD467B69FA6809F0A0FB1321204609F0EE
:10E2D00019FCADE7B8F804314B48002B08BF00200B
:10E2E0000022002306F096F810B16FF00B03D5E77B
:10E2F00000220023454806F027F805460028F4D000
:10E300007B68C0F804B08360B8F804B1338ADA459A
:10E3100098BF1FFA8AFB5B4541D9304608F0ECFFF5
:10E320005946FFF781FBB8F804218346924588BF20
:10E330004FF0010994F8C43004F1C00A9CBF0233C5
:10E34000DBB284F8C490DAE8EF2F0132CAE8E12F9B
:10E350000029F8D100222A60A2691ABBC4E9055538
:10E36000A278012A21D104210BF10C007B6009F075
:10E370000BF87B68228803F0FD0342EA0333038035
:10E38000BBF81030043B4380042358468BF8183008
:10E39000FDF78EFD814650B9FDF7B0FE48E75946BE
:10E3A0003046BEE71560A561DAE76FF01509DAE8D7
:10E3B000EF3F013BCAE8E23F002AF8D1294604F1C9
:10E3C000140009F03CFB124A4B4601210B4808F0AF
:10E3D00018FE5846FCF7FCFE20462946FFF70EFBC8
:10E3E000B8F804310848002B08BF002005F0DEFF14
:10E3F00052E76FF0790351E734CA0100D4AB010052
:10E40000008000204BCA0100088100208885002080
:10E4100014C20100F8B5031D0446184609F0F2FACB
:10E42000820415D5B4F88620B4F8881091420FD82C
:10E43000B4F88A1091420BD3D4E92312914207D148
:10E44000D3E8EF1F21F40051C3E8E21F002AF7D1FF
:10E45000104B1D686DB155F8046C143D3EB120465B
:10E46000B4F88E30B4F88C20B4F88610B0476D69DB
:10E47000F0E7094D094FBD4200D3F8BD2E693EB10A
:10E480002046B4F88E30B4F88C20B4F88610B0472B
:10E490001835F0E7349600207CAB010094AB010006
:10E4A0002DE9F041074608460D4609F0DBF806461F
:10E4B00018B900263046BDE8F081144B1C6884B1C1
:10E4C00054F8083C143C0BB96469F8E7294638460F
:10E4D00098470028EDD0284609F0C4F80028F3D169
:10E4E000E7E70B4CDFF82C804445E3D2E3680BB937
:10E4F0001834F9E72946384698470028D9D02846E5
:10E5000009F0B0F80028F3D1D3E700BF349600201B
:10E510007CAB010094AB010038B505460C460E48B3
:10E520000121FFF769FBB0B1057223680367A38877
:10E53000A0F87430A37980F8763001238370074BFC
:10E54000C0F8A430064BC0F8A830064BC0F8AC3079
:10E55000054BC0F8883038BDA09000209DE9000030
:10E56000EF790100E37901001800280070B5054635
:10E570000A480E4609F08DFA044620B18378012B33
:10E5800004D0FFF793FC0024204670BD3246294694
:10E5900009F0D8FA0028F7D12046F2E7A090002031
:10E5A000B0B500AF0D46FFF7E1FF044610B32846B3
:10E5B000FCF732FFA37A6D46082B98BF0E4A8AB04B
:10E5C00094BF52F823300D4B6A46C2E907030C4B47
:10E5D0000C4953620C4BC2E9051442F8103F00236A
:10E5E0004FF442510948FBF715FB2046AD46FFF7B3
:10E5F0005DFC0120BD46B0BD14B0010056C901004C
:10E60000010302046ECA010005000002D4AB010040
:10E61000F8B505460E480E46174609F03AFA044684
:10E6200020B18378012B03D0FFF740FC00240DE0DC
:10E6300036B13246294609F085FA08B92046F3E793
:10E64000A37ABB42FAD1237AAB42F7D12046F8BD78
:10E65000A090002038B5044608460D4609F002F89F
:10E6600038B3154B93F8D830990707D4E37873B1D2
:10E6700029462046BDE8384000F09ABA94F8953013
:10E680009A07F3D5201D09F0BDF94304EED42946BD
:10E69000204609F079FA58B92B88A4F888306B889D
:10E6A000A4F88A30AB88A4F89030EB88A4F89230B4
:10E6B00038BD6FF01500FBE700800020F7B510F8BB
:10E6C000363C0446A0F140060BBB304609F002FB85
:10E6D000334B1D684DB155F8103C143D1BB130460D
:10E6E00014F8371C98476D69F4E72E4D2E4FBD4244
:10E6F00005D3304603B0BDE8F040FFF7D7BB6B68E9
:10E700001BB1304614F8371C98471835EFE710F85E
:10E710003E3C012B25D1A0F13C05D5E8EF3F23F489
:10E720000052C5E8E12F0029F7D1990421D5A36C47
:10E7300069460093236D30460193FFF78BFF034634
:10E7400088B9D5E8EF3F23F48053C5E8E23F002ABB
:10E75000F7D1D5E8EF3F43F40063C5E8E23F002A74
:10E76000F7D103B0F0BD114A0221114808F049FC6D
:10E77000EFE74FF428130F4A69463046CDE90023EE
:10E78000FFF768FF034640B9D5E8EF3F43F48053F5
:10E79000C5E8E23F002ADCD0F6E7074AE4E700BF1D
:10E7A000349600207CAB010094AB0100A7CA0100A5
:10E7B000D4AB010018002800CCCA010010B90248EF
:10E7C00009F067B900207047A090002010B50C48F0
:10E7D0000BF07AFB0B490A480BF082FB0A49084808
:10E7E0000BF07EFB094906480BF07AFB09F059FE55
:10E7F0000AF037F9044608B909F0CFFA204610BDEF
:10E8000088850020109600201C9600202896002065
:10E8100008B503460121034A034808F0F2FB002033
:10E8200008BD00BF7FCB010014AC010080B500AF74
:10E8300088B06A46074BC2E90530032342F8103F0F
:10E8400000234FF4C2510448FBF7E4F96FF00B00CA
:10E85000BD4680BDA7CB010014AC0100044B1A6873
:10E860000AB1FFF7E3BF0348586010460B607047DA
:10E870003C96002058B00100F7B504460026224D12
:10E88000224FBD4201D303B0F0BD20466B6801A901
:10E890009847002833DB019B2A889A829A84A868CB
:10E8A00003F11002D2E8EF1FC2E8EC6FBCF1000FD9
:10E8B000F8D1C3E913669E649E60A16B03F1080260
:10E8C000F9B9C4E90D221C60D86003F130000BF0E7
:10E8D000FBFA019843681B6803B19847019B10330A
:10E8E000D3E8EF1F41F00101C3E8E21F002AF7D18E
:10E8F00001984368DB6913B100F1100198470C35AA
:10E90000BFE70A60A263DEE758AB01007CAB010001
:10E9100030B5044652EA030008D00BF0E7FE064D7E
:10E920002D580648854204BF002213462046BDE804
:10E9300030400431FFF70EBC080000006093002057
:10E9400073B5054618462B680BB39B7A072B1ED16F
:10E95000002A14BF022301230E7A9E4209DD012101
:10E960000C4A0D48009608F056FB6FF0150002B0F7
:10E9700070BDCB7A072BF8D9C8618A6105F13000E8
:10E980000BF0AEFA284609F029F90020EFE76FF006
:10E990007F00ECE7CECB010014AC01002DE9F0477D
:10E9A0000E469146D0F8B04000AF4CB1483C236BC6
:10E9B0006BB104F1300A50460BF0A7FA054658B97E
:10E9C000FDF79CFB00252846BD46BDE8F0872046A4
:10E9D00009F020F9A46CE8E708F0FFFD80B16C466F
:10E9E00088B06A46294BC2E90535032342F8103F37
:10E9F00000234FF4C2512648FBF70CF9A546E1E786
:10EA0000236DB3B9A38CB5F81080403B9BB23F2B6C
:10EA100003D8238D984528BF9846042105F10C00A2
:10EA200008F0B2FCA0F80080A38C438008F1040336
:10EA30002365236D2A8AB3420ED8934215D0A38C46
:10EA4000403B9BB23F2B1ED9204609F0E3F8236BD5
:10EA500013B1204609F0C2F8236D9E422CBF002658
:10EA60009E1BC9F800302665ADE700220023504602
:10EA700005F06AFCA38CA3F140023F2AE4D8054AC2
:10EA8000AA61EB61E0E700221346F9E7EECB010053
:10EA900014AC01004D7D010073B50D4606460421FE
:10EAA00005F10C0008F089FC2B8A428804469A4242
:10EAB00007D0012100921A481A4A08F0ACFA02B0B5
:10EAC00070BD43783BB9184A0121154802B0BDE832
:10EAD000704008F08DBA0378012BF0D0132B03D1CE
:10EAE000012AECD8114AEFE70221114A0C4808F03C
:10EAF00088FA617802220120356809F003F904469A
:10EB00000028DCD002210C3008F027FC002321462D
:10EB100003704370284602B0BDE8704009F023B985
:10EB200014AC010006CC010027CC010048CC010048
:10EB300064CC010008B50B8A032B06D80121044AD6
:10EB4000044808F055FA002008BDFFF7A5FFFAE7D2
:10EB50008CCC010014AC010038B50B8A0546032BA0
:10EB60000C4609D801210F4A0F4808F041FA204607
:10EB7000BDE83840FCF72CBB042104F10C0008F080
:10EB80001CFC4188284609F0FFF830B9074A0B46BB
:10EB90000548022108F035FAE9E7436821465B6938
:10EBA0009847E4E7AACC010014AC0100C7CC0100EF
:10EBB00070B5124B0C46197805460131C9B20129CE
:10EBC00038BF012108221220197009F09BF806466F
:10EBD00088B108210C3008F0C0FB22883146028041
:10EBE00062884280A2888280E288C2802846BDE88E
:10EBF000704009F0B8B86FF00B0070BD9D9A00200E
:10EC000023281FD81A2804D8431E182B0ED90620F3
:10EC10007047A0F11B03082B1ED8DFE803F0051D89
:10EC20001B231D19251D05000320704701230F4AD2
:10EC300083401A40C2B90E4A1A40002A14BF01206C
:10EC40000620704700F07F03522B05D1002070474B
:10EC5000012070470520704710F0400F0CBF0620C0
:10EC6000002070470420704702207047AAAA8A0239
:10EC700054554501011F01480BF051B8F88400209C
:10EC800010B5044600F15403D3E8EF1F41F0010131
:10EC9000C3E8E21F002AF7D1201F09F03DF904F173
:10ECA000740004490BF005FA2068BDE8104001F03B
:10ECB00047BF00BF85FC00002DE9FF414FF0000871
:10ECC0004FF4205305460E46006802A91446176803
:10ECD0008DF80880ADF80A3008F0B1FBA0B142F61B
:10ECE0000103286803A98DF80C80ADF80E3008F0F8
:10ECF000A6FB48B123691BB15A88B24200D25E809C
:10ED0000012004B0BDE8F0816168286808F097FB35
:10ED100010B100232361F3E7E368A0681A786AB1B1
:10ED2000B7F81AC0798D038A8C4594BFC3EB0C03E6
:10ED3000C3EB0103934201DA0020E2E704210C3027
:10ED400008F00BFB20610680236929465E80074B93
:10ED50000194009338460023A26809F020F90028A6
:10ED6000EADB2069003818BF0120CAE77F7F010075
:10ED70002DE9F04182B000AF04468846002200230E
:10ED800039463B4805F0EAF90546B0B16D4688B012
:10ED90006A46384BC2E90534032342F8103F00238A
:10EDA0004FF4C2513448FAF735FFAD466FF00B0609
:10EDB00030460837BD46BDE8F0810BF097FC2F4B7D
:10EDC0003E681A582E4B29461A60301D28220BF037
:10EDD000E9FB34603C6800220023C4E90155C4E922
:10EDE00009552848391D7D6005F0B8F9064688B1F7
:10EDF00023686C4688B06A462349C2E90513032399
:10EE000042F8103F4FF4C4512B461B48FAF702FF5B
:10EE1000A546CBE77B680146B02218460BF0C2FB43
:10EE20001A4A826060300BF04FF87B685833D3E8A1
:10EE3000EF2FC3E8E16F0029F9D17B681C60636A9A
:10EE40007D681BB904F10C000BF03EF8626A05F115
:10EE5000A803C5F8A820A26A636202B9A3621722B8
:10EE60007B685A855A830433C8F80030A0E700BF96
:10EE7000DC84002003CD0100C4AB010008000000C9
:10EE8000D8960020F884002028CD0100EC820020D4
:10EE90002DE9F7431768054688460068516814460F
:10EEA0007E6808F0CCFA8146002842D1304695228F
:10EEB000294609F054FD0646207540B1E3681B78E9
:10EEC0000BB184F81490002003B0BDE8F083A06873
:10EED00008F016FA02210C3008F03FFA164B2061B8
:10EEE000A0F8008000930194334629463846A26872
:10EEF00009F055F8002807DA10F1FF0F32BF0E2095
:10EF00004042C0B22075DEE72369002BDBD0A06849
:10EF100008F04EFF7B8B7A8D9A4294BFC0EB0200C3
:10EF2000C0EB0300E3681B78984294BF00200120E7
:10EF3000CAE70120C8E700BFC17D010073B50D46D7
:10EF4000438D418B01328B4228BF0B469A420646C5
:10EF500009D9022100921F481F4A08F05CF80024DA
:10EF6000204602B070BD2846FFF74AFE022810D0A6
:10EF700004280ED00BF0BAFB184B1958184B9942C5
:10EF800017D0184B1B685A1A18BF4FF0FF321346A0
:10EF900002E04FF47022002300211348FFF7B8FC71
:10EFA000044640B901212B46104A0A4808F029F8C6
:10EFB000D5E70022EBE7FCF76BF818220C4B012198
:10EFC00002FB003304F10C009E6008F0C6F90570E6
:10EFD000C6E700BFC4AB01004DCD01000800000032
:10EFE00060930020D8960020F88500207FCB010098
:10EFF000909600202DE9F04F42F60103002591B0D4
:10F00000166880460F4600680BA9D6F8049014468F
:10F010008DF82C50ADF82E3008F011FA002870D081
:10F020004FF42053D8F800000BA98DF82C50ADF800
:10F030002E3008F004FA38B1A3681BB15A88BA42DE
:10F0400000D25F8001200EE06168084608F0B0FE43
:10F05000728D738B9A4294BFC0EB0200C0EB030029
:10F06000032803D8002011B0BDE8F08F084608F04F
:10F0700047F90546606808F09BFE728B738D05F1B9
:10F080000C0B9A4294BFC0EB020AC0EB030A58462D
:10F0900008F0A7F9824537D2606808F089FE728DC2
:10F0A000738B9A4294BFC0EB0200C0EB030070B9AF
:10F0B0006368987AFBF7E4FF0022002308F0EDF87C
:10F0C00005460028CED00146606808F02AF90023E2
:10F0D0000093D8F8046010234146484602AAB0477E
:10F0E000061E0EDB227CE068B2422BD001460BA844
:10F0F00008F0D3F960B9237C144A0221144807F0C0
:10F1000080FF0023A3609DE7584608F06AF9CEE728
:10F11000F2B202A906A808F0C0F910B90D4A3346A8
:10F12000EBE706A90BA808F08AF90028E9D100232B
:10F130000421637405F10C0008F00FF9A06007804A
:10F14000A3687EE702A90BF035FAEEE772CD010065
:10F15000C4AB010091CD01002DE9F84F07460846E8
:10F160000C46FBF795FF18234343DFF8B8800646AB
:10F1700008EB0302D2F808A0E16807F15800D0E8D4
:10F18000AF0FC00709D40121274A284808F02AFEFA
:10F190006FF015052846BDE8F88FE068007810711B
:10F1A000002248F803200B78D22B0FD13B68214670
:10F1B000186809F053FC054640B101211C4A1B4860
:10F1C00008F010FE2046FCF703F8E3E704F10C001A
:10F1D00008F003F9182303FB0683B4F810B09F600E
:10F1E000002381461A462146381DFFF7A9FB054634
:10F1F0000028CFD010F1690F04D101210D4A0B482E
:10F2000008F0F0FD6369A4F810B013FA89F3E36025
:10F2100018235E4308EB0603C3F808A048F806501D
:10F22000B8E700BF90960020B0CD0100C4AB01004C
:10F23000CACD0100DDCD01002DE9F14F0546FBF7F8
:10F2400027FF182202FB00F33A49C81851F803A01F
:10F250000021D0E902460779B0F80680D0F8109076
:10F260000BF0A0F9A87AFBF70BFF6969834651B14F
:10F270006B7AD80705D4DBF8243028461B689B68D6
:10F28000984700236B61294658460AF034FE002F48
:10F2900042D0002C40D02368002B3DD01B68002BAF
:10F2A0003AD0BAF1000F08D001215346224A234830
:10F2B00001B0BDE8F04F07F0A4BE201D09F02EF804
:10F2C0003846FFF79DFC052826D8DFE800F01D032F
:10F2D000251D250304F15803D3E8AF3FDA0707D40F
:10F2E0000121174A154801B0BDE8F04F08F07ABD7A
:10F2F000E36D8BB14FF47022002304F1780001B06C
:10F30000BDE8F04F05F0FEBA54F8583B1D68D4E84C
:10F31000AF3FDB07E4D556B901B0BDE8F08F4946F1
:10F320002846B0470134A3B29845F8D8F4E7002442
:10F33000F9E700BF9096002000CE0100C4AB0100A9
:10F34000B0CD0100F7B50B8A04460D4607683BB9FE
:10F350000121294A294808F045FD002003B0F0BDED
:10F36000012105F10C0008F028F8BB7A0646072BAE
:10F37000F3D154F8043C002BEFD00022037820484E
:10F38000043C10F8327000EBC2019F420FD12A8A70
:10F3900048788F78904222D901210093174813466C
:10F3A000184A07F038FE012FD7D1042320E001329C
:10F3B0000E2AE6D102211148134A07F022FE3178C5
:10F3C0000846FFF71DFC0028C7D00528C5D0002936
:10F3D000C3D006230022204608F0E0FFBDE74B68BB
:10F3E000204629469847012F0346B6D10028B4D0BD
:10F3F00031780029B1D0EDE71FCE0100C4AB010088
:10F4000080B0010054CE01003ACE0100F0B51E4696
:10F4100003680D460039044618BF012187B01868FB
:10F42000174609F0BAFA40B904F1580008F079FE1D
:10F43000002844D0002007B0F0BD002E41D0182293
:10F44000002168460BF0AEF847BB236831461B68C5
:10F45000304600930023ADF812300C9B1A4A0393F8
:10F46000BDF834308DF80850ADF8103001238DF818
:10F4700014306B4608F0E9FC9DF81430C3B1002F3E
:10F48000D8D00198FBF7A4FE9DF81430002DD1D000
:10F4900032462946204608F081FFCBE70022394654
:10F4A0002046FFF74BFD01900028CED11120C2E786
:10F4B00001990029BED0204608F062FFBAE7122069
:10F4C000B9E70120B7E700BFE97D010008B5837AFD
:10F4D000072B06D002210C4A0C4808F083FC0020C0
:10F4E00008BD042108F050FC10B9094A0121F3E7D6
:10F4F00000F15403D3E8AF3FDB0701D4054AF5E739
:10F5000050F8040CECE700BF73CE0100C4AB01005F
:10F5100081CE0100B0CD0100F8B50F461646FFF7C9
:10F52000D5FFB0B1446A20461CB150F8A84904B1D7
:10F53000A83C731C194638B1428D458BAA4228BF9E
:10F540002A469A4207D264B902210A4A0A4807F0B9
:10F5500058FD0020F8BD32463946BDE8F840FFF7B7
:10F56000EDBCD4F8A85005B1A83D20460B462C466A
:10F57000E2E700BF9CCE0100C4AB0100F8B54FF438
:10F5800070220746002311480D4607F086FE044608
:10F5900038B901212B460E4A0E4807F032FD2046AD
:10F5A000F8BD00F10C060921304607F0CBFE2046DD
:10F5B000FBF76EFD1822084B012102FB0033304699
:10F5C0009F6007F0CAFE0570E9E700BFF8850020DC
:10F5D0007FCB0100C4AB0100909600202DE9F041E3
:10F5E0000E8A0446043EF6B2022E08468CB001D0C4
:10F5F000102E64D104210C3007F0DFFE0DF1080855
:10F6000005884788011D3246404607F046FF00281E
:10F6100057D09DB3002687B3AF422FD34FF420536A
:10F62000404601A98DF80460ADF8063007F007FFE9
:10F6300040BB1422002107A80AF0B4FF1121204684
:10F64000FFF79CFF0990002837D001210C30CDE94D
:10F65000074807F082FE00230A90394603701A4AD1
:10F660000B93284607AB08F0F0FB0A9B1B78FBB90D
:10F670000998FBF7ADFD0A2301E03D4601232A4628
:10F6800010210EE042F60103404607A98DF81C60E8
:10F69000ADF81E3007F0D3FE0028CAD010232A464A
:10F6A0001946204608F07AFE00200CB0BDE8F08133
:10F6B0002046099908F064FEF6E71120F5E70420DA
:10F6C000F3E70E20F1E700BFB9EC00002DE9F043AD
:10F6D000036804460D4685B00121186809F05DF9FC
:10F6E00040B904F1580008F01CFDB0BB122005B071
:10F6F000BDE8F0831022002168460AF053FF212163
:10F700002046FFF73BFF029048B34FF00108DFF8B7
:10F710005490009405F10C072B8A012B04D8204645
:10F72000029908F02DFE18E0384607F04EFE6B46B1
:10F730004A46014606468DF80C8008F086FB9DF887
:10F740000C30002BE8D00298FBF742FD3246202116
:10F7500020469DF80C3008F021FE0020C7E711205C
:10F76000C5E700BF7F8101002DE9F043036804462F
:10F770000D4685B00121186809F00FF940B904F170
:10F78000580008F0CEFCB0BB122005B0BDE8F083F5
:10F790001022002168460AF005FF0F212046FFF7DE
:10F7A000EDFE029048B34FF00108DFF8549000944A
:10F7B00005F10C072B8A012B04D82046029908F08A
:10F7C000DFFD18E0384607F000FE6B464A4601466A
:10F7D00006468DF80C8008F038FB9DF80C30002BA5
:10F7E000E8D00298FBF7F4FC32460E2120469DF843
:10F7F0000C3008F0D3FD0020C7E71120C5E700BF9B
:10F8000039810100F0B51D46036804460E4685B0F7
:10F8100001211868174609F0C0F838B904F15800FA
:10F8200008F07FFC48BB122005B0F0BD65B3102284
:10F83000002168460AF0B6FE39462046FFF79EFED4
:10F84000029018B3BDF828302946ADF804300123E2
:10F8500028468DF80C300E4A6B46009408F0F5FAF5
:10F860009DF80C305BB10298FBF7B2FC2A4631469A
:10F8700020469DF80C3008F091FD0020D4E720468A
:10F88000029908F07DFDF8E70120CDE71120CBE7D4
:10F89000398101002DE9F0410E8A0446043EF6B29A
:10F8A000022E08468CB001D0102E76D104210C30E7
:10F8B00007F083FD0DF1040805884788011D3246D5
:10F8C000404607F0EAFD002869D085B377B3BD4212
:10F8D0002DD80121606809F060F8064678BB42F631
:10F8E00002038DF8000069464046ADF8023007F08B
:10F8F000A6FD20B342F60303404606A98DF8186022
:10F90000ADF81A3007F09BFDC8B1012D03D14FF6B9
:10F91000FF739F4213D004F1580008F002FC002846
:10F9200014BF002012200CB0BDE8F0813D46012339
:10F930002A460821204608F031FD0020F3E718226E
:10F9400000210DEB02000AF02DFE09212046FFF7F1
:10F9500015FE0890F8B101210C30CDE9064807F0FA
:10F96000FCFC0023099003700A2339468DF82C30E3
:10F97000284606AB0B4A08F068FA9DF82C302BB1EC
:10F980000898FBF725FC9DF82C30D1E72046089914
:10F9900008F0F6FCD1E71120C5E70420C3E70E20EC
:10F9A000C1E700BF91EE00002DE9F0430F46044689
:10F9B000062187B007F10C0007F0FFFC0588B0F8BE
:10F9C00002808288D7F80C90C5B10023B8F1000FEF
:10F9D00013D0454512D88DF800308DF804304FF41F
:10F9E0002053684601A9ADF80220ADF8063007F0B3
:10F9F00026FD064660B10A2301E0454601232A465A
:10FA00000621204608F0CAFC002007B0BDE8F083BC
:10FA10000146142201A83F7C0AF0C4FD07212046BC
:10FA2000FFF7ACFD0290D8B10A2341468DF815309E
:10FA3000284601AB0B4ACDE9036901948DF8147097
:10FA400008F003FA9DF815302BB10298FBF7C0FBC4
:10FA50009DF81530D3E72046029908F091FCD3E7D2
:10FA60001120D2E7F5EF00007FB5CB6804461D8872
:10FA70005E8885B176B1B5420DD810220021684666
:10FA80000AF090FD05212046FFF778FD019058B956
:10FA9000112007E0354601232A460421204608F0BC
:10FAA0007DFC002004B070BD6B4631462846084AF4
:10FAB000009408F0CAF9029B23B90198FBF788FB70
:10FAC0000A23E9E72046019908F05AFCE9E700BF5C
:10FAD000617E010013B50B46002102460AF006FEC6
:10FAE00001910D490C680D4909580D488C4208BF19
:10FAF000002201A908BF134604F030FB014640B9BB
:10FB0000019B102218460AF04DFD0346184602B02C
:10FB100010BD0023FAE700BFD896002008000000BF
:10FB20001485002010B50446806818B1FBF750FB1F
:10FB30000023A3602146BDE8104001480AF0EFB859
:10FB4000148500202DE9F347044678300E46174609
:10FB50001D460AF0BAFAE06D58B90221164A174854
:10FB600008F040F9206808F091FB002002B0BDE8E1
:10FB7000F087134B4FF00008984202D1C4F85C8024
:10FB8000F0E7D0F80490C0F80480E06DD0F80CA045
:10FB9000FFF7C8FF2068C4F85C8008F077FBB9F174
:10FBA000000FE2D02068CDF800A03B46324629463F
:10FBB0000068C847D9E700BFB7CE0100C4AB010059
:10FBC000DC960020F7B550F8044C0546002C55D0C3
:10FBD00000F1A40104F1240008F088FA2E1F05F1B9
:10FBE0005C0700220023384604F0AEFB024658BBF7
:10FBF000AB6D2BB101466FF067033046FFF7A2FFF4
:10FC0000002345F8043C05F15403D3E8EF1F21F02D
:10FC10000101C3E8E21F002AF7D1636A73BB04F154
:10FC20000C0600220023304604F08EFB78B966688B
:10FC300086B92146124826600AF071F8286803B098
:10FC4000BDE8F04000F0A0BFFBF7C2FAC9E7FBF740
:10FC5000BFFAE6E7A26833689642636008BFA36014
:10FC600077683FB1F3686FF0670100930023206865
:10FC70001A46B8473046FFF755FFD8E703B0F0BD46
:10FC8000DC8400202DE9F04192B050F8783C06AFBA
:10FC90000646186807F076FF037804463D1D032BDF
:10FCA00047D8DFE803F00240424425492846F8F7E8
:10FCB00075FAA3790595627807F110080492A27885
:10FCC0001E210392E27840460292227901926279E3
:10FCD0006C4600921B4A05F0DBFD88B006AA1A4B61
:10FCE000C2E905384FF400739383184B42F8103F74
:10FCF00000234FF4E2511648F9F78CFFA6F1740087
:10FD0000A546FFF75FFF132156F8740C07F0FAFEC3
:10FD1000034620B101210F4A0D4807F072F9303730
:10FD2000BD46BDE8F0810C49C0E70C49BEE70C496F
:10FD3000BCE70A2128460B4A05F0AAFDB9E700BF37
:10FD400010BD010032BD0100CECE01000300000154
:10FD5000C4AB0100FACE010017BD01001EBD0100B9
:10FD600028BD01004DCE0100F8B51D460F461646D0
:10FD7000FBF78EF91823044C03FB00400123C0E974
:10FD80000376C3800575F8BD9096002008B502F093
:10FD900059FD38B101210346034A044807F031F9FF
:10FDA0006FF0040008BD00BF1FCF0100E4AB0100ED
:10FDB00008B530B90749084808F056FC38B107487B
:10FDC00008BD054A12F8011C07F0BCFEF6E700204A
:10FDD000F6E700BFFDBC0100059700200497002056
:10FDE00010B5074C2378834207D1601C08F03CFC17
:10FDF000002814BF2046002010BD0020FCE700BFF3
:10FE0000E699002010B54A1C0C4638B1097807F075
:10FE100099FE08B1204610BD0020FCE710460249BB
:10FE200008F022FCF5E700BFFDBC01002DE9F84316
:10FE30001E46BDF8203081460F46D1F80C80002BBD
:10FE400045D1731E012B45D8012E4146157818BFA8
:10FE50001588FFF7D7FF0446C0B915B93046BDE88D
:10FE6000F8834146FFF7CEFF044638B91B4802210C
:10FE70001B4A08F00CFC6FF01000F0E709F170016C
:10FE8000013008F006FC99F808302370D8F81030DB
:10FE90008BB92581B8F80A30AB4203D041463846C9
:10FEA00008F0FEFB002DD9D10E49601C08F0F1FBD3
:10FEB00025702581D2E72A463946484698470028CA
:10FEC000CDDB01380128E4D96FF00D00C7E76FF0F2
:10FED0000600C4E76FF00C00C1E700BFE4AB01000F
:10FEE00035CF0100FDBC0100024608B507490130CD
:10FEF00008F0CFFB00230C3202F8043CD2E8EF1FDD
:10FF0000C2E8E03F0028F9D108BD00BFFDBC0100F8
:10FF10002DE9F04180460F4616461D46FFF760FF6B
:10FF2000044680B90F49FFF75BFF044630B9BDE8CE
:10FF3000F04101210C4A0D4808F0A9BB394600F8F0
:10FF4000018B08F0A6FB228963891AB92BB9268197
:10FF5000658104E0964238BF26819D42F8D8BDE80D
:10FF6000F08100BFFDBC01004FCF0100E4AB0100F8
:10FF700008B503460221034A034807F042F86FF030
:10FF80000D0008BD6ECF0100E4AB01001FB519469E
:10FF90004FF428131046064ACDE902230823BDF882
:10FFA000182000936B4408F093FB05B05DF804FB48
:10FFB000180028002DE9F041234B154682680746BA
:10FFC0009A4202D1C468638933BB0120BDE8F08145
:10FFD000FDF76CFF0021E3686181002BF5D0384606
:10FFE0009847F2E705F170084146287A07F05DFB73
:10FFF00068B9164B9C4202D1284608F0F8FB3046FF
:020000040001F9
:10000000134908F046FB002323702381E2E74146B1
:10001000304608F03EFBDDE72389002BDAD0264688
:1000200016F8011B2846324607F08CFD0028D9D16E
:1000300031462078FEF79AFA0028CBD0837A072B36
:10004000C6D1FDF733FFC0E72DFE00002C83002052
:10005000FDBC01002DE9F0411F46BDF818300646F1
:10006000012B904634D83B44012B3D4633DCFFF74F
:100070009FFE044668B9FFF79BFE044648B902217B
:10008000184A194808F003FB6FF010052846BDE830
:10009000F08197B10023217A98F8002021FA03F02B
:1000A000C70703D522FA03F0C00717D50133032B86
:1000B000F4D102F0070211432172601C06F17001B5
:1000C00008F0E7FA337A2046237008F0BBFBDDE73F
:1000D0006FF00605DAE76FF00C05D7E76FF0120551
:1000E000D4E700BF96CF0100E4AB010010B5044691
:1000F0001048D0E8EF3F23F00203C0E8E23F002AB7
:10010000F7D1D0E8AF3FDA0704D50022002330381A
:1001100004F0F8FB204608F015FA50B12046FFF72E
:1001200047FE30B1037ADB0703D5BDE8104008F085
:1001300089BB10BD28920020012110B5144808F099
:100140009BFAC30723D40221114808F095FA08400E
:1001500007D11049104A0B88104CA24211D300B1AC
:100160000B800F490F4809F0A4FF4FF4A47200233D
:100170000C48FBF7ABF9BDE810400B490B4809F000
:1001800098BF5068083203449BB20120E5E710BDD8
:1001900014970020F299002094AB0100ACAB010051
:1001A000ED030100809100205D070100F89100201F
:1001B00003462DE9F04148B1008A38B901244FF0D7
:1001C000140C1149DFF844E0714501D3BDE8F0811A
:1001D000D1E90076BB4204D30CFB0672143A934279
:1001E0000ED93444A2B214460831EDE70CFB057871
:1001F000434507D001356219B54292B2F6D1F2E714
:100200000025F8E71046E1E794AB0100ACAB010034
:100210002DE9F74F99464FF6FF73BDF8305007466A
:10022000002D08BF1D46244B90461B880091834239
:100230003CD203B0BDE8F08F73682344BB4232D296
:100240009CB208361D4B9E42F6D3F2E740468958D1
:10025000019307F0F4F8019B90B101340AF1010A0F
:10026000A4B273685345ECD9009B9C42E1D8BC42D0
:100270003168F2D30BFB0AF28B18B8F1000FE5D10D
:10028000B9F1000F0BD1013D1846ADB221460E9ACF
:100290000D9B9847002DCCD00028DED1C9E7DA6845
:1002A0009145DAD1EFE74FF0000ADAE701244FF089
:1002B000140B034EC6E700BFF2990020ACAB01005F
:1002C00094AB0100002110B58EB0182208A8CDE92A
:1002D0000311CDE905110AF065F94FF41053ADF89B
:1002E0001C308023ADF81E304FF480631E4C10226A
:1002F000CDE9093403A901AB07A802F051FA03467E
:1003000030B11A4A01211A4806F07BFE0EB010BD2A
:10031000009022466846019902F06EFA034608B141
:10032000144AEFE76B464FF6FF710120124A08F0BE
:100330000BFB07AB10226846104902F0A5FA0346F2
:1003400008B10F4ADEE719460C4A02F11000137893
:1003500010F8014D0131082902F8014B0370F6D164
:10036000084808F089F9D1E70002C003C2CF0100B4
:10037000E4AB0100EBCF0100C585010070910020C6
:1003800009D00100289200202DE9F04114490646C9
:10039000A1F1300014461D46BDF8187009F0A8FE02
:1003A000104BD3E8AF3F190701D4FFF78BFF30465E
:1003B000FFF7FEFC50B1037ADA0707D50C30D0E81E
:1003C000AF3FDB0702D4022108F056F910233A466A
:1003D000069329462046BDE8F041034B08F078B962
:1003E000B09100202892002070910020034BD3E8A8
:1003F000AF3F1B0701D4FFF765BF7047289200206D
:10040000002307B50193FFF7D3FE411C89B20846CC
:10041000034A01AB08F098FA019803B05DF804FBB9
:10042000898501002DE9F04387B0837A8046072B48
:100430000C46164602AF40F0A58000233B7342F6FF
:1004400003032068FB8107F10C0106F0F8FF054665
:10045000002834D1D4F80490B9F1000F05D101215E
:100460004B4A4C4808F013F98CE0012321460090D8
:1004700007F10802C847031E11DA6E4688B002AAC7
:10048000D36104234449C2E9051442F8103F4FF4F4
:1004900001512B463F48F9F7BDFBB54672E0012BF1
:1004A00005D001213D4A3B4806F0ABFD6AE03B7AAE
:1004B00013F0300F66D02046FFF7A2FF044600235A
:1004C00020683B7342F6021307F10C01FB8106F032
:1004D000B6FF18B12046FFF793FF0446002542F609
:1004E0000219206839463D70A7F8029006F0A7FF70
:1004F00010BB002320683B7342F6021307F10C0186
:10050000FB8106F09CFF054600283BD1D4F80490FF
:10051000B9F1000FA3D0022300902146404607F115
:100520000C02C847031EA8DB022BBAD1BB891E42AE
:1005300014BF0120002026E042F603032068391D85
:100540003D71FB8006F07BFF0028D2D04FF4205392
:10055000206807F108013D727B8106F070FF0028DA
:10056000C7D042F60103206807F10C013D73FB81FF
:1005700006F065FF0028BCD02046FFF741FF044687
:100580000028AED100201437BD46BDE8F08300BF7F
:100590001FD00100E4AB010033D0010059D00100AD
:1005A0002DE9F843894651680746B1F8128015468F
:1005B00018F0940809D00221274A284808F067F863
:1005C0004FF0FF352846BDE8F8830222FFF72AFFE7
:1005D00038B90221224A214808F059F86FF0150570
:1005E000F0E74FF470200021AE8AFFF773FA02366D
:1005F000044688B11B4B32464360C5601D21384616
:10060000FEF78AFF064650B914480221164A08F040
:100610003EF82046FFF786FA6FF00B05D2E701237C
:1006200042464146FFF7A0FBA98A06F10C000231C1
:1006300006F093FE20F8029BAA8A296909F0A5FF1B
:1006400021463846A66007F060FF05460028B9D06D
:100650002046FFF767FAB5E772D00100E4AB01006E
:1006600088D001008F850100B3D0010030B5044669
:100670000D468BB0364BD3E8AF3F5A0761D510B16A
:10068000837A072B60D168680590FFF791FD2A688F
:10069000ADF818003AB305A902912E490023019143
:1006A000012100914FF6FF710593FFF7B1FD059B06
:1006B0001BB96FF001000BB030BD6B60059B04A946
:1006C000186800238DF8103042F60303ADF812309D
:1006D00006F0B5FE70B90598C3689B799B0605D4F2
:1006E0006FF01500E7E70028E8D1E2E708F0E5F849
:1006F000ADF81800BDF818003CB1012301462A46A8
:100700002046AB75FFF74CFFD5E76FF07F030793EB
:100710000223ADF8203042F60213ADF8123005ABDB
:10072000AC7502930C4B4FF6FF710193012304AAA1
:100730000093234609958DF81040FFF769FD07984F
:10074000B9E76FF00A00B6E76FF07F00B3E700BFCC
:10075000D4800020BD850100310A0100034613B595
:1007600050F8082CA0F12001019200F13004D4E8E7
:10077000EF2F22F00102C4E8E02F0028F7D10D4A44
:10078000002043F81C2C0C4A23F8080C43F8182CC2
:1007900001AA43F8102C042223F8060C23F80C2C91
:1007A000FFF764FF18B90221204607F065FF02B089
:1007B00010BD00BF28B10100ED000100F8B5334BBA
:1007C0001568826804469A4200AF1FD1C668338913
:1007D000721CDBB12846317807F0B4F9B0B14FF4A0
:1007E00095722146284608F0BAF8032811D16D46C3
:1007F00088B06A46264BC2E9053442F8100F002340
:100800004FF4C4512348F9F705FAAD460120BD461F
:10081000F8BD3146204607F043FF1F4B9E42F5D1FD
:10082000287A05F17001FFF7DBFA04460028EDD0C5
:10083000038913B94389002BE8D02846FDF77EFCD5
:100840002389164A618922F8203002EB80035980FF
:1008500018231349134C03FB001300B202EB800270
:100860001A61042200EB40005C600F4C01EBC001F8
:1008700028469C609A82FFF7F9FE0028C6D0012125
:100880000A4A044807F003FFC0E700BF2DFE00003E
:10089000DAD00100E4AB01002C830020E2990020B3
:1008A000EC96002028B101004D880100EED0010037
:1008B000F8B50F46516806464B8A144603F0940378
:1008C0003BB11D4802211D4A07F0E1FE4FF0FF3009
:1008D000F8BD0122FFF7A6FD38B917480221184AD2
:1008E00007F0D5FE6FF01500F2E7A2891B21304614
:1008F0000232FEF711FE054638B90F480221114AAF
:1009000007F0C5FE6FF00B00E2E7A1890C30023161
:1009100006F023FD20F8027BA289A16809F035FECC
:10092000D4E9041228460123FFF71EFA294630466F
:10093000BDE8F84007F0BCBDE4AB010072D0010097
:1009400088D001000BD1010030B504460D468BB0B4
:10095000344BD3E8AF3F5A075DD510B1837A072BEC
:100960005CD168680590FFF723FC2A68ADF8180091
:100970003AB305A902912C4900230191012100916C
:100980004FF6FF710593FFF743FC059B1BB96FF012
:1009900001000BB030BD6B60059B04A918680023F3
:1009A0008DF8103042F60303ADF8123006F047FD23
:1009B00070B90598C3689B79DB0605D46FF0150004
:1009C000E7E70028E8D1E2E707F077FFADF8180085
:1009D000BDF818002CB101462A462046FFF768FFF3
:1009E000D7E76FF07F0342F6021207930123ADF8B9
:1009F000122005AA02920D4AADF82030CDE900324E
:100A00004FF6FF71234604AA09958DF81040FFF7B1
:100A1000FFFB0798BDE76FF00A00BAE76FF07F00B1
:100A2000B7E700BFD4800020BD850100310A010076
:100A3000F8B514463C4B826807469A4201D0012023
:100A4000F8BDC668394B9E4255D03289A389711CC6
:100A50009A42F4D13078FDF789FD05460028EED0A2
:100A6000837A072B05D0FDF721FAE8E7FDF71EFA98
:100A7000EBE7736923B13946984708B92846F2E78E
:100A80007B8A13F0940705D00221294A294807F0F0
:100A9000FEFDF3E7A389022B14D1338913F002067C
:100AA00004D12846FDF702FAA660C8E72846226965
:100AB000A188FFF775FD0646A8B92269937D013329
:100AC0009375EEE7012B04D02846FDF7EFF9A760F8
:100AD000B5E7338913F00106E3D028462269A188DF
:100AE000FFF7E6FE06462846FDF7E0F9002EA66071
:100AF000A5DA0020A4E7104D1049284607F0B4FD00
:100B00000028A2D10722294615F8010CFDF780FD27
:100B10000028ABD1236929461A6915F8010C5388BE
:100B20001288FFF7F5F990E72DFE00002C830020D6
:100B300072D00100E4AB0100E7990020FDBC010088
:100B400007B5009001206B464FF6FF71034A8DF800
:100B5000040007F0F9FE03B05DF804FBBD070100D7
:100B6000F8B505460E461746064B1C684CB154F8BE
:100B7000043C043C1BB13A46314628469847646819
:100B8000F4E7F8BD1897002070B5044603464FF609
:100B9000FF7101200D4A07F0D7FE2046FFF708F944
:100BA000054688B104F170063146207A06F07DFDD5
:100BB00020B92846BDE87040FFF796B93146681C59
:100BC000BDE8704007F065BD70BD00BFB5FF000017
:100BD00080B500AF88B06A46074BC2E905300323F1
:100BE00042F8103F00234FF4C2510448F9F712F8BD
:100BF0006FF00B00BD4680BD43D101001CAC01006D
:100C0000044B1A680AB1FFF7E3BF03485860104667
:100C10000B607047209700202CB201000122054B89
:100C2000C3F8002590F8861009B1DA6070471A60A1
:100C30005A60704700E000402DE9F0410E798D794F
:100C400006F01F03072B20D80C780C2C18D8DFE8EF
:100C500004F00808081707170F17171113171500C6
:100C600003244A78032A14D0042A20D0434A08E0F7
:100C70000424F6E70524F4E70624F2E70724F0E766
:100C80003F4A01213F4806F0B3F96FF01500BDE877
:100C9000F081012044F20A074A88BA425AD843F642
:100CA000FE77BA4205D8002A62D0374AE9E7002029
:100CB000F0E7A2F57F523F3A0B2AF6D801A757F882
:100CC00022F000BF790D0100AB0C0100AB0C01005C
:100CD000AB0C0100F50C0100AB0C0100510D010043
:100CE000AB0C0100AB0C0100AB0C0100AB0C010024
:100CF000710D010000224FF0010816F0200618BF08
:100D00004646224F08FA03FE97F8A8C05FFA8EFE07
:100D10004FEA003014BF2CEA0E0C4CEA0E0C40EAED
:100D2000042087F8A8C040EA02401A01497902F17C
:100D3000804202F5604240EA06501F4487F8A01046
:100D4000C2F818050020C2F81005C2F814559EE735
:100D50000122D0E744F21407BA420BD044F228072C
:100D6000BA4209D044F20F07BA429ED10322C2E729
:100D70000222C0E70422BEE70522BCE78ED10100B3
:100D80006FD10100B4AB0100B2D10100708100202D
:100D9000F7B50D464FF0FF334FF0FF32644803F0D4
:100DA00039FB6E68731EFE2B05D9624A0121624829
:100DB00006F01EF912E000231A466048604F26FA3A
:100DC00003F111F0010134D017F803C0BCF1000F9A
:100DD0000CD15C4A0121584806F013F96FF0150454
:100DE000534803F0E3FA204603B0F0BD6C7C00EBFF
:100DF000031E003C18BF0124DEF81815013221F053
:100E0000807141EA0461CEF8181503F1510109011E
:100E100040F801C0D2B20133082BD0D12B7CA3F112
:100E2000080106291ED8DFE801F01F1D211D111D34
:100E30001B0000EB031CDCF8184524F08074CCF890
:100E4000184503F1510424010151E4E702233B4911
:100E5000012AC1F8F0356B7C0AD95BB13A4AA5E7A3
:100E60000323F4E7394AB5E70023F0E70123EEE76F
:100E7000082B10D8C1F8F4352B6851006BB9EB681A
:100E80008B420ED2324A00912B48012106F0C3F862
:100E90006FF00B04A4E72F4A9CE79B8903FB011129
:100EA000EDE72F46A968254B2B4CC3F82C1604F10F
:100EB0007406C3F830260FCF0FC63B682746336051
:100EC000002626672B687BB30FCB04F1880585E8E5
:100ED0000F006567A4F8986030B3D7E8EF3FC7E824
:100EE000E26F002AF9D11D494FF400400F46314608
:100EF000D4F888500023E5FB0071194A3846F7F70B
:100F000029F90022CDE90001002304F1080004F0D2
:100F1000A3FA4FF0FF324FF0FF33124803F07AFA92
:100F200000B12067246F5BE70B48FFF777FEF0E71F
:100F3000B0810020DDD10100B4AB010000E0004031
:100F400010820020FBD101003AD2010015D201002D
:100F50008FD201006CD20100708100203F420F004F
:100F600040420F00C881002038B500250F4C0E20EC
:100F7000C4F80451D4F80431C4F81051D4F8103135
:100F80001223C4F80433F9F741FD2A4601210E204B
:100F9000F9F76CFD0648836C13B9403003F006FA8C
:100FA0000123C4F80035002038BD00BF00E0004038
:100FB00070810020F8B53A4BD3F80421002A62D0A2
:100FC0000021C3F80411D3F804210122354C9A60A2
:100FD000C3F80015A66F94F8A8702546374206D1CD
:100FE000636FC3B9BDE8F8402F4803F0DFB9D3F809
:100FF0002C161346F6B21E4208D01F4205D0B1F996
:101000000020002ABCBF00220A8002315B009BB294
:101010009F42F0D2E4E7D4F88C30B4F898202BB19A
:1010200022499847012814D0022824D0B4F89830D7
:10103000B4F894209A421ED90133A4F89830184B82
:10104000D3F82C26D3F8341689B202EB4102C3F848
:101050002C26D4F8883023B9BDE8F8401148FFF7B2
:10106000DDBDD5E8EF3F5A1EC5E8E12F0029F8D1D4
:10107000012BF1DCF8BDD4F88830002BB2D00C483D
:1010800009F0E9F9AEE7D3F810110029F2D0C3F85E
:101090001021D3F8102101229A601A605A60E9E702
:1010A00000E0004070810020C8810020E481002021
:1010B00078810020F8B50A7E0D46042A07690ED013
:1010C000102A28D0012A0BD01649174807F0E2FC55
:1010D0006FF022042846FAF77BF82046F8BD02227A
:1010E0001146042605F10C0006F056F9374438463F
:1010F0002A8AE968F7F7F0FF10F10C0F04460CD1CB
:101100004B2008F058FD013EF1D122460749064820
:1011100007F0C0FCDEE70522E2E70028F5DB00244B
:10112000D8E700BFCCD20100F4AB0100DCD2010053
:101130002DE9F04F9046D2F8109002780646042A26
:101140000C4687B001F1FF3309D0052A00F08980F1
:10115000022A40F0C480032B62D8644A02E0012BCB
:1011600007D8634A0121634807B0BDE8F04F05F096
:101170003FBF43783E2B31D1C778BB1E5F425F41F2
:10118000B6F80130033CB4EB132FADF814302AD17C
:1011900037B300220023CDE90223DFF85CB1DFF88A
:1011A00054A13946DDE902239DF81400FAF7F6F957
:1011B000054600B300F10C07022205A9384606F0E7
:1011C000D2F8384606F00DF984421CD9012100906E
:1011D00023464A4A474805F01EFF3CE00027CFE778
:1011E0004FF4A022D6E70121454A424805F000FF0E
:1011F00007B0BDE8F08F002FFAD102215A465046C1
:1012000005F0F6FECDE72246F11C384606F0ABF8B5
:1012100029464046D9F8003007B0BDE8F04F1847DE
:10122000002200230820FAF7A3F90546B8B1D6F842
:10123000013000F10C070422384605A9059306F099
:1012400092F8BDF81630053C9C423FD02D4A012152
:10125000284805F0CDFE2846F9F7BAFFC8E72A4A24
:1012600080E7032B01D8294A7CE7002200232020B5
:10127000FAF77EF9DFF898A00546A8B1D6F8013054
:1012800000F10C070422384605A9059306F06BF817
:101290000023CAF80030BDF81630053CC3F30D0337
:1012A0009C4213D01B4AD2E76421DAF80020B2FB3B
:1012B000F1F301FB13231BB917490E4807F0EAFBB2
:1012C000DAF800300133CAF8003091E7384606F00A
:1012D00088F884423FF67AAF2246711D95E70F49A0
:1012E000044807B0BDE8F04F07F0D4BB91D301002C
:1012F000F4D20100F4AB010039D301006ED3010038
:1013000015D30100CAD30100B0D30100ECD3010012
:10131000749700202BD401000BD401004DD40100A0
:1013200070B5056900200E4607F0BFFB044630B1DA
:1013300002461549154807F0ADFB204670BDE86B25
:10134000F7F73CFE044628B110F1780F02D00246B0
:101350000F49EFE7E86B05F10C02291DF7F76EFE68
:10136000044610B102460B49E4E74FF480320023F3
:1013700005F1240003F04EF8044610B10246064978
:10138000D8E72E60D9E700BF61D40100F4AB0100BB
:1013900086D40100B6D40100DAD4010038B505695D
:1013A000281DF7F76DFE044630B102460B490C4884
:1013B00007F070FB204638BDE86BF7F71FFE0446C8
:1013C00010B102460749F2E707F069FB044610B185
:1013D00002460549EBE72860ECE700BFFAD40100BC
:1013E000F4AB010025D5010049D50100084B70B5CB
:1013F000C31A0D4607499B1004465943402206482C
:1014000007F062FB2B4601462046BDE870401847B6
:101410008C970020B76DDBB6E0A70100402373B5C1
:101420000B4C0093041B0B460D460A49A410614364
:101430000646094A094807F072FB011E05DA3046E4
:101440002B4602B0BDE87040184702B070BD00BF27
:101450008C970020B76DDBB6878B0100E0A70100F9
:1014600010B5EFF31184202383F31288BFF36F8F3D
:10147000074A136823F00201DB07116002D4012040
:1014800007F0F8FC84F31188BFF36F8F10BD00BF25
:101490002C9800202DE9F843002201210646052062
:1014A000F9F7E4FA114801F021FB114B984219D1E8
:1014B00001F02CFB00244FF01C090C27DFF83480CE
:1014C0003569414609FB045005F052FA002807DB54
:1014D000012307FB04551C44042CAB67F0D100200A
:1014E000BDE8F8836FF00400FAE700BFFD150100C6
:1014F0000000AD0B54B201007FB500220123CDE9FD
:10150000022304ABCDE90433094A6B46CDF800D081
:10151000CDF804D007F030FB002805DB4FF4804203
:101520000023684602F076FF07B05DF804FB00BFB9
:10153000BD8B01000C22104B014602FB0033002042
:1015400030B4D3E91C521867EFF31180202484F3E0
:101550001288BFF36F8F9C6F04F0C00444F0020444
:101560009C6780F31188BFF36F8F1DB12B4630BC91
:101570000248184730BC70478C970020E0A7010054
:1015800010B4EFF31182202383F31288BFF36F8F1F
:101590001748016841F002040460C80707D482F3C9
:1015A0001188BFF36F8F012010BC01F0C7BA114939
:1015B000D1F80C04D1F80C14C907F0D5EFF3118061
:1015C00083F31288BFF36F8F0B498B6F03F0C00357
:1015D00043F002038B6780F31188BFF36F8F82F3B0
:1015E0001188BFF36F8F002010BCFFF7A3BF00BFAF
:1015F0002C980020005000408C970020092813D818
:10160000DFE800F005101212121212120E0C074B36
:10161000986F10F0070007D1FFF78CBF0220FBE79F
:101620000320F9E70120F7E7704700BF8C970020FF
:101630002DE9F041012207463449D1E8EF3FC1E8E6
:10164000E02F0028F9D133B9314932484B60CB60E3
:101650008A6005F0A0F97B1E012B28D8012F06D146
:101660002D4BD3F81C3403F00303022B1FD008F0DA
:101670006FFD0546E8B9294B1B78D3B10222064617
:10168000254BC3F80823244CDFF89480D4F81824A1
:10169000D4F81834D20315D503F00303022B01D07C
:1016A000012F0FD16DB386F31188BFF36F8FBDE8A3
:1016B000F081EFF31186202383F31288BFF36F8F3D
:1016C0000125E0E7C5B1304605F098FDD4F818359E
:1016D000DBB2012BDAD1D4F80421002AD6D00022C3
:1016E000C4F80421D4F804210222C4F818252022C9
:1016F000C8F88021A360C9E70021212008F0DFFDA0
:10170000E4E70222044BC3F80423D0E788970020C3
:1017100078970020A897002000500040A09C00204F
:1017200000E100E008B5074808F04AFA38B1064879
:10173000F9F76CFC0448F7F713FB002008BD6FF0C5
:101740001200FBE744A801004D1701000A2838B534
:101750000446074D04D1AB680D2128465B689847C5
:10176000AB6803485B68E1B29847204638BD00BFCC
:1017700044A80100F0B5406801F01F04057B87B064
:1017800044EA45140569002D63D0B2F5001F00F14D
:10179000100506D12146284607F0ECFB002007B0D3
:1017A000F0BD0027B2F5800F01AE0197776039D107
:1017B000B3F1007F14BF052304238DF80430002308
:1017C000CDE904630393836823FA01F111F0010169
:1017D0001AD1B2F1A07F17D104F01F03620903F1FF
:1017E00080032AD0012A3AD11E4A52F82330DB075F
:1017F0000AD40DF1030632462146284601F0AAFC20
:10180000194B98421BD002962146284603AA01F0A4
:101810005DFB164B98421FD101222146284601F05C
:10182000FBFCBBE7B3F1C06F05D0B3F1007F14BF81
:1018300001230223C1E70323BFE70D4AD5E7314661
:10184000284601F0E3FC094B9842DCD06FF00B0016
:10185000A5E76FF08500A2E76FF015009FE751F84C
:101860002330FFDE002884400400AD0B0000AD0BE8
:101870000025844038B545682B69B3B1103528463A
:1018800001F0B4FC044680B90146284601F07CFC16
:10189000084B98420BD122462846074901F054FCD8
:1018A000224605212F20F9F7E1F8002038BD6FF01E
:1018B0000400FBE70000AD0BBD1801004209034620
:1018C00070B502D0012A17D070BD0D4E3269516833
:1018D0000029F9D0012503F01F030C689D40002961
:1018E000F2D08A682A4002D030464B6898472CB123
:1018F000236821461C46F2E7024EE7E72346F8E755
:1019000008A80100F4A701002DE9F04340F20635D4
:101910004668D00648BF0320337B02EA050558BF5E
:10192000C2F3401087B001F01F07B5F5837F14465E
:1019300047EA43178DF8030044D00FD8062D18D07E
:1019400007D8B5B1022D3FD06FF0150007B0BDE844
:10195000F083B5F5807FF7D101250AE040F202223D
:10196000954233D0B5F5407F32D0B5F5007FEBD14D
:1019700002250123220303FA01F12BD57368996034
:10198000326972BB07F01F037F0928D0012F75D180
:101990003C4A02EB830284F48033D2F80012C3F392
:1019A0000043C4F3404444EA430421F4706144EA30
:1019B000800421F00F0144EA05230B43C2F80032F2
:1019C0000020C3E70725D4E70425D2E70525D0E7A3
:1019D0000325CEE7630344BF7368D960D0E72A4A82
:1019E000D7E71036394630460DF1020201F0B2FB5E
:1019F00014F4403F80460CD13946304607F0B8FA1F
:101A0000224B9845DCD130469DF8021001F0F8FBDE
:101A1000D6E74FF0000901AB3946304603AACDE9BD
:101A20000439CDE90199CDF80C9001F04FFA174B2C
:101A3000984289D114F4003315D09DF8033084F412
:101A40008034C4F300448DF80E3039464B4630469E
:101A500003AA8DF80C508DF80D4001F0F3FA0B4BF2
:101A60009842CDD070E7CDE9043339460DF1030338
:101A7000304603AA039301F029FAF0E7803352F8C5
:101A80002330FFDE00288440002584400000AD0B99
:101A900010B504460269A2B0C2F880001F490020B8
:101AA00001F0ECFC002201212A20F8F7DFFF646836
:101AB0008422002101A808F075FD6368B3F5803F1A
:101AC00004D30221164A174805F092FA2368B3F5A9
:101AD000803F04D30221144A124805F089FA0023FA
:101AE0000120219301AA61680432D940C90744BF8B
:101AF00000FA03F142F8041C2168D940C90748BF25
:101B000000FA03F103F1010348BFD163102BEAD1BE
:101B100001A801F0CBFC002022B010BD051C010083
:101B200013D601005CAC01003FD6010038B50F2987
:101B30000C4605693CD843681B68CB40DB0737D5AA
:101B4000D5F88430CB4003F001031AB9EBB96FF03C
:101B500077002CE0002BFAD155F8213023B902216F
:101B6000154A164805F044FAD5F8843013B92A20EE
:101B7000F8F74CFF0122D5F88430A2401343C5F892
:101B80008430E0B201F0B2FC0AE0C8B201F0B6FC69
:101B90000122D5F88430A24023EA0203C5F884303C
:101BA000D5F8843013B92A20F8F73EFF002038BD5D
:101BB0006FF01500FBE700BF6BD601005CAC0100C5
:101BC00038B505460C4622B102210C4A0C4805F0F6
:101BD0000FFA0F2C0ED86B685B68E340DB0709D562
:101BE00001230020A400E4B204F1804404F5283469
:101BF000236038BD6FF01500FBE700BF9BD60100E6
:101C00005CAC010070B5D1F880600F2804460D4629
:101C1000736803D81B68C340DA0704D402210E4A54
:101C20000E4805F0E5F9D5F88430E340DB0704D42D
:101C300002210B4A094805F0DBF905EB840255F84F
:101C400024503DB121463046AC46BDE870400023EB
:101C5000126C604770BD00BFB6D601005CAC0100DD
:101C6000D2D60100036803F01F025B09026004D0B2
:101C7000012B034818BF002070470248704700BF7F
:101C800000288440002584402DE9F04F1546834606
:101C900040F2FF18DFF88891DFF888A185B000EBEB
:101CA0008101594503D1002005B0BDE8F08FDBF874
:101CB0000030C3F3C322082AC3F3080400F2AA8049
:101CC0001B0E444508BF4FF0FF3419F80270222B59
:101CD00000F2A380DFE803F012191F22252B22A1B6
:101CE000A1A1A13A67A1A1A1A1A1A1A1A1A16A7FDE
:101CF0008285A1A1A1888F9295989B00C5F80C457B
:101D0000601C5DD10BF1040BCBE7C5F81445621CD8
:101D1000F8D000265DE0C5F80845F1E7C5F81045A4
:101D2000F5E7631CC5F80845ECD0002604E0661C06
:101D3000C5F80C45E6D0012603A80394FFF792FFEF
:101D40000122039B02FA03F3C36008E0C5F80845CB
:101D5000002FDCD1631CD5D0002606273246DBF8E5
:101D60000030039403F40040002818BF002203A8A9
:101D700018BF012601930092FFF774FF039C019B9B
:101D800000EB8400D0F80042C3F3412C009A3B02E0
:101D900043EA8C03134304EA0A04234343EA460359
:101DA000C0F80032AEE7C5F80C45D1E7C5F860458C
:101DB000601CDBF80030A5D0C3F30043002BBAD081
:101DC000012603A80394FFF74DFF039B06FA03F3D4
:101DD00083603246C3E7C5F86445E9E7C5F868455E
:101DE000E6E7C5F86C45E3E7C5F82445621C89D0F1
:101DF00001260022B3E7C5F8284581E7C5F830453C
:101E0000F4E7C5F83445F1E7C5F83845EEE7C5F81D
:101E10003C4575E76FF0150046E76FF0850043E736
:101E200008D70100F0F0FCFF2DE9F04104460D4613
:101E3000476808F08DF94FF0200888B9264B1B78C9
:101E400073B16426606806F060FFF0B9012006F007
:101E5000FEFF013EF6D10021212008F030FAF0E724
:101E6000EFF31186314688F31288BFF36F8F6068F5
:101E700006F04BFFA8B986F31188BFF36F8FEFE729
:101E800086F31188BFF36F8FE5E7EFF311863146D4
:101E900088F31288BFF36F8F606806F036FF002862
:101EA000EED0FB6900201D706368FA691B68C3F8F7
:101EB00044250122C3F84825C3F82001D3F8204166
:101EC000C3F85801D3F858019A6081F31188BFF321
:101ED0006F8FBDE8F08100BFA09C0020F7B50546DC
:101EE000002201210820F8F7C1FD0820F8F78EFD37
:101EF0006B681A691868C0F82425997D5A7D0A43D1
:101F0000198B1B7D0B431343C0F86C356E68D6E903
:101F1000004313F0010350D02F6907F1080000F0CF
:101F200061FD334B984208D032480121324A05F016
:101F30005FF86FF0040003B0F0BD387A04F10C02D2
:101F400004F5907106F08FFF387A012707FA00F048
:101F500000F042FD0823C4F80035F369C4F84435A5
:101F60000023C4F84835A760D4F85831002BFBD0C3
:101F70000021C4F800156B6801AADC68204606F051
:101F800097FE002805DB019B226819791868FFF786
:101F90007BFE08216A681368C3F80015117A51B9ED
:101FA000126AC3F834250122C3F83825C3F810118A
:101FB000D3F810111A600020BDE70822C4F80025EC
:101FC000F269C4F84425C4F848350123A360D4F865
:101FD0002031002BFBD00023C4F82031D4F820316D
:101FE0000123E3604FF48073C4F80433BCE700BFFF
:101FF0000000AD0B8CAC010011D701000123834020
:1020000070B5DC430B4AD2E8EF1F01EA0405C2E8D1
:10201000E65F002EF7D14FF4803282400648C0F8C8
:102020000823BFF35F8FBFF36F8F0B4214BF0120F4
:10203000002070BDE09800200050014070B40E49AF
:1020400022F07F46D1E90034D01AC31844F10004CD
:10205000C1E90034A6F50013B3F5400F09D2074BD0
:102060001B681A0A1B069C19054B42F10005C3E9BF
:10207000004570BC03F00AB940920020E4980020AB
:1020800048920020D9B101230D4A8340D2E8EFCF16
:102090004CEA030CC2E8E1CF0029F7D14FF48033BA
:1020A000084A8340C2F80433074BD3E8AF3FC3402C
:1020B000DB0742BF4FF40012044BC3F80021704706
:1020C000E098002000500140DC98002000E100E092
:1020D0000D4B1868010A0006BFF35F8F0B4BD3F856
:1020E0000435181841F10001B3F5801F0AD2084BDE
:1020F000D3E90023904271EB030303D210F1807007
:1021000041F10001704700BFE498002000500140F9
:10211000489200202DE9F04F85B016461F46044630
:102120009DF840A0FFF76AFF0190FFF7D1FFB04292
:1021300071EB070352D23B4B301A67EB0101984217
:1021400071F100014DD2384B03EB0413D3E90223A4
:102150009F4208BF964258D04FF48038334908FA5E
:1021600004F8204626F07F4BC1F8488306F0FEFDB8
:102170004FF00309584604F15005AD00ADB205F12A
:10218000804504F5A87305F5A8350293029A20F05E
:102190007F4341F82230C1F84483D1F80435244A02
:1021A000C01A033820F07F4090422ED9286868B1C9
:1021B000D1F80435A3EB0B0020F07F40B0F5000F01
:1021C000039322D9204606F0D1FD039BBAF1000FFC
:1021D00007D109EB030009F10109D7E7BAF1000FB4
:1021E00009D06FF0150520460199FFF74BFF2846EF
:1021F00005B0BDE8F08F01230E4AA340D2E8EF0FEF
:102200001843C2E8E10F0029F8D107490E982301CD
:10221000C8500F9B01EB04120025C2E9026753600E
:10222000E1E700BF01008000309200200050014033
:10223000FDFF7F00DC9800207FB500254FF0FF30C8
:102240004FF0FF31194C1A4B0226C4F80833C4F87A
:102250004833184BC4F80855C3E902014FF48033E2
:102260004FF40012C4F80433134B0121C4F8046383
:102270001520C3F880212A46F8F7F8FB1520F8F757
:10228000C5FB01230D4AA360236013600C4B0D4A6C
:10229000009328460023CDE90155FFF73BFF304668
:1022A000FFF7C6F9284604B070BD00BF00500140DA
:1022B00003000F003092002000E100E0E0980020D1
:1022C0003D200100FFFF7F002DE9F7432E4BD3F89F
:1022D000042390070BD5D3F8042142B10022C3F8A0
:1022E00004212A4AD3F80431136801331360264AC3
:1022F000D2F80433D90326D5254BD3E8EF1F21F0BC
:102300000100C3E8E40F002CF7D1CB0702D4D2F8C8
:102310004031C3B100251C4CC4F84051D4F84031C1
:10232000FFF7D6FEEFF31182202383F31288BFF369
:102330006F8F184BD3E90267B042B94106D282F3DE
:102340001188BFF36F8F03B0BDE8F0834FF0FF3803
:10235000D3E900104FF0FF391D60C3E902894FF443
:102360008033C4F84833C4F84051D4F8403182F384
:102370001188BFF36F8F0029E5D0009032463B46AD
:1023800028468847DFE700BF00500140E49800205E
:10239000DC9800203092002030B5431C124C85B0F0
:1023A00005D08442A8BF0446012CB8BF0124FFF722
:1023B0008FFE0E4B0C4DD3E90013401AB0F5000F01
:1023C0000FD22218AA4228BF2A46002052180849D4
:1023D000CDE90100009143F10003FFF79BFE05B03A
:1023E00030BD2A46F1E700BFFFFF7F00409200208A
:1023F0003D20010008B5FFF76BFE024B1B68C01AB9
:1024000008BD00BF40920020024B1860024B002024
:1024100019607047A8830020A48300204FF4007146
:10242000014803F0D3B900BFA09A002010B50749B6
:10243000074806F0C6FC044628B101210346054AB8
:10244000054804F0DEFD204610BD00BFA9260100AE
:10245000E89800204AD701007CAC01002DE9F0414A
:10246000DFF8D4810D46D8F8704000AF072C00F09B
:1024700008065BD0132C00F0A080052C40F0B9803A
:10248000D8F854806D496E4806F097FC18F4805FC8
:1024900041D06C496A4806F090FC172418F4006F8C
:1024A00004D06949664806F088FC182418F4007FB7
:1024B0000ED06649624806F080FC654B18F4004F68
:1024C0009B6B04D00121634A5D4804F09AFD1924F6
:1024D00018F4806F04D06049594806F06EFC1A2445
:1024E00018F4807F19D05D49554806F066FC1B241E
:1024F000EB69002E40F09B80C3F3080222B96FEA1B
:1025000053236FEA4323EB6129462046F7F7EAFE9F
:10251000BD46BDE8F0811624C0E718F4005FE7D09F
:102520004F49474806F049FC1C24E1E7D8F85C40D5
:1025300043484C4906F041FC600606D5D8F868309F
:102540000121494A3E4804F05CFDE10705D54749B1
:102550003B4806F032FC2624CAE7A20705D54449C9
:10256000374806F02AFC2724C2E7630705D541490E
:10257000334806F022FC2824BAE7200705D53E4957
:102580002F4806F01AFC2924B2E7E10605D53B499D
:102590002B4806F012FC2A24AAE7A20605D53849E2
:1025A000274806F00AFC2B24A2E723063DD535492F
:1025B000234806F002FC2C249AE7D8F86C803249B4
:1025C0001F4806F0FAFB18F0020F03D02F491C48F1
:1025D00006F0F3FB18F0010F03D02D49184806F060
:1025E000ECFB18F0040F83D02A49154806F0E5FBF0
:1025F0007EE7294A294BE8468AB00F2CC8BF13460C
:102600006A462749103CC2E905134FF4007313844E
:10261000244BD46142F8103F00234FF41151084875
:10262000F7F7F8FA0024C54662E7252460E723F4AB
:10263000FF7323F0010366E7E8980020C2BA0100A7
:102640007CAC0100D8BA01003CB90100E9BA010034
:1026500000ED00E002BB010017BB010032BB01002E
:102660009CB9010084D701009DD70100ADD70100BE
:10267000C3D70100E1D70100FCD7010019D8010040
:102680002ED8010048D801005BD8010075D80100A0
:10269000A5D80100D3D801005FBB01004ABB0100EF
:1026A00040BC01000400000100B5104B89B05A6A1B
:1026B000D86C00929A6A20F005000192DA6A6946A5
:1026C00002921A6B03925A6B04929A6B0592DA6B20
:1026D00006921A6C1B6D07929B0748BF40F00400DE
:1026E000FFF7BCFE09B05DF804FB00BFE8980020CE
:1026F0002DE9F041A2B005460E461746984607F070
:1027000027FD70B9114B1B785BB14FF0FF324FF0D2
:10271000FF330F4801F050FD044618B16FF08305F8
:1027200010E00124684604F03FFD42463946304639
:10273000289BA8470546684604F037FD14B90448AD
:1027400001F0B2FD284622B0BDE8F081A09C002037
:1027500044850020002300B589B0CDE9063303ABE2
:102760000493042303900593A9B10B6806934B6867
:1027700007930223111E18BF01210848CDE900214B
:1027800040F2F53104AA00F0D1F80028B8BF0120CA
:1027900009B05DF804FB0123ECE700BF0501004030
:1027A0002DE9F0414FF040089AB01C460AAB0746AD
:1027B0000E46154600214246184607F0F3FE1C233C
:1027C000CDE9073604230393012340F2032201934A
:1027D00002ABCDE90408ADF850200093002103239B
:1027E00004AA044806970995029400F09FF81AB0CD
:1027F000BDE8F0810001004070B5044696B00E4679
:1028000015460021342209A807F0CCFE236804AA4B
:10281000089340F20243ADF8403006AB02934023E8
:10282000CDE9033404230593012300920021019391
:1028300002AA0348CDE9066500F078F816B070BD2D
:1028400000010040F0B54027064697B006AB0D46A4
:10285000144600213A46184607F0A4FE32680021CB
:10286000089240F20442CDE90207ADF8402002236D
:10287000CDE9001102AA0348CDE9045400F056F84E
:1028800017B0F0BD000100402DE9F0414FF04008C5
:1028900098B01D4608AB04460F4616460021424636
:1028A000184607F07FFE04232268CDE9053702238E
:1028B0000A9240F20542019304ABCDE90208ADF85B
:1028C000482000930021012302AA0548049407969A
:1028D00000F02CF8079B2B6018B0BDE8F08100BF1A
:1028E0000001004070B5402696B006AB05460C4688
:1028F00032460021184607F055FE4FF48072CDE9AC
:102900000206CDE90454ADF8402054B1012304AAD5
:10291000009200210448019302AA00F007F816B0C3
:1029200070BD2046FBE700BF0001004010B4B1F5C8
:10293000004F029C0ED2042B0CD8042C0AD824047D
:1029400044EA0364134644EA0102014610BC03480A
:10295000FFF7CEBE6FF0800010BC7047217C0000F6
:1029600030B50468ACB1B4FA84F30122C3F11F039B
:10297000DBB29A4024EA0202D0E8EF5FA54204D11C
:10298000C0E8EC2FBCF1000FF6D1EAD102480B7081
:1029900030BD0248FCE700BF0000AD0B0200AD0BEC
:1029A00010B50368CB40DB0710D401238B400268CD
:1029B00043EA0201D0E8EF4F944204D1C0E8EC1F93
:1029C000BCF1000FF6D1F2D1014810BD0148FCE77F
:1029D0000000AD0B0400AD0B014BC3F804057047BC
:1029E000007001400146014800F04EB9B08300205C
:1029F0000328F7B5064631D8384B394933F810006B
:102A00000025C1F80803012142F21074354B364A03
:102A100033F81630925D03F1804302F1804203F5F2
:102A2000A04302F5A04211601D608E421B682C4F2E
:102A30008DF8071008BF0DF10705022E32D0032EC6
:102A400040D0012E1CD0D7F8183403F480333DB9A0
:102A500023B1012006F0FBF9013CF0D103B0F0BD39
:102A6000D7F8182402F003022A70002BF6D09DF844
:102A700007000128F2D106F0EAF9013CDDD1EDE7CB
:102A8000D7F80C3403F480333DB9002BE6D0012095
:102A900006F0DDF9013CF3D1E0E7D7F80C2402F0B1
:102AA0000102E1E7D7F85C3403F480333DB9002B31
:102AB000D4D0012006F0CBF9013CF3D1CEE7D7F812
:102AC0005C24ECE7D7F85434DB03C7D5002DCED116
:102AD000012006F0BCF9013CF4D1BFE7E8B30100E6
:102AE00000500040E0B3010007D90100044B1A79FF
:102AF00022B9012218601A710248704702487047D3
:102B00005C9900200000AD0B0C00AD0B08B5094B23
:102B10001B6833B10520F7F79BFF10B90520F7F7C5
:102B200075FF0122044BC3F81825C3F81425C3F818
:102B3000802508BD5C9900200050004010B5032896
:102B400046D8DFE800F01B02565000224FF4807395
:102B50000121002003F1804303F5A04318601C68A5
:102B6000012402F1804202F5A0421460274A126853
:102B7000002A44D0264BC3F8041329E0244BD3F891
:102B80001814D3F81824C90311D502F00303022B3B
:102B900005D0012B02D00020FFF72AFF01231C4A99
:102BA0000221C2F8183508224FF48273D1E7D3F816
:102BB0001424D207F2D5D3F81C2402F00302013A00
:102BC000012AE8D8114A12681AB10222C3F8042374
:102BD00010BDD3F80421002AFBD00022C3F8042141
:102BE000D3F80431F4E718224FF490734FF4807156
:102BF000AFE720224FF492734FF40071A9E71A68EF
:102C0000002AFCD018601B68E2E700BF5C99002036
:102C100000500040F8B50126194C1A4FD4F804535F
:102C200005B9F8BDB5FA85F0C0F11F00830003F5C2
:102C300080739BB203F1804303F5A04306FA00F2D0
:102C4000196892B225EA02050029E9D00021022A7A
:102C500019601B68C4F808230DD1D4F81834D4F8CF
:102C6000183403F00303012B05D1C4F81825C4F868
:102C70000423A360D4E73B68C0B29847D0E700BF05
:102C8000005000405C9900200079024B03EB0010DB
:102C9000FFF766BEB8830020036803F01F025B09DC
:102CA000026004D0012B034818BF0020704702487F
:102CB000704700BF0028844000258440034A430930
:102CC000D35C00F01F001844C0B270470BD901005C
:102CD00070B50546FFF7F2FF0C4C083034F81030A1
:102CE0000E46DA0508D5C3F3432304EBC302284696
:102CF00054F8333052689847A3682BB131462846C0
:102D0000E268BDE87040184770BD00BFC88300206E
:102D100008B5FFF7D3FF034B083033F81000400B22
:102D200008BD00BFC883002008B5FFF7C7FF034BED
:102D3000083033F81000C0F3400008BDC8830020FD
:102D400008B5FFF7BBFF034B083033F81000C0F3A2
:102D5000401008BDC8830020034611F0010010B5E3
:102D6000CCB20BD1A207C4F340000DD5074A106ABC
:102D700058601062003818BF012005E004490A6A53
:102D80001A600A62002AEDD010BD00BF00288440FE
:102D90000025844010B5FFF791FF124A083032F841
:102DA0001030D9051CD5C3F3432123F4F85322F87E
:102DB0001030002002F10E0434F8023F13F4807F3B
:102DC00003D0C3F3432399420AD001303028F3D112
:102DD000002342F831300448BDE81040FFF7E0BD61
:102DE00010BD00BFC883002040840020F0B5054618
:102DF00000200126044607468C420BD1114BD3F824
:102E00007C2132B10022C3F87C21D3F87C3140F020
:102E10000040F0BDE3B29B0003F580729B0806FA08
:102E200003F31D420BD002F1804202F53C32D2F88E
:102E300000C0BCF1000F02D01760126818430134C3
:102E4000DAE700BF00F00240F7B506460846FFF794
:102E500035FF1A4F00F1080537F815300C46DB072F
:102E60002AD5304606F060F82046FFF769FF58B1D2
:102E70002046FFF74DFF0022316800B201EB8003CE
:102E8000C3F81025C3F810252046FFF783FF002361
:102E900001A827F815300194FFF7FEFE019B00EB17
:102EA0008300D0F80022064B134043F00203C0F821
:102EB0000032044803B0F0BD0348FBE7C88300209C
:102EC000F0F0FCFF0000AD0B0400AD0B2DE9F0436A
:102ED0001646804685B00846FFF7F0FE0D4631687D
:102EE000044609B32846FFF71FFF18B12846FFF72D
:102EF00027FF10BB00230DF10F02CDE900338DF841
:102F00000E308DF80F3028460B460DF10E0105F0FE
:102F1000B3FF484A04F1080132F8113023F00203EC
:102F200043F0010322F8113073687BB328461F7801
:102F30005968FFF7F9FE10B1E9B13F4829E03D4A71
:102F400004F1080032F8103023F02003DB04DB0C1E
:102F500022F8103079B1032FEFD87168D1F804E06E
:102F6000D8F800109EF800C001EB8C01A7B9C1F899
:102F70001075C1F810752F4A04F1080132F81130AC
:102F800023F01C0343EA870322F81130B3683BBBEC
:102F90002A4805B0BDE8F083D1F810E543EA4C3388
:102FA0002EF0030EC1F810E5D8F8001043F020030E
:102FB00001EB8C0EDEF8101522F8103021F44F31A1
:102FC00021F44071CEF810152902DEF8108501F4C5
:102FD0007C5141EA074141EA0801CEF81015CAE7E1
:102FE0002846D3E90067FFF7D5FE002ED0D0114D5B
:102FF000D5E90023964203D19F4201D1002209E086
:103000000F480DF10F01FFF7ABFC0C4B9842C0D1FC
:103010009DF80F2005EBC20308345F6035F81430CB
:1030200045F8326043EA422343F4807325F81430B4
:10303000AEE700BFC88300200400AD0B0000AD0B5D
:10304000408400202DE9F0430C46804685B02046A0
:1030500011461D46FFF732FE064629B32046FFF70C
:1030600063FE18B92046FFF76BFE18BB334F06F11D
:10307000080937F8193013F01C0F02D04B78012BD8
:1030800018D001238DF80F3000234A1CCDE900131E
:1030900020468B1C0DF10F0105F0EEFE37F81930BC
:1030A00043F0030327F81930002D44D02046FFF7E2
:1030B0003BFE18B9224805B0BDE8F083002295F820
:1030C00000C0D8F800301D4F03EB8C03C3F8102567
:1030D000C3F8102506F1080237F812104FEA8C0EDB
:1030E00021F02001C904C90C27F812106E7816B31C
:1030F000D8F80000AD787044D0F81035360423F4C9
:10310000991323F4F853C0F81035230203F47C53C9
:1031100006F440362D05D0F810E5334305F480154C
:103120002B4341EA4C3143EA0E0341F02001C0F841
:10313000103527F812100348BDE700BFC8830020F0
:103140000400AD0B0000AD0B014BC3E90212704748
:10315000C883002010B508461446FFF7F1FD50B1B2
:103160000846FFF7ABFD054B083033F81030044834
:103170005B0B237010BD0348FCE700BFC883002031
:103180000000AD0B0400AD0B70B5154D064695F86B
:1031900080401CBB2146602205F1100007F002FAB6
:1031A000214630682E6F8E420ED10023C0F87C314C
:1031B000D0F87C3140F30730F7F728FC01230948A9
:1031C00085F88030AB6770BDCBB29B0003F5807291
:1031D0007C2B04BF845083580131E4E70248F2E7B6
:1031E000C88300200000AD0B0C00AD0B034B93F81F
:1031F0008000003818BF0120704700BFC88300203E
:103200000148FFF7CDBB00BF3C8400200148FFF719
:10321000A7BB00BF3C84002073B503681646D3F8F3
:1032200004230546002AA8BF4FF000420846A8BF65
:10323000C3F804230C46FFF783FD00B30846FFF7ED
:1032400073FD0146D8B92046FFF762FD04B2A40021
:103250000346286804F58072815029688258214409
:10326000D1F8102542F00102C1F810252EB101223B
:10327000296802FA03F3C1F8043302B070BD204696
:10328000FFF71CFD0E4B083033F81030C3F38203F8
:10329000042B11D0052B11D001A80194FFF7FCFCE1
:1032A000019A0369D34003F00103991C204602B040
:1032B000BDE8704005F029BE0321F7E70221F5E7DC
:1032C000C88300202DE9F04F684BDFF8A481D3F8C4
:1032D0000403D8F87010C0B289B040F00040FFF786
:1032E00085FD051E2FDAC24600235AF87C1F06A86A
:1032F000CDE90633FFF730FD4FF0000B5D4B0DF1CC
:1033000018090193019A12F8013B0192DA081AF8A0
:10331000022003F0070322FA03F3DA071CD409F1B1
:103320000409BBF1000F14D0D8F870104FF0004022
:10333000FFF75CFDD8F87C1006A8FFF70DFD00280C
:10334000DAD125F000450124002D76D109B0BDE881
:10335000F08F4FF0010BD5E7474B5B440293D9F850
:1033600000100029DBD091FAA1F1B1FA81F1029BA2
:103370001C7841EA44142046FFF7A0FC083038F8D6
:103380001070C808BB080393012319F8002001F04E
:10339000070103FA01F122EA010209F8002005A859
:1033A0000594FFF779FC059A039B803250F82220A0
:1033B000C7F382065B073746C2F3014222D5204697
:1033C0003946D6B2FFF784FC05A80594FFF764FCE4
:1033D000059B803350F82330C3F301439E4207D14D
:1033E0000021204605F091FD3146204605F08DFD77
:1033F00005A80594FFF750FC0122059B02FA03F390
:103400000362ACE7022A0CD10321204605F07DFDC2
:1034100006F00503012BEBD139462046FFF758FC97
:10342000E6E702212046039205F06FFD032EF3D05C
:10343000039A032ADCD1022EEDE795FAA5F3B3FA3D
:1034400083F304FA03F29B0003F1804303F53C335A
:10345000D3F81005D3F81015C0F30520C1F30141CE
:1034600025EA0205FFF734FC6EE700BF00F00240DA
:10347000C88300201BD901001BD9010070B5084C7E
:103480000E462379154643B92A20F7F7BFFA0123E0
:10349000044823712660A56070BD0348FCE700BFA7
:1034A000649900200000AD0B0C00AD0B002330B57B
:1034B0000D4A50F8234003F5A2710133102B42F856
:1034C0002140F6D10023084A00F13C0103F5B27413
:1034D00051F8045F0133102B42F82450F6D1D0F894
:1034E0008030C2F8043330BD00A002400123024AFC
:1034F0008340C2F80433704700A002400123024A0F
:103500008340C2F80833704700A00240F8B5012696
:1035100000270B4B0B4DD3F80C4304B9F8BD94FABC
:10352000A4F0B0FA80F006FA00F324EA0304064B94
:1035300082009F502B68002BEFD0A9689847ECE7DA
:1035400000A002406499002000A102402DE9F04152
:103550000E4617460C4D55F81C4FAC4203D16FF088
:103560001200BDE8F081314654F8440CA4F144083F
:10357000F4F70AFE30B9C7F800804046BDE8F041D4
:1035800005F0CABD2468E8E77099002010B5D0E9BD
:1035900009124A60416A00F124031160C0E909334D
:1035A0004368044603B19847054A936833B11279DA
:1035B000062A03D90720226802499847002010BD37
:1035C000709900201DD901002DE9F04107460D46F4
:1035D0000B4E56F80C4FB44202D16FF001000AE0D6
:1035E000394654F8240CA4F12408F4F7CDFD20B991
:1035F0001DB1C5F80080BDE8F0812468EBE700BF8D
:103600007099002038B5044600B30068F0B1037823
:10361000E3B10021FFF7D8FFD8B104F11C03C4E9DE
:1036200007330D4B04F12402196903F10C00A16268
:1036300060621A610A609D6835B11B79062B03D957
:10364000072022680549A847002038BD6FF0150003
:10365000FBE76FF01000F8E7709900201FD9010018
:1036600038B5114C0546216819B10020013121609F
:1036700038BD2422204606F095FF2B682846A3601B
:103680002B79237104F10C03C4E9033304F114030F
:10369000C4E9053304F11C03C4E9073300F018F84A
:1036A0000028E5D12168E0E77099002038B5074D82
:1036B0002C68013C2C6044B900F012F821462846E1
:1036C000BDE83840242206F06DBF38BD7099002057
:1036D00008B50248FFF796FF002008BD4C84002083
:1036E0000148FFF753BF00BF4C8400200EB4431EB7
:1036F000062B33B588BF0020094B05AC54F8045B9A
:1037000053F82010074802F067FE2146284601942E
:1037100002F060FE02B0BDE8304003B0704700BF69
:1037200008B30100ACC101002DE9F04F87B0174686
:103730009B460446DDF840A000284BD0056A35B111
:103740002D6825B1AC4607B0BDE8F04F6047E36A8D
:103750009F4242D80026BE4203D1002007B0BDE8F8
:10376000F08F182303FB06F8D4F83090A26909EB18
:1037700008052B1D0593CAB9686969680368B5F81F
:103780000CC0C91AAB680CF1030E5D1E05EB0C15DD
:103790005B4205EB4E051D4005EBCC038568063307
:1037A000A94228BF4FF0FF3105F083FC59F80830DB
:1037B00020460293236AB1B29B6A01935AF82630DD
:1037C00000935BF82620059B05F0C4FC0028C5D1BA
:1037D0000136C0E76FF01500C0E70148BEE700BF43
:1037E00040F4FFFF10B5044690B1028D43899A4220
:1037F00009D0084A936833B11279032A03D9426881
:103800000549042098472046BDE8104006F0B2BEA6
:1038100010BD00BF70990020D2D9010030B5448995
:103820008C4212D9436A013C5D882C4003EBC403EF
:1038300059609A60BFF35B8F426A538801335380AB
:10384000438D01334385002030BD0148FCE700BFB4
:1038500041F4FFFF70B4039E144660B1006A50B19A
:103860004BB1013407D0002E05DBD0F8844014B1F1
:10387000A44670BC6047014870BC70472DF8FFFF3C
:1038800070B4039E144660B1006A50B14BB101346C
:1038900007D0002E05DBD0F8944014B1A44670BCCC
:1038A0006047014870BC70472DF8FFFF2DE9FF47C6
:1038B000DDF834800E4691469A460546002876D0BB
:1038C000002974D0B8F1000F71D001F164073846B7
:1038D00005F0D0FDBAF1FF3F49D1346E06F1500238
:1038E00004F18000844204F01F0C07D2C4F341119C
:1038F00052F8211021FA0CF1C90736D4012104F045
:103900007F04600952F8203004F5806A01FA0CF156
:1039100004F201440B4304F07F0442F82030346683
:103920006B6C4A4603930E9B2946CDE901830C9BA1
:1039300030460093534605F04CFE384600F036FD05
:103940002C7874B196F8A4405CB1AB6A013330D1E5
:103950000021284605F0CDFD044610B1284605F0AB
:103960009EFD204604B0BDE8F0870134BAE7BAF501
:10397000806FD5D3AAF580637F2B06F150010FD855
:10398000580951F8204003F01F0324FA03F2D2072C
:103990000BD4012202FA03F3234341F82030BFE79E
:1039A000054C384600F002FDDBE7044CF9E7024C19
:1039B000D7E70024D5E700BF2DF8FFFF29F8FFFF68
:1039C00008B583681A0C0AD1094A93682BB1127999
:1039D000022A02D9032007499847002008BDA3F511
:1039E000803383601B0C0CBF01200020F6E700BF72
:1039F00070990020F4D9010038B50446E0B100F117
:103A00006405284605F036FED4F8B4309B6953B9F6
:103A1000D4F8A840103C002C00DC084C284605F0E7
:103A200027FE204638BD012BF7D1D4F8BC0005F0A5
:103A300009FDA0F11004EEE7014CF2E72EF8FFFFBC
:103A40002DF8FFFF38B50446E0B100F164052846C3
:103A500005F010FED4F8B4309B6953B9D4F8AC40EB
:103A6000103C002C00DC084C284605F001FE2046E6
:103A700038BD012BF7D1D4F8B80005F0E3FCA0F174
:103A80001004EEE7014CF2E72EF8FFFF2DF8FFFFE0
:103A90002DE9F04385B00F46904603A90D9A0546DF
:103AA000994605F0A8FF0446E0B10C9E039BD5F8AB
:103AB000C0009E42A8BF1E460168D0F808C0611A27
:103AC00033464A46614528BF4FF0FF3105F0B7FA4B
:103AD0002346424639462846009605F02CFF05B09D
:103AE000BDE8F0830048FAE72EF8FFFF2DE9F04724
:103AF0008AB00D46DDE9129716469846044620B96D
:103B0000924E30460AB0BDE8F0870029F8D0002B6D
:103B1000F6D00021A822C0F8D01006F043FD012203
:103B200004F16400114606F0F4F9894BC4F8B4506E
:103B3000E667AC62C4F88430864BC4F88830864BA4
:103B4000C4F88C30854BC4F89030854BC4F8943061
:103B5000844BC4F89830844BC4F89C30834BC4F831
:103B6000A030AB693BB9002FCAD097E8070004F139
:103B7000A80383E80700AB69012B06D02B6ADBB9E9
:103B80006FF00506BDE74307F8D4D4F8B400002869
:103B900000F0D980036A002BF2D09B68002BEFD095
:103BA00098474206EFD50021D4F8B40005F050FD47
:103BB00006460028E9D0A4E71B69002BE0D0284680
:103BC0009847AB69012B04BF0023286100F0010076
:103BD00008BF6B6184F8A400AB69DBB93B7A002BAA
:103BE00000F0838009F10C03C4F8C430B9F1000F70
:103BF00086D0D9F80820002A00F0A3809B68002B0B
:103C000000F09F805A4B04935A4B05935A4B0693EE
:103C10005A4B0793AB69012B07D1564B0493544B76
:103C20000593564B0693544B0793002104F1C803A8
:103C3000C4E9323306ABC4F8C080022200932846A0
:103C4000019104ABFFF770FD064600287FF459AFE1
:103C5000AB693BB92B6B1B68C4F8B8302B6B9B6905
:103C6000C4F8BC30AB69012B07D12B6B9B69C4F83E
:103C7000B8302B6B1B68C4F8BC30D4F8BC0005F01E
:103C80007CFB2B6B1B68C3F82C802B6B9B69C3F8E8
:103C90002C80D5F818A0BAF1000F07D1D4F8AC30B9
:103CA0000993D4F8B8305B89534520D894F8A430F0
:103CB000C4E9004463B100230293314B20460193D1
:103CC0003523304A0394009304F1080105F081FC88
:103CD000AB69002B7FF415AF0421284605F0B8FC32
:103CE000074600283FF40DAF26E04B467CE74846E8
:103CF000D4F8AC1005F070FE0746E0B1D8F800101B
:103D00000890411AD8F808000022814228BF4FF0DD
:103D1000FF31D4F8AC30404605F0CBF900970123D1
:103D20000022D4F8B80008A905F041FA074618B9EE
:103D30000AF1010AB5E7144F284605F082FC3E4619
:103D4000DFE6114EDDE66FF01506DAE62DF8FFFF2F
:103D5000913A0100C996010037980100F7990100D6
:103D60003799010081960100453A0100F9390100B7
:103D700015DA01001BDA01006B9801006F96010053
:103D8000ED96010021DA01002EF8FFFFF0B505469F
:103D90000E46174687B0074A03AC07CA84E80700F7
:103DA0000C9A3146009228463A460194FFF79EFE4F
:103DB00007B0F0BD08AD010010B50446F5F746FEAA
:103DC00003480121034A03F013F9204605F003FFDD
:103DD0007CAC010024DA01002DE9F84304460D46CD
:103DE00000AFEFF31188202383F31288BFF36F8FA6
:103DF0000428294A98BF294BE9468AB09668117C65
:103E000098BF53F820306A4688BF254BC2E9073176
:103E100040F2013323489384234BC2E9050442F85E
:103E2000103F00234FF431512048F5F7F3FECD4603
:103E300045B1EB69C3F3080323B101211C4A1B48B8
:103E400003F0D6F82EB1304606F08BF908B10378AE
:103E500003B91848E9468AB06A46174BD061C2E9EF
:103E6000053640F201331384144B42F8103F00230F
:103E70004FF411510D48F5F7CDFE2946CD462046A9
:103E8000FFF79AFF88F31188BFF36F8F3046F6F77C
:103E90005DFDBD46BDE8F8839499002028B301007C
:103EA00033DA010041DA0100050000017CAC0100B9
:103EB00069DA010056C101008ADA0100040000013C
:103EC00038B5094B53F82040013053F82050A54233
:103ED00000D838BD636823B1204605F084FE08345D
:103EE000F5E723689847FAE73CB30100012270B573
:103EF0002A4B032086B01A70FFF7E2FFF6F7E4F9C9
:103F000005F08DFE0420FFF7DBFF254C254D2646EE
:103F1000AE4204F1300410D300F0D6FE204C224E05
:103F2000AC4226D300F0E4FEF4F7B8FA1F4A137B44
:103F300023F00103137306B070BD54F80C3C0593D5
:103F400054F8103C049354F8143C039354F8183C70
:103F5000029354F81C3C019354F8203C009354E91C
:103F60000A2354E90C0100F0D3FC54F8303C5E65A0
:103F7000CDE7D4E90A23B3F1FF3F08BFB2F1FF3F19
:103F800005D052EA0301206803D100F071FF3034FC
:103F9000C6E73146183001F003F9F8E7A09C00208D
:103FA000D0AA0100D0AA010055A20100D892002099
:103FB00008B50348034A0021121A05F02CFE08BD7B
:103FC00000870020A49C0020882370B5134E012296
:103FD00003FB0066002386B0CDE904230F22019382
:103FE000CDE9023214234FF4A0720D4D0D4903FBAD
:103FF0000055044602FB00110B4B3046009500F0C3
:1040000087FC737B2C7423F004037373074B013418
:1040100003EBC423EE606B6006B070BD50920020CD
:104020009499002010B800208D9D010010B0002050
:10403000BFB50020FFF744FF2E4B03F5006282F36B
:10404000088883F30A880024E0232B4D2B4E85F843
:104050002230EC772C766C76AC7685F820406B6A53
:10406000274F43F4E0236B6285F82340F6F7ECFB1F
:10407000F6F76EFD4FF0FF33AB62EB62F6F70CFF25
:10408000F6F78AFDF5F752FC40F201131D4D284664
:10409000AB81C5E9194401F049FAB56005F08FFD1F
:1040A0000120FFF70DFF0220174DFFF709FF00F079
:1040B00053FE164B75610593012315494FF4806239
:1040C000CDE9034328463B46CDE90144009400F086
:1040D0001FFC06466A7B284622F004026A7306F03B
:1040E0007CF82046FFF770FF3A4631462846F6F73F
:1040F0000FFD00BF10B0002000ED00E094990020FB
:10410000ED3E010008940020D8920020ECDA010076
:1041100050B9002038B5064C064DAC4201D3002002
:1041200038BD2046D4E9011205F07AFD1434F4E7D5
:104130003085002044850020002038B5054C064D10
:10414000AC4200D338BD204605F0CFFD0028F9DB96
:104150001C34F5E7DC8400203085002073B50C4664
:10416000EFF31181202585F31288BFF36F8FC568A7
:104170005DB125602B68C3608369013383610020D2
:1041800081F31188BFF36F8F11E052EA030603D168
:104190006FF00B002560F3E7CDE9002302460830FD
:1041A00000F0F2FC18B9034B9B685B69236002B016
:1041B00070BD00BF949900202DE9F34104461746D5
:1041C0001E46EFF31188202383F31288BFF36F8F0D
:1041D000C368334A7BB180689168884219D057EA36
:1041E000060318D188F31188BFF36F8F6FF00F00AB
:1041F00002B0BDE8F081916891F90E100133E360DF
:1042000093682161A36088F31188BFF36F8F00204A
:10421000EEE72169F2E791F90E1090F90E306FF098
:104220007E029942A8BF19469142B8BF11468B42FF
:104230002DDD05F0B6FD054622464146CDE9007666
:10424000184800F0A1FC0028E1D0EFF311862023EC
:1042500083F31288BFF36F8FA068D0B12368216900
:104260009C420AD04BB193F90E309942A8BF19462F
:104270006FF07E039942B8BF194605F092FD40B138
:104280003146084800F0FAFC6FF00A00B0E700255C
:10429000D2E7002DF4D186F31188BFF36F8FF3E7D7
:1042A00094990020A19C0020F8B583680546002B56
:1042B0003FD0234A926893423ED1C368012B03D971
:1042C000013BC3600020F8BDEFF31187202383F387
:1042D0001288BFF36F8F0169806805F062FD2C685A
:1042E000AC4207D10023C5E9023387F31188BFF33D
:1042F0006F8FE7E7002CF5D0D4E900320026136079
:104300005A60637BC4E9006623F002036373A6600E
:1043100004F1180006F027F8AC6094F90E3020463E
:104320002B61E66705F059FF3946064800F0A6FC08
:10433000C8E76FF01500C6E74FF0FF30C3E700BFD6
:1043400094990020A19C002037B51146EFF3118508
:10435000202282F31288BFF36F8F04689CB1236818
:10436000426823F003039442036008BF43600121C5
:10437000204605F09DFD044685F31188BFF36F8F3D
:10438000204603B030BD51EA0302F5D000F1080227
:10439000CDE900131046294600F0F6FB0028EFD1C6
:1043A000014B9B685C69EBE79499002070B5EFF3D3
:1043B0001186202383F31288BFF36F8F0468A04215
:1043C0001AD0CCB1D4E90032002513605A60637B67
:1043D000C4E9005523F002036373A56004F11800DB
:1043E00005F0C1FF2046E56705F0F7FE3146BDE860
:1043F0007040074800F042BCD0E902329A4218BF30
:10440000013302218360103006F087F8EEE700BF29
:10441000A19C002013B5EFF31181202484F31288AE
:10442000BFF36F8F846844B1013C846081F31188CD
:10443000BFF36F8F002002B010BD52EA030406D113
:1044400081F31188BFF36F8F6FF00F00F3E7CDE9B1
:1044500000230246014800F097FBECE7A19C0020F6
:104460001FB5094A02AB92E803004FF4806283E86B
:104470000300009305494FF0FF33054800F06AF947
:10448000002005B05DF804FB14AD010050BD002014
:10449000609300202DE9FF41044620274E4EEFF3A4
:1044A000118887F31288BFF36F8FD4F88850F5B95D
:1044B000022104F1A00005F03CFD002868D004F1C1
:1044C000980500220121284605F012FF0028F8D1A6
:1044D00000234FF0FF3202934FF0FF334146CDE906
:1044E00000233E4804F1900200F078FDD7E7D4F8AD
:1044F0008C202B689542C4F8883008BFC4F88C30F3
:10450000D4F8A03043F00203C4F8A030EB6823F0E5
:10451000040343F00103EB606B6888F31188BFF379
:104520006F8F28469847EFF3118887F31288BFF3FF
:104530006F8FEB68D80623F0010236D4EA60EB688F
:104540009A0716D5306823F00203EB6088B100218A
:10455000036870B14268954235D1036869BB7268DF
:104560003360824200D17360002340F8083BFFF7BC
:104570001DFFD4F8A03023F00203C4F8A03088F364
:104580001188BFF36F8FDB0589D400F0EDFB86E760
:10459000D4F8A030D9069BD5C4F8A00088F31188C0
:1045A000BFF36F8F04B0BDE8F08123F01103EB601F
:1045B00005F11000FFF7FAFEC1E70B607368834254
:1045C00008BF7160D0E723B11A6801461846134648
:1045D000BFE71A46F9E700BFB4990020A19C00206C
:1045E00070B5C3680546C3F340069B070C460DD55E
:1045F0000122002104F1080005F08BFC0023236058
:10460000054B65605A681AB9C3E90044304670BD6D
:1046100014605C60FAE700BFB4990020F8B5C36885
:1046200004469A070F46C3F340062CD45B071AD4FE
:104630000B680BB983680B60E368DD0742BFA368B2
:1046400002263B603D6858BF0126002D3AD01F4B23
:104650009B68AB420AD0D5F8A030D807C3F38002DC
:1046600014D46FF0120600233B6025E005F070FDC6
:10467000D5F8A0300028F0D1D907C3F3C002F0D597
:1046800052B15B0708D46FF00F06ECE7002AFAD1AD
:10469000C3F3C003002BF6D100232360D5F88C3080
:1046A00063B9C5E92244284605F05EFCE36843F09F
:1046B0000403E3603B68A3603046F8BD1C60C5F8A6
:1046C0008C40F0E76FF01506CDE700BF949900200D
:1046D000F8B5C368064603F00503002B0C4614BF6B
:1046E000012700271CD085680122002104F1100059
:1046F00005F00FFC2046134905F08EFCE36843F0FB
:104700001003E360F3685B0712D5336823606BB96D
:10471000D5F88C3033B9C5E92244284605F024FC8D
:104720003846F8BD1C60C5F88C40F6E73460F4E705
:10473000D5F888302360D5F88C30C5F88840002B38
:10474000EBD1F0E7499F01000146014805F080BC2C
:1047500060930020F0B50446002089B0C4E922002F
:104760000E9D04F19000C4E9240004F19800C4E90E
:1047700026004DB32879002840F2011008BF01201F
:10478000C4F8A00000204FF0FF364FF0FF37CDE90E
:104790000330CDE90100CDE9066720460B4B0094BC
:1047A00000F0F4F855B1296811B1204605F0D6FCA7
:1047B0006B791BB1237B43F001032373204609B0BF
:1047C000BDE8F04000F054BB0120D9E7954401005A
:1047D00030B50A46044685B0EFF31185202383F3F4
:1047E0001288BFF36F8FD0F8A03013F0060F1DD1E1
:1047F000B1B143F00C03C4F8A030204605F0B4FB7F
:1048000000234FF0FF3202934FF0FF332946CDE9EA
:1048100000230C4804F1980200F0E0FB05B030BD25
:10482000D0F8880048B143F00403E4E743F0040102
:10483000C0F8A010002AE0D0DBE785F31188BFF3B1
:104840006F8FEBE7A19C002037B501900846EFF38E
:104850001184202181F31288BFF36F8FC16811F09A
:104860001E0F16D153EA020508D101A9FFF7D6FEA3
:1048700084F31188BFF36F8F03B030BD41F008019E
:10488000C160019910308161034900F089FC012069
:10489000EEE70020ECE700BFDD9F01000146014884
:1048A000FFF7D2BF60930020F7B50C4616461D46B1
:1048B0000190EFF31187202383F31288BFF36F8FEA
:1048C000084605F042FB55EA060309D1204601A936
:1048D000FFF7A4FE87F31188BFF36F8F03B0F0BD1D
:1048E000E36804F1100043F00803E360019B3246E3
:1048F000A36203492B4600F053FC0120EAE700BF06
:10490000DD9F010001460148FFF7CEBF6093002004
:104910002DE9F043984685B000F15803C0E91633FD
:10492000109B002603730423073222F0070543730C
:104930000F9B01EB05090F4683734946C0E90666E4
:104940008660C6730446F5F72DFD0E9B073020F0F8
:104950000700E066C4E9197502930D9BA9EB0009F5
:1049600001930C9B4A460093394643462046F6F78E
:10497000AFF8054B66659B6803B11B6F484623671C
:1049800005B0BDE8F08300BF94990020F0B5002584
:1049900087B00595109DDDE9127604950F9D0446BC
:1049A00003950E9D02950D9D01950C9D0095FFF7B9
:1049B000AFFFB6F1FF3F08BFB7F1FF3F05D056EAA2
:1049C000070305D1204600F053FA204607B0F0BD9A
:1049D0003A463346024904F1180000F0E1FBF4E7DF
:1049E00055A201006FF00A01084A9368D967084987
:1049F00098674B6843F080534B60002383F3118822
:104A0000BFF36F8F9368D86F704700BF94990020F1
:104A100000ED00E070B590F90D20437B002A39DBF2
:104A2000D90637D18269002A34D11D4C63F07F0347
:104A30002246437352F8183F93422CD1E169C0E9F2
:104A400000210860E06111E09942F8D01B68002B5A
:104A5000F5D090F90E5093F90E60B542F4D0AE4205
:104A6000F2DD5968C0E9003108605860A5699542D7
:104A700000D005B9E568A3685A7BD20604D1DA896B
:104A80007F2A01D9AA6942B1AB4202D0284600F080
:104A9000E5FA656170BDE169D9E76361FAE700BFD6
:104AA0009499002038B590F90D200146002A437BE7
:104AB00004DA03F07F03437305F055FB0D4D2A46DE
:104AC00052F8184FAB68944200D004B9EC688B429E
:104AD00007D05A7BD20604D1DA897F2A01D9A2698C
:104AE0002AB1A34202D0204600F0B8FA23466B61F7
:104AF00038BD00BF9499002070B590F90D20014693
:104B0000002A437B04DA03F07F03437305F02BFB99
:104B10001C4C4B7B224663F07F034B7352F8183FCB
:104B2000E069934207D1C1E900200160E16111E031
:104B30009842F8D01B68002BF5D091F90E5093F9EC
:104B40000E60B542F4D0AE42F2DD5868C1E90030E3
:104B500001605960A569A368954200D005B9E56870
:104B60008B4207D05A7BD20604D1DA897F2A01D939
:104B7000AA692AB1AB4202D0284600F06FFA2B4650
:104B8000636170BD94990020F8B5124B0C46DDE9C5
:104B9000067611469868104A1060EFF311822022C1
:104BA00082F31288BFF36F8F9D68284605F0EDFAF7
:104BB000B6F1FF3F08BFB7F1FF3F06D03A46334694
:104BC000064905F1180000F0EBFA2046BDE8F84070
:104BD000FFF708BF94990020BC99002055A201005E
:104BE000F8B50446EFF31186202383F31288BFF350
:104BF0006F8F437B49B2DA0617D18269AAB903F0F5
:104C00007F031D4D437305F0AEFA2A46437B817343
:104C100063F07F03437352F8183F93422AD1E86947
:104C2000C4E900200460EC6116E00020A17386F363
:104C30001188BFF36F8FF8BD8342F1D01B68002B42
:104C4000EED093F90E70B942F6D08F42F4DD596878
:104C5000C4E900310C605C60AC69944200D004B9D6
:104C6000EC68AB689C4202D0204600F0F7F90120C6
:104C70006C61DCE7E869E2E79499002049B9EFF359
:104C8000058030B9054B5A699B689A4201D0FFF7FD
:104C9000A9BE81F31188BFF36F8F704794990020EC
:104CA000034648B9EFF3058232B9064A5169926862
:104CB000914201D0FFF796BE83F31188BFF36F8F47
:104CC000704700BF94990020EFF31181202383F3F4
:104CD0001288BFF36F8F054B9A68D37B013BD37368
:104CE00081F31188BFF36F8F704700BF9499002044
:104CF00070B5EFF31186202383F31288BFF36F8F13
:104D0000144DAB68DA7B0132DA732A4652F8184F39
:104D1000944200D004B9EC685A7BD20604D1DA89F7
:104D20007F2A01D9A2692AB1A34202D0204600F00D
:104D300095F923466B6186F31188BFF36F8FEFF30C
:104D40001180202383F31288BFF36F8FBDE870407A
:104D5000FFF7A6BF94990020024B03F11802C3E9A4
:104D6000062270479499002070B5EFF31186202336
:104D700083F31288BFF36F8F1B4CA168E0690B6847
:104D8000814214BF1A46002249680B605960A3682B
:104D9000E1692AB9154AC3E900210B60E3610CE01F
:104DA00093F90E0092F90E50A84218D0854216DDF4
:104DB0005168C3E900210B605360A5690B4B9D420C
:104DC00000D005B9E568A3689D4202D0284600F0EE
:104DD00045F965613046BDE87040FFF703BE8A4281
:104DE000D8D01268D5E700BF94990020AC99002074
:104DF00050EA01032DE9F04105460E4604D1FFF7C4
:104E0000B3FF0020BDE8F081831C71F1FF3324DB88
:104E100005F0CAFA2C18EFF31188202383F31288C7
:104E2000BFF36F8F0F4F104BB8681860FFF73AFE53
:104E3000B8680E492A463346183000F0B1F9BA680E
:104E40004046537B43F004035373FFF7CBFD05F05B
:104E5000ABFA201A20EAE070D4E76FF00104241ABC
:104E6000D9E700BF94990020BC99002055A2010009
:104E700038B50446183005F076FAEFF31185202393
:104E800083F31288BFF36F8F637B5A0704D485F3D3
:104E90001188BFF36F8F38BD23F00403204663737E
:104EA000FFF7B8FDEFF30583002BF0D12946BDE8ED
:104EB00038400148FFF7E2BEA19C0020014B9868F2
:104EC000704700BF949900202DE9F8430446EFF3A2
:104ED0001187202383F31288BFF36F8F067B16F0B0
:104EE00001060DD087F31188BFF36F8F002383F382
:104EF0001188BFF36F8F0423184602DFBDE8F883E3
:104F0000437B1A0704D587F31188BFF36F8FF5E74A
:104F1000D90943F0080252D14273A36813B1204665
:104F200005F029F904F1180005F01DFAA56D04F14A
:104F30005808A84511D04FF0000975B1284605F072
:104F40001AF905F1180005F00EFA2846C5F87C900C
:104F5000FFF760FDA56DA845EFD11D4DAB689C42E4
:104F600004D1EFF30586003E18BF0126D5F818805E
:104F7000184A904502D0B8F1000F01D1D5F80C8045
:104F8000434502D0404600F069F8C5F8148056B198
:104F900040F20113104EB38100233046C6E91933A5
:104FA00000F0C4FAAE60AB689C42ACD1EFF305836D
:104FB000002BA8D13846BDE8F843FFF713BD03F036
:104FC0007F0343F00803437305F0CDF8A5E700BF66
:104FD00094990020AC99002008940020D3B5DDE915
:104FE0000667089CCDE90067FFF7CEFD1CB1034BB7
:104FF0009B685B69236002B0D0BD00BF949900201C
:105000000122044BC01A044BC0105843034B1A54DE
:10501000704700BF90940020ABAAAAAAA19C0020D0
:10502000C3897F2B12D80A4B1B6863B1094B90F9D7
:105030000E201B689A4209DB437BDB0606D1064B38
:10504000C31A18BF012303F0010070470023FAE7D9
:10505000C4990020C09900205092002070B50E4BDA
:105060000E4C1E7C054606EB460304EBC3042046AB
:1050700005F079F900220A4B28469A55FFF7D0FF30
:1050800048B1084B2046BDE870401A680649013A0D
:10509000D31700F085B870BD94990020909400203B
:1050A000A19C0020C49900200150010038B5EFF305
:1050B0001185202383F31288BFF36F8F104B114AA1
:1050C0009C681068A04206D1FFF7C8FF85F31188DD
:1050D000BFF36F8F38BD00211B7C11600A4AD35C7F
:1050E000002BF3D02046FFF79BFF0028EED0637B18
:1050F000DB0602D12046FFF7FFFC2046E4E700BFB5
:1051000094990020BC990020A19C0020074808B574
:10511000074A0849121A04F080FDBDE80840064815
:10512000064A0749121A04F078BD00BF008000202B
:10513000008700200CDB01000080002000800020A0
:105140000CDB0100024B1868984208BF0020704732
:1051500078840020034B1B680BB9FDF74BB9002086
:10516000704700BFC899002030B570B10B4B5B6829
:1051700098420AD0036843B1D3E90421D0E9044539
:10518000121941EB0501C3E90421D0E90032136093
:105190005A600023C0E9003330BD00BF788400208E
:1051A000B3F1FF3F08BFB2F1FF3FF8B504461D461B
:1051B00016465AD08160EFF31187202383F31288BB
:1051C000BFF36F8F013275F1FF3321DA6FF0010306
:1051D0002B49D1E900209B1A4FF0FF3262EB00000F
:1051E0009E1B60EB0500012E70F1000301DA012621
:1051F0000020C4E90460FFF7A5FF224E84467068D2
:10520000BCF1000F0DD1C4E90060046074601CE0C3
:10521000FFF7A0FF013645F10005361845EBE070B9
:10522000E7E7DCE90425D4E90431934271EB050E8C
:105230001CDAD21ADCF8043065EB0105CCE9042550
:10524000C4E900C31C60CCF80440FFF77BFF844234
:1052500007D10D4B1C6824B905F06CF82146FDF709
:105260009BF887F31188BFF36F8FF8BD9B1A61EB32
:1052700005018445C4E90431C5D0DCF800C0BFE7AE
:10528000A894002078840020C89900202DE9F047D8
:10529000EFF31185202383F31288BFF36F8FDFF8BC
:1052A000A0900026C9F800000027FFF74BFFDFF8A9
:1052B0009480D9F80030D8E900ECD91750B1D0E982
:1052C0000442A34271EB020A1ADAE41A62EB010209
:1052D000C0E90442002413EB0E034CEB0101C8E9C2
:1052E0000031C9F8004005F025F82146FDF754F8D3
:1052F00085F31188BFF36F8FBDE8F047FFF7D6BE87
:1053000014EB0E024CEBE473C0E90467C8E9002318
:10531000FFF72AFF85F31188BFF36F8F83689847E3
:10532000EFF31185202383F31288BFF36F8FD9F831
:1053300000301B1BC9F80030FFF704FFB9E700BFBE
:10534000C8990020A894002010B5EFF31184202301
:1053500083F31288BFF36F8FFFF7FCFE0346054A05
:10536000D2E90001181841EBE37184F31188BFF30F
:105370006F8F10BDA8940020F8B50446EFF3118795
:10538000202383F31288BFF36F8F026822B187F363
:105390001188BFF36F8FF8BDD0E90A36581C46F16B
:1053A0000001022871F1000127D3012B76F10001E1
:1053B000BCBF012316465D1E46F1FF3604F0F8FF20
:1053C000013041F10001401946EB0101012871F162
:1053D000000139DB04F0ECFF013041F100016FF016
:1053E0000102401946EB01034FF0FF31121A61EB45
:1053F000030320461749FFF7D3FE236B01332363D2
:10540000236A6BB187F31188BFF36F8F2046236A3D
:105410009847EFF31187202383F31288BFF36F8F30
:1054200054F8185FA542B2D0002DB0D0284604F041
:10543000E3FE0023EB6787F31188BFF36F8F2846E5
:10544000BDE8F84004F0C9BE6FF001024FF0FF3331
:10545000CFE700BF795301002DE9F04105461C4616
:1054600090461F46EFF31186202383F31288BFF383
:105470006F8FB4F1FF3F08BFB2F1FF3F05D186F354
:105480001188BFF36F8FBDE8F081531C74F1FF33B7
:1054900009DB012A74F10003BCBF0122002412F1D0
:1054A000FF3844F1FF37284604F05DFFDDE90601CF
:1054B0000023C5E90A012B6342463B4628460249C0
:1054C000FFF76EFEDBE700BF7953010038B50346F6
:1054D000EFF31185202282F31288BFF36F8FC16032
:1054E000012181600068834206D185F31188BFF3F2
:1054F0006F8F0024204638BDD0E9003213605A6017
:105500000023C0E9003304F0C2FF294604460248E4
:10551000FFF7B4FBEEE700BFA29C00200A4601465D
:10552000014805F014B800BF30850020014B036727
:10553000704700BF3085002038B504460D4604F0A2
:1055400007FE20B9064B9B681B6F0BB938BD054B96
:105550002A4621461846BDE8384004F0F8BF00BF8F
:10556000949900203085002001680E4A034691423C
:1055700015D1C169A2F11022A2F1EF1291420ED110
:105580008268012A0BD8C26812B101698A4206D02A
:10559000586928B19B691B1A58425841704701202D
:1055A000704700BF55AA00FF70B50D4B9E68A6B1AD
:1055B0003046FFF7D9FF044678B9F3686BB935690F
:1055C0000DB9204670BD2846FFF7CEFF28B9EB681D
:1055D000B34202D12E462D69F2E70124F1E700BF64
:1055E000CC990020F8B5384D2B68EE68D3B1AB6884
:1055F000C3B1002860D000295ED001FB00F4B4FBE9
:10560000F0F0884258D1211D56D8A2070CD024F0C2
:1056100003020432334603E0586890424ED29B693D
:10562000002BF9D11846F8BD2246F3E7801A23284B
:1056300003F120061CD801229A60D3E90512A9B112
:105640008A619A690AB1596951610022C3E9052248
:105650002B69DB0703D5FFF7A7FF002831D12246CE
:105660000021304604F09EFF0346DBE7EA60E8E7EE
:1056700002F1200C03EB0C012038C1E90107CB60DB
:105680001869124F086143F80C70A7F11027A7F1B1
:10569000EF17CF6100B1C160586948619F698F61A0
:1056A00040B18161886900B1416101201961C3E99C
:1056B0000120CAE7E960F5E70023B3E79F68002F00
:1056C000B4D0012000F0B6F8CC99002055AA00FF14
:1056D00070B50546002840D03B4E3368002B3CD0C7
:1056E000B268002A39D0834203D8726813449842C2
:1056F00002D3012000F09EF8A0F120042046FFF71D
:1057000033FF0028F5D155F8183C012BF1D155F89D
:10571000143C45F8180C0BB39A68FAB955F81C2CD0
:1057200002F120015A680A445A6055E905321A61AB
:1057300055F8145C2B6903B1DD602022002120465E
:1057400004F030FF286908B183684BB333699B07C5
:1057500003D5FFF729FF0028CBD170BD55F8100CF9
:1057600000282AD0836843BB42686368134420330F
:10577000636003692361D4E905239AB9CBB943690E
:1057800063618269A261B3B19C61A36903B15C6189
:10579000236903B1DC602022002104F003FFD5E778
:1057A0002C46E1E79361A369002BE8D062695A6156
:1057B000E5E7F360F7E7F460E7E7F36845F8083CEE
:1057C00003B15C61F460C1E7CC99002038B50C46A8
:1057D000142200210546134804F0E4FE1249134840
:1057E000FCF712FE232C1CD915F003031FBF043C49
:1057F000E418C3F10403ED1822460021284604F002
:10580000D1FE084B0A49C3E90054203C9D606C60FE
:105810009A6811609A68A1F11021A1F1EF11D1618C
:10582000DA6038BDCC990020D1560100E555010061
:1058300055AA00FF08B5054B044613B10021AFF38C
:10584000008000F0ABFA2046F5F7D0FB0000000026
:10585000F8B50E4B06461D68AB789B0712D56F68EE
:1058600016F8014B29462CB90A20B847002805DB59
:10587000204609E02046B8470028F1DAAB7843F02B
:105880000403AB704FF0FF30F8BD00BFF8AE01006D
:105890000CB430B589B005460C461C22002101A885
:1058A00004F080FE022305958DF806300D4B02931F
:1058B00023462CB1B4F1004F28BF4FF00043013B09
:1058C0001D440DAA0C9901A80695009200F00CF851
:1058D00014B1059B00221A7009B0BDE8304002B037
:1058E000704700BFDDA601002DE9F04F43688DB081
:1058F00015468046029383789A0740F10D81002473
:105900000E78002E00F00A81252E0BD04B1C03933D
:10591000013441463046029B98470028C0F2F68089
:105920000399EDE74E788B1C252E0393F0D00027CA
:10593000B946BB46BBF11F0F38D8A6F12003102B88
:105940000AD8DFE803F02A09093009090921090901
:105950000928092D09091F00A6F13003092B33D9A5
:105960002A2E37D11BF0400F55F8043B40F08280BF
:10597000002BA7BF4BF0200B9946C3F100094BF059
:10598000280B01E04BF0010B039B13F8016B039311
:10599000002ECFD130E04BF0020B4BF0040BF3E7BD
:1059A0004BF0080BF0E74BF0100BEDE7BBF17F0F6E
:1059B00019D8A6F13003092BD2D81BF0400F03D021
:1059C0000A2101FB0737DFE70A214BF0200B01FB1F
:1059D0000939D9E72E2E06D11BF0400F40F09E80EA
:1059E0004BF0400BD0E76C2E31D02BD8682E36D040
:1059F0006A2E3CD04C2E3AD0002F46F02003B8BF80
:105A00002BF04002A3F16501BCBF00271FFA82FB07
:105A1000022901D9612B2FD107350727DFF8ACA266
:105A200025F0070508351BF0080F66D00AEB070BB9
:105A300056465E4563D1A4EB0A0AA9EB070906EBBB
:105A40000A026FE1742E9FD07A2E9DD0D4E71BF00E
:105A5000800F18BF4BF4007B4BF0800B94E71BF4D6
:105A6000807F18BF4BF4007B4BF4807B8CE74BF4BA
:105A7000207B89E71F4687E7A6F16301122900F220
:105A8000F080DFE811F013004F00EE00EE00EE00B2
:105A9000EE004F00EE00EE00EE00EE00EE00FE0025
:105AA000E900EE00EE001B00EE00AF0055F8043BED
:105AB00001270DF1180A8DF81830B4E755F804AB3A
:105AC000834BBAF1000F08BF9A461BF0400F5046B7
:105AD00014BF39464FF0FF3104F09EFD0746A2E7A0
:105AE00041462020029B984700280FDB013EB74229
:105AF000F6D34C44B146A41B98E74E46F7E741461F
:105B000016F8010B029B9847002892DA98F80230A9
:105B100043F0040388F802304FF0FF3420460DB004
:105B2000BDE8F08F1BF0800F34D01BF4007F2CD029
:105B3000073525F00705AA4669685AF8080B2BF0C7
:105B400010050029ADB237DA404245F4806561EBBB
:105B500041010DF1180B0A235A4604F069FDA0EB30
:105B60000B0301936B0662D5019B25F001019F4257
:105B700089B240F3A180002E00F0998015F0100248
:105B800040F09C80BB460D4623E0AA465AF8040B21
:105B9000C117D4E7AA461BF4807F5AF8041B01D131
:105BA0000846F5E71BF4007F19BF48B241F3C01166
:105BB00008B241F3C031C2E750EA0103C9D11BF07A
:105BC000400FC6D0002FC4D12BF01102BB46019765
:105BD00095B240F2064115EA01021CBF0BF1010B20
:105BE00000222CE02BF010020A231FFA82FB1BF08C
:105BF000800C49D01BF4007115BF0735AA4625F06B
:105C000007055AF8040B1EBFAA4669685AF8080B24
:105C100050EA010545D12BF016051BF0400FADB23F
:105C200042D0002F40D12BF01702019795B215F00A
:105C3000100248D0019B002E42D103F1010B29072D
:105C40005AD4EB0706D5D9456FDDA9EB0B030199B3
:105C5000CB465F185B4649E04BF0100B10237826CB
:105C6000C5E7782B04D1C6F1780343F01003BEE7F3
:105C700041462520029B98470028FFF647AF023493
:105C800047E608230026B2E7AA461BF480715AF8BB
:105C9000040BBDD01BF400711ABFC0B2614680B2C4
:105CA000B6E72BF0060295B20DF1180B54E725F07C
:105CB0001105BB46ADB28CE70D46B8E73B460D4635
:105CC00003F1020BBBE7DDF804B082E704DB01005F
:105CD000FDDA0100CDE9043241462020029B9847BD
:105CE0000028FFF613AF049B059A01339945F1DCB8
:105CF000A4EB0B019B46CC180AB341463020029B13
:105D000098470028FFF602AF8EB901342744391BAB
:105D1000019B994224DC1D4655BB019AA9EB0B0956
:105D2000554622441446914433E0019F92E70234E1
:105D300041463046029B98470028E7DAE6E640F203
:105D400006410D42E2D015F0020F04F10104414674
:105D500014BF2B20202015F4806F18BF2D20E9E7F9
:105D600041463020029B013498470028CFDACDE627
:105D700006AB013D4146585D029B98470028CBDAAF
:105D8000C4E641462020029B013498470028FFF6D4
:105D9000BDAEA9EB0403002BF3DCC1E538B5074D1C
:105DA000074C641BA41024B9064B0BB1AFF3008061
:105DB00038BD013C55F824309847F4E70000000056
:105DC00000000000000000007047836800EBC10184
:105DD000B3F5004F2CBF51F8220031F81200704784
:105DE00000EBC1018068B0F5004F2CBF41F82230B4
:105DF00021F812307047012208B5FFF7E6FFD040C6
:105E000008BD836800EBC101B3F5004F08D34B68B0
:105E10001AB143F001034B60704723F00103FAE726
:105E20004B881AB143F001034B80704723F0010304
:105E3000FAE753000122FFF7D3BF8368B3F5004FA1
:105E400034BF04230823C91A081AC0087047B0F5E4
:105E5000004F34BF04230823481C0833A0EBD300B1
:105E6000B0FA80F0C0F11F0070472DE9F0411746ED
:105E700003220E460446FFF7A8FF8642054607F1B7
:105E800004080AD10122E368BA4023EA0203E3606E
:105E9000002344F82830BDE8F08131460222204634
:105EA000FFF793FF06462B4601460322204644F89F
:105EB0002850FFF795FF334629462046BDE8F041BC
:105EC0000222FFF78DBF70B50D4686680446FFF7C6
:105ED00092FFB6F5004F014601D3012809D03046A4
:105EE000FFF7B5FF294602462046BDE87040FFF7A0
:105EF000BCBF70BD2DE9F04705468068FFF7A7FFDE
:105F000005EB800ADAF8109088460646B9F1000FD2
:105F10001BD00327DAF8104028462146FFF76BFF15
:105F2000404507D3324621462846FFF79EFF2046CC
:105F3000BDE8F087032221462846FFF746FF013FD0
:105F4000CAF8100001D08145E4D14FF0FF34EB686E
:105F50000136B4401C40EAD094FAA4F2B2FA82F2BC
:105F6000131D55F82340DEE72DE9F04114460E4697
:105F70000546FFF740FFA4EB0608371B07444246DF
:105F800031462846FFF755FF3A4621462846FFF797
:105F900050FF4346002221462846FFF721FF2146B5
:105FA0002846FFF728FF3B46211800222846BDE877
:105FB000F041FFF715BF2DE9F041164604460F46A4
:105FC000FFF719FF314605462046FFF714FF054449
:105FD0002A4639462046FFF72CFF31462046FFF778
:105FE0000AFF2B46311800222046BDE8F041FFF79A
:105FF000F7BE2DE9F0410D4686680446FFF7FBFE2B
:10600000B6F5004F014601D3012832D03046FFF7E4
:106010001EFF04EB80010E6996B90122E3688240FD
:106020001343E36002220D612B4629462046FFF709
:10603000D7FE032229462046BDE8F041FFF7D0BE37
:10604000022231462046FFF7C0FE07460346294696
:106050002046FFF7C5FE0322334629462046FFF7B8
:10606000BFFE39462B462046FFF7BAFE02223146D4
:10607000E1E7BDE8F081F8B50C460546FFF7BBFE49
:106080002618012231462846FFF79FFEC3070CD48D
:1060900031462846FFF717FF21462846FFF7ABFE9B
:1060A000214622182846FFF786FF0022214628466F
:1060B000FFF78BFE271A012239462846FFF785FE97
:1060C00010EA020613D139462846FFF7FCFE2146A6
:1060D00032462846FFF779FE2246211A2846FFF766
:1060E0006AFF214632462846FFF76FFE241A2146F2
:1060F0002846BDE8F840FFF77CBF38B571B10568A8
:1061000000222846FFF799FE044601462846FFF77D
:1061100078FE2146BDE83840FFF7ADBF38BD70B509
:10612000066809B9002070BDB368B3EBD10FF9D987
:10613000B3F5004F34BF04230823CC1D1C44E408EE
:1061400021463046FFF7D6FE05460028EAD0014634
:106150003046FFF750FEA04209D92C44294630466C
:106160002246FFF701FF21463046FFF742FF304647
:1061700001222946FFF745FEB368B3F5004F34BF4F
:106180000423082303EBC5031844CCE72DE9F843A7
:1061900006681446B26801F1FF39B2F5004F34BF0A
:1061A0000423082319EA01090F460BD0494239405C
:1061B0008B424F4628BF0B46894654B900252846D6
:1061C000BDE8F8839942F8D82146BDE8F843FFF7C7
:1061D000A6BFB2EBD40FF1D9B2F5004F34BF042201
:1061E0000822E11D3944C91A11443046C908FFF795
:1061F00081FE80460028E1D0B36809EBC005B3F505
:10620000004F34BF042308231D4435447B1E1D4426
:10621000B5FBF7F57D43A5EB090529463046FFF7A9
:106220000CFE2C44073424F00704A41B80450746C9
:106230004FEAE40408D2024641463046FFF794FE96
:1062400041463046FFF7D5FE39463046FFF7D3FDCD
:106250003844844208D2394630462246FFF784FE4D
:1062600021463046FFF7C5FE012239463046FFF78A
:10627000C8FDA4E7B2F5802F2CBF082304232DE925
:10628000F0410026D21A8C18CD1D25F0070524F008
:106290000704641BE408056021462046AC60EE60FC
:1062A000FFF7D5FD421D9200013002F107074FEACA
:1062B000D7073146A2F1100205F11000B8BF3246EF
:1062C00004F070F93A4631462846FFF7B2FD3346EE
:1062D000324631462846FFF783FDA4EB07082846DF
:1062E00031460122FFF78DFD42463946FFF7A1FDF9
:1062F0003B46324639462846FFF772FD214628467E
:10630000FFF797FD4346324621462846FFF768FDD2
:10631000214628460122FFF774FD3946BDE8F041C9
:10632000FFF767BE2DE9F04706460D46174698462B
:106330002BB34FF0000A98F8004093F80190DB78F7
:10634000A40004EB430498F802301C444444CA45BA
:1063500009D339463046AC46D8F8042008F1080382
:10636000BDE8F047604714F8013B0AF1010A2046F6
:1063700048F82340F1F71AFF01300444E7E76FF0D3
:106380001500BDE8F08770B5002502462846144682
:1063900014F8013B0BB9184609E098B18D4207D1BA
:1063A000702B04D0A3F140023A2A0BD8002070BD14
:1063B000A3F140063A2E05D853780135941C002BE2
:1063C000E9D00020252B224608BF80F00100DEE73F
:1063D0000020704700F093BD0FB407B504A951F831
:1063E000040B019100F08BFD03B05DF804EB04B0E9
:1063F00070470FB407B504A951F8040B0191FFF7DA
:10640000E9FF03B05DF804EB04B0704710B5036911
:10641000024613F0080009D11368D4689C429BBF60
:106420000120126AE31AD31A0B6010BD002318462C
:10643000FAE713B501A90446FFF7E8FF20B1019B75
:10644000E268013B13440193206A019BC01A0138A2
:1064500002B010BD10B5044650182269236AD20755
:1064600002D5013B184010BD984228BFC01AFAE778
:1064700010B504460A46C168FFF7ECFF2369E060E7
:1064800023F00803236110BD38B50D46C2698B00A7
:10649000016843F00203044642F8213001682A46AD
:1064A000FFF7D8FFE3686168984208BF236920605E
:1064B00008BF43F008032A46204608BF2361FFF7C0
:1064C000C9FF606038BD2DE9F74FC768C6699B46B4
:1064D00016F82730044603F00303022B8846914642
:1064E0004FF0000306EB870A09D01360CBF80030A9
:1064F0002369990710D4002003B0BDE8F08F56F847
:10650000271013608908CBF80030F1D0FFF7B0FFF7
:10651000E368A3600120EFE7A3695046984716F8A7
:1065200027300546DA07E6D513F002031DD0B8F18F
:10653000000F03D041462046FFF7A6FF61682A46B8
:106540002046FFF787FFD4E902319942606004D109
:106550002A462046FFF77EFFA060A3682360E36021
:10656000236943F008032361D4E7014620460193E1
:10657000FFF77EFFE268A260B8F1000F04D0216847
:10658000E269019B42F8213005EB0802CBF80020BC
:1065900021682046FFF75EFF2369206043F008036F
:1065A000236116F827306FF3000306F82730C9F887
:1065B00000A0AFE770B504461546FFF74BFF236810
:1065C000834205D12369216023F00803236170BD54
:1065D000E269AB0043F0020342F8213061682A46C9
:1065E0002046FFF737FF6060F1E738B503690446DE
:1065F0005B0706D5456AFFF71CFF85422CBF656225
:10660000606238BD38B50D4604461C22002103F0F7
:10661000C9FF0022EB68A361AB6863612B68E3618B
:106620006B68626223622A6923B1591E194208BF4E
:1066300042F001022261012204F128000021BDE89C
:10664000384003F066BC2DE9F04F002587B0009379
:10665000036A04468B420E469246A9460395059569
:1066600039D3EFF3118B202383F31288BFF36F8F9D
:10667000059AD8462AB129462046FFF79BFF0023FA
:10668000059304A92046FFF7C1FE04990746B142CD
:106690002AD32268E369204613F8221003EB82090B
:1066A00021F0030103F8221021683246FFF7D2FEE1
:1066B000E3682060984212D0002788F31188BFF366
:1066C0006F8F039929B162690AB120469047002370
:1066D0000393002FC5D1484607B0BDE8F08F23696A
:1066E00043F008032361E7E718B12046FFF7CCFE2B
:1066F000E3E7009B5AEA03021CD0019103F028FD56
:106700000199B8B9BBF1000F14D187F31188BFF319
:106710006F8F5246009B04F12800FDF77BFEEFF3DC
:106720001188202383F31288BFF36F8FB0FA80F7AC
:106730007F09C2E7204605AB03AA2568FFF7C3FE21
:106740000746BAE770B50446836908460D46984780
:106750000246EFF31186202383F31288BFF36F8F75
:106760002B78204643F001032B706168FFF772FE1F
:1067700060602046FFF739FF86F31188BFF36F8F03
:1067800070BD2DE9F04104462027EFF3118687F311
:106790001288BFF36F8F236913F0080FA36802D12B
:1067A0006268934200D9226AD21AE16932B986F34B
:1067B0001188BFF36F8F4FF0000833E011F82320EA
:1067C00001EB830812F00300F1D0022803D151F845
:1067D0002350AD0805D1D00712D44046A36998478D
:1067E0000546A1682A462046FFF734FE2946A060E8
:1067F0002046FFF73DFE86F31188BFF36F8FC4E795
:1068000042F0020201F82320A3694046A568984798
:10681000294602462046FFF71DFEA06086F3118838
:10682000BFF36F8F4046BDE8F081F8B50446836939
:1068300008460D4698470646EFF31187202383F359
:106840001288BFF36F8F2B786FF300032B702369CF
:106850009B0705D5E268E36903EB82039D421AD1E9
:106860002B786FF341032B70D4E90231994204D1A4
:1068700032462046FFF7EEFDA06031462046FFF786
:10688000F7FD87F31188BFF36F8F04F12800BDE88F
:10689000F840FDF78BBD2B6860F39F032B60F0E79A
:1068A000EFF31181202383F31288BFF36F8F036905
:1068B00013F0080F836802D14268934200D9026A3C
:1068C000D31A81F31188BFF36F8F181E18BF0120F0
:1068D0007047038B13F0070305D10368002B0CBF2F
:1068E000002003207047022B05D1408BB0FA80F0C6
:1068F000400980007047012B05D10368002B0CBFB5
:106900000020052070470020704710B50C4600B1EC
:1069100011B96FF0150010BD081D00F0B7F8002880
:10692000F9D1A368032BF6D9F3E72DE9F0410D4621
:1069300007461946281D90461E4600F0BBF804463F
:1069400038B13346424629463846A446BDE8F041B0
:106950006047BDE8F08110B4EFF31182202484F386
:106960001288BFF36F8F416110BC0121F2F718BA92
:1069700038B50C46054658B151B10B6843B14B6868
:1069800033B11C22002103F00DFE00202C6138BD24
:106990006FF01500FBE770B505460E46FFF7B5FF33
:1069A000041E14DBEFF31182202383F31288BFF35C
:1069B0006F8F4FF6FF716B8B2C8B8B4204F00704AB
:1069C00007D182F31188BFF36F8F6FF00A0420465E
:1069D00070BD022C0CD101336B8382F31188BFF39D
:1069E0006F8F0023224631462846FFF79EFFEEE7D1
:1069F000062C14D8DFE804F004131313041A04005F
:106A0000002333606B683BB9C5E90066ACB902216D
:106A10002846F2F7C5F9DAE71E606E60F6E782F302
:106A20001188BFF36F8F6FF00404D0E782F31188F1
:106A3000BFF36F8F6FF08504C9E782F31188BFF34E
:106A40006F8FC4E710B5EFF31182202383F3128810
:106A5000BFF36F8F048B04F00704022C0AD0012CC3
:106A60000CBF6FF004006FF0850082F31188BFF354
:106A70006F8F08E0438B013B9BB2438323B92146D0
:106A8000F2F78EF9204610BD2046EEE7034640B1EE
:106A9000426802F00302022A06D0032A04D0012A27
:106AA00005D06FF0150070471A68002AF9D0002051
:106AB0009860704710B54268034602F00302022A4C
:106AC0004FF00004816007D0032A02D05C600020F0
:106AD00001E018685C6010BD18685C600028F6D0A2
:106AE000FEF7F4FCF3E770470A46012100F080BA94
:106AF0000369D3F8800370476FF08500704708463C
:106B000008B5114618B102F017FD002008BD6FF05E
:106B10000100FBE7084608B5114618B102F003FD75
:106B2000002008BD6FF00100FBE713B504460846DE
:106B3000216901F55F71D1E8AF1F022909D15BB16D
:106B400068B100931346D0E90912FCF799FE02B030
:106B500010BD6FF00F00FAE76FF04C00F7E76FF031
:106B60000100F4E72DE9F8431C46DDE90853164619
:106B700098460F46006939B34AB344B36A1C43F1DF
:106B80000003022A73F1000324D2226842B1D0F834
:106B900080339A4204D96FF00B002360BDE8F8837C
:106BA00005EA080909F101035A425A4121463846CB
:106BB00002F0CBFC88B9B8F1FF3F08BFB5F1FF3F49
:106BC000F0D06FF06800E9E76FF00100E6E76FF0E2
:106BD0001500E3E76FF08500E0E730600020DDE7B7
:106BE00002F018BD38B50D46044600F148012846AC
:106BF000F1F7CAFA30B1284604F1C001F1F7C4FA3E
:106C000020B90120782303FB004038BD0020FCE7B9
:106C100002F5307102F5347003F01ABAD0F8B830CA
:106C2000A0F53070003B18BF012300EB8300D0F8C3
:106C3000AC0202F019BCC86828B1096983681B68F6
:106C40000BB1002218477047FDF72EBBD0E8EF3F8D
:106C5000C0E8E21F002AF9D1704710B54368046903
:106C60001B68C4F8783304F5EC7003F0A2F8002137
:106C700004F55F70FFF7EAFF084610BD2DE9F74302
:106C800017460D4691B30B7883B3D0F8C440A4F5F2
:106C9000E27914344FF0FF324FF0FF332046FDF716
:106CA0008BFA2A46484601A9F2F770FA019E8046FF
:106CB0002EB9204603B0BDE8F043FFF7C5BF58B179
:106CC0002046FFF7C1FF3B462A463146484603B0FF
:106CD000BDE8F043F2F738BA1F22294606F1480012
:106CE00003F08AFC86F86780B766E2E703B0BDE888
:106CF000F083030103EB4003093323F0030303EBA9
:106D0000C00348430330083320F003001844400018
:106D100070472DE9F84306464FF001090569D0F8A0
:106D2000048005F55F77D7E8EF3F022B03D1C7E872
:106D3000E29F002AF7D141D195F86C30002B40D169
:106D400095F8E430002B3CD12846D5F8781300F0B4
:106D500054F8044680BB73683669D3E9050183683B
:106D60001B693BB322469847044628BB06F5347698
:106D700049463046FDF72CFD304605F5F876F3F729
:106D8000E5FD3046D8F8001000F072F8044698B9D6
:106D90000146D022304603F005FC21464FF4F6723E
:106DA000284603F0FFFB21463846FFF74FFF2046F9
:106DB000BDE8F8836FF057040221F5E76FF0770420
:106DC000F5E76FF00F04F2E710B50846029B114695
:106DD00052B993F86C202AB90122184683F86C2026
:106DE000F2F7C0FA002010BD1A6F5468002CF9D0D9
:106DF0005A6FA047F6E702F00DBC38B50D460446C1
:106E000060B1F03002F0A5FE0DB1002038BDC4F82D
:106E1000C451C4F8C851C4F8CC51F6E76FF015005E
:106E2000F4E70268D2F8C83013B1D2F8C41018479A
:106E30007047704783690BB9C36B197070470120A5
:106E400070478369012B03D1C36B1878C0B27047B8
:106E50000420704738B5C41DE400204603F091FBC0
:106E6000054618B12246002103F09CFB284638BD98
:106E700038B504463822002103F094FB1822002183
:106E800004F1A40003F08EFB1822002104F18C0011
:106E900003F088FBD4F8C000FCF7A4FCD4F8BC00D5
:106EA000FCF7A0FCD4F8803004F154050BB128465F
:106EB000984738220021284603F074FBFCF7F6FBC4
:106EC000002038BD03785B075FBF03684288C3F3C7
:106ED0004A2303EB12105DBF173020F00700800833
:106EE000002070470020704701F04CBF0346D3E8F4
:106EF000EF0F421CC3E8E12F0029F8D170471FB5FE
:106F00000023CDE902011A4619461846CDE900339F
:106F1000F2F704FF05B05DF804FB0120F2F7B4BC02
:106F20000020704770B5D2E901369B1B8B420C469E
:106F300015460AD313680A460146981903F025FB43
:106F40002046AB682344AB6070BD6FF01B00FBE7CD
:106F500070B50E4615461946044618B9BDE870408E
:106F6000F2F792BC33B1C2F34A231030120D184429
:106F700003F00BFBC4E900562046BDE87040F2F771
:106F800015BE2DE9F3415F1C4FEA8708064608F15C
:106F9000170020F0070080080C461546F2F7E0FCC9
:106FA00000238DF80470ADF805308DF8073068B116
:106FB0000346019AA8F1040143F8102F2A462944F8
:106FC00052F8045B8A4243F8045FF9D1002331464A
:106FD000A20102F4E07242EA482222F07F4222F447
:106FE000700222F03F0202B0BDE8F041FFF7B0BFEF
:106FF00007B50123019201AAFFF7C3FF03B05DF8B3
:1070000004FB07B5CDE9002302236A46FFF7B9FF69
:1070100003B05DF804FB1FB5CDE90123069B01AA6F
:1070200003930323FFF7ADFF05B05DF804FBF8B54C
:1070300006460D4614461F4604B9F8BD21462846AB
:107040003A46B047241A0544F6E710B542680446AC
:10705000D2E9002381680068FFF7E9FF0022636836
:107060001A6010BD38B54B6805461A68CB680C46E7
:107070009A4202D10846FFF7E8FF6368D3E8EF2F92
:10708000511CC3E8E01F0028F8D1A36800209D54DC
:1070900038BD0A2838B504460D4602D10D20FFF749
:1070A000E1FF29462046FFF7DDFF002038BD2DE92E
:1070B000F043054687B008460E8891F800900C46CC
:1070C000D1F808801746F2F779FE011EC6F3821642
:1070D000C9F3C2091EDB4846F2F77AFD0346214692
:1070E00051F8102B6088C2F34A22002A01EB0204F7
:1070F00008BF00210022C0F30B10CDE90407CDE941
:1071000002142846414601960092F2F783FE07B02A
:10711000BDE8F0830023E2E7436800201B685B685A
:107120009961704743681B681A68526853607047DA
:1071300001212DE9F04143681B685A6811771D68E9
:107140002F68D5E90136D3E900481CB96B681C608B
:10715000BDE8F081214630464246B847241A06442D
:10716000F3E743681B681868F2F7BEBF70B5436861
:107170000C461D686B689869F2F762FB214603466E
:107180000F222868BDE87040184701460068F3F7F1
:10719000A9B808B5F3F702F9BDE80840F3F722B93A
:1071A0000A460121FFF724BF7047704700210120E4
:1071B000F3F798B8436E83F30B88704761B662B6F5
:1071C00080F31188BFF36F8F704708B572B6002344
:1071D00083F31188BFF36F8FF4F746F850B1BFF314
:1071E0004F8F30BF00BF00BF00BF00BF00BF00BF58
:1071F00000BF00BF62B6BFF36F8F08BD10B5044675
:1072000072B6002383F31188BFF36F8FF4F72CF865
:1072100050B1BFF34F8F20BF00BF00BF00BF00BF02
:1072200000BF00BF00BF00BF84F31188BFF36F8FA2
:1072300062B610BD40E800F313F4803FD8B208BF37
:107240006FF01500704730B50C684B6885B00A893F
:107250004D890094013B24F01F04234402F01F02D7
:1072600042EA451223F01F0369468DF80820039374
:10727000F3F7C8FC05B030BD08B5D1E90431984733
:10728000002008BD08B5F3F7B9FE002008BD70471F
:10729000002303824369C3607047416A8968F3F73A
:1072A00019BFEFF31182202383F31288BFF36F8F8E
:1072B00000230B60436833B9C0E9001182F31188E1
:1072C000BFF36F8F704719604160F7E7034610B551
:1072D000EFF31181202282F31288BFF36F8F0068D1
:1072E00028B15C680268A0421A6008BF5A6081F346
:1072F0001188BFF36F8F10BD027A0132027270479E
:10730000034618465B68002BFBD17047426810B5F6
:107310002AB10B461C465B68002BFBD162604160C2
:1073200010BD10B5044620B908460B7A01330B7224
:1073300010BD034618465B68002BFBD1FFF7E6FF44
:107340002046F5E783680B440360704703680B60D1
:1073500043684B6083688B60704783880268194478
:107360008180D018704730B484880568A318838062
:10737000281930BC03F009B910B5838802685C1C79
:107380008480D154D01810BD034600689A88401AF2
:1073900011441860998070470268531E0360838807
:1073A0000133838002F8011C704703468288521A19
:1073B00082800068084418607047034600689A8815
:1073C000521A01449A801960704710B5036802216F
:1073D0001C88FFF7EAFF204610BD02688068101A7B
:1073E00070478388C2888168D21A03685B1AD01AF2
:1073F000704710B54FF04023012402222146C3F804
:10740000D0262120C3F80447C3F80449C3F8004B31
:1074100000F00EF82146202000F00AF821460B204B
:1074200000F006F821460A2000F002F8002010BD06
:1074300007B501AA01F0F0FC03B05DF804FB10B53C
:107440000C46017822788AB08A420FD06946F4F758
:1074500043F8204605A9F4F73FF810220DF1150175
:107460000DF1010003F0A6F80AB010BD012A06D004
:10747000022A07D072B940886388C01AF4E74068CE
:107480006368FAE71022611C01300AB0BDE81040C1
:1074900003F090B86FF01500E6E7042A0AD0102A2E
:1074A0000DD0022A4FF0000315D103700B884380E2
:1074B00001207047012303700B684360F8E7022343
:1074C00000F8013B01F1100351F8042B994240F8F8
:1074D000042BF9D1ECE718467047012310B50621BB
:1074E000044600F8013BF6F747FA18B9A37963F0B0
:1074F0003F03A37110BD0B6803608B8883808B7979
:107500008371037823F00203037070470078C0F39F
:107510004000704708B5F4F775FEBDE80840082044
:10752000F4F716B838B50446807AF3F7A9FD616917
:10753000054649B1637ADB0704D4436A20461B68D9
:107540009B6898470023636121462846BDE8384080
:1075500002F0D1BC08B5FFF7E5FFBDE80840022006
:10756000F3F7F6BF2DE9F04101F10C080C46054692
:1075700000F10C01404617461E46FFF7E7FE404665
:10758000FFF72BFF012310FA87F068826B723946F0
:1075900040462F82FFF709FFE36828467360002307
:1075A000628AE360728163823460BDE8F08138B53D
:1075B0000C46D1E900320546DA600B684A895A82E6
:1075C0000868F3F705FE20461022002102F0EAFFCA
:1075D0002846BDE83840FFF7A5BF438A23B9C068F5
:1075E000B0FA80F040097047002070470F2807D894
:1075F0000D280BD8052808BF032018BF02207047AC
:10760000132803D01A2808BF0120F6E7012070478D
:10761000FFF7EEBCFFF7F5BC034610B5D3E8EF0F5C
:1076200040EA0102C3E8E42F002CF7D110BD00238B
:10763000F2F7F0BAD0E8EF3F0B40C0E8E23F002A93
:10764000F8D1704738B504460D46F4F713F95F30AA
:1076500005D129462046BDE83840F4F77DB838BD4D
:107660008176704710B503884288934219D8052B5C
:1076700017D9B2F5486F14D88388B3F5FA7F10D2C2
:1076800040F67644C088A0F10A0189B2A14208D828
:1076900001339BB25343B3EB800F34BF0120002072
:1076A00010BD0020FCE7002070470020704770B537
:1076B00006460D4642F221000321F4F79FFB0446E3
:1076C00018B9BDE87040F4F73DB803210C30FFF75E
:1076D00044FE068085702146BDE8704042F22100DC
:1076E000F4F712BD70B506460D4640F20640032180
:1076F000F4F784FB044668B103210C30FFF72DFE3C
:10770000068085702146BDE87040002240F20640A8
:10771000F4F790BE6FF0680070BDC368187808B1C8
:10772000F4F768B81846F5F763BA38B5022105468C
:1077300042F21600F4F762FB044668B102210C30F5
:10774000FFF70BFE2B88214603800022BDE838405E
:1077500042F21600F4F76EBE6FF0680038BD2DE9F6
:10776000F0478146884642F23200072117461E46FE
:107770009DF820A0F4F742FB0546A0B107210C308C
:10778000FFF7EBFDB9F8003080F802800380C77086
:107790000671A0F805A02946BDE8F047002242F294
:1077A0003200F4F747BE6FF06800BDE8F08708B517
:1077B00000200021F4F7D2FD18B1BDE80840F4F72D
:1077C0009DBCBDE80840F6F70BBD072208B502F0E6
:1077D000F1FEB0FA80F0400908BDFFF709BC0028AF
:1077E0000CBF08460020704718B111B10846F5F7E4
:1077F00081BB6FF01500704713B5044680B10621B8
:107800006846F6F7B9F848B99DF80530694603F0BF
:107810003F0320468DF80530FFF7E6FF02B010BDAC
:107820006FF01500FAE7003818BF012070470346D3
:1078300010F4004F0CBF07200620DA0348BF00F009
:1078400005009B0348BF00F0FB007047D0E8AF0F76
:107850007047034610B5D3E8EF0F00EA0102C3E812
:10786000E42F002CF7D110BD012310B403FA01F16D
:10787000044642B1D4E8EF3F0B43C4E8E23F002A9C
:10788000F8D110BC7047C94310BCFFF7E2BF2DE927
:10789000F04F87B09DF8486005460C4690460021A1
:1078A000102202A81F46DDF840909DF844A002F087
:1078B00079FECEB9CDE90248012242F2080002A9C0
:1078C000F5F732FD044658B9BAF1000F3AD1103538
:1078D000D5E8EF3F43F00403C5E8E23F002AF7D1C3
:1078E000204607B0BDE8F08FF4F704FC8346E4B906
:1078F00037BB5846F0F75AFC0923012ECDE901B4F5
:107900008DF800308DF80100CDF80C80D4D1022222
:10791000CDF810D00596D0E714F83320083A012AA4
:1079200024D901339845F7D1E2E70023FAE717F8A5
:107930003320083A012A19D901339945F7D1D8E7FC
:107940000023FAE70122022E08BF059242F2090045
:1079500008BF324602A908BFCDF810D0CDE90279A0
:10796000F5F7E2FC0028B2D00446B9E76FF0150441
:10797000B6E7436813F008000AD05A0307D403F4AB
:10798000C063B3F5806F14BF02200120704701204F
:10799000704770B506460D4642F20A00012186B0D6
:1079A000F4F72CFA0446B0B10C3095B10121FFF781
:1079B000E3FC204606F1100203A907230095F4F723
:1079C0000BFA0022214642F20A00F4F733FD06B01A
:1079D00070BD2946EBE76FF06800F8E7183002F059
:1079E00074BBD0F8B000003818BF012070470846BB
:1079F000896918301160426800211A6010F80D2C56
:107A000002F0D0BDD0E8AF0F704773B504460D4605
:107A1000CDE9003222B96B46D0F8A86001AAB04780
:107A20002846F3F7D5FB019B23B16FF06D0220468A
:107A30000099984702B070BD2438F6F73BB8002291
:107A400003680BB9184670478B4210D10B6842B9D6
:107A500042680360914200D14360002301200B6023
:107A6000704713604368994208BF4260F5E71A46C1
:107A70001B68E6E7837A072B01D1F6F74BB870470E
:107A800010B50446006918B1F3F7A2FB0023236187
:107A900010BD034610B500F1C8021046FFF7B2FF53
:107AA00060B1411CD2E8EF4F844204D1C2E8EC1F20
:107AB000BCF1000FF6D1F0D1184610BD0346FBE72C
:107AC0002DE9F84307460E46904600244FF0D009B2
:107AD000B44203D100231846BDE8F88309FB0470C3
:107AE000FFF7D7FF034658B1857A012D02D0073D35
:107AF000012D03D81A884245EDD01846F6F7D6F97D
:107B00000134E5E710B5837A0446023B062B16D80C
:107B1000DFE803F009041515150B09004172002177
:107B20002046F6F7E9F9002010BD0088FFF7DAFDDE
:107B30000028F9D1A37A072BF5D10821F0E76FF0DF
:107B40007F00F1E738B5037A04468B42154615D11C
:107B500000F170010722284602F02CFD80B1E37885
:107B6000072243B904F17E01284602F023FDB0FA52
:107B700080F0400938BD04F17701F5E70020F9E70E
:107B80000120F7E770307047F8B507460D4642F21E
:107B900013000E21F4F732F90646D0B10E210C3055
:107BA000FFF7DBFB04460E22002102F0FBFC3B88C2
:107BB000314623802B88002263806B8842F21300B9
:107BC000A380AB88E380EB882381BDE8F840F4F71D
:107BD00031BC6FF06800F8BD70477047012210B4E7
:107BE00000F14C03D3E8EF1FC3E8E42F002CF9D1D8
:107BF00041B9034653F8482B8164D2F8B41029B92F
:107C0000C2E92C33006810BCF6F7AEB80B60C2F8BE
:107C1000B430F7E710B50368D3F8B02042B1D3F819
:107C2000B4401168A242C3F8B01008BFC3F8B41042
:107C300000234C30D0E8EF2FC0E8E13F0029F9D114
:107C400010BD70B50446D0E900352BB30021D3F840
:107C5000B02048306AB1904230D1A26C31BBD3F829
:107C6000B410C3F8B020884201D1C3F8B420002377
:107C7000A364002204F14C03D3E8EF1FC3E8E02F14
:107C80000028F9D104F13006236BD3B96B680BB12E
:107C90002046984700232360E3680BB120469847AD
:107CA0002B6AB3B12046BDE8704018470A60D3F88C
:107CB000B420904208BFC3F8B410D8E71146126848
:107CC000C8E7002200233046FCF73EFBF3F780FABA
:107CD000DAE770BD38B5406B30B150F8084904B1EF
:107CE000083CFFF7AEFF04B938BDA5682DB12046AA
:107CF000083DFFF7A6FF2C46F7E72046BDE83840D1
:107D0000FFF79FBFF8B50F46002105461646002332
:107D10004FF480320846F6F7FBFD044620B92846AA
:107D2000BDE8F840F6F774BD04210C30FFF715FBF1
:107D30000570477046802046F8BD406B28B1838BA4
:107D400008388B4201D08068F8E7704710B54AB90F
:107D500089B2FFF7F2FF28B143689B6913B1BDE810
:107D60001040184710BD38B50D460521FFF7E5FF57
:107D7000002329461A46F6F7E3FD044610B12846CB
:107D8000F3F726FA204638BD406B28B183890838BE
:107D90008B4201D08068F8E770477047034600685F
:107DA00028B15968026888421A6008BF5A60704753
:107DB0000346002003B970471A8A5B681044F9E74C
:107DC00010B5D4680231237813B92170012010BD99
:107DD0008B42FBD0038A023B038200201061F6E74E
:107DE00006207047FFF704B973B5144601460546EF
:107DF0004FF49572206800F0B2FD207500BB237A25
:107E00002068ABB1A3F11802534253419B00019388
:107E1000638A29460093AE68238AE268B047002847
:107E200008DB238A98420ED100230120237508E045
:107E30000223ECE710F1FF0F05D34042C0B22075DA
:107E4000002002B070BD0E20F9E71FB5CDE9012377
:107E500000231A460093F8F7DBF905B05DF804FB40
:107E6000F8B5936805460F461446166863B950681E
:107E700001210C30FFF771FAA0602B681B78002BF2
:107E800014BF022301230370A3681B78012B03D0C6
:107E9000022B1FD000201CE02B681B78002BF9D18F
:107EA000606804210C30FFF758FAE06007802A6808
:107EB000E36852885A806168728D738B088A9A428F
:107EC00094BFC0EB0200C0EB0300042894BF002065
:107ED0000120F8BD2B681B78022BDBD160681221D2
:107EE0000C30FFF73AFAE06007802B68E268591C13
:107EF0000232113351F8040B994242F8040BF9D1C4
:107F00006168728D738B088A9A4294BFC0EB02003D
:107F1000C0EB03001228D9E770B405686A6A52B34F
:107F2000136803B1A83BA2F1A8040022114600E0A7
:107F3000A83B844207D0668D648BB14238BF31467E
:107F4000A24238BF22461C462BB1D3F8A830002BE2
:107F5000EED18442EFD1438D408B8B4201D89042C9
:107F60000BD9824238BF02469942286838BF194669
:107F700070BCF8F7F5BD1146EDE770BC7047D068EE
:107F80000431037813B90170012070478B42FBD094
:107F9000002091680B8A043B0B82106170472DE929
:107FA000F04F044685B0104690469946FFF700FF13
:107FB000638B628D8B46934228BF1346834240F207
:107FC0009380636840460393FFF79AF94FF0000AE5
:107FD00006464046FFF7ECFE628B638D06F10C0708
:107FE0009A4294BFC0EB0205C0EB03053846FFF789
:107FF000F8F9854217D24046FFF7DAFE628B638DAF
:108000009A4294BFC0EB0205C0EB03058DBB98F804
:108010000A00F3F735F800220023FFF73EF9064681
:1080200030B9574636E03846FFF7DBF90546EDE74D
:1080300001464046FFF775F94046FFF7B9FE628DED
:10804000638B06F10C079A4294BFC0EB0205C0EBAC
:1080500003053846FFF7C5F985421FD24046FFF7B2
:10806000A7FE628D638B9A4294BFC0EB0205C0EB02
:108070000305F168328ACDF80090DBF804700A44F9
:1080800003985946ABB2B847071E0CDABAF1000F95
:1080900018BF5746384605B0BDE8F08F3846FFF7A1
:1080A000A0F90546E5E70E9BB3B9394606F10C0089
:1080B000FFF753F94046FFF77BFE638D628BB944AF
:1080C000934228BF13468342BA441FFA89F9A8D9BC
:1080D000AF423FF47EAFA4E7394630460F9A0E9B7D
:1080E00098470028E1D19CE70027D3E700220368E6
:1080F00003B970478B420FD10B683AB942680360ED
:10810000914200D1436000230B60704713604368C5
:10811000994208BF4260F6E71A461B68E8E7062066
:108120007047D0E8EF3F43F00802C0E8E12F002994
:10813000F7D1C3F3C000704773B500230546166836
:108140001446706829461373952200F008FC2073CA
:1081500080B9CDE9000029463046A388A268FFF720
:108160001EFF002809DA10F1FF0F32BF0E20404237
:10817000C0B22073002002B070BD0120FBE72DE9E2
:10818000F341002307461668144670683946137396
:10819000952200F0E4FB0546207308BBA068718DB2
:1081A000728B038A914294BFC3EB0103C3EB0203BA
:1081B000012B15DD02210C30FFF7CFF8CDE900557A
:1081C0008046A38839463046A268FFF7E8FE031EC2
:1081D0000ADA13F1FF0F32BF0E235B42DBB22373C7
:1081E000002002B0BDE8F0810120A8F80030F8E7D7
:1081F0002DE9F04104468868FFF7DAFD638D628B54
:108200000D46934228BF134683421DD30027E165E4
:10821000D1F808808F60FCF757FD41462046F6F7FD
:108220009BFF064638B1C5F80880E765FCF760FD9E
:108230003046BDE8F081618D638B2846994228BFA6
:10824000194600F0E6FBF1E76FF07906F0E738B584
:108250000546D1E8AF3FDB0717D550F8040CA0B1B5
:10826000AB6D93B90430FFF799FD044668B1014640
:10827000281FFFF7BDFF002807DA55F8043C5A68AD
:1082800022609A685C6002B99C6038BD2DE9F041BB
:10829000446A07463CB354F8A86906B1A83E0023D7
:1082A00007F104081D4601E034461646E26D9AB90E
:1082B00005B98BB94046FFF771FD054658B1014637
:1082C0002046FFF795FF00280DDA7B682B60BB681E
:1082D0007D6003B9BD6023462EB1D6F8A820002AE0
:1082E000E2D0A83AE0E7BDE8F08170B504460E465A
:1082F000002200230846FCF727F8054658B101463E
:108300002046F6F729FF044618B12946304601F009
:10831000F2FD204670BD6FF00104FAE7F8B505469E
:1083200050F8044C071F00F15403D3E8EF1F21F06D
:108330000401C3E8E21F002AF7D104B3AB6D8BB987
:1083400063687BB1201DFFF729FD014606463846CC
:10835000FFF74EFF002812DA63683360A368666097
:1083600003B9A660384605F15C01FFF7BEFF30B1E6
:10837000384604F10C01BDE8F840FFF7B6BFF8BD80
:1083800038B504460D46F6F7E7FE30B1294604F14C
:108390006000BDE8384001F0A3BD38BD2DE9F041D3
:1083A000884617460121042205461E46F6F7C6FDFB
:1083B000044670B104210C30FEF7CFFF80F8008036
:1083C000A0F80170C67021462846BDE8F041FFF7CD
:1083D000D7BFBDE8F08137B50C46054601F10C006A
:1083E000FEF7F3FF228A03460192E268122100920F
:1083F00028461322F7F70AF803B030BD37B50C460C
:10840000054601F10C00FEF7E0FF228A03460192C7
:10841000E2682846009200221146F6F7F7FF03B003
:1084200030BD07B5CA680C211388528800920D220E
:10843000F7F7E8F903B05DF804FB07B50022CB6855
:108440000A211B8800920B22F7F7DCF903B05DF8D4
:1084500004FB2DE9F041CB6805461F88BBB2162B03
:108460001BD90321F7F78AF80646C0B102210C3068
:10847000FEF773FF00244FF01708314680F80080A4
:1084800044702846FFF77CFF2846A5F81A806F85C0
:10849000FFF742FD2046BDE8F0810420FBE70E20F7
:1084A000F9E7F7F749BE0A8A0023C968F7F74ABB1C
:1084B00070B50E46F7F70AF8044628B93046F2F7C9
:1084C00087FE6FF07F0070BD00F10C052846314635
:1084D00001F006FD606A38B150F8A84904B1A83C23
:1084E0002946FFF702FF20B90020ECE71C466FF099
:1084F0000100002CF8D0D4F8A83023B90230F5D010
:1085000020461C46ECE7A83BF8E738B505460C4684
:10851000FCF7DAFB2846F6F7D9FF20B9FCF7E8FBB1
:108520006FF07F0038BD0023236083683BB9C0E94A
:108530000144FFF7ABFEFCF7DBFB0020F2E71C6019
:108540008460F6E70120704708B5F6F7BFFF78B101
:10855000436A6BB1A83B03F15802D2E8EF0F20F059
:108560000800C2E8E10F0029F7D1D3F8A830F0E7FE
:1085700008BD08B50421FFF707FC20B15430D0E84E
:10858000AF0FC0F3C00008BD10600020704710B5E9
:10859000029CA36833B1B1F5807F28BF0E21CAB217
:1085A00021469847A37DE268013BDBB2A37522B167
:1085B0001BB92046BDE81040104710BD10609180E7
:1085C00000207047F0B5076806463D78144689B02C
:1085D000DDB97B88B3F5245F04D010D8A3F5205310
:1085E000032B12D8ADF80A10022220460DF10A0121
:1085F000F7F7CCFB68B16FF01502A26006E003F557
:108600005643FF339BB2042B1DD90125284609B0E0
:10861000F0BD7B88022220460DF10A01ADF80A3038
:10862000F7F7B4FB0028E6D1009003AA13233146E4
:108630007768B847021EE0DB03A92046F7F7A6FBE0
:108640000028E2D0D7E7ADF80A10022220460DF14B
:108650000A01F7F79BFB0028CDD17B880222ADF8F9
:108660000A300DF10A01E8E7072208B501F0A2FF80
:10867000B0FA80F0400908BD034610B5D3E8EF0F0B
:1086800040EA0102C3E8E42F002CF7D110BDFEF749
:10869000AFBC0B6803608B8883808B7983717047D4
:1086A00070B50D46064611F8010BF5F75FFF04465D
:1086B00010B12C89F5F7FAFB6B89A34207D0EB6860
:1086C0006C8123B121463046BDE87040184770BD2B
:1086D00038B5BDF810401546944211D374B123B992
:1086E0002046BDE83840F7F743BCA21A8A42A8BF2B
:1086F0000A4694B22246591901F047FF204638BD78
:108700006FF00600FBE730B585B0C96814461D461A
:10871000F7F778FB00B100890223ADF80E00009353
:1087200029462046BDF820200DF10E03FFF7D0FFAB
:1087300005B030BD1FB50C461946E36810461C78DD
:10874000BDF818203CB110240133069404B0BDE8F4
:108750001040FFF7BDBF5B88ADF80E3002230093D9
:108760000DF10E03FFF7B4FF04B010BD30B51D4688
:10877000002385B014468DF80C30F7F719FB10B1C3
:10878000037A8DF80C300123294600932046BDF86A
:10879000202003ABFFF79CFF05B030BD2DE9F04171
:1087A00014461D46BDF81870F3F7A4FC0646EFF713
:1087B000FDFC80B2069033463A4629462046BDE885
:1087C000F041FFF785BF30B585B014461D46FEF772
:1087D0006AFF0223ADF80E00009329462046BDF83B
:1087E00020200DF10E03FFF773FF05B030BD70B50B
:1087F00000F1700605463146007AFEF756FF044642
:108800003146287A3CB1F7F7EBFA18B10023036040
:108810004360836070BDF7F7E3FA0028FAD0046084
:1088200044608460F6E7022A10B508D1002300F105
:1088300070011A46007AF7F76BFB022010BDFFF7B4
:10884000D6FFFAE701210C30FFF716BF38B5044612
:108850001546FFF777FE40B12046F7F7A9FA20B199
:10886000037ADB0701D5FFF7EDFF35B9207A04F174
:108870007001F7F7B5FA00B1856038BD38B5BDF8BD
:108880001010BDF8184010468C421A46059D11D3B1
:1088900074B125B92046BDE83840F7F769BB631AC3
:1088A0009A42A8BF1A4694B22246294401F06DFEAE
:1088B000204638BD6FF00600FBE713B5044610B93B
:1088C000002002B010BD00238DF8043042F60303EF
:1088D000006801A9ADF80630FEF7B1FD0028EFD120
:1088E000E36898880028ECD12046F7F761FC013056
:1088F00080B2E6E770B5CC681E46A37988B008461A
:108900008DF80C301546FFF7D8FFADF80D00246840
:1089100023786BB96388ADF80F3005230093314697
:108920002846BDF8302003ABFFF7D2FE08B070BD7B
:10893000631C0DF10F02113453F8041BA34242F8DB
:10894000041BF9D11323E9E71FB5CDE90123002367
:108950001A460093F7F75CFC05B05DF804FB4B8A00
:1089600012F0010FC3F30E0304D013F0950F10D0D3
:10897000486870B112F0020F04D013F4957F0AD04A
:10898000896841B1134013F4DE7F14BF0520002035
:10899000704702207047032070472DE9F0410546DB
:1089A0008846F7F705FA0446E0B1037ADA0719D5E5
:1089B00000F10C06D6E8AF7F17F0010712D1B8F12D
:1089C000000F10D0D6E8EF3F23F00202C6E8E12FF7
:1089D0000029F7D19B07284608D5FFF7B5FD2046AB
:1089E000FFF730FF01273846BDE8F081FFF7AAFD09
:1089F0000028F8D02846FFF7BCFD0028F3D0D6E8C1
:108A0000EF3F23F00203C6E8E23F002AF7D12846F1
:108A1000E3E770470021F8B54FF0FF324FF0FF3326
:108A200005460846F5F774FF00F10C0704460121DE
:108A30003846FEF792FC0526012106703846FEF7FF
:108A40008CFC002306701A4621462846F5F778FF6D
:108A500010B12046F2F7BCFB0020F8BD6FF0850096
:108A600070470020704710B403460838D0E8EF2F55
:108A7000511CC0E8E41F002CF8D112B910BCF8F763
:108A8000CDB86FF00F0210BC9A66704700692430B1
:108A9000FBF78CBC13460A460121FEF7B2BA08B5B3
:108AA0000020F2F771FC002008BD08B50120F2F7A4
:108AB0006BFC002008BD0C220369C9B201FB023324
:108AC000986F00F00700704770B5C9B20369EFF303
:108AD0001185202484F31288BFF36F8F0C2606FBC8
:108AE0000134A46F14F0C00408D0A24206D085F36C
:108AF0001188BFF36F8F4FF0FF3070BD01227143BB
:108B00000B449A6785F31188BFF36F8F43680B445A
:108B10005B6898470020F0E78022FFF7D5BFF8B5E3
:108B2000069F0469C9B2EFF31186202585F31288E8
:108B3000BFF36F8F0C2569430C44A56F05F0070C3C
:108B4000BCF1010F0BD1A76786F31188BFF36F8FBC
:108B5000C4E91C2343685B5898470020F8BD05F022
:108B6000C005AF4286F31188BFF36F8F0CBF6FF063
:108B700077004FF0FF30F1E713B580240094FFF742
:108B8000CEFF02B010BD10B41C240069CBB203FBB1
:108B90000400002110BC10470320F9F7CFBF0220CA
:108BA000F9F7CCBF0020F9F7C9BF032000F062B984
:108BB000022000F05FB9002000F05CB91046FBF71E
:108BC000F5BB0020704708461146F3F7E5BF08469D
:108BD00008B51146F9F786FE002818BF6FF00400AB
:108BE00008BD08B500F016F9002818BF6FF00400A2
:108BF00008BD436800205B681B690B6070474368D1
:108C000002EA01005B6821EA020198600020D96055
:108C10007047436800205B68996070474368002094
:108C20005B68D960704743685A68536821EA03005B
:108C30000B4090600020D360704710B503695868FE
:108C4000F8B1884219D19C680868A142586000D1E7
:108C50009860002008602AB15A680A609A685960D2
:108C600002B99960002010E0814206D108682060B6
:108C700098688142EDD19C60EBE7044600680028CB
:108C8000F2D1002AE8D16FF0150010BD10B50069CF
:108C90000F299FBF00EB810440F8212023640020AE
:108CA00088BF6FF0150010BD00207047102070477E
:108CB00030B543681360057A446804EBC504A342E9
:108CC00002D36FF0010030BD5C798C4201D00833D3
:108CD000F0E70020F7E743681B68D3F88004C3F887
:108CE0008004704742681368D3F8100150B1002027
:108CF000126A12780A70C3F81001D3F81021012209
:108D00001A6070474FF0FF30704702680346D2F890
:108D1000580140B95B68DB0706D4D2F8200100385F
:108D200018BF012070470120704743681B68D3F8C3
:108D30000423D20517D5D3F82021A2B1EFF3118275
:108D4000202181F31288BFF36F8FD3F8201131B146
:108D50000021C3F82011D3F820110121D96082F33A
:108D60001188BFF36F8FD3F858317047002200F19C
:108D700050039B009BB203F1804303F5A8331A60B4
:108D80001B68704708B5F9F7A3F908BD00207047C4
:108D9000704708B5F9F742FB002008BD08B500F0A0
:108DA00039F848B1002383F31188BFF36F8F042390
:108DB000184602DF6FF0040008BD0A460121FEF7E5
:108DC00017B900B589B006AB02930823039301AB32
:108DD000049304230791CDE9053004AA184602A99B
:108DE000F9F7B8FC0228019B09D003280AD060B922
:108DF000181E18BF0120404209B05DF804FB6FF057
:108E00001500F9E76FF08500F6E74FF0FF30F3E764
:108E10000020704700207047002310B588B0CDE9CE
:108E2000053005AB01930C230293042314460791EC
:108E300003AA0DEB030102200493CDF80CD0F9F73F
:108E400089FC009B236008B010BD7047004700F00C
:108E5000B2BE40F00040C1F88000704740F00040D2
:108E6000C1F88000704740F00040C1F88000C2F8AF
:108E700080007047F9F7BCBDF7B51646DDE9084735
:108E8000019001A81D46F9F707FF019BB6F1000C00
:108E900018BF4FF0010C00EB83000B1E18BF01231D
:108EA000002D43EA4C0314BF4FF00C0C4FF0000CA4
:108EB000002C43EA0C0314BF4FF4706C4FF0000C0D
:108EC000002F43EA0C0314BF4FF4403C4FF0000C5A
:108ED000D0F8002243EA0C0322EA030301B1097827
:108EE0000EB13678760019430DB12D78AD003143BF
:108EF0000CB12478240229430FB13F783F040C437E
:108F00003C43C0F8004203B0F0BD1FB50DF10F03A4
:108F1000019300238DF80F101A4619460093FFF7AE
:108F2000ABFF05B05DF804FB38B5054608460C46B6
:108F3000F9F706FFB0B10846F9F7F6FE90B9084612
:108F4000F9F7E6FE01232A688340C2F808332A684D
:108F500003B202EB8303D3F8102522F00302C3F817
:108F6000102538BD2046BDE838400021FFF7CDBFB1
:108F7000F9F76ABFFFF7D8BF2DE9F04389B0109E1B
:108F80000446894690460021202268461F46129DCD
:108F900001F008FB1F2E97BF01234FF0FF33B340B2
:108FA00003F1FF332361119BC4E90098C4E9027601
:108FB0006361183445B10FCD0FC495E80F0084E804
:108FC0000F0009B0BDE8F0836D46F4E773B504689F
:108FD000661C31D08568A9422ED264182CD05E1848
:108FE000AE4288BF6B1A056A35B100930523A847C6
:108FF0000346184602B070BDBFF35B8F1946A41A32
:10900000101919B140EA0205AD070AD103290DDC98
:10901000013811448A42ECD010F8014F02F8014B9C
:10902000F8E70078013902F8010BE9E750F8044B42
:10903000043942F8044BE9E76FF02103D9E773B52F
:109040000468651C32D08568A9422FD264182DD0DF
:109050005E18AE4288BF6B1A456ACDB100930523F6
:10906000A84702B070BD12F8015B013905701546C2
:10907000A01819B140EA0206B607F4D103290ADCA8
:10908000013D014488420CD1BFF35B8F1846E8E7ED
:109090001946A41AEBE755F8042B043940F8042BC1
:1090A000ECE715F8012F00F8012BEBE76FF021003A
:1090B000D7E773B51C46036815465A1C29D0826849
:1090C000914226D25B1824D066189642866A88BFE1
:1090D000541A36B105232A460094B047204602B000
:1090E00070BD184622464AB9294601F05BFABFF323
:1090F0005B8FF3E700F8015B013AF4E78307F9D1EE
:109100004FF001336B43032AEEDD40F8043B043A91
:10911000F9E76FF02100E2E70020704710B4046B1C
:1091200002460B4684B9C1681F2998BF23FA01F48F
:10913000416861B18068834209D21069184051F8D2
:109140002430184410BC7047234610BC18474FF019
:10915000FF30F7E730B5059CC4E90002039A21818E
:109160001989E260049A618121856261D3E9002551
:1091700002EB0113C4E906128A1C236203EB4203CB
:109180006A1C13446D422B406362836953B90139F1
:10919000E2698B4202EB031206DB002393736FF04C
:1091A0007F03D373002030BD0133D381F0E72DE975
:1091B000F04FB0F830A004465546002685B002EBCB
:1091C000030891460E9A00EBCA031FFA88FB9A63C4
:1091D000A3F83CB008F1FF32C3690F1D0192B045FE
:1091E0001ADC238D2586A3EB0B032385236A618973
:1091F0005A8801390A4003EB4203A3F804A0BFF3E5
:109200005B8F0020226A538801335380638D0133C2
:10921000638505B0BDE8F08FE06A2A0157F8041CA9
:1092200003EB0515029303680392C91A8368083794
:10923000994228BF4FF0FF31FFF770FFDDE902329E
:10924000985000226A6057F8082CAA60019A96424A
:10925000ACBF00220122B145D8BF42F00202AA8170
:109260000136ED89BBE7F0B550B3456A448E6B8893
:10927000A34230D0631C43864389BFF35B8F013B1D
:109280001C4005EBC4056B689EB209B1AD680D606A
:10929000D0F81CC09BB20CEB031100EBC3039D8FF5
:1092A000078D2F44013D07859D878D896F070ED55A
:1092B000058ECD8100210686986B996302B11480DA
:1092C000F0BD9D8FC989013D0CEB01119D878D89F2
:1092D000ED07F6D4ECE70020F2E7C36903EB0113D6
:1092E0009868704770B5C369C56A09015E586B6BB1
:1092F000E3B92C69621C09BF6B6834401C68341BDD
:1093000021462846FFF70AFF864207D02B69013322
:109310001C44AB689C42F3D34FF0FF342868431CD5
:1093200009D0AB68A34206D9204470BD3146284617
:1093300098470446F2E70020F7E770B5BFF35B8F6C
:109340000D46016A1646838E4A8804469A4212D018
:109350005A1C82864289013A134001EB43018988F5
:10936000298089B2FFF7BEFF2A88E36903EB021365
:109370009B68336070BD0020FCE710B502689369FC
:109380001269920017D543B9438E026A81694489F4
:10939000013B1B1B02EB4102938003689B69012B7D
:1093A00008D1838E426A81694089013B1B1A02EB16
:1093B000C102938010BD23B9026A138843F00103F0
:1093C000138003689B69012B01BF426A138843F035
:1093D00001031380EEE710B5BFF35B8F036804460B
:1093E0001A699B6912F0005F1AD07BB9036A426A5E
:1093F0005B888169013B02EBC10292889B1A628DF6
:109400009BB29A4214D80023638510BD012BFAD178
:10941000436A026A5B888169013B02EB4102ECE727
:1094200063B9436A1B88DB4303F00103002BEAD0D6
:109430006369002BE7D020469847E4E7012BE2D18F
:10944000036AEFE7036A828E598891420AD0418904
:1094500001390A4003EB42039A88C36903EB021304
:109460009868704700207047BFF35B8FC36803B1F3
:10947000184770474FF0FF324FF0FF33FAF7CABF7B
:1094800010B1C36A0133C362704738B1C26A013A8E
:10949000C2621AB9026B02B110470262704770B51E
:1094A0000446056A05F164063046FFF7E3FF636A88
:1094B000A3F580637F2B0BD801225909503503F0A7
:1094C0001F039A4055F8213023EA020345F8213062
:1094D000D4E90F124A60E16B04F13C0311602046AD
:1094E000C4E90F33FFF7D1FF3046BDE87040FAF70B
:1094F0005DBF10B5436A8CB00A9320230446024630
:109500000B9102A8194600F037FB28230122CDE970
:10951000003220463522616A02ABFAF79BF900EA75
:10952000E0700CB010BD30B1006A20B119B1D0F8B4
:10953000883003B11847704730B1006A20B119B1C3
:10954000D0F88C3003B11847704730B1006A20B1B1
:1095500019B1D0F8903003B11847002070472DE9B9
:10956000F84306468846174699460468A64201D144
:10957000002520E07A1CA4F13C0502D06B6ABB42B6
:1095800019D0B8F1000F22D020224146284601F020
:1095900021F8E0B9B9F1FF3F02D0AB6A4B450AD0E0
:1095A0007B1C0BD02468B442E2D054F8183CA4F1E0
:1095B0003C059F42E8D12846BDE8F883AB6A0133F9
:1095C000F9D02468B442D3D0A4F13C05D9E724688B
:1095D000CCE770B505460C461E46CAB1202320468E
:1095E000194600F0C9FA0123E362049B6662A36294
:1095F000059B25626363069BA363079B63646A689C
:1096000004F13C03C4E90F526B60226C136070BD1F
:109610000A70E8E710B5044690B1036A83B1027896
:109620004AB193F8A43033B1436AB3F5806F02D3E3
:109630000121FFF75EFF2046BDE81040FFF72FBF76
:1096400010BD20B1036A13B15B6803B118477047BE
:1096500008B530B1036A3BB1DB682BB198470020F5
:1096600008BD6FF01500FBE76FF00500F8E77047E5
:10967000FAF79CBE4FF0FF324FF0FF33FAF7CABE45
:10968000F8B50C4600F164070546A4F1100638460B
:10969000FFF7F0FF3046FAF793F980B154F8083C31
:1096A00024F8083CD5F8CC3044F80C3C05F1C8034C
:1096B00044F8103CC5F8CC6054F80C3C1E603846A9
:1096C000FFF7D6FF0020F8BD38B50D4600F1640461
:1096D0002046FFF7CFFF55F8083C204603F58033BE
:1096E00045F8083CBDE83840FFF7C2BF2DE9F0411E
:1096F00088B00E9C282A8846D4F8C0006ED1016834
:109700008568A8EB0101A94228BF4FF0FF31202353
:109710006A46FFF75BFC04F16406D8F82070304617
:10972000FFF7A8FF3B464FF0FF3269462046FFF7A0
:1097300016FFD8F824300546E0B1D0F8308003F0A9
:109740000103B8F1000F02D0DBB9AF6230E0002BAB
:10975000FBD04FF0FF3383623046FFF789FFAB6BDE
:1097600083BBD4F88030002B38D03A466946204677
:10977000984733E0DB071FD43046FFF779FFE36FEC
:10978000F1E74FF0FF338362FFF77AFE3046FFF7D1
:109790006FFFAB6BA3B9D4F880301BB13A46694672
:1097A000204698473046FFF765FF2846FFF76DFED5
:1097B0003046FFF75DFF11E03046FFF759FFD0E775
:1097C0004FF0010828469847D4F880301BB13A463C
:1097D000694620469847B8F1000FE3D1002008B051
:1097E000BDE8F081F0B504468E680D46B6B231464C
:1097F000D0F8B80085B0FFF770FDD4F8B430074654
:109800009A6942B90095CDE902500123D4F8B80015
:1098100002A9FFF7CCFCD4F8B4309B69012B08D126
:109820003A463146D4F8B80005B0BDE8F040F9F743
:10983000F5BF05B0F0BD70B500F16406A1F11005EB
:1098400004463046FFF716FF2846FAF7B9F838B154
:1098500020462946FFF7C6FFD4F8B800FFF7BBFD46
:109860003046BDE87040FFF703BF2DE9FF410368B4
:109870009E6A06F164084046FFF7FCFED6F8B43055
:109880009B693BB1012B12D04046FFF7F1FE04B0BB
:10989000BDE8F081D6F8B8000DF10A0203A9FFF780
:1098A000E2FCD6F8B43004469B69012B07D1D6F808
:1098B000B80003AA0DF10A01FFF73FFD0446002C92
:1098C000E2D0BDF80A3000216268A36030464FF054
:1098D000FF33FFF744FE0546FFF7D2FDA36840467D
:1098E00003F58033A360FFF7C3FE75B1AB6A696C03
:1098F000013308BF2368284608BFAB622368A289EA
:1099000000916F6B04F11001B8474046FFF7B2FEBB
:109910002846FFF7BAFD2046FAF752F838B130462C
:109920002146FFF75FFFD6F8B800FFF754FD404629
:10993000FFF79EFE9FE72DE9F041A3F1100653F8D3
:10994000085C002388B00693ADF81E30044610234F
:10995000CDE904120E9FD0F8C000ADF81C7001686C
:10996000D0F808C0711A0DEB0302614528BF4FF013
:10997000FF3104F16408FFF762FB4046FFF77AFE0F
:10998000D4F8B430ADB29B69CBB9D4F8A820D4F8E0
:10999000B430D4F8BC009B69C3B9CDE9026200962B
:1099A000012202A9FFF703FCD4F8BC00FFF713FD66
:1099B0004046FFF75DFE384608B0BDE8F081294615
:1099C000D4F8BC00FFF789FC0246E0E7012BEBD19D
:1099D0002946F9F723FFE7E710B548B149B14368D5
:1099E0008B4206D382680468D21A5B1A4360A018BF
:1099F00010BD0020FCE72DE9F3470546D0F8B40080
:109A00000E46904618B9002002B0BDE8F087036A00
:109A1000002BF8D09B68002BF5D098474307F2D570
:109A200043F69823B8F1000F18BF984605F1640774
:109A300005F1C8093846FFF71DFED5F8C8404C456A
:109A40002BD054B3D4E90023536022681A60C4E9D0
:109A50000044D5F8B43021899B69ADF806107BB17C
:109A6000012B14D03846FFF703FEBDF8063004F191
:109A7000100003F58033A3603368103B3360C3E705
:109A8000D5F8A8303360D5F8B4309B69E8E7D5F84D
:109A9000BC00FFF722FC3060E4E7D5F8B430D3F81F
:109AA00018A0BAF1000F36D13146D5F8BC000DF13F
:109AB0000602FFF7D8FB04460028D3D1D5F8BC3006
:109AC0001B8DB3B93846FFF7D3FDB8F1000F9AD01C
:109AD000D5E92D32182112891B6B01FB0233D5F811
:109AE000D02022BB2120002100F0E9FB08F1FF3843
:109AF000A0E7D5F8A810D5F8C400FFF76DFF04461D
:109B0000D5F8A830ADF806A033603846FFF7B0FDB1
:109B1000002CDAD0A9E7BAF1010FD3D13246D5F83B
:109B2000BC000DF10601FFF708FC0446EDE71969DA
:109B3000284690476FF4FB639842D3D000283FF447
:109B400079AF60E720B119B112B1C0E9012201601B
:109B5000704710B5044618B910BD3C38FFF75AFDE0
:109B600020688442F9D10023C4E92E33D4F8B4002C
:109B7000BDE81040FFF765BD70B505461C4699B1BC
:109B80008B4228BF0C46661C013E05D012F8013BF3
:109B900000F8013B002BF7D1A14207D9091B8A1914
:109BA000002100F0FFFCA11B084670BD00230D44FE
:109BB00005F8013CF7E708B1F1F78ABB7047704739
:109BC00040B1C368587810F001001EBF1878B0FA91
:109BD00080F040097047EFF31183202383F312884C
:109BE000BFF36F8FFEE710B5D0E9003433B9002022
:109BF000E268537843F00103537010BD2046984744
:109C00000028F4D00028B8BF4042FF28A8BFFF209A
:109C1000E3681870ECE700F0C5BC00F0B6BC704714
:109C200010B400F10C04C0E9034410BCFCF722BBE3
:109C30002DE9F04F054689B0DDE9126791463B46B4
:109C4000324606A8059105F1140A00F0B3FBDDE9E0
:109C50000634CDE90234EFF311844FF0200888F385
:109C60001288BFF36F8F05F10C0B4A462846059901
:109C7000FCF78CFA30B184F31188BFF36F8F09B011
:109C8000BDE8F08F3E43F6D0DDE9022306A800F0E0
:109C9000B5FBDDE906675A4621465046CDE9006727
:109CA000FAF772FFEFF3118488F31288BFF36F8F16
:109CB000DBE738B50446EFF31185202383F31288E0
:109CC000BFF36F8FFCF719FA04F10C0000F0E4FA0F
:109CD00030B1294604F11400BDE83840FAF7CEBF90
:109CE00085F31188BFF36F8F38BD4169836843EAFC
:109CF000010212F003020FD1C2600269013A01FBB6
:109D0000023382689A4201D900207047C2681A6003
:109D10004269C3609B1AF4E76FF0150070472DE9A4
:109D2000F04105460F46EFF31188202383F3128894
:109D3000BFF36F8FC668F6B90468A0421BD0D4B1D8
:109D4000D4E9003213605A60637BC4E9006623F0F3
:109D500002036373A66004F1180000F004FB2046C0
:109D6000E667676100F039FA414605F10800BDE891
:109D7000F041FAF783BF3E60AB69EF60013BAB6136
:109D800088F31188BFF36F8FBDE8F081202408B5F8
:109D9000EFF3118384F31288BFF36F8FFDF715FA89
:109DA000F6E790F90E308B4201D0FAF719BF002088
:109DB000704703460020C3E90033C3E9020070473F
:109DC000D0E9003213605A600023427BC0E90033BF
:109DD00022F002024273836070472DE9F8439146F6
:109DE00004460D469DF8202000F10807EFF3118886
:109DF000202181F31288BFF36F8F02B14568A668F6
:109E0000B74214D09EB13046FFF7DAFF06F11800D2
:109E100000F0A9FA00233046F367C6F8149000F06A
:109E2000DCF938464146FAF729FF00200BE0E3B1A0
:109E300008210020FBF780FB38B988F31188BFF3B5
:109E40006F8F6FF00B00BDE8F8830122C0F804901B
:109E50000260016801F003015DB922680A430260F3
:109E6000626820606AB960600BE04846C9F800305B
:109E7000EFE72A68032A10D80160616839B9C4E99C
:109E80000000042104F1100000F047FBC9E70A6854
:109E900002F0030202430A60E5E722F003020A43EC
:109EA00002602A6802F0030240EA02032B60E8E73E
:109EB00010B5044630B10268930703D0446809B175
:109EC00000F058FB204610BD0023C0E9003300F12C
:109ED0000803C0E9023300F11003C0E904337047FE
:109EE000012307B5009300230A461946FFF775FFC3
:109EF00003B05DF804FB002307B50A46009319463A
:109F0000FFF76BFF03B05DF804FB00210068FFF76B
:109F1000CFBF5AB18A4209D300F11003C0E902123F
:109F2000C0E90000C0E90433002070476FF015005D
:109F30007047012302688B4022EA0303036022FA80
:109F400001F000F001007047704710B5032104468E
:109F50000C30FFF7EEFF30B104F1100000F003FA0F
:109F6000B0FA80F0400910BD20B1002290301146B7
:109F700000F0BEB9704770B5C3680446C3F340062D
:109F80009B0716D4856802210C30FFF7D2FF80B101
:109F9000D5F888206AB194421DD122689EB9D5F8BF
:109FA0008C30C5F888209C4201D1C5F88C20002354
:109FB0002360E36813F01F001EBF43F00203E36059
:109FC00040F0020070BD3260D5F88C20944208BF8A
:109FD000C5F88C60EBE716461268DBE773B50446FC
:109FE000EFF31185202383F31288BFF36F8F0023D3
:109FF000A0F11006032104380193FFF79AFF28B15E
:10A00000A369304601A90193FAF708FB85F311888B
:10A01000BFF36F8F02B070BD38B504460D461022F5
:10A02000002100F0BFFA656038BD13B50190084605
:10A03000EFF31184202383F31288BFF36F8F01A9FC
:10A04000FAF7ECFA84F31188BFF36F8F02B010BDFA
:10A0500010B5FFF7EAFF041E08DDEFF3118020239F
:10A0600083F31288BFF36F8FFAF71AFE204610BDF4
:10A0700070B50D46EFF31186202383F31288BFF3EA
:10A080006F8FFAF725FB044686F31188BFF36F8FB5
:10A0900038B14FF0FF324FF0FF3305F11000FAF7FF
:10A0A000B9F9204670BD08B5A822002100F07AFA5F
:10A0B00008BD38B530220D460021044600F072FA82
:10A0C0004FF480736560E36038BD38B50446EFF344
:10A0D0001185202383F31288BFF36F8FFFF735FFBD
:10A0E0002046FFF748FF85F31188BFF36F8F38BD17
:10A0F000F8B504460D46EFF31186202383F312884A
:10A10000BFF36F8FC36803F01F03002B14BF012739
:10A11000002705D186F31188BFF36F8F3846F8BD4D
:10A12000FFF713FF2046FFF726FF29462046FAF7E0
:10A1300057FA86F31188BFF36F8F0028EED04FF0E7
:10A14000FF324FF0FF3305F10800FAF763F9E5E756
:10A15000EFF30580003818BF012070476FF05700FB
:10A16000704700207047D0E9003213605A60002326
:10A17000C0E90033704708B5FFF7F5FF437B23F0D4
:10A18000020343730023836008BD38B504460D46BF
:10A19000FAF788FC637B43F002036373E5B1A560C3
:10A1A0002B689D4209D16B68C4E900531C606C6048
:10A1B00012E06A689A42F6D01B68002BF3D094F93B
:10A1C0000E2093F90E108A42F3D09142F1DD5A68C5
:10A1D000C4E9003214605C6038BD10B5EFF311843F
:10A1E000202383F31288BFF36F8FFAF713FC84F3F5
:10A1F0001188BFF36F8F10BD08B5EFF311812022D6
:10A2000082F31288BFF36F8F83680BB1FFF7B3FF40
:10A2100081F31188BFF36F8F08BD014610B5EFF3CE
:10A220001184202383F31288BFF36F8F437B13F0D5
:10A23000280F0AD183680BB1FFF79DFF4B7B0846BF
:10A2400023F004034B73FAF7E5FB84F31188BFF3A3
:10A250006F8F10BD01211838FFF7DFBF08B5034627
:10A26000EFF31181202282F31288BFF36F8F006811
:10A27000834207D008B1FFF77EFF81F31188BFF357
:10A280006F8F08BD0020F8E710B5FFF7B5FFBDE8F8
:10A290001040183000F067B838B505460468002053
:10A2A000AC4200D138BD002CFCD02046FFF7ECFFBB
:10A2B0002046FFF792FF2C680120A542F1E738B550
:10A2C0000C460546FAF794FDB4F1FF3F08BFB5F11F
:10A2D000FF3F1FBF47F6FF7300224FF47A71C0FBA8
:10A2E000013216BFD80B4FF0FF3040EA424038BD74
:10A2F00038B5EFF31185202383F31288BFF36F8FF6
:10A300000468A04212D09CB1E16762612046FFF769
:10A3100032FF04F1180000F026F82046FAF77AFB25
:10A32000012085F31188BFF36F8F38BD0020F8E757
:10A330002046F6E710B5FAF705FF0446FAF70AFFDC
:10A3400074B1D4E904321B1A62EBE072B3F1004F2E
:10A3500072F1000104DA002AACBF1846002010BDDB
:10A360006FF00040FBE7024638B5EFF3118520237C
:10A3700083F31288BFF36F8F036893B1FAF7E2FE9D
:10A3800004461046FAF7F0FE844204D1FFF7D2FFEC
:10A390000021F8F701F8002085F31188BFF36F8FD3
:10A3A00038BD6FF01500F7E708B5FAF7CDFF08BD27
:10A3B000FAF7CABFB3F1FF3F08BFB2F1FF3F70B574
:10A3C00004461D46164613D01A4315D06FF00102FD
:10A3D0004FF0FF33921B63EB0501002904DAFAF713
:10A3E000B3FF821941EB0501C4E90021204670BD8D
:10A3F0004FF0FF321146F7E70022FBE7B3F1FF3FD2
:10A4000008BFB2F1FF3FF8B5074616461C4610D00C
:10A4100054EA020311D0FAF797FFB0420A46A1416D
:10A4200003460AD2F31A64EB0204C7E90034384643
:10A43000F8BD4FF0FF331C46F7E70023FBE700238E
:10A44000C0E9081200F11802C0E90622C0E9003391
:10A4500003634363704710B50446FFF784FFA8B950
:10A46000636A0BB12046984704F11800FFF7F6FE27
:10A4700060B1FFF7B2FEEFF31180202383F312885F
:10A48000BFF36F8FBDE81040FAF70ABC10BD2DE98D
:10A49000F041846805460E46ECB16378012B25D166
:10A4A00014F8533C9A0714D5A4F160073846FFF717
:10A4B000EBFE082E0CBF6FF003030023E36114F8DA
:10A4C000533CDB0605D154F8483C13B93846FFF736
:10A4D00084FE002323700020EB68A860C3F386325B
:10A4E000164366F39433EB60BDE8F081022BF0D1A4
:10A4F0002378002BEDD054F8048CB8F1000FE8D08D
:10A5000004F11400FFF72FFF0023A4F114073946CC
:10A510004046E362FFF789FDDBE7034610B5EFF342
:10A520001184202282F31288BFF36F8F0068834268
:10A5300008D0D0E9003213605A600023C0E900332C
:10A54000FFF7A5FF84F31188BFF36F8F10BD0432AE
:10A55000D3B5044608D20026002741F00401CDE916
:10A560000067FFF765FB10B9002002B0D0BD40F8CE
:10A57000044BFAE720B1011F50F8040CFFF799BB18
:10A58000704701460420FAF7C9BF0A44431E9142AE
:10A5900000D1704710B511F8014B914203F8014FFB
:10A5A000F9D110BD02440346934200D1704703F82D
:10A5B000011BF9E70139024410B5904201D1002096
:10A5C00005E0037811F8014FA34201D0181B10BD1C
:10A5D0000130F2E710B56AB10139841810F8012B87
:10A5E00011F8013F9A4203D1A04201D0002AF5D1CF
:10A5F000D01A10BD1046FCE710B50139044632B13F
:10A6000011F8013F013A00F8013B002BF7D100217E
:10A61000FFF7C8FF204610BD0246014410B58A422C
:10A62000134603D01C780132002CF8D1181A10BD43
:10A63000F0B5C3F13707044603F01F031046FFB21D
:10A64000082BE6B232D0102B3DD06508A40845EAAD
:10A65000C17544EA81748A082D1942EB5102290917
:10A6600041EA02716D1842EB1212290A41EA0261B5
:10A670006D1842EB1222290C41EA02416D1842EB9F
:10A680001242AD1842F10002EC0844EA4274D108CB
:10A6900004EB8402A6EB4205EDB2092D0CD901347E
:10A6A000A5F10A0541F10001EDB212E0E40806F05F
:10A6B000070544EA4174C908303554EA010200F83C
:10A6C000015BBDD1F0BD240906F00F0544EA017419
:10A6D0000909092D84BFED19EDB2EDE7D1E9043286
:10A6E00093421EBF5A1C0A611870704701480068E7
:10A6F000704700002895002090DAFE7F01000000DE
:10A70000F37301000000000009B300000000000026
:10A710002D24010000000000359100000000000021
:10A7200095140100E0A701001541010000000000A0
:10A7300039410100000000007518010008A801005F
:10A7400075180100F4A70100C38B01001CA80100CB
:10A75000E38B010030A80100DD1E010044A80100C8
:10A760002517010000000000392201000000000050
:10A77000BDB3000000000000499700000000000089
:10A7800009B200000000000025B000000000000039
:10A79000911A010058A80100118E0100000000006C
:10A7A00061440100000000005B6C01006CA8010026
:10A7B000690F010080A801000000000094A80100BA
:10A7C00095B4000000000000938D0100000000001F
:10A7D0009D8D0100000000009DA100000000000010
:10A7E000AAD5010060B2010030AB010089840020CD
:10A7F0008C970020FBD5010090B20100ECAA01006B
:10A800008F8400203098002007D60100A8B20100F4
:10A81000ECAA0100918400203C980020E4D50100BE
:10A8200000000000DCAA01008B8400200000000072
:10A83000F3D5010000000000E4AA01008D8400208F
:10A840000000000030D70100C0B201004CAB010095
:10A8500095840020D0980020EFD601009C83002032
:10A8600010AB0100938400204898002077D50100A8
:10A87000248200204CAD010083840020008700204A
:10A88000B4D2010000000000D0AA0100858400209D
:10A890000000000070D501000000000024AB0100A2
:10A8A000878400205C83002000000000AD7101005F
:10A8B00000000000AD71010000000000AD7101005A
:10A8C00000000000AD71010000000000AD7101004A
:10A8D000152C01004D8E010000000000AD7101003B
:10A8E00000000000AD71010044A801002B8D0100A3
:10A8F00000000000AD71010000000000AD7101001A
:10A9000000000000AD71010000000000AD71010009
:10A9100000000000AD71010080A80100B50F01002A
:10A9200000000000AD71010000000000AD710100E9
:10A9300000000000AD71010000000000AD710100D9
:10A9400000000000AD71010000000000AD710100C9
:10A9500000000000C922010000000000AD710100EC
:10A9600000000000AD71010000000000AD710100A9
:10A9700000000000AD71010000000000AD71010099
:10A9800000000000AD71010000000000AD71010089
:10A9900000000000AD71010000000000AD71010079
:10A9A00000000000AD71010000000000AD71010069
:10A9B00000000000AD71010000000000AD71010059
:10A9C00000000000AD71010000000000AD71010049
:10A9D00000000000AD71010000000000AD71010039
:10A9E00000000000AD71010000000000AD71010029
:10A9F00000000000AD7101000D3501004D8E010019
:10AA000000000000AD71010000000000AD71010008
:10AA100000000000AD71010000000000AD710100F8
:10AA2000C53201004D8E010000000000AD71010033
:10AA300000000000AD71010000000000AD710100D8
:10AA400000000000AD71010000000000AD710100C8
:10AA500000000000AD71010000000000AD710100B8
:10AA600000000000AD71010000000000AD710100A8
:10AA700000000000AD71010000000000AD71010098
:10AA800000000000AD71010000000000AD71010088
:10AA900000000000AD71010000000000AD71010078
:10AAA00000000000AD71010000000000AD71010068
:10AAB00000000000AD71010000000000AD71010058
:10AAC00000000000AD71010000000000AD71010048
:10AAD000390C0100910D010058020000C78B0100E4
:10AAE00000000000CF8B01000000000009190100E8
:10AAF000F38B0100FF8B0100138C01001D8C010002
:10AB0000278C0100751701003B8C0100000000003C
:10AB1000C11B01008D8C0100A98C0100AD8C0100CE
:10AB20002D1B0100211301009D130100B510010030
:10AB3000F9140100198B0100798B0100000000005D
:10AB4000B78A01000000000000000000E58C010051
:10AB5000291E0100D78C0100050000005DE80000FF
:10AB60000000000006000000010C010000000000D1
:10AB70000400000071ED000000000000818400006E
:10AB800059840000000000000000000000000000E8
:10AB90000000000000B1010008000000A0B10100A9
:10ABA0000700000024AE01000800000012B50100FB
:10ABB00004000000BDD201000300000031C8010004
:10ABC0000300000018CF01000300000080BD010059
:10ABD0000300000077CB01000300000087BD0100E7
:10ABE000030000003BD101000300000052C6010039
:10ABF0000300000087D501000300000095D5010087
:10AC00000300000074C8010003000000A2C7010097
:10AC100003000000FACC01000300000068D101002D
:10AC200003000000C6B5010003000000D6D50100F6
:10AC300003000000DEB70100030000005CB6010065
:10AC40000300000070B601000300000074B60100AC
:10AC50000300000095B7010003000000FAD60100D0
:10AC60000300000053BC010003000000D7BC01003A
:10AC700003000000DFBC010003000000F1DA010066
:10AC800003000000EEBC0100030000003AD7010001
:10AC90000300000008AE01005482002084B70100C8
:04ACA00001000000AF
:10ACB0000000000009000000A0000000F0000000FB
:10ACC00000000000ED3601000600000057C501003D
:10ACD0005CC5010060C5010064C5010068C50100D4
:10ACE0006CC5010070C5010074C5010078C5010084
:10ACF0007CC5010080C5010084C5010088C5010034
:10AD00008CC5010090C50100000200000002000097
:10AD100000000000F4DA0100000100000000000063
:10AD20000338FDD870470000010100008284002034
:10AD3000030200008084002080A8010000010004BC
:10AD400000000001000000000C000000B5910000B0
:10AD5000136D010095930000E1930000CD94000075
:10AD6000F16A0100656B0100F96A01002B6B0100BB
:10AD7000156B0100FF6A01000000000000000000E8
:10AD8000436E0100356E01003F6E0100336E01001D
:10AD900000000000000000000000000000000000B3
:10ADA000236E0100108B0020000100001B6F0100CA
:10ADB000C56E010002000000AF700100000000003D
:10ADC00000000000000000000000000064B7010067
:10ADD0006CB701000000000000000000000000004F
:10ADE00074B7010078B701007CB7010080B701009B
:10ADF000F8AD0100F49400206DA10000149500202E
:10AE0000F6990020010000006D71010063710100DE
:10AE1000317101002571010000000000197101006D
:10AE20000000000080B30100358701000000000031
:10AE30007CB301000000010078B30100F588010037
:10AE400000000000848200200000010070B30100B7
:10AE500000000000000000000000000000000000F2
:10AE60006CB30100078701002DFE00006C820020FA
:10AE70000000030068B30100F58801000000000035
:10AE8000648200200000010060B30100ADA1000059
:10AE90000000000000000000000001005CB30100A1
:10AEA000F5880100000000005C8200200000010025
:10AEB00054B301000000000035A2000000000000B3
:10AEC00000000200008000200000000006000100D9
:10AED00002000000D8AE010000000000C3BC010069
:10AEE00006000000E0FF0F0000800020CBBC010046
:10AEF00021000000E0FF06208C820020B1B000009D
:10AF0000000000008F72010019B30000F5B20000CC
:10AF100000000000FCAE010020AF0100470000006F
:10AF200050D10020FCAE010030AF01002000000035
:10AF300030D50020FCAE010040AF01002E00000023
:10AF4000B0D50020FCAE010050AF010002010000AE
:10AF500090D6002094C50100B2C50100CDC5010006
:10AF6000DDC50100EAC50100F3C50100FAC5010015
:10AF700001C6010008C6010010C60100EAC50100B3
:10AF800018C601002AC601003FC601000E030000DA
:10AF90004DCE00000F04000019CE00001A01000081
:10AFA000DDB5000005040000F5B500001301000048
:10AFB000B9BB0000FF01000019BA00003E0100000B
:10AFC000F9B900000504000041B6000010010000BE
:10AFD000B9B60000011200009DCD00000A1E00005D
:10AFE0001B77010003090000A5BC0000040B000052
:10AFF000A1B70000060A00009DC200000C05000079
:10B0000085B60000FCAE010010B001004700000052
:10B01000B0D70020F6CA010003CB010023CB01000A
:10B0200017CB01002ECB010045CB010055CB010011
:10B0300077CE010069CB0100FCAE010044B00100F5
:10B040000000000090DB0020FCAE010054B00100C5
:10B0500020000000B8DB0020D97B0100DB7B010071
:10B0600000000000000000000000000035EB0000C0
:10B0700000000000000000000000000000000000D0
:10B0800002020100538401000404010069FA000077
:10B0900006060100A9F900000804010095F8000067
:10B0A0000A0201003B8401000C040100238401001A
:10B0B0000E04010069F7000020040100CDF6000035
:10B0C00010040100DDF5000012020100D783010029
:10B0D00016040100E17D0100180101001F8101003B
:10B0E0001E000400A784010052020000FD8301003D
:10B0F000FCAE0100FCB001002200000090DC00204A
:10B10000B0B301003587010000000000ACB30100BE
:10B1100000000100A8B30100F58801000000000054
:10B120002483002000000100A0B301000000000003
:10B130000000000000000000000000009CB30100BF
:10B14000078701002DFE00002C8300200000030073
:10B1500098B30100F5880100000000001C83002066
:10B160000000010090B301006D870100550001004F
:10B1700000000000000003008CB30100F58801000E
:10B1800000000000148300200000010084B30100CF
:10B190008903010000000000000000000000010021
:10B1A000DCB301003587010000000000D8B30100C6
:10B1B00000000100D4B30100F58801000000000088
:10B1C0005483002000000100CCB301009D870100E2
:10B1D000000000000000000000000100C8B30100F2
:10B1E000F5880100000000004C83002000000100F1
:10B1F000C0B30100C787010000000000000000008C
:10B2000000000100BCB30100F5880100000000004F
:10B210004483002000000100B4B301008DFF000052
:10B22000000000000000000000000100000000001D
:10B23000000000000000000000000000000000000E
:10B24000158A01000000000000000000000000005E
:10B25000000000001D140100ED13010000000000BB
:10B260008115010061140100B5D50100A58B010015
:10B27000B78B0100BBD501009F8B0100B18B010092
:10B28000C1D50100998B0100AB8B0100CBD501002A
:10B29000FFFF0000002884400000000001000000C3
:10B2A00000F0024000000000FFFFFFFF0025844087
:10B2B000000000000000000000F00240000000005C
:10B2C000008000400100000000000000E4B2010026
:10B2D0000000D60100000000000000009F9A00203E
:10B2E0009E9A002000800040F0B2010001000000A2
:10B2F000F8B2010004000000140000001300000276
:10B3000016060001150600033AD901004DD90100C7
:10B3100060D9010073D9010086D9010099D90100D3
:10B32000ACD90100BFD90100A2DA0100B0DA0100F6
:10B33000C4DA0100D3DA0100DFDA010000A701005E
:10B3400000A7010068A7010078A70100D8A70100A5
:10B35000E0A701000000392A0000392A0000032874
:10B360000000382A0000382A0000032800000229C3
:10B370000000372A0000372A0000032800000D18BB
:10B380000000002800002A2B00002A2B00000328C0
:10B390000000292B0000292B0000032800000229AF
:10B3A0000000052A0000052A0000032800000118FB
:10B3B000000000280000042A0000042A00000328DE
:10B3C0000000012A0000012A000003280000002AD2
:10B3D0000000002A000003280000001800000028D8
:10B3E000040100012401200102000100000200010B
:10B3F000446973636F6E6E6563746564202872655B
:10B4000061736F6E2025752900436F6E6E656374DE
:10B41000696F6E206661696C6564202865727220B0
:10B4200025752900436F6E6E656374656400426C18
:10B430007565746F6F746820696E697420666169E0
:10B440006C65642028657272202564290041647649
:10B450006572746973696E67206661696C656420E2
:10B46000746F207374617274202865727220256471
:10B4700029004164766572746973696E672073751B
:10B48000636365737366756C6C7920737461727431
:10B4900065640041444320646576696365206E6F8E
:10B4A000742072656164792E00436F756C64206E40
:10B4B0006F74207365742075702041444320636865
:10B4C000616E6E656C20282564290041444320721A
:10B4D000656164206572726F722028256429004EB0
:10B4E0006F2068656172746265617420646574655B
:10B4F000637465642E0048656172746265617420CE
:10B500006465746563746564212042504D3A20255A
:10B5100064004865617274526174654D6F6E697440
:10B520006F720028756E7369676E656429206368A1
:10B530006172202A207573656420666F722025254C
:10B540007020617267756D656E742E204974277363
:10B55000207265636F6D6D656E64656420746F2025
:10B560006361737420697420746F20766F6964203E
:10B570002A2062656361757365206974206D617945
:10B58000206361757365206D6973626568617669B2
:10B590006F7220696E206365727461696E20636FDB
:10B5A0006E66696775726174696F6E732E2053746D
:10B5B00072696E673A2225732220617267756D6524
:10B5C0006E743A25640063627072696E74665F70AF
:10B5D00061636B61676500496E76616C69642069BF
:10B5E0006E7374616E636500496E76616C69642088
:10B5F0006261636B656E6420636F6E666967757206
:10B600006174696F6E00496E76616C696420696E61
:10B610007374616E63652C20656E64706F696E74FF
:10B62000206F7220636F6E66696775726174696FEF
:10B630006E00496E76616C696420656E64706F6936
:10B640006E7400456E64706F696E74206E6F742046
:10B65000726567697374657265640A006970635F17
:10B6600073657276696365006C6F6767696E670002
:10B670006C6F67006C6F675F6D676D74004D65730D
:10B6800073616765202822257322292064726F70F8
:10B6900070656420626563617573652069742065F7
:10B6A0007863656564732073697A65206C696D6978
:10B6B000746174696F6E2028257529004D65737358
:10B6C0006167652064726F70706564206265636194
:10B6D000757365206974206578636565647320738C
:10B6E000697A65206C696D69746174696F6E202870
:10B6F000257529001B5B306D00257320005B25300C
:10B70000386C755D20005B253032753A2530327516
:10B710003A253032752E253033752C253033755D42
:10B72000200025732F003C25733E200025733A200E
:10B73000002530327820007C00256300206D657381
:10B7400073616765732064726F70706564202D2D5E
:10B750002D0D0A1B5B306D001B5B313B33316D2DB2
:10B760002D2D20001B5B313B33316D001B5B313BCA
:10B7700033336D006572720077726E00696E660019
:10B78000646267006C6F675F6261636B656E645FC4
:10B7900075617274006C6F675F7561727400656EBD
:10B7A00061626C65640064697361626C6564004821
:10B7B0005253206E6F74696669636174696F6E734A
:10B7C00020257300485253204354524C20506F6937
:10B7D0006E74205772697474656E202564006872F7
:10B7E00073002A2A2A20426F6F74696E67206E5296
:10B7F0004620436F6E6E6563742053444B2076334E
:10B800002E302E312D39656235363135646136364C
:10B8100062202A2A2A0A002A2A2A205573696E677A
:10B82000205A6570687972204F532076342E302E5E
:10B8300039392D3737663836356238663864302006
:10B840002A2A2A0A0072302F61313A2020307825C6
:10B85000303878202072312F61323A20203078251C
:10B86000303878202072322F61333A20203078250A
:10B870003038780072332F61343A20203078253008
:10B880003878207231322F69703A20203078253094
:10B890003878207231342F6C723A2020307825307D
:10B8A00038780020787073723A202030782530384C
:10B8B00078004661756C74696E6720696E73747286
:10B8C000756374696F6E2061646472657373202898
:10B8D0007231352F7063293A20307825303878005E
:10B8E000556E68616E646C6564204952516E3A20F1
:10B8F0002564002A2A2A2A2A204D505520464155DF
:10B900004C54202A2A2A2A2A002020537461636B6F
:10B91000696E67206572726F722028636F6E74653E
:10B9200078742061726561206D6967687420626552
:10B93000206E6F742076616C696429002020556E3A
:10B94000737461636B696E67206572726F72002039
:10B950002044617461204163636573732056696F8D
:10B960006C6174696F6E0020204D4D46415220413C
:10B970006464726573733A2030782578002020491A
:10B980006E737472756374696F6E2041636365735F
:10B99000732056696F6C6174696F6E002020466C6D
:10B9A0006F6174696E672D706F696E74206C617A57
:10B9B0007920737461746520707265736572766145
:10B9C00074696F6E206572726F72002A2A2A2A2AA1
:10B9D000205553414745204641554C54202A2A2A98
:10B9E0002A2A0020204469766973696F6E20627983
:10B9F000207A65726F002020556E616C69676E65F4
:10BA000064206D656D6F7279206163636573730087
:10BA10002020537461636B206F766572666C6F775C
:10BA20002028636F6E746578742061726561206E82
:10BA30006F742076616C6964290020204E6F20634A
:10BA40006F70726F636573736F7220696E73747257
:10BA5000756374696F6E73002020496C6C65676153
:10BA60006C206C6F6164206F66204558435F5245BF
:10BA70005455524E20696E746F2050430020204967
:10BA80006C6C6567616C20757365206F66207468E7
:10BA9000652045505352002020417474656D7074C8
:10BAA00020746F206578656375746520756E6465B4
:10BAB00066696E656420696E737472756374696F0C
:10BAC0006E002A2A2A2A2A20425553204641554CE4
:10BAD00054202A2A2A2A2A002020537461636B6981
:10BAE0006E67206572726F72002020507265636904
:10BAF0007365206461746120627573206572726F72
:10BB00007200202042464152204164647265737382
:10BB10003A2030782578002020496D70726563697D
:10BB20007365206461746120627573206572726F41
:10BB300072002020496E737472756374696F6E2091
:10BB4000627573206572726F7200526573657276EA
:10BB5000656420457863657074696F6E20280053B2
:10BB6000707572696F757320696E74657272757025
:10BB70007420284952512000457863657074696FBC
:10BB80006E206F6363757272656420696E20536501
:10BB900063757265205374617465002A2A2A2A2A03
:10BBA0002048415244204641554C54202A2A2A2AF2
:10BBB0002A002020427573206661756C74206F6EB8
:10BBC00020766563746F72207461626C65207265A3
:10BBD00061640020204465627567206576656E7437
:10BBE0000020204661756C7420657363616C61741C
:10BBF000696F6E20287365652062656C6F77290018
:10BC0000415243485F455843455054207769746812
:10BC100020726561736F6E2025780A002A2A2A2A0D
:10BC20002A204465627567206D6F6E69746F72209B
:10BC3000657863657074696F6E202A2A2A2A2A0043
:10BC40002A2A2A2A2A20257320256429202A2A2AFA
:10BC50002A2A006D7075004661696C656420746FF6
:10BC600020616C6C6F63617465206E6577204D5048
:10BC70005520726567696F6E2025750A00506172E4
:10BC8000746974696F6E2025753A2073616E6974EA
:10BC90007920636865636B206661696C65642E005A
:10BCA000496E76616C696420756E6465726C796941
:10BCB0006E6720726567696F6E20696E64657820B3
:10BCC000257500464C4153485F30005352414D5F4B
:10BCD000300065786974006E65745F627566006E29
:10BCE00065745F6275665F73696D706C6500736F14
:10BCF00063000000000100FFFFFFFFFFFF000000E6
:10BD000000000000FFFFFFFFFFFF00000000000039
:10BD10007075626C69630072616E646F6D0070753E
:10BD2000626C69632D69640072616E646F6D2D6968
:10BD30006400253032583A253032583A253032588E
:10BD40003A253032583A253032583A253032582088
:10BD5000282573290030313233343536373839618C
:10BD60006263646566004254204C572057510002BC
:10BD7000FB349B5F8000008000100000000000008A
:10BD800062745F6275660062745F6461746100442E
:10BD900061746120627566666572206F7665726691
:10BDA0006C6F7720286C696E6B2074797065203019
:10BDB00078253032782900556E61626C6520746F89
:10BDC000206C6F6F6B20757020636F6E6E207769CB
:10BDD00074682068616E646C6520257500556E611D
:10BDE000626C6520746F206C6F6F6B757020636F71
:10BDF0006E6E20666F722068616E646C65202575BA
:10BE0000004861726477617265206572726F722C8E
:10BE100020686172647761726520636F64653A209F
:10BE2000256400436F756C64206E6F7420737562B7
:10BE30006D69742072785F776F726B3A20256400A9
:10BE4000556E61626C6520746F20616C6C6F63610C
:10BE500074652062756666657200556E68616E6411
:10BE60006C6564206576656E742030782530327894
:10BE7000206C656E2025753A202573004E6F20706A
:10BE8000656E64696E67207065726970686572615D
:10BE90006C20636F6E6E656374696F6E00556E65BE
:10BEA0007870656374656420737461747573203091
:10BEB000782530327820257300546F6F20736D61C0
:10BEC0006C6C20282575206279746573292065764D
:10BED000656E742030782530327800496E76616C5A
:10BEE0006964204843492041434C207061636B657D
:10BEF000742073697A6520282575290041434C20F8
:10BF000064617461206C656E677468206D69736D1F
:10BF1000617463682028257520213D20257529003E
:10BF2000556E61626C6520746F2066696E64206373
:10BF30006F6E6E20666F722068616E646C6520257E
:10BF40007500496E76616C696420484349206576C6
:10BF5000656E742073697A65202825752900574518
:10BF600053545F544F504449522F7A657068797228
:10BF70002F7375627379732F626C7565746F6F744C
:10BF8000682F686F73742F6863695F636F72652EC3
:10BF9000630062745F6863695F6576745F67657488
:10BFA0005F666C616773286864722D3E65767429DC
:10BFB0002026202831554C203C3C202831292900BE
:10BFC000415353455254494F4E204641494C205B02
:10BFD00025735D20402025733A25640A00556E6B59
:10BFE0006E6F776E20627566207479706520257596
:10BFF00000556E68616E646C65642076656E646F72
:10C00000722D7370656369666963206576656E7409
:10C0100020307825303278206C656E2025753A20E6
:10C020002573004E6F20636F6D6D616E64207365C4
:10C030006E7420666F7220636D6420636F6D706C28
:10C0400065746520307825303478004F70436F6414
:10C05000652030782530347820636F6D706C65749E
:10C06000656420696E7374656164206F662065780D
:10C0700070656374656420307825303478006576A7
:10C0800074206E756D5F68616E646C657320283D09
:10C0900025752920746F6F206C61726765202825D3
:10C0A00075203E20257529004E6F20636F6E6E65EA
:10C0B0006374696F6E20666F722068616E646C6570
:10C0C000202575007061636B65747320636F756EF6
:10C0D00074206D69736D6174636800696E74657254
:10C0E00076616C206578636565647320746865208B
:10C0F00076616C69642072616E67652030782530E6
:10C100003478006C6174656E637920657863656569
:10C110006473207468652076616C69642072616E56
:10C1200067652030782530347800737570765F74D9
:10C13000696D656F757420657863656564732074D7
:10C1400068652076616C69642072616E6765203075
:10C15000782530347800756E6B6E6F776E0065767B
:10C16000745F666C6167732026202831554C203C33
:10C170003C202830292900496E76616C6964206270
:10C1800075662074797065202575005B305D004907
:10C1900064656E7469747925733A20257300496467
:10C1A000656E746974795B25645D3A202573004877
:10C1B00043493A2076657273696F6E202573202893
:10C1C00030782530327829207265766973696F6E10
:10C1D000203078253034782C206D616E756661636F
:10C1E000747572657220307825303478004C4D506B
:10C1F0003A2076657273696F6E2025732028307837
:10C200002530327829207375627665722030782562
:10C2100030347800556E61626C6520746F207365F0
:10C220006E6420746F20647269766572202865726E
:10C2300072202564290009556E61626C6520746F57
:10C2400020616C6C6F6320666F7220486F7374207E
:10C250004E43500A00657272203D3D203000095562
:10C260006E61626C6520746F2073656E6420486F28
:10C270007374204E43502028657272202564290A69
:10C2800000556E61626C6520746F206C6F6F6B205F
:10C29000757020636F6E6E207769746820696E64B4
:10C2A000657820307825303278004E6F74207265C2
:10C2B000706F7274696E67207061636B657420665D
:10C2C0006F72206E6F6E2D636F6E6E656374656442
:10C2D00020636F6E6E00556E636C656172656420DD
:10C2E00070656E64696E672073656E745F636D64FC
:10C2F00000737563636573730009636F6D6D616EC1
:10C3000064206F70636F6465203078253034782046
:10C3100074696D656F75740A0009436F6E74726F8E
:10C320006C6C657220756E726573706F6E73697672
:10C33000652C20636F6D6D616E64206F70636F6438
:10C3400065203078253034782074696D656F757498
:10C350002077697468206572722025640A006F7006
:10C36000636F64652030782530347820737461748D
:10C3700075732030782530327820257300436F6E36
:10C3800074726F6C6C657220746F20686F737420A8
:10C39000666C6F7720636F6E74726F6C206E6F7453
:10C3A00020737570706F72746564004E6F6E2D4CE3
:10C3B000452063617061626C6520636F6E74726F9B
:10C3C0006C6C6572206465746563746564210041FA
:10C3D000434C2042522F4544522062756666657276
:10C3E00073206E6F7420696E697469616C697A6517
:10C3F000640056656E646F72204843492065787406
:10C40000656E73696F6E73206E6F742061766169FB
:10C410006C61626C6500485720506C6174666F7285
:10C420006D3A20257320283078253034782900484B
:10C43000572056617269616E743A20257320283046
:10C44000782530347829004669726D776172653AD3
:10C4500020257320283078253032782920566572BF
:10C4600073696F6E2025752E2575204275696C6481
:10C47000202575004661696C656420746F207265C3
:10C48000616420737570706F727465642076656E78
:10C49000646F7220636F6D6D616E647300466169D5
:10C4A0006C656420746F20726561642073757070B0
:10C4B0006F727465642076656E646F722066656164
:10C4C00074757265730048434920647269766572B9
:10C4D000206973206E6F7420726561647900425424
:10C4E00020525820575100484349206472697665AC
:10C4F00072206F70656E206661696C656420282506
:10C500006429004E6F2070656E64696E6720636FEA
:10C510006E6E20666F7220706565722025730055FF
:10C520006E657870656374656420484F53545F4E40
:10C53000554D5F434F4D504C455445445F5041432A
:10C540004B4554532C2073746174757320307825D7
:10C5500030327820257300312E306200312E3100C8
:10C56000312E3200322E3000322E3100332E300088
:10C57000342E3000342E3100342E3200352E30006F
:10C58000352E3100352E3200352E3300352E340055
:10C59000362E30005374616E6461726420426C7593
:10C5A00065746F6F746820636F6E74726F6C6C6506
:10C5B000720056656E646F72207370656369666998
:10C5C0006320636F6E74726F6C6C65720046697283
:10C5D0006D77617265206C6F61646572005265737E
:10C5E00063756520696D6167650072657365727654
:10C5F0006564006E5246353178006E5246353278A9
:10C60000006E5246353378006E5246353448780015
:10C610006E524635344C7800496E74656C20436F19
:10C6200072706F726174696F6E004E6F72646963CD
:10C630002053656D69636F6E647563746F72004E2D
:10C6400058502053656D69636F6E647563746F72C3
:10C65000730062745F6863695F636F726500636D26
:10C660006420646973616C6C6F776564004F6E6CF5
:10C67000792072616E646F6D2073746174696320D8
:10C680006964656E7469747920616464726573733A
:10C6900020737570706F7274656400496E76616C9A
:10C6A000696420696E70757420706172616D657463
:10C6B000657273004661696C656420746F207265F1
:10C6C0006164207075626C69632061646472657373
:10C6D000730052656164205374617469632041641E
:10C6E0006472657373657320636F6D6D616E642032
:10C6F0006E6F7420617661696C61626C6500466181
:10C70000696C656420746F20726561642073746164
:10C7100074696320616464726573736573004E6F3E
:10C7200020737461746963206164647265737365F6
:10C73000732073746F72656420696E20636F6E740A
:10C74000726F6C6C65720043616E27742073657440
:10C7500020626F7468204944454E5449545920263C
:10C76000204E52504100556E61626C6520746F20FE
:10C77000736574206964656E74697479206164649A
:10C780007265737300556E61626C6520746F2073FF
:10C7900065742072616E646F6D206164647265738C
:10C7A000730062745F696400546F6F206269672070
:10C7B0006164766572746973696E6720646174611F
:10C7C000004661696C656420746F207374617274D3
:10C7D0002061647665727469736572004661696C84
:10C7E000656420746F2073746F7020616476657265
:10C7F000746973696E673A20256400436F6E7472C2
:10C800006F6C6C65722063616E6E6F7420726573FD
:10C81000756D6520636F6E6E65637461626C652013
:10C820006164766572746973696E6720282564296E
:10C830000062745F616476007073615F6372797027
:10C84000746F5F696E69742829206661696C65641C
:10C85000202564007073615F67656E657261746541
:10C860005F72616E646F6D2829206661696C656412
:10C870002025640062745F686F73745F63727970FF
:10C88000746F004661696C65642072656164207232
:10C89000656D6F74652066656174757265732028B7
:10C8A000256429004661696C6564204C4520536508
:10C8B0007420504859202825642900556E657870E9
:10C8C0006563746564206669727374204C324341F9
:10C8D00050206672616D6500556E65787065637491
:10C8E0006564204C3243415020636F6E74696E75ED
:10C8F0006174696F6E004E6F7420656E6F75676846
:10C900002062756666657220737061636520666F6C
:10C9100072204C32434150206461746100556E6551
:10C92000787065637465642041434C20666C616770
:10C93000732028307825303278290041434C206C10
:10C94000656E206D69736D6174636820282575209C
:10C950003E202575290028756E6B6E6F776E290055
:10C960006E6F207472616E736974696F6E202573C7
:10C9700000496E76616C69642028257529206F6CEA
:10C980006420737461746500636F6E6E202570207F
:10C990006661696C656420746F2065737461626C94
:10C9A0006973682E205246206E6F6973653F006E72
:10C9B0006F2076616C696420282575292073746165
:10C9C0007465207761732073657400696E636F6DA1
:10C9D00070617469626C652068616E646C652025A5
:10C9E000750054696D656F75742064697363617255
:10C9F0006465642E204E6F20626C6F636B696E6796
:10CA000020696E2073797377712E00556E61626CA8
:10CA10006520746F20616C6C6F6361746520627552
:10CA2000666665722077697468696E2074696D65E1
:10CA30006F757400636F6E6E2025703A206E6F7490
:10CA400020636F6E6E656374656400466174616C2B
:10CA5000206572726F7220282564292E2044697324
:10CA6000636F6E6E656374696E6720257000466F34
:10CA7000756E642076616C696420636F6E6E6563A9
:10CA800074696F6E20282570292077697468206189
:10CA900064647265737320257320696E202573208A
:10CAA0007374617465200053656E64204C4520707A
:10CAB0006172616D20757064617465206661696C76
:10CAC00065642028657272202564290053656E64B0
:10CAD000206175746F204C4520706172616D207506
:10CAE0007064617465206661696C65642028657294
:10CAF000722025642900646973636F6E6E656374C8
:10CB0000656400646973636F6E6E6563742D636F33
:10CB10006D706C657465007363616E2D6265666F20
:10CB200072652D696E6974696174696E6700696EFA
:10CB30006974696174696E672D66696C7465722DBC
:10CB40006C697374006164762D636F6E6E656374D7
:10CB500061626C65006164762D6469722D636F6E2D
:10CB60006E65637461626C6500646973636F6E6E99
:10CB7000656374696E670062745F636F6E6E005503
:10CB80006E61626C6520746F20616C6C6F636174A0
:10CB9000652062756666657220666F72206F702010
:10CBA000307825303278004E6F20617661696C6193
:10CBB000626C65204C3243415020636F6E7465781F
:10CBC0007420666F7220636F6E6E2025700045784A
:10CBD00070656374696E6720757020746F202564BA
:10CBE00020726566732C20676F7420256400616C69
:10CBF0007265616479206861766520766965772061
:10CC00006F6E202570004C32434150206C656E677A
:10CC10007468206D69736D617463682028257520C0
:10CC2000213D2025752900496E76616C6964206973
:10CC300064656E742076616C756520696E204C3277
:10CC40004341502050445500546F6F20736D616C08
:10CC50006C204C4520636F6E6E20706172616D2098
:10CC60007273700052656A656374696E6720756ED1
:10CC70006B6E6F776E204C324341502050445520EC
:10CC8000636F64652030782530327800546F6F20F0
:10CC9000736D616C6C204C32434150207369676E38
:10CCA000616C696E672050445500546F6F20736D3E
:10CCB000616C6C204C3243415020504455207265C9
:10CCC0006365697665640049676E6F72696E672097
:10CCD0006461746120666F7220756E6B6E6F776E23
:10CCE000206368616E6E656C204944203078253081
:10CCF000347800636F6E6669670062745F6C3263DC
:10CD00006170004E6F20617661696C61626C6520B4
:10CD100041545420636F6E7465787420666F72207E
:10CD2000636F6E6E202570004E6F20617661696CB6
:10CD300061626C6520415454206368616E6E656C5D
:10CD400020666F7220636F6E6E2025700041545410
:10CD5000204D54552065786365656465642C206DAD
:10CD600061782025752C2077616E74656420257AA2
:10CD70007500556E61626C6520746F206372656129
:10CD8000746520555549443A2073697A65202575A4
:10CD900000556E61626C6520746F2063726561740A
:10CDA0006520555549443A2073697A652025640009
:10CDB000415454206368616E6E656C206E6F742000
:10CDC000636F6E6E6563746564004572726F722086
:10CDD0007369676E696E6720646174610052616E89
:10CDE000206F7574206F66205458206275666665E2
:10CDF0007273206F7220636F6E74657874732E0087
:10CE0000476F74206572722025642C206E6F742029
:10CE100063616C6C696E67204154542063620054F6
:10CE20006F6F20736D616C6C2041545420504455D9
:10CE300020726563656976656400556E68616E642D
:10CE40006C65642041545420636F646520307825FC
:10CE500030327800496E76616C6964206C656E20B2
:10CE6000257520666F7220636F64652030782530E9
:10CE70003278004E6F7420636F6E6E656374656404
:10CE800000556E61626C6520746F2066696E642067
:10CE9000415454206368616E6E656C004E6F204192
:10CEA0005454206368616E6E656C20666F72204D0D
:10CEB000545520257A75004E6F2070656E64696E3A
:10CEC0006720415454207265717565737400415434
:10CED000542054696D656F757420666F72206465A7
:10CEE000766963652025732E20446973636F6E6EC7
:10CEF000656374696E672E2E2E00446973636F6ECE
:10CF00006E656374696E67206661696C656420286C
:10CF1000657272202564290062745F617474004335
:10CF20004D414320757064617465206661696C656C
:10CF300064202564004E6F20737061636520746FF8
:10CF40002073746F726520434343206366670075E6
:10CF50006E61626C6520746F207361766520534347
:10CF60003A206E6F20636667206C65667400766198
:10CF70006C75655F6C656E206F662025752070721C
:10CF80006F766964656420666F72204E554C4C2044
:10CF900076616C7565004E6F2073706163652074F7
:10CFA0006F2073746F726520436C69656E742053D3
:10CFB0007570706F72746564204665617475726512
:10CFC0007300556E61626C6520746F20696D706FBF
:10CFD000727420746865206B657920666F722041D9
:10CFE000455320434D414320256400434D41432098
:10CFF0006F7065726174696F6E20696E6974206606
:10D0000061696C656420256400434D414320666975
:10D010006E697368206661696C65642025640052DE
:10D02000656164206D6574686F64206E6F74207331
:10D030006574004661696C656420746F2072656177
:10D04000642061747472696275746520257020288B
:10D0500065727220257A642900496E76616C696474
:10D060002072656164206C656E6774683A20257A69
:10D0700064004C696E6B206973206E6F7420656E5E
:10D0800063727970746564004465766963652069CC
:10D0900073206E6F74207375627363726962656466
:10D0A00020746F2063686172616374657269737460
:10D0B0006963004E6F2062756666657220617661F5
:10D0C000696C61626C6520746F2073656E642069A1
:10D0D0006E6469636174696F6E0043434320257019
:10D0E000206E6F74207772697461626C65005343BF
:10D0F00020726573746F726520696E646963617410
:10D10000696F6E206661696C6564004E6F206275A0
:10D110006666657220617661696C61626C65207417
:10D120006F2073656E64206E6F74696669636174E5
:10D13000696F6E0062742F6363630062745F67617E
:10D140007474004E6F20617661696C61626C652059
:10D15000534D5020636F6E7465787420666F722033
:10D16000636F6E6E2025700062745F736D70005384
:10D17000656C656374656420414443206761696E32
:10D18000206973206E6F742076616C69640053654A
:10D190006C65637465642041444320726566657202
:10D1A000656E6365206973206E6F742076616C69AB
:10D1B000640053656C656374656420414443206179
:10D1C00063717569736974696F6E2074696D652028
:10D1D0006973206E6F742076616C696400496E76A5
:10D1E000616C69642073656C656374696F6E206F30
:10D1F00066206368616E6E656C73004368616E6E75
:10D20000656C202575206E6F7420636F6E6669678C
:10D210007572656400414443207265736F6C757468
:10D22000696F6E2076616C756520256420697320B6
:10D230006E6F742076616C6964004F7665727361FD
:10D240006D706C696E6720697320737570706F7292
:10D2500074656420666F722073696E676C65206305
:10D2600068616E6E656C206F6E6C79004F766572CA
:10D2700073616D706C696E672076616C75652025D1
:10D2800064206973206E6F742076616C696400504D
:10D29000726F76696465642062756666657220697E
:10D2A0007320746F6F20736D616C6C202825752F4F
:10D2B0002575290061646340653030300061646326
:10D2C0005F6E7266785F736161646300556E6B6E4A
:10D2D0006F776E2074797065202575004661696CE2
:10D2E000656420746F2073656E64202865727220F7
:10D2F000256429004E6F7420656E6F756768206421
:10D3000061746120666F72206576656E7420686551
:10D3100061646572004576656E74207061796C6F2A
:10D320006164206C656E677468206973206E6F7429
:10D3300020636F727265637400436F756C646E274F
:10D340007420616C6C6F6361746520612062756626
:10D350006665722061667465722077616974696EB2
:10D3600067203130207365636F6E64732E004E6FDB
:10D370007420656E6F7567682073706163652069DE
:10D380006E2062756666657220257A752F257A751E
:10D39000004E6F7420656E6F7567682064617461FC
:10D3A00020666F722041434C20686561646572009D
:10D3B0004E6F20617661696C61626C652041434CFF
:10D3C0002062756666657273210041434C2070616E
:10D3D000796C6F6164206C656E6774682069732076
:10D3E0006E6F7420636F7272656374004E6F742089
:10D3F000656E6F756768206461746120666F722066
:10D4000049534F20686561646572004E6F206176F4
:10D4100061696C61626C652049534F206275666674
:10D420006572732028257A7529210049534F207091
:10D4300061796C6F6164206C656E677468206973D4
:10D44000206E6F7420636F727265637400556E6B2B
:10D450006E6F776E2048434920747970652025757A
:10D4600000484349207472616E73706F7274207348
:10D4700065747570206661696C656420776974688D
:10D480003A2025640A004950432073657276696327
:10D490006520696E7374616E636520696E69746975
:10D4A000616C697A6174696F6E206661696C65642C
:10D4B0003A2025640A005265676973746572696E63
:10D4C0006720656E64706F696E74206661696C6553
:10D4D00064207769746820256400456E64706F6904
:10D4E0006E742062696E64696E67206661696C653E
:10D4F00064207769746820256400446572656769F3
:10D5000073746572696E672048434920656E647064
:10D510006F696E74206661696C65642077697468F0
:10D520003A20256400436C6F73696E67204950434D
:10D530002073657276696365206661696C65642035
:10D54000776974683A202564004843492074726101
:10D550006E73706F72742074656172646F776E2081
:10D560006661696C656420776974683A2025640097
:10D5700062745F6863695F69706330006E72665FD2
:10D5800062745F6863690062745F6863695F647294
:10D59000697665720062745F6863695F6E72663592
:10D5A000335F737570706F727400636C6F636B4080
:10D5B00035303030006866636C6B006C66636C6B92
:10D5C000006866636C6B3139326D006866636C6B42
:10D5D000617564696F00636C6F636B5F636F6E741A
:10D5E000726F6C00656E74726F70795F62745F68E1
:10D5F0006369007073612D726E67006770696F40B8
:10D60000383432383030006770696F403834323522
:10D6100030300074785F6D61736B20746F6F2062BF
:10D62000696720286F72204950435F434F4E465F21
:10D630004E554D20746F6F20736D616C6C290072B4
:10D64000785F6D61736B20746F6F2062696720284B
:10D650006F72204950435F434F4E465F4E554D20F9
:10D66000746F6F20736D616C6C2900456E61626C24
:10D67000696E67206368616E6E656C207769746897
:10D680006F75742061207265676973746572656473
:10D690002063616C6C6261636B0A0053656E646940
:10D6A0006E672064617461206E6F74207375707092
:10D6B0006F72746564005258206576656E74206FD1
:10D6C0006E20696C6C6567616C206368616E6E6565
:10D6D0006C005258206576656E74206F6E20646908
:10D6E0007361626C6564206368616E6E656C006D69
:10D6F000626F78403261303030006D626F785F6EFB
:10D700007266785F69706300000102030405060712
:10D710000B4661696C656420746F20616C6C6F638B
:10D7200061746520505049204368616E6E656C00DD
:10D7300075617274403830303000756172745F6E9C
:10D740007266785F75617274650054462D4D206E67
:10D750006F6E2D7365637572652063616C6C6261B9
:10D76000636B20696E697469616C697A6174696F51
:10D770006E206661696C65642C206572726F723A06
:10D78000202564002A2A2A2A2A2053454355524537
:10D79000204641554C54202A2A2A2A2A002020417A
:10D7A0006464726573733A203078257800202049CC
:10D7B0006E76616C696420656E74727920706F6931
:10D7C0006E74002020496E76616C696420696E7405
:10D7D000656772697479207369676E6174757265C3
:10D7E000002020496E76616C6964206578636570FD
:10D7F00074696F6E2072657475726E0020204174BA
:10D80000747269627574696F6E20756E69742076C2
:10D81000696F6C6174696F6E002020496E76616C6F
:10D820006964207472616E736974696F6E00202080
:10D830004C617A79207374617465207072657365C8
:10D8400072766174696F6E0020204C617A79207362
:10D8500074617465206572726F72002A2A2A2A2AFE
:10D860002053505520494E54455252555054202A69
:10D870002A2A2A2A00202053656375726974792048
:10D8800076696F6C6174696F6E20666F7220746860
:10D890006520666C617368206D656D6F72792073A9
:10D8A0007061636500202053656375726974792027
:10D8B00076696F6C6174696F6E20666F7220746830
:10D8C000652052414D206D656D6F727920737061D6
:10D8D00063650020205365637572697479207669E9
:10D8E0006F6C6174696F6E206F6E206F6E65206F54
:10D8F00072207365766572616C20706572697068FC
:10D900006572616C732E000C04241C0020303030D2
:10D9100030303030303030303030300001756E72A1
:10D920006567697374657265642025732062757319
:10D930000A0067656E65726963006D6574616C3AB3
:10D9400020656D657267656E63793A20006D657458
:10D95000616C3A20616C6572743A202020202000AE
:10D960006D6574616C3A20637269746963616C3AC5
:10D970002020006D6574616C3A206572726F723A96
:10D980002020202020006D6574616C3A2077617240
:10D990006E696E673A202020006D6574616C3A20D4
:10D9A0006E6F746963653A20202020006D65746194
:10D9B0006C3A20696E666F3A202020202020006D8E
:10D9C0006574616C3A2064656275673A2020202096
:10D9D000200025733A2066726565696E67206E6F58
:10D9E0006E2D656D707479207669727471756575C8
:10D9F000650D0A00756E65787065637465642062F4
:10DA000075666665722068656C6420636F756E74F8
:10DA100065720D0A0072785F76710074785F7671B6
:10DA2000004E530048616C74696E6720737973749B
:10DA3000656D00556E6B6E6F776E206572726F72DA
:10DA4000003E3E3E205A45504859522046415441DE
:10DA50004C204552524F522025643A202573206FA6
:10DA60006E20435055202564004661756C74206417
:10DA70007572696E6720696E746572727570742054
:10DA800068616E646C696E670A0043757272656ED8
:10DA900074207468726561643A20257020282573AB
:10DAA000290043505520657863657074696F6E0076
:10DAB000556E68616E646C656420696E746572721F
:10DAC00075707400537461636B206F766572666C59
:10DAD0006F77004B65726E656C206F6F7073004BD3
:10DAE00065726E656C2070616E6963006D61696E50
:10DAF000006F7300737973776F726B7100286E75A6
:10DB00006C6C29002A666C6F61742A0000000000AA
:10DB10000000000000000000000000000000000005
:10DB200000000000000000000000000000000000F5
:10DB300000000000000000000000000000000000E5
:10DB400000000000000000000000000000000000D5
:10DB500000000000000000000000000000000000C5
:10DB600000000000000000000000000000000000B5
:10DB700000000000000000000000000000000000A5
:10DB80000000000000000000000000000000000095
:10DB90000000000000000000000000000000000085
:10DBA0000000000000000000000000000000000075
:10DBB0000000000000000000000000000000000065
:10DBC0000000000000000000000000000000000055
:10DBD00000000000B1CA00000000000000000000CA
:10DBE0000000000000000000000000000000000035
:10DBF0000000000000000000000000000000000025
:10DC00000000000000000000000000000000000014
:10DC10000000000000000000000000000000000004
:10DC200000000000000000000000000000000000F4
:10DC300000000000000000000000000000000000E4
:10DC400000000000000000000000000000000000D4
:10DC500000000000000000000000000000000000C4
:10DC600000000000000000000000000000000000B4
:10DC7000000000000000000094A801000000000067
:10DC800000000000000000000000000079530100C7
:10DC90000000000000000000000000009081002053
:10DCA00090810020678A0100000000000000000051
:10DCB000000000000000000000000000B081002013
:10DCC000B08100200000000001000000C0810020A1
:10DCD000C0810020C8810020C88100200000000011
:10DCE00001000000D8810020D88100200000000041
:10DCF0000000000000000000000000000000000024
:10DD00000000000000000000000000000000000013
:10DD10000000000000000000000000000000000003
:10DD2000000000000000000000000000D1630100BE
:10DD300000000000000007200000010058A80100BA
:10DD40000000000058A801000100000002000000CF
:10DD5000000000000000000000020000E56E01006D
:10DD6000F0AD01000000000058B301000000080001
:10DD700064B3010000000200000000000000000089
:10DD800000000000C9A10000000000000000000029
:10DD900074B3010000001000000000008572010053
:10DDA000000000000000000000000000AF7701004C
:10DDB000000000000000000000000000C5B80000E6
:10DDC0000000000000000000000000002DE1000045
:10DDD00000000000000000000000000061DA000008
:10DDE0000000000000000000DC820020DC82002037
:10DDF000000000000000000081EC0000C5FB0000F6
:10DE000000000000000000000000000045F30000DA
:10DE10001D8301004F82010075EC0000000000002E
:10DE200088B301000000020094B3010000000A0062
:10DE3000A4B301000000200000000000000000006A
:10DE40000000000000000000278801000000000022
:10DE5000B8B3010000000200C4B3010000000200DA
:10DE6000D0B301000000020000000000000000002C
:10DE7000000000007CD50100000000008D8A010038
:10DE8000311101000000000094A8010080830020EF
:10DE9000808300200000000001000000908300202B
:10DEA000908300206CA80100FFFF0000FFFF00002E
:10DEB000918D01008D8D01000090D0030070014014
:10DEC00000000000FFFFFFFF3F000000FFFFFFFF1B
:10DED0003F00000000000000000000000000000003
:10DEE0000000000000000000000000000000000032
:10DEF0000000000000000000000000000000000022
:10DF00000000000000000000000000000000000011
:10DF10000000000000000000000000000000000001
:10DF200000000000000000000000000000000000F1
:10DF300000000000000000000000000000000000E1
:10DF40000000000008000000FF00000000000000CA
:10DF5000030000000000000032D9010000000000B2
:10DF60004D3501000000000000000000000000002E
:10DF700000000000000000000000000000000000A1
:10DF80000000000078840020788400200D1806002E
:10DF90000000000000000000000000000000000081
:03DFA0000000007E
:10DFA400000000000000000000000000000000006D
:10DFB400000000000000000000000000000000005D
:10DFC400000000000000000000000000000000004D
:10DFD400000000000000000000000000000000003D
:10DFE40000000000DC840020DC84002070DD0020C0
:10DFF40000000000010000002C00000000000000F0
:10E00400F8840020F884002060AF002000000000A5
:10E0140001000000B0000000000000001485002092
:10E02400148500209CDD0020000000000300000097
:10E0340010000000000000000000000050C100209B
:10E0440000100000000000000000000044850020D3
:10E054004485002000000000000000000E000000C5
:10E0640058850020588500200000000001000000B1
:10E074006885002068850020708500207085002058
:10E0840000000000FFFFFFFF808500208085002046
:10E094000000000000000000908500209085002012
:10E0A40098850020988500200000000000000000F2
:10E0B400A8850020A8850020B0850020B085002018
:10E0C40002000200060000001575010024AF0100E3
:10E0D40070D500200000000000000000D48500205E
:10E0E400D4850020DC850020DC85002003000300AB
:10E0F400100000000000000048B0010018DC0020FF
:10E1040000000000000000000086002000860020BF
:10E114000886002008860020030003001000000089
:10E1240039F20000F0B00100F8DC0020000000002B
:10E13400000000002C8600202C860020348600205D
:10E1440034860020030003000100000000000000EA
:10E1540034AF01003CD600200000000000000000A5
:10E1640058860020588600206086002060860020A3
:10E174000A000A00010000005575010014AF0100F7
:10E1840018D4002000000000000000008486002055
:10E19400848600208C8600208C86002001000100EB
:10E1A40010000000DDD9000038B0010090DB002031
:10E1B4000000000000000000B0860020B0860020AF
:10E1C400B8860020B88600200A000A00010000007A
:10E1D4000000000004B0010078DA00200000000014
:10E1E40000000000DC860020DC860020E48600209D
:10E1F400E48600200100010001000000000000008E
:0CE2040044AF010094D7002015E015E0A5
:00000001FF
