:1080000030C10020ADA9000017D9010099A90000D6
:1080100099A9000099A9000099A9000099A9000058
:108020000000000000000000000000003DAB000068
:1080300099A9000000000000CDAA000099A9000045
:10804000E9AC0000E9AC0000E9AC0000E9AC0000DC
:10805000E9AC0000E9AC0000E9AC0000E9AC0000CC
:10806000E9AC0000E9AC0000E9AC0000E9AC0000BC
:10807000E9AC0000E9AC0000E9AC0000E9AC0000AC
:10808000E9AC0000E9AC0000E9AC0000E9AC00009C
:10809000E9AC0000E9AC0000E9AC0000E9AC00008C
:1080A000E9AC0000E9AC0000E9AC0000E9AC00007C
:1080B000E9AC0000E9AC0000E9AC0000E9AC00006C
:1080C000E9AC0000E9AC0000E9AC0000E9AC00005C
:1080D000E9AC0000E9AC0000E9AC0000E9AC00004C
:1080E000E9AC0000E9AC0000E9AC0000E9AC00003C
:1080F000E9AC0000E9AC0000E9AC0000E9AC00002C
:10810000E9AC0000E9AC0000E9AC0000E9AC00001B
:10811000E9AC0000E9AC0000E9AC0000E9AC00000B
:10812000E9AC0000E9AC0000E9AC0000E9AC0000FB
:10813000E9AC0000E9AC0000E9AC0000E9AC0000EB
:10814000E9AC0000E9AC0000E9AC0000E9AC0000DB
:04815000E9AC000096
:1081580010F8012B11F8013B012A28BF9A42F7D0E9
:10816800D01A7047034611F8012B03F8012B002A97
:10817800F9D17047034613F8012B002AFBD1181ACE
:1081880001387047000000000022F0B5114640F6A3
:10819800034087B004F0E4FE0446002840F09D80C8
:1081A80004F0FEFA214641F2030005AA04F0D8FEC5
:1081B8000446002840F09180059A494DD16805F1A0
:1081C8007803D1F80100D1F8051003C3104603F075
:1081D800D3F9214641F2010005AA04F0C1FE044684
:1081E80000287AD10598C3685A7885F870205A888B
:1081F800A5F872201A7985F87120B3F80720A5F838
:108208007420B3F80530A5F8763003F0B5F92146A7
:1082180041F2020005AA04F0A3FE044600285CD13E
:10822800059F05F18006FA68531C413234461868E8
:108238005968083303C493422646F7D1384603F0F9
:108248009BF906F067F80446002846D195F88A306D
:108258009A060ED45721234815F000FA95F87C3079
:108268005B0643D44521204815F0F8F96FF0120455
:1082780033E0072140F6334004F0B2FA06460028FE
:1082880000F0398107210C3003F082FA452303708E
:108298000223C0F802408471447004712246C370FE
:1082A800314640F6334004F05BFE0446A8B901218C
:1082B80040F6314004F094FA0646002800F01B818D
:1082C80001210C3015F0CAFB2246314640F63140F8
:1082D80004F046FE04460028C0D0204607B0F0BD92
:1082E80000800020E332020016330200002142F22F
:1082F800030005AA04F034FE04460028EDD1059BCE
:10830800A34EDA68D2F80100D2F8051003C6184661
:1083180003F032F9214642F2020005AA04F020FED9
:1083280004460028D9D1059CE368B3F8012091B22E
:1083380049B1D97839B1A5F80421DA78114606F19E
:10834800280018F04AFB204603F016F91F2395F879
:108358007C60A5F8203116F0200618D1022140F6DD
:108368006D4004F03DFA0446002800F0C480022164
:108378000C3003F00DFA0123214603704670324693
:1083880040F66D4004F0ECFD04460028A5D195F8B0
:108398009C301F0712D5002142F21C0005AA04F0E8
:1083A800DFFD0446002898D10598C368D3F801205A
:1083B800D3F80530C5E9382303F0DEF895F8D8304E
:1083C8009E0624D50DF1120104A804F0A1FE04466E
:1083D800002882D1042142F2240004F001FA064662
:1083E800002800F0888004210C3003F0D1F9BDF892
:1083F800103022460380BDF812303146438042F2E5
:10840800240004F0ADFD044600287FF466AF95F81B
:10841800D8305C0610D5002142F22A0005AA04F0E3
:108428009FFD044600287FF458AF0598C3685B7821
:1084380085F8223103F0A0F8082142F2010004F087
:10844800CFF90446002856D008210C3003F0A0F9D3
:1084580095F8D81040F2022311F0400F08BF03230B
:10846800024688074CBF43F02C0043F00C0095F8F7
:10847800D9308F0648BF40F0400013F0090F18BFED
:1084880040F40060CE0748BF40F01000002115F00E
:108498004DFC2146002242F2010004F061FD044631
:1084A80000287FF41AAF95F87C30B5F804119806C7
:1084B80024D4C9B941F2050005AA04F051FD0446C7
:1084C80000287FF40AAFB5F80431059C4BB9E3687E
:1084D800B3F80120A5F804219A882E48114618F00F
:1084E8007CFA204603F048F8082140F6014004F0E1
:1084F80077F9044658B96FF06804EEE60029F3D11D
:108508004521254815F0AAF86FF00404E5E608218E
:108518000C3003F03DF995F8D8300246D9072DD430
:108528004FF000511D4815F001FC2146002240F68D
:10853800014004F015FD044600287FF4CEAE014644
:1085480005AA4FF6014004F00BFD68B35721144803
:1085580015F084F815F08BFD044600287FF4BDAEB5
:1085680007F092FA044600287FF4B7AEEB79002BA7
:1085780079D149210B4815F071F8AEE602A1D1E98D
:108588000001D0E7AFF3008090880002008000204F
:10859800D8800020088100203F33020010880002A4
:1085A8006733020059340200059E4921F4683148B6
:1085B800B4F80130032B96BF2F4A304A52F82320D3
:1085C80015F04CF8B4F80120B4F80330022A2AD187
:1085D800052B28D82A4A52F823204921294815F082
:1085E8003DF8D4F8091063790291B4F80710032B09
:1085F800019198BF244AA17994BF52F823201F4AB9
:1086080022480091492115F029F8304602F0B4FFBC
:1086180000214FF6024005AA04F0A2FC044620B14E
:1086280057211B4894E7154AD7E70598C368B3F85C
:108638000130A5F8C13002F09FFF95F8C1305B0703
:1086480088D521464FF6034005AA04F089FC10B1ED
:10865800572110487CE70598C3685B7885F8C030D7
:1086680002F08AFF76E708210B4815F04CFB04F06E
:1086780029FA32E690330200B01802009E30020058
:1086880098180200AE33020088180200CB330200AB
:10869800FD3302002B340200D4800020012B08B5E2
:1086A8000DD11378032033B117F08DFA054814F073
:1086B800B3FA012008BD17F089FA0348F7E76FF00D
:1086C8000C00F7E74C1E0200551E0200012B08B5EE
:1086D8000DD11378022033B117F075FA054814F05C
:1086E8009BFA012008BD17F071FA0348F7E76FF00D
:1086F8000C00F7E75F1E0200681E020008B5044878
:1087080014F08AFABDE80840012017F05FBA00BFEC
:10871800721E020070B5064688B030B10146114895
:1087280008B0BDE8704014F077BA0F4D0F4803AC9D
:1087380014F072FA14F0DBFF0FCD0FC42B680C494C
:10874800236002223346009603A805F0D7FC0146B1
:1087580020B1084814F060FA08B070BD064814F05B
:108768005BFAF9E78C1E020030150200AC1E02000D
:10877800A4160200C31E0200E91E020008B521B1BA
:10878800BDE80840054814F047BA054814F044FA13
:10879800BDE80840012017F016BA00BF0B1F020001
:1087A800271F020010B5104814F036FA0DF09EFD90
:1087B800014628B10D4814F02FFA4FF0FF3010BDD4
:1087C8000B4804F0E9FC044610B101460948F2E7F9
:1087D800013404F0010100200DF0A8FD00214FF440
:1087E800004012F01BFEF3E7321F0200581F020080
:1087F8001D8700008C1E020010B5094C0A449142E6
:1088080000D110BD11F8013B58400309E35C000199
:10881800C0B243401809205C1B01DBB25840EEE7A8
:108828009C1F020070B589B306680122304614F017
:1088380058F801460446304614F01BF8C30708D41C
:108848001349AF22134814F0FDF9AF21104814F072
:10885800F0F92146304614F022F82518294600225E
:10886800304614F006F82D1AAC4206D00849B72253
:10887800084814F0E7F9B721E8E72146304614F034
:1088880014F82146BDE8704014F050B970BD00BF1F
:10889800AC1F0200CF1F02002DE9F8430F460668FF
:1088A8001446B2684B1EB2F5004F34BF04210821AC
:1088B8003B4010D0C7F1000909EA0709494503F10F
:1088C800FF3028BF494618420CD11F46BCB90025C5
:1088D8002846BDE8F8838F420FD82146BDE8F84303
:1088E80014F066B92C492D484FF4A27214F0AAF975
:1088F8004FF4A271284814F09CF99946E6E7B2EBC8
:10890800D40FE4D9E319591A104613F0F4FF0146BD
:10891800304614F04AF880460028D8D0B36809EBEE
:10892800C005B3F5004F34BF042308231D44354464
:108938007B1E1D44B5FBF7F57D43A5EB09052946CC
:10894800304613F0CEFF2C44073424F00704A41B50
:10895800804507464FEAE40408D2024641463046BD
:1089680014F05DF84146304614F09EF8394630461A
:1089780013F095FF3844844208D2394630462246DF
:1089880014F04DF82146304614F08EF8012239468D
:10899800304613F08AFF9BE7AC1F0200CF1F02008E
:1089A800B2F5802F2DE9F0410CD2042A20D83D4998
:1089B8004FF4F9723C4814F045F94FF4F97139480D
:1089C80014F037F90823D21ACC1D114424F00704F7
:1089D80021F00701091B17294FEAD1060AD83149A6
:1089E80040F2FB12304814F02DF940F2FB11E6E793
:1089F8000423E8E70027046031463046A660E760B4
:108A080013F082FF0121421D8046304613F073FFA8
:108A18009200D51DED082844B0423AD8B8F1FF3F7E
:108A28003946A2F1100204F11000B8BF3A4618F016
:108A38007FF92A463946204613F04FFF3B463A460F
:108A48003946204613F020FFA6EB05082046394694
:108A5800012213F02AFF4246294613F03EFF2B4617
:108A68003A462946204613F00FFF3146204613F0B8
:108A780034FF43463A463146204613F005FF314657
:108A88002046012213F011FF2946BDE8F04114F0F9
:108A98000BB804494FF40372034814F0D3F84FF4A9
:108AA80003718CE7AC1F0200CF1F0200014B1B684B
:108AB800184700BF88810020014B1860704700BF2D
:108AC8008881002030B585B004460D46102200216B
:108AD800684618F02DF902238DF80230044B2A4617
:108AE80021466846019313F053FC05B030BD00BF22
:108AF800B58A000080B505460E461746984612F01E
:108B0800FFFC034618F0B8F90446DFF8189042460F
:108B180049F8003039463046A84754F8090001F0B2
:108B2800BBFF00BF080000002DE9F84F0446A38BE7
:108B380008461907164612D4022803F0070162D125
:108B4800204614F005F988B10138042800F225817F
:108B5800DFE810F0590023017E00C800F500012865
:108B68000CBF43F0100143F02001A18304F114006D
:108B780012F0D0FE002800F0AB8086F31188BFF316
:108B88006F8FBDE8F88F03F00702501F01281ED829
:108B98000020062A2768C4E9000014D13A4603E0F9
:108BA800E08B0130E0831268002AF9D123F0070333
:108BB80043F002022046A28314F0CAF890B342F0B0
:108BC8002002A2832EE023F007039AB2F2E7042AD8
:108BD80033D123F007039AB22046A28314F0B8F8E1
:108BE80010B142F02002A283A38B03F00709894544
:108BF80040F0DC80A18BCA0640F1218121F01003EE
:108C0800A38301F00701D4F81880A38BB8F1000FF3
:108C1800B9DA0022276823F00703C4E9002243F0E9
:108C28000103A383A38B03F00709894540F0BF80A4
:108C3800002FDFD00025AA4640E0854940F21B12EC
:108C4800844813F0FFFF40F21B11814813F0F1FF35
:108C580041B17F494FF4AB727E4813F0F3FF4FF4F4
:108C6800AB71F2E7236843B9794940F25712794862
:108C780013F0E8FF40F25711E7E723691D6845B98B
:108C880073494FF4AD72734813F0DCFF4FF4AD71C4
:108C9800DBE70F4688464FF00609A38B23F007034E
:108CA80043F006039BB2A383A268002A40F08180A8
:108CB800002F40F08180002D9CD0BA4643F0080375
:108CC80004F1140B5846A38312F024FE002875D132
:108CD800614940F231125F4813F0B4FF40F231119C
:108CE8005D48B3E7022908D0594940F25D12594856
:108CF80013F0A8FF40F25D11A7E7E78B47B154498D
:108D08004FF4AF72534813F09DFF4FF4AF719CE7D7
:108D180023695D6845B94E4940F261124D4813F028
:108D280091FF40F2611190E7A38BB84623F0070347
:108D380043F004039BB24FF00409A383B4E701296D
:108D480008D043494FF4B272424813F07BFF4FF406
:108D5800B2717AE7236843B93D4940F265123D484C
:108D680013F070FF40F265116FE723699D6845B9FC
:108D780037494FF4B472374813F064FF4FF4B471B5
:108D880063E70027A38BB84623F0070343F00503E6
:108D98009BB24FF00509A38386E72D4940F26B1279
:108DA8002C4813F04FFF40F26B114EE700270025C7
:108DB8007AE74FF0010A81E792467FE786F3118848
:108DC800BFF36F8FBAF1000F16D147BB15B120461C
:108DD8002249A847EFF31186202383F31288BFF3B3
:108DE8006F8F584612F088FD08BB1B498822194826
:108DF80013F028FF882173E7A1680029E5D00E68E1
:108E08000029E2D043464A462046D1F804A0D0477C
:108E18001EB1336831461E46F2E73346FAE7394653
:108E280043464A4620463F6813F0BEFFCDE7584602
:108E380012F086FDA38B23F00803A383DAE68B06E2
:108E48007FF594AE21F02003A38301F0070177E6B4
:108E5800F81F0200CF1F02001D200200698E0000CB
:108E6800F8B504460D4600F11406EFF311872023E8
:108E780083F31288BFF36F8F304612F03DFD40B97F
:108E880009490A48882213F0DDFE8821064813F0B4
:108E9800D0FE304612F054FDA5613A462046BDE8A2
:108EA800F8400121FFF740BE1D200200CF1F02003D
:108EB8002DE9F04704460F4613F066FF051E5DDBFB
:108EC80004F11409EFF3118A202383F31288BFF306
:108ED8006F8F484612F010FD804638B93349882212
:108EE800334813F0AFFE882130483CE0484612F082
:108EF80027FD4FF6FF72E38BA68B934206F0070619
:108F08003FD0022E10D135460133E383484612F094
:108F180001FD00283BD1254940F23112244813F0C5
:108F280091FE40F23111DFE7062E13D8DFE806F094
:108F3800092C1212090409006FF085054FF000088A
:108F4800E4E700233B6063687BB9C4E900777EB13E
:108F58003546F3E7174916484FF4E47213F072FEEA
:108F68004FF4E471134813F064FE1F606760EEE786
:108F7800524602212046FFF7D7FD35462846BDE870
:108F8800F0876FF00A05D9E76FF00405D6E78AF392
:108F98001188BFF36F8FB8F1000FEFD0002332466E
:108FA8003946204613F000FFE8E700BF1D20020005
:108FB800CF1F0200F81F0200F8B5054600F114069D
:108FC800EFF31187202383F31288BFF36F8F3046A6
:108FD80012F092FC38B920498822204813F032FE5A
:108FE80088211D4825E0304612F0AAFCAC8B04F01D
:108FF8000704022C12D0012C0CBF6FF004046FF090
:109008008504304612F086FC08BB134940F2311241
:10901800124813F017FE40F23111E2E7EB8B53B917
:109028000F490E4840F2EF1213F00CFE40F2EF1118
:109038000B4813F0FEFD013B9BB2EB83002BE0D104
:109048003A4621462846FFF76FFD2046F8BD87F3CC
:109058001188BFF36F8FF8E71D200200CF1F0200B1
:10906800F81F020008B54268034602F00302022A0C
:1090780081600AD0032A4FF0000103D0012A0AD1E7
:10908800596006E01868596008BD186800225A60DF
:1090980050B90020F8E706490648452213F0D2FDEA
:1090A8004521034813F0C5FD12F09AFEF1E700BF11
:1090B8004A200200CF1F02002DE9F7430F4606465B
:1090C8000821C06A13F016FF80463C68DFF8489014
:1090D800241A3C6004EA0905AC4203D8002003B016
:1090E800BDE8F08308236A462146304613F09AFE0D
:1090F8000028F4D16946304613F006FF40B1BDF8A8
:109108000230BDF8042005EA090513441D443C60FB
:10911800A4EB0804E0E700BF0000FFFF73B50446B6
:109128004FF6FF72C06A082113F0E4FE0025636859
:109138000F4EADF800208DF80620A289191833408B
:109148001344181A60606846ADF80210ADF8045070
:1091580013F0C7FE6946204613F096FF2046211DEE
:1091680013F099FE284663683340A36002B070BDCF
:109178000000FFFF2DE9F047044688B000F114070E
:10918800384617F0F1FBA06A8368DB689847E0620D
:1091980048B94521AB4814F061FA6FF01505284627
:1091A80008B0BDE8F087A06A8368DB689847036861
:1091B800013B1F2B02D94521A348ECE7A06A21688F
:1091C80005AA16F0E1FB10B14521A048E3E7A589FF
:1091D8002DB1069BB5FBF3F203FB125515B14521E2
:1091E8009B48D8E7E389012B02D845219948D2E763
:1091F800E36A009593F805904FF0FF334FF0FF3284
:10920800384610F0FBF90821E06A13F073FEA8460F
:109218000646E3891FFA85FA534508D8E38943458A
:1092280023D1384610F0A0FA6FF02C05B7E7A189D2
:109238002B04891B13FA81F14A4608232046009122
:1092480013F0FEFD78B16946204613F024FE08F1BC
:10925800010808234A46204600991FFA88F813F0A7
:10926800EFFD0028DAD00135D3E753450BD100993B
:1092780008234A462046891B13F0E2FD18B96946BF
:10928800204613F008FE69462046FFF715FF0546FD
:1092980018B1384610F068FA81E7009B4FEA134886
:1092A8004FEA08486360C4F80880D4E9011399427A
:1092B8000FD30823204601AA13F0B4FD0546002861
:1092C800E7D101AB13F8012B91453CD10135082DAD
:1092D800F8D1636869461B0C1B042046009313F001
:1092E800DAFD4A462046A389009913F0A9FD051E18
:1092F800CFDB636869D04FF6FF7906EB0308A389D3
:109308001FFA88F29B1B9A42CDF8008037D3492177
:10931800514814F0A3F92046616813F0C9FD0546C9
:109328000028B6D163684D4AA18913400B44A3EBCA
:109338004603636013402046A36013F0CDFE054644
:10934800002D5ED0A5E7204601A913F0DDFD626877
:1093580010B9921B6260A8E7BDF80850BDF8061066
:10936800E06AC4F80880294413F0C4FD40449042E0
:10937800A060EED1002DECD06FF01C057AE0082338
:109388004146204603AA13F04DFD0546002880D12A
:10939800204603A913F0B8FD38B1BDF80C304B4591
:1093A80003D1BDF81030002B6AD0B044A7E74A4675
:1093B80020465B1A13F044FD051EFFF66AAF08D07D
:1093C800E26AA36812681344A360D4E901318B42AE
:1093D800EDD86168A38901EB46029A42B0D1DFF863
:1093E8007C80A26801EA08039A42A9D0204613F0BB
:1093F8005FFD054600287FF44CAF636803EA080365
:10940800A360A389A288A3EB46039A422ED03846CC
:1094180010F0AAF901234921E28911482374A3898C
:1094280014F01CF96268492193B20E48120C14F02A
:1094380015F9A268492193B20B48120C14F00EF9E1
:109448000025ACE689200200B0200200D2200200EC
:10945800EF20020008210200792102000000FFFF2E
:10946800302102004C21020063210200204613F043
:109478001CFE0546384610F077F9002DCAD08EE656
:109488004921084814F0EAF8636869461B0C20462D
:109498001B04009313F0FFFC2046009913F008FD0D
:1094A8004DE700BFA52102002DE9F04F1D46037CC2
:1094B80091B00446029100924BB94521634814F0DB
:1094C800CDF86FF00C06304611B0BDE8F08FC26AD7
:1094D8000821104613F00EFD29460190104613F09E
:1094E80009FDA389019A0746A3EB82039D4200F276
:1094F800A9801DB1009B002B00F0A4806368059330
:10950800204606AA05A9DDF814A013F03AFD064680
:109518000028D8D1BDF81830029A934206D0626864
:10952800059B9A42ECD1002D36D1CCE7204606A9FE
:1095380013F0EAFC0028F2D0BDF81A80BDF81C3000
:1095480045B3AB4228D14FEA1A4A4FEA0A4AD044F7
:10955800AA46E36ADDF800B01B685B4203F020030B
:109568000393DDF80C904146D14528BFD1462046EB
:109578004B4608AA13F056FC00284AD14A465846DA
:1095880008A917F0DDFB38B9BAEB090AC844CB447F
:10959800E7D198E7002B96D0002F3DD1B84604F1CB
:1095A800140A4FF0FF324FF0FF33504610F026F800
:1095B800E3899E4243D0A168626808EB01039A429E
:1095C8002FD3029B2046ADF82030FF23009A8DF858
:1095D80026302B46ADF82210ADF8245013F01BFDB1
:1095E80029460746E06A13F085FCA3680344A36094
:1095F80057B908A813F075FC204608A913F044FDD4
:10960800002814BF07462F46504610F0ADF83E46D6
:1096180059E7C1DC064656E7019B1F441FFA87F845
:10962800BDE72046FFF77AFD07460028ECD1204623
:1096380013F052FD07460028E6D10136B8E76FF06F
:109648001B07E1E76FF015063DE700BF7020020039
:109658002DE9FF471E46037C04460F469046BDF899
:10966800309043B92C48452113F0F8FF6FF00C00F7
:1096780004B0BDE8F0870821C06A13F03BFCA38959
:10968800A3EB40039E4243D80025D4F804A0CDF8AC
:1096980004A0A9455146DDF804A009D263685345E2
:1096A8001ED1BDF80830BB421AD06FF00100DFE7C9
:1096B800204602AA01A913F064FC0028D8D1BDF8FD
:1096C8000830BB4206D1204602A913F01DFC08B1A0
:1096D8000135ADB26268019B9A42DAD15146E0E7A2
:1096E800BDF80C30002BE0D0A945DED8BDF80A0043
:1096F800090CB3424FEA014128BF334601444246B0
:10970800204613F08FFB0028B2D1BDF80C00AFE75C
:109718006FF01500ACE700BF7020020010B530B93B
:109728000B48452113F09AFF6FF0150010BD8368B0
:1097380033B90848452113F091FF6FF00400F5E7AD
:109748001B6813B1BDE8104018471846EEE700BF84
:10975800C6210200DC21020010B530B90B484521B2
:1097680013F07CFF6FF0150010BD836833B908480B
:10977800452113F073FF6FF00400F5E75B6813B140
:10978800BDE8104018471846EEE700BFC6210200A2
:10979800DC21020070B508B101B132B90B4845218E
:1097A80013F05CFF6FF0150070BD84680CB1E568BC
:1097B80035B90748452113F051FF6FF00400F3E76E
:1097C80041F8040BE368BDE870401847FF21020028
:1097D800DC21020010B5044630B91048452113F0C9
:1097E8003DFF6FF0150010BD006830B90C484521E9
:1097F80013F034FF6FF00100F5E783680BB11B69C4
:1098080033B90848452113F029FF6FF00400EAE74F
:10981800616898470028E6D12060E4E7302202001A
:1098280046220200DC21020070B51346044630B916
:109838001048452113F012FF6FF0150070BD006845
:1098480030B90D48452113F009FF6FF00100F5E725
:1098580082680AB1956835B90848452113F0FEFEBB
:109868006FF00400EAE70A46AC466168BDE870405C
:10987800604700BF3022020046220200DC210200BD
:10988800034A13680BB9526813600020704700BF81
:109898008C81002030B50C460E4985B00291D0F875
:1098A800D4110546CDE9003100F1F0014FF0FF3346
:1098B80020460EF009FF50B9012384F86C30D5F822
:1098C800D03123B1204605B0BDE83040184705B077
:1098D80030BD00BF81D3010038B50C46114605469E
:1098E80013F04CFD034638B92846044913F046FDE9
:1098F80003460020236038BD0120FBE741460200F3
:109908002DE9F04F012381460569466887B005F5C2
:109918005F77D7E8EF2F002A03D1C7E8E13F002996
:10992800F7D10CBF1A46002240F0B080B368B16A84
:1099380005F5F8781C1F104613F0A7FD84426ED871
:10994800013A00F09D80B2FA82F24FF00044D44010
:1099580072682046073222F00302C5F83C22B16A39
:1099680013F093FDC5F84002B36A404663430333DE
:1099780023F0030302EB4302230103EB44030933FF
:1099880023F0030303EBC403C5F834221A44083256
:10999800C5F830227368C5F83842C5F82C323D4BFB
:1099A800C5E9AD63316800F0E5F90446002834D113
:1099B800D9F810B0D9F804A0D9F800300BF53479EB
:1099C800059004934846DAE90734012B08BF103C98
:1099D80010F06AFCDAF824002F4904AB01EB80216F
:1099E8004FF4806248460093234610F073FC2B49DD
:1099F8000BF5307010F024FBDAE9050183685C6828
:109A08004CB15B46264AA047044630B9DAE905015D
:109A180083681B692BB96FF05704002129E00132D4
:109A280089E70122984704460028F6D11D4B2846AD
:109A3800C5F8D0311C4BC5F8D4311C4B0393D5F86D
:109A480040320293D5F83C32CDE9008305F5117315
:109A5800B26AD5F8781300F055F904460028DCD12D
:109A680005F1F0000EF0D6FE0028C5F880030ADBE9
:109A78000221384613F0B6FC204607B0BDE8F08F47
:109A88006FF00B04C9E76FF01504C6E76FF07704B1
:109A9800F2E700BFD7D30100989B0020BDD3010097
:109AA800B1D30100B99A000069D501001DD40100A5
:109AB80013B5044640B100230122CDE90032074B1B
:109AC800D0E909120EF0D4FD236F1B6823B1606F33
:109AD80002B0BDE81040184702B010BD4146020070
:109AE80013B504460846216901F55F71D1E8AF1F37
:109AF800022910D193B1A0B10121CDE9003113465B
:109B0800D0E909120EF0B4FD074B984208BF6FF078
:109B18000B0002B010BD6FF00F00FAE76FF04C00B9
:109B2800F7E76FF00100F4E72EF8FFFF2DE9F347A0
:109B380089461546066906F55F73D3E8AF3F022BE1
:109B480064D1136823B96FF0150002B0BDE8F0873F
:109B58001B78002BF7D0D6F878A3BAF1000F36D1CE
:109B680006F5EC774FF0FF324FF0FF3338460FF031
:109B780045FD30462A6801A9FFF7AEFE019C8046E4
:109B88001CB9384613F02CFCDDE705F10803236700
:109B98006B6984F86CA06367646460B1384613F03D
:109BA8001FFC21463046A36E2A68FFF773FE00208B
:109BB800C9F80040C9E71F22296804F1480017F0D6
:109BC800E1F8384684F8678013F00AFCEFE730467E
:109BD800104913F0D3FB04460028B4D0002705F140
:109BE800080303676B6980F86C70436740641F2241
:109BF8002968483017F0C6F822460121304684F813
:109C0800677000F061F80028D1D09CE76FF00F0072
:109C18009BE700BF4146020010B50C46006900F5FD
:109C28005F73D3E8AF3F022B0FD189B10A4900F522
:109C3800307010F0C9FA204616F04FFC7822002147
:109C4800204617F075F8002010BD6FF00F00FBE7F5
:109C58006FF00100F8E700BF309200202DE9F04FC7
:109C680005460E4690460027D0F8C4A085B0AAF550
:109C7800BE7421463046FEF76BFAE0B9114BA4F1E9
:109C8800480B0293DAF810303246CDE900832946B2
:109C98004FF0FF335846AAF5E2790EF015FD60B98A
:109CA8007823012203FB079383F86C20DAF80C3041
:109CB8000BB158469847783417B105B0BDE8F08F16
:109CC8000127D6E797D501001FB5144690B18AB190
:109CD800012912D10A4B00F1F0010293D0F8D431D6
:109CE800483201934FF0FF33204600930EF0ECFC0E
:109CF80004B010BD6FF01500FAE70020F8E700BFC8
:109D080097D501002DE9F04387B00E46DDE90E81B5
:109D18001446DDE910251F4630B329B3DFF850C0DB
:109D280000F1F009002D08BF65469EB9CDE903444E
:109D380000F5E2742046059616F087FD03ABCDE9E1
:109D480000432A463B46414648460EF011FF07B0FD
:109D5800BDE8F083002241460E9248462A4607B0E5
:109D6800BDE8F0430FF054B86FF01500EFE700BFFF
:109D7800659C0000F0B504462B4A87B004AB0E463C
:109D880092E8030083E80300002C49D018460EF03F
:109D980075FB0546B0B94FF0FF33E16C04F1540789
:109DA800A163CDE9010000933846236D04F1380220
:109DB80016F045F8A06C13F019FCC4F8BC0020B9E3
:109DC8006FF00B05284607B0F0BDA06C13F00EFC31
:109DD800C4F8C0000028F3D0236CD4F8BC10C4F831
:109DE80090300423C4F89430C4F8AC300223E36202
:109DF8000E4BB4F84820C4F88C10616C236204F14F
:109E08008C03C4F8A070A4F89820C4F8B870C4F8FB
:109E1800A810A4F8B020C4F8A400A6612363D1E771
:109E28006FF01505CEE700BF44150200E0160200EA
:109E3800014B0360002070470C17020070B5104BEF
:109E48000D461C68B4B10F4B196800238B4202DB26
:109E58006FF0010070BD224612F8106B864202D0E6
:109E680014460133F2E7E06816F02CFD28B1002013
:109E78002C60EFE76FF00C00ECE76FF01200E9E7F9
:109E8800FC8100208417020010B5436888B0029353
:109E980083680C46CDE9033200230A68C068CDE91F
:109EA8000623054901AA059315F072FD079808B91C
:109EB800059B236008B010BD81D6010002460B4601
:109EC80001480FF09BBB00BF7485002001480FF0CC
:109ED8004BBC00BF748500202DE9F0410E4B0546B0
:109EE8001C680E4617469CB14FF0FF304FF0FF310B
:109EF800FFF7E4FF63682046D3F8108032463B46FC
:109F08002946C0470446FFF7E1FF2046BDE8F08137
:109F18006FF00104F9E700BF5892002000230360A6
:109F2800044B5A6812B9C3E90000704710605860C2
:109F3800704700BF5C920020014B1860704700BF5B
:109F480058920020002330B585B0019005464FF0A7
:109F5800FF314FF0FF30CDE90233FFF7AFFF094B78
:109F68001C6844B9284600F0D5F80446FFF7AEFF50
:109F7800204605B030BD636820461B6801A9984794
:109F88002468EEE75C9200201FB5CDE901014FF08F
:109F9800FF304FF0FF310392FFF790FF074B1C682B
:109FA80024B9FFF793FF204604B010BD636820462C
:109FB8001B6801A998472468F2E700BF5C9200205B
:109FC8000022024BC3E90022704700BF5C920020C8
:109FD8000022024BC3E90022FFF7F2BF649200207F
:109FE8002DE9F74307460C4609B100230B6000260C
:109FF800234DDFF890904D4520D9234923489C22D2
:10A0080012F020FE9C21204812F013FED5F80080A3
:10A018003846414601AA13F071FB50B116B954B93C
:10A028002E4606E000224046316813F067FB002800
:10A03800F5D11835DFE7019B2360F1E7E6D3144B30
:10A048001D68C5B155F8188C3846414601AA183D17
:10A0580013F054FB50B116B954B92E4606E000224D
:10A068004046316813F04AFB0028F5D1AD69E8E7AE
:10A07800019B2360F1E7304603B0BDE8F08300BFE1
:10A08800A01402003015020070220200CF1F020047
:10A09800649200202DE9F341DDF8208004460D4646
:10A0A80016461F460190B8F1000F07D0D8F80010E7
:10A0B800C1B9D8F804E0BEF1000F1CD1204601A9AF
:10A0C800FFF78EFF98B13B46D0F80C803246294600
:10A0D8000198C047034650B1224645210C4813F069
:10A0E800BDFA04E001AA13F009FB0028E1D1002021
:10A0F80002B0BDE8F081D8F8083032460893294606
:10A108003B46F446019802B0BDE8F041604700BF05
:10A11800A22202002DE9F04780464FF000470026B2
:10A12800DFF8BC90DFF8BCA03D462F4C4C452CD93D
:10A138002E492F4840F2111212F084FD40F21111FD
:10A148002A4812F076FD2F46EEE7B8F1000F03D14A
:10A1580022694AB91834E9E700224146206813F019
:10A16800CDFA0028F4D1F5E76368BB4205DDAF42BC
:10A1780009D09D42A8BF1D46ECE7EBD19047002EC1
:10A1880008BF0646E6E71D46E4E7DED3DAF80040F6
:10A1980004B3183CB8F1000F03D122694AB9A46985
:10A1A800F6E700224146206813F0A8FA0028F4D107
:10A1B800F5E76368BB4205DDBD4209D09D42A8BFF3
:10A1C8001D46ECE7EBD19047002E08BF0646E6E7B0
:10A1D8001D46E4E7AF42B6D13046BDE8F08700BF80
:10A1E8003015020064920020A014020070220200C0
:10A1F800CF1F020038B50C4D4FF0FF334FF0FF3240
:10A208000A480FF0FBF92B783BB9FFF7E1FE00F0A5
:10A218006DF8044610B901232B70002403480FF091
:10A22800A3FA204638BD00BF489800207485002056
:10A238002DE9F04706468946048FDFF8ACA00134C3
:10A2480098B0A4B200F10807651EADB2B5F5004F8D
:10A2580047D04A23294605AA384613F00EF804F5D4
:10A268007F543F34A4B280462146012338460DF17D
:10A278000B0213F002F8B8F1000F014610DC0028B9
:10A2880010DC338FAB4209D132466B1E22F8383FBF
:10A298004FF4004102233846FFF706F92C46D3E76E
:10A2A800002808DC2946384612F0E3FF21463846E4
:10A2B80012F0DFFFE5E708F160030DEB0308002368
:10A2C800524608F84C3C05A8CDF8009003AB03971C
:10A2D800ADF81040FFF7DEFE0028DFD018B0BDE86B
:10A2E800F0870020FAE700BF75D701007FB501238A
:10A2F800694605200193FFF7A1FD044660BB0520D0
:10A3080002AA01A913F0DAF9044610B110F10C0FF2
:10A3180022D10399B1F5803F23D200231846009A31
:10A328009468084484421AD30133082BF9D10E4D9E
:10A33800A982EB8253682846AB60D368EB6313F0BD
:10A34800ADFA044640B9094E28466E60FFF7E6FDAF
:10A3580028466E60FFF7F0FD204604B070BD9BB242
:10A36800E5E76FF02004F7E76C920020B881002041
:10A3780008B5044812F050FCBDE80840024812F045
:10A388004BBC00BFD2220200072302004B1E5942D9
:10A398005941014B197070474A98002008B5012BA4
:10A3A800BDF808100CD171B90A4B1B680BB9012014
:10A3B80008BD1078012809D800F001009847F6E791
:10A3C8006FF00C00F4E76FF00600F1E76FF0120091
:10A3D800EEE700BFAC9200202DE9FF411F460D4B70
:10A3E800054658680C46164680B1D1F80C8080475F
:10A3F800094B324618700123CDE90183BDF8283096
:10A408002146009328463B4607F04CFC04B0BDE8C3
:10A41800F08100BFAC9200204998002037B505466E
:10A428000C46C9B18B6814480093D1E90023452133
:10A4380013F014F9636945210093D4E903230F4805
:10A4480013F00CF94521E2690D4813F007F945218D
:10A45800A2690C4813F002F9012D06D1EFF3058229
:10A4680045210948103A13F0F9F82146284603B067
:10A47800BDE830400EF0FCBC91230200C523020069
:10A48800F92302000D2402004024020030BFFFF728
:10A49800FDBF00BF2DE9F04105460B4EDFF82C80CB
:10A4A800324606EB0807CC1B2046094916F019FC72
:10A4B800A01942460021083C16F03AFC6C6707F1E7
:10A4C8000800BDE8F08100BF00000000080000009F
:10A4D80030150200074A936893F90E10002907DB2C
:10A4E800526993421FBF044A536843F08053536034
:10A4F800704700BFC097002000ED00E010B5244C65
:10A508004521244813F0AAF8A36A99013ED52248A8
:10A51800452113F0A3F81E20A36ADA0104D51F48C9
:10A52800452113F09BF81F20194CA36ADB0204D5C0
:10A538001B48452113F092F80220A36A1C0304D596
:10A548001848452113F08AF82120114CA36A5903B1
:10A5580004D51548452113F081F82220A36A9A03EF
:10A5680004D51248452113F079F82320084CA36A32
:10A57800DB0304D50E48452113F070F82420A36AA4
:10A588006FEA03436FEA1343A36210BD1D20C3E7BC
:10A5980000ED00E058240200752402008D2402001A
:10A5A800AC240200DB240200FE240200282502005D
:10A5B8004725020070B5284C06460D462748452118
:10A5C80013F04CF8A36AD9043BD52548452113F06C
:10A5D80045F81720A36A1A0504D52248452113F027
:10A5E8003DF818201C4CA36A9B0511D51E4845212F
:10A5F80013F034F8A26BA36A180408D545211B4848
:10A6080013F02CF81EB1A36A23F40043A3621920A7
:10A61800114CA36A590504D51548452113F01EF8B5
:10A628001A20A36ADA050ED51248452113F016F848
:10A638001B20094A936A43F47F43936200232B70DB
:10A6480070BD1620C6E7A36A9B04F2D50A484521C7
:10A6580013F004F81C20ECE700ED00E07725020079
:10A6680092250200A8250200C0250200DE2502006E
:10A67800F8250200182602003526020070B5324C73
:10A6880006460D463148452112F0E8FFA36AD9066F
:10A6980048D52F48452112F0E1FF1120A36A1A0777
:10A6A80004D52C48452112F0D9FF1220264CA36A64
:10A6B8009B0711D54521284812F0D0FF626BA36A89
:10A6C800190608D54521254812F0C8FF1EB1A36A0E
:10A6D80023F08003A36213201B4CA36ADA0704D576
:10A6E8001F48452112F0BAFF1420A36A9B0604D51F
:10A6F8001C48452112F0B2FF1520134B9A6AD60662
:10A7080002D49A6A94070FD59B6AD9060CD51649C4
:10A71800164840F2331212F095FA40F233111248FB
:10A7280012F087FA1020B9E7074B9A6A920642BFDF
:10A738005A6A22F400525A629A6A42F0FF029A62F6
:10A7480000232B7070BD00BF00ED00E069260200F9
:10A7580084260200A8250200BC260200D926020091
:10A76800F42602003526020018270200CF1F020037
:10A778002DE9F043714B0546D3F804900F46164671
:10A7880000238BB0C9F3080883F31188BFF36F8FD8
:10A7980002F07F43B3F17F4F0AD069494FF48562D5
:10A7A800684812F04FFA4FF48561654812F041FA93
:10A7B80012F00104F1D1530603D4100707D401277E
:10A7C80007E04521604812F049FF710700D53D4672
:10A7D8000027002DE1D00026A8F103038DF80760BB
:10A7E800092B00F29880DFE803F0058B8F769696A8
:10A7F800969696934521554812F030FF8DF80760DC
:10A808004E4EF36A9A0704D54521514812F026FFA7
:10A8180033E0F36A002B02DA45214E48F6E7F36A83
:10A828005B0064D545214C4812F018FF7369AA698A
:10A8380043F480737361BFF34F8FBFF36F8F7369F6
:10A8480032F8022C23F480737361BFF34F8FBFF388
:10A858006F8F4DF602739A4209D0B36ADBB263B3C5
:10A8680001200DF10701FFF709FF044605E0452126
:10A878002A683A4812F0F2FE2C689DF80730CBB9E6
:10A8880002AA05F12006134628686968083503C33B
:10A89800B5421A46F7D1099B002F49D0C3F30802E5
:10A8A80022B96FEA53236FEA43230993204602A98A
:10A8B800FFF7B4FD0BB0BDE8F083B36A13F47F4F24
:10A8C80005D001200DF10701FFF774FECDE7B36A4B
:10A8D800B3F5803F02D3FFF711FEC6E7184940F2EF
:10A8E800FA22184812F0AEF940F2FA215DE714494D
:10A8F80040F2FE22134812F0A5F940F2FE2154E777
:10A9080000200DF10701AEE700200DF10701DBE79C
:10A91800452113487AE7134919F4F87F124A134876
:10A9280008BF0A46A8F11003452112F097FEA4E7D4
:10A9380023F4FF7323F00103B7E700BF00ED00E045
:10A9480018270200CF1F020078270200A027020064
:10A95800BC270200E2270200F5270200192802009E
:10A968003A2802004A2702005F27020063280200F3
:10A97800064B5A6942F010025A615A6942F48062E1
:10A988005A615A6922F008025A61704700ED00E0E6
:10A99800EFF30880EFF3098101B57246FFF7E8FE8F
:10A9A80001BD00BF002080F31488BFF36F8F002023
:10A9B80080F30A8880F30B880F4880F3088815F025
:10A9C8007FF900200D490860BFF34F8F00F03EF873
:10A9D800202080F311880A484FF40061401880F362
:10A9E8000988EFF314800221084380F31488BFF329
:10A9F8006F8F00F007F9000030C1002094ED00E0EF
:10AA0800F0AF0020BFF34F8F0549064BCA6802F428
:10AA1800E0621343CB60BFF34F8F00BFFDE700BF79
:10AA280000ED00E00400FA05002318460649D1F8B5
:10AA38009020C2F30722934200DB7047C1F8983098
:10AA4800C1F8A0000133F6E700ED00E010B572B6DA
:10AA5800002484F31388FFF7E7FF23464FF0FF3005
:10AA68000C4A03F120010133102B42F82100F8D1E0
:10AA780000234FF0FF30074A03F160010133102B28
:10AA880042F82100F8D162B6BFF34F8FBFF36F8F42
:10AA980010BD00BF00E100E0084B9B6883420BD16A
:10AAA800EFF3058343B1064B5A6842F080525A606F
:10AAB8005A6A22F400425A6210F028BDC09700205A
:10AAC80000ED00E018498A6882F881E04FF0300014
:10AAD8001044EFF3098C80E8F01F202080F31288DF
:10AAE800BFF36F8F114F4FF000664A698A603E606E
:10AAF8004FF07404141920680D4C206092F981E01D
:10AB0800906F0023936780F3118802F1300090E87A
:10AB1800F01F8CF3098802F1000004B512F004FF5D
:10AB2800BDE8044070470000C097002004ED00E035
:10AB3800B49200201EF0040F0CBFEFF30880EFF36F
:10AB48000980816911F8021C0229FFD001B57246FB
:10AB580012F0D9FE01BD00BF40B2002807DB012377
:10AB68004109034A00F01F00834042F82130704732
:10AB780000E100E040B200280CDB0122064943094D
:10AB880000F01F008240203341F82320BFF34F8F8D
:10AB9800BFF36F8F704700BF00E100E0054B42092B
:10ABA80053F82220012300F01F0003FA00F01040A0
:10ABB800704700BF00E100E00131072908B508D956
:10ABC8000D490E48582212F03DF858210A4812F053
:10ABD80030F840B20028ACBF00F16040084B4FEAA3
:10ABE8004111C9B2ABBF00F5614000F00F0080F819
:10ABF8000013195408BD00BF7B280200CF1F0200B4
:10AC080014ED00E00B4A08B50B4B22F07F029A6066
:10AC1800BFF34F8FBFF36F8FD3F8882022F47002F1
:10AC2800C3F888200EF010FA10F092FE00F04CF8ED
:10AC38000EF04AFA0080000000ED00E042F8203CE7
:10AC4800009B0D4942F81C3C019B21F0010142F890
:10AC5800183C029B42F8081C42F8143C4FF08073E1
:10AC680042F8043C002383674FF43C43203A0265D2
:10AC7800C0F88030704700BFFD8A000000B50B4B5C
:10AC880015469860426F0A4B0E461A60436E83F36E
:10AC98000B882C4686F309880020064B98472046E7
:10ACA800002100220023044C204700BFC097002049
:10ACB800B492002039D90100FD8A00001022014B0E
:10ACC8001A61704700ED00E0002320210348C218F4
:10ACD8000133452B82F80013F9D1704700E100E0F9
:10ACE80008B5EFF30583064A103B02EBC30152F89F
:10ACF800330049688847BDE80840FFF7EBBB00BF51
:10AD0800481002001FB5094C094A23460121094889
:10AD180000F00EF900230393074B0121E41A01A860
:10AD28000193029400F01EF904B010BD0000072042
:10AD380000800020F81702007087002010B50C7AF8
:10AD48000B6804F01F0223F01F031A43CB68640941
:10AD580023F01F03054943EA440343F00103C1F804
:10AD68009800C1F89C20C1F8A03010BD00ED00E0AB
:10AD780010B50A4B0446D3F89030C3F30723013BC0
:10AD8800984208D902464521054812F067FC6FF041
:10AD98001504204610BDFFF7D1FFFAE700ED00E0EB
:10ADA800B62802002DE9F04F8946144606464FF0B2
:10ADB8000008514D85B0C84527DAD6F804A0BAF185
:10ADC800000F44D0BAF11F0F18D91AF01F0F15D170
:10ADD800D6F800B01BF01F0F10D1584612F0E4FD52
:10ADE80007460AEB0B00013812F0DEFD874210D04F
:10ADF8006FF015073A464521404802E04246452192
:10AE08003F4812F02BFC6FF01504204605B0BDE852
:10AE1800F08F17F1160FEDD0BC42EBDDC5F8987036
:10AE2800D5F89C10C5F89870D5F8A03021F01F010E
:10AE380043F01F0BD6E900321A44994202F1FF3A57
:10AE48001DD1D34507D13146F8B212F0B6FD08F14D
:10AE580001080C36AFE73146C5F89870D5F89C3034
:10AE680022F01F0203F01F031343C5F89C30E0B221
:10AE780012F0A3FD10F1160FC5D0441CE7E7C5F882
:10AE88009870D5F8A020013B23F01F0302F01F02A1
:10AE98001343D3453146E0B2C5F8A030E8D012F0EC
:10AEA8008CFD10F1160FAED0C5F89870D5F89C201F
:10AEB8009DF808300BF1FF3B62F304038DF808306E
:10AEC800D5F8A0309DF808205B0863F347128DF889
:10AED8000820D6E900321344009323F01F035B4493
:10AEE800A3EB0A03013023F01F036946C0B20393A2
:10AEF800FFF73EFFBEE700BF00ED00E009290200B2
:10AF0800E12802000522044BC3F89420BFF34F8FB9
:10AF1800BFF36F8F704700BF00ED00E0BFF35F8F96
:10AF28000022024BC3F89420704700BF00ED00E0F8
:10AF380010B5094C2278FFF735FF207016300AD17A
:10AF48000649074840F26F1211F07CFE40F26F117B
:10AF5800024811F06EFE10BD4B9800203129020006
:10AF6800CF1F02002DE9F74F2E4D8A4606464FF0B7
:10AF78000008AB462C4FD04502DB03B0BDE8F08F8C
:10AF8800D6F80490B9F1000F47D03168084601910E
:10AF980012F00AFD0199044609EB0100013812F08C
:10AFA80003FD84424FF01402204B10D002FB08F33B
:10AFB8006FF015024BF803201D491E4840F27F121E
:10AFC80011F040FE40F27F11194811F032FE14F1E1
:10AFD800160F2C60F0D01978A142EDDD02FB08B005
:10AFE800C7F89840C7F89840D7F89C4000F1080186
:10AFF800007B64F304000871D7F8A0000C794008BE
:10B0080060F347140C71D7F89C1021F01F01696098
:10B01800D7F8A01021F01F01296108F101081435A3
:10B028000C36A8E7B892002000ED00E04B9800200D
:10B0380031290200CF1F02002DE9F0414E494F4C43
:10B04800D1F890302568C3F307239D4286B00AD90A
:10B058004B494FF4D3724B4811F0F4FD4FF4D371C0
:10B06800474811F0E6FD0020FFF758FF464BC1F8AE
:10B07800C03085421AD1454C01A82570FEF7D8FE8C
:10B08800002506464FF04108414FAE4215D1002039
:10B0980023783949D1F89020C2F30722934265DB1F
:10B0A8000020FFF72FFF06B0BDE8F081616801EBD3
:10B0B8000011FFF743FE0130DBE7019A290102EB9B
:10B0C8000513D3F80CC00CEA0700B0F5001F23D015
:10B0D800B0F5800F38D0B0F5801F45D15868525868
:10B0E8009B68CDE902022122013B20F01F010B449D
:10B0F80023F01F038DF810200593207802A9FFF78D
:10B1080037FE00282DDA1E494FF4E8721D4811F069
:10B1180099FD4FF4E871A3E758689B685258013BC2
:10B1280020F01F010B4423F01F031CF0010FCDE991
:10B1380002028DF810800593DFD01149742211485E
:10B1480011F080FD74218BE758689B685258013BC9
:10B1580020F01F010B44CDE9020223F01F03022255
:10B16800C8E723780133237001358EE7C1F898309A
:10B17800C1F8A00001338DE700ED00E004180200DB
:10B1880031290200CF1F0200AAFF44004B9800207B
:10B198000000F0FF08B5024811F048F8FEE700BFCC
:10B1A8006F29020008B5024B1B689847002008BDAC
:10B1B800CC920020034B044A1860937843F00203B2
:10B1C80093707047CC9200200082002008B5064991
:10B1D800064821F00701C1F1005202F5E022FDF70F
:10B1E800DFFB002008BD00BF2BE70020D092002025
:10B1F80070B541690446867A0A4D59B1437ADB072E
:10B2080006D4342303FB0653DB6A1B689B68984704
:10B21800002363613420214606FB0050BDE87040DE
:10B2280015F0CDBBD08500203422024B02FB003044
:10B23800704700BFD08500203421827A064B01FB7D
:10B2480002331A6B93F82430801A1B3323F003035C
:10B25800B0FBF3F0704700BFD085002038B5342428
:10B26800827A064B04FB0233DB6AD3E901240C60C3
:10B278001568FFF7E1FF04FB005038BDD0850020BA
:10B2880008B5437A43B10B495A220B4811F0DAFC4E
:10B298005A21084811F0CDFC436833B105495B22B7
:10B2A800054811F0CFFC5B21F3E703824369C360D3
:10B2B80008BD00BF74290200CF1F02002DE9FF4717
:10B2C8000546684691461C46039115F074FCDDE975
:10B2D80000673DB95649EE22564811F0B3FCEE21FD
:10B2E800534813E005F11C08EFF3118A202383F378
:10B2F8001288BFF36F8F404610F0FEFA40B94E49EE
:10B3080088224C4811F09EFC88214B4811F091FC92
:10B31800404610F015FB6B8C002B56D02A8C9A42B5
:10B3280033D90022002328460EF088FB044660B378
:10B33800404610F0EFFA40B93F4940F231123D481B
:10B3480011F080FC40F23111DFE78AF31188BFF376
:10B358006F8F039D002D5AD032463B46684615F044
:10B368004EFC3421A27A354B204601FB0233DB6ABE
:10B3780003A91B681E68DDE90023B0476061002847
:10B3880039D12046FFF734FF30E06C8C4046631E0D
:10B398006B8410F0BFFA0028CED08AF31188BFF36F
:10B3A8006F8F95F824302A8C1B33121B2C6B23F0DB
:10B3B800030302FB0344214B214AEB1A9B1053431E
:10B3C800A37295F82430E372C3E7404610F0A2FA5E
:10B3D8000028B1D08AF31188BFF36F8F23464A46FD
:10B3E80028460EF02BFB04460028B2D10024204644
:10B3F80004B0BDE8F087039B9D4209D90C4940F28F
:10B4080045120C4811F01EFC40F2451168E76561D1
:10B41800012300212381039BE27A6160638204F1A6
:10B42800180015F085FC2046FFF72AFFDFE700BF6C
:10B4380074290200CF1F02001D200200D0850020C1
:10B44800C54EECC470B50C46054650B922494FF4B8
:10B45800D072224811F0F6FB4FF4D0711E4811F05B
:10B46800E8FB41B91C4940F2A1121C4811F0EAFB63
:10B4780040F2A111F2E7EFF31186202383F312883B
:10B48800BFF36F8F164810F037FA38B9154988227C
:10B49800124811F0D7FB88211248E0E7104810F055
:10B4A8004FFA002323606B6873B9C5E900440C4860
:10B4B80010F030FA58B90B4940F23112074811F030
:10B4C800C1FB40F23111E7E71C606C60EFE786F3DF
:10B4D8001188BFF36F8F70BD74290200CF1F02005F
:10B4E800DC9200201D20020070B5044650B91E49A8
:10B4F8001E4840F2AD1211F0A5FB40F2AD111A48FA
:10B5080011F097FBEFF31186202383F31288BFF322
:10B518006F8F174810F0F0F938B916498822134888
:10B5280011F090FB88211348EAE7114810F008FA57
:10B5380025682DB162682B689542236008BF636057
:10B548000B4810F0E7F940B90A4940F231120748B0
:10B5580011F078FB40F23111E5E786F31188BFF36B
:10B568006F8F284670BD00BF74290200CF1F0200EC
:10B57800DC9200201D20020070B5044698B13426E4
:10B58800104D2046037A6468013BDBB203724BB965
:10B59800C3604360837A06FB03539B6A73B1984781
:10B5A800002CEED170BD084908484FF4E37211F041
:10B5B80049FB4FF4E371044811F03BFBFFF718FE19
:10B5C800EEE700BFD085002074290200CF1F0200DB
:10B5D80008B550B9074908484FF4F87211F032FB22
:10B5E8004FF4F871034811F024FB027A0132027219
:10B5F80008BD00BF74290200CF1F020008B503462A
:10B6080050B90849084840F23B2211F01BFB40F2B0
:10B618003B21044811F00DFB18465B68002BFBD159
:10B6280008BD00BF74290200CF1F020070B50D4687
:10B63800044650B90E4940F246220E4811F002FB6A
:10B6480040F246210A4811F0F4FA41B9084940F29B
:10B658004722084811F0F6FA40F24721F2E7466817
:10B668001EB10846FFF7CAFF4660656070BD00BF9F
:10B6780074290200CF1F020038B505460C4651B99F
:10B688000B490C4840F2522211F0DCFA40F25221E8
:10B69800074811F0CEFA20B9BDE838400846FFF750
:10B6A80097BFFFF7ABFF2146FFF7C0FF284638BD1D
:10B6B80074290200CF1F020008B540B90A492B229D
:10B6C8000A4811F0BFFA2B21074811F0B2FA838813
:10B6D80033B105492C22054811F0B4FA2C21F3E7BF
:10B6E80083680B44036008BDA1290200CF1F020034
:10B6F80008B5034600689A68821A91420AD908492F
:10B70800084840F2551211F09DFA40F255110448CC
:10B7180011F08FFA9A88401A11441860998008BD70
:10B72800A1290200CF1F020008B5828803468A4279
:10B738000AD20849084840F2C31211F083FA40F2CD
:10B74800C311044811F075FA521A8280006808443F
:10B75800186008BDA1290200CF1F020008B50346E2
:10B768009A8800688A420AD20749084840F2CF12EC
:10B7780011F068FA40F2CF11034811F05AFA521A40
:10B7880001449A80196008BDA1290200CF1F020058
:10B79800F8B5858803680E4604465F1912F04AF921
:10B7A800B04208D2064907483E2211F04BFA3E2122
:10B7B800034811F03EFA3544A5803846F8BD00BF6D
:10B7C800A1290200CF1F020007B50DF107000BF0F9
:10B7D800E7F9114B98421CD14FF480620F4B104986
:10B7E800C3F8B8254FF40062C3F83C259DF807005C
:10B7F8000BF0C2F90B499DF807000BF0A9F90120DD
:10B808009DF8073098400BF09DF9002003B05DF8D3
:10B8180004FB6FF00B00F9E70000AD0B00A002403D
:10B828002CA0024028A10240052370B5144D154EE6
:10B838002C780134B4FBF3F303EB8303E41A14F01C
:10B84800BEF9114A137823B156F82430C01A0728D4
:10B8580013D90E4BD3F8141141B10021C3F81411B8
:10B86800D3F814312C700CB9012313702C7814F010
:10B87800A6F946F82400012070BD0020FCE700BFAF
:10B888004D980020E09200204C9800200050004085
:10B8980048B1054B054A1B68B3FBF2F35843044B08
:10B8A80043F0010318477047DC83002040420F0033
:10B8B800101602000B460121024AC2F81416002194
:10B8C800184700BF005000400149024811F082BAF1
:10B8D8003C180200F49200202DE9F047174B05466A
:10B8E800D3F830210C46072AD3F8343121D1023B52
:10B8F800032B02D8124AD35CDBB14FF001080026B3
:10B908004FF050290F4F0520C9F81886C7F814665C
:10B9180014F0D8F94046C7F8148614F0D3F9C7F8DC
:10B928001466C9F8186628462346BDE8F047002182
:10B9380018470022034BC3F81426F4E700F0072049
:10B94800182A0200005000401FB508B300230193D5
:10B9580003930123694611480293FDF7A9FA0028C9
:10B9680008DA0F493C220F4811F06CF93C210C48C9
:10B9780011F05FF9029B9B0706D009494422094848
:10B9880011F060F94421F2E7039B05B05DF804FB70
:10B998000248FDF711FB0028F7DAEEE7F4920020E1
:10B9A800E0290200CF1F020007B501AA14F06FF9C1
:10B9B80040B10A4916220A4811F044F916210748ED
:10B9C80011F037F9019B33B104491722044811F0EB
:10B9D80039F91721F3E703B05DF804FB1C2A0200CC
:10B9E800CF1F020008B5044814F06CFF00280CBFF4
:10B9F8006FF01200002008BDBC0F02000E4B40295A
:10BA080028BF402170B51D460C4C4618B04203F1C2
:10BA1800020304D1002305F81130074870BD0278ED
:10BA28001209A25C03F8022C10F8012B02F00F0295
:10BA3800A25C03F8012CE9E76C980020B42A020004
:10BA480030B503788BB0044607AD032B21D8DFE867
:10BA580003F0021A1C1E12492846FCF783FB0595C1
:10BA680063781E210493A3780E4A0393E3780E4863
:10BA780002932379019363790093A37910F0F6FB7D
:10BA880009480BB030BD0949E6E70949E4E7094927
:10BA9800E2E70A212846084A10F0E8FBDFE700BF82
:10BAA800682A0200912A02004E9800206F2A02009C
:10BAB800762A0200802A02008A2A02002DE9F34130
:10BAC8000446174698461E4DD5E8AF3FDA071BD502
:10BAD80030B945211B4811F0C1FD6FF0010014E099
:10BAE80001A911F02FFE18490246204615F038F931
:10BAF8000028F2D1D5E8AF3FC3F3C0061B0707D52E
:10BB08005721124811F0AAFD002002B0BDE8F081CB
:10BB1800A5F1D404072221464046B847062809D88B
:10BB280045210B4811F09AFD45F8D46CE671C4F82C
:10BB38000360E9E70723B0FBF3F0E071E4E700BF37
:10BB4800D4800020CC2A02007D2A0200F22A0200BA
:10BB58001B2B02002DE9F04188B0DDF838809C7974
:10BB68005D791E79DF7893F802C093F801E01B78BD
:10BB7800B8F1000F0ED0CDE90638CDE904CE134652
:10BB8800CDE90267CDE90045084A10F06FFB08B01F
:10BB9800BDE8F081CDE905E3CDE9037C1346CDE9A5
:10BBA8000156034A009410F061FBF0E7452B0200B0
:10BBB800692B020010B5FEF71DFB044620B10246B2
:10BBC8004521024811F04AFD204610BD8A2B02008B
:10BBD80070B504461E4615468CB0A2B129B10A4676
:10BBE80002A8042111F03BF802A900912B46224635
:10BBF800242103A8FFF7AEFF3146109A03A8FEF7E9
:10BC08006BF90CB070BD03462421044A03A810F058
:10BC18002DFB0028F0DA6FF01500F2E7B42B0200D4
:10BC280007B50B4B0B48DA79C2EBC202009200222F
:10BC38001146FFF7CDFF024630B14521064803B053
:10BC48005DF804EB11F00ABD03B05DF804FB00BF1A
:10BC5800008000207D2A0200BA2B020030B504467D
:10BC680015468DB092B129B10A4602A8042110F0F8
:10BC7800F6FF02A900912B462246242103A8FFF7CC
:10BC880069FF03A811F036FD0DB030BD034624212D
:10BC9800044A03A810F0EAFA0028F2DA6FF0150057
:10BCA800F2E700BFB42B020007B5009313460A461B
:10BCB80001460348FFF78CFF03B05DF804FB00BFA3
:10BCC8002B4A02000A4601460148FFF7C7BF00BFDA
:10BCD8002B4A020007B5009313460A46014603485B
:10BCE800FFF776FF03B05DF804FB00BF254A0200AA
:10BCF80007B5009313460A4601460348FFF768FF55
:10BD080003B05DF804FB00BF6F48020007B50022CE
:10BD18000346009103481146FFF75AFF03B05DF848
:10BD280004FB00BF1D4A020008B502480EF046FA9F
:10BD3800002008BD10820020F8B5184DD5E8AF3FA7
:10BD480013F0010F2E4627D015F8CD3CA5F1D407E6
:10BD580083B901F0C3FE044628B14521104811F00B
:10BD68007DFC2046F8BDFB7923B901F0C7FE0446E7
:10BD78000028F2D1D5E8AF3F5A0701D400F0A2FE5F
:10BD8800D6E8EF3F23F40062C6E8E12F0029F7D197
:10BD98001B0501D5FFF7C8FF0024E2E7D480002087
:10BDA800DA2B020007B5009313460A4601460348FA
:10BDB800FFF70EFF03B05DF804FB00BF984F0200C9
:10BDC8000A4601460148FFF749BF00BF984F0200E5
:10BDD80030B50024094D0A4B85B0284602930394D8
:10BDE8000EF062FA02AB284600934FF4E1620A2390
:10BDF80004490EF06FFA204605B030BDF88A0020DD
:10BE0800122C0200989F0020014601480EF064BBE6
:10BE1800F88A00200146014814F044BEF88A002040
:10BE2800037830B5012B13D0022B27D07BB90A46F3
:10BE3800184B03F1100453F8045BA34242F8045B67
:10BE4800F9D11B78137043884B731B0A8B7330BD71
:10BE58000A46104B03F1100453F8045BA34242F85E
:10BE6800045BF9D11B7813704368C3F307224B7343
:10BE78001B0CCB731B0A8A730B74E8E700F11003E1
:10BE880050F8042B984241F8042BF9D103780B7031
:10BE9800DDE700BF1B2C020010B504460FF010F9B7
:10BEA800044B1B680BB120469847BDE810400FF0C3
:10BEB80055B900BF1493002038B50546022D104629
:10BEC80019460CD0082D16D0202D14D00C490D4839
:10BED800642210F0B7FE6421094810F0AAFE0A484F
:10BEE80011F08AFD044620B101210C30FFF7E4FB74
:10BEF8002576204638BD02460B460448F0E700BFC9
:10BF08002C2C0200CF1F0200A0860020D085002024
:10BF18000F2810B50ED80D280ED90B4811F06CFD5E
:10BF2800044628B101210C30FFF7C6FB0223237613
:10BF3800204610BD1328F0D009B10448EEE70220CE
:10BF4800BDE81040FFF7B8BF3C8700206C86002092
:10BF580038B50B6805460C4643B90D490D48F12222
:10BF680010F070FEF1210A4810F063FE4A68DA60AA
:10BF78000B684A895A820868FFF7FEFA20461022A1
:10BF8800002114F0D5FE2846BDE8384011F068BEFF
:10BF98002C2C0200CF1F02002DE9F84305460C4661
:10BFA8001F46164642B92449CD22244810F04AFEBD
:10BFB800CD21214810F03DFE30B91F49CE221F483F
:10BFC80010F040FECE21F4E701F10C09484611F0CB
:10BFD8002DFD30B91849D222184810F033FED2216D
:10BFE800E7E7204611F05CFE804630B11249D422C2
:10BFF800124810F027FED421DBE705F10C01484672
:10C0080011F0FEFC484611F011FD012310FA86F0EC
:10C0180068826B72314648462E82FFF785FBE368DB
:10C0280028467B60638AC4F80C807B81A4F8128060
:10C038003C60BDE8F88300BF2C2C0200CF1F020033
:10C04800C36857211A78014811F008BB6A2C02000E
:10C0580038B505461446084602EBC3039C4202D194
:10C068006FF05E000FE0224612F8081BA9420FD1BC
:10C07800028A6378934207D906482B46452111F076
:10C08800EDFA6FF0150038BD636898470020FAE7AD
:10C098001446E3E7972C020070B5C6683378B6F803
:10C0A800014083B90F21204603F03EF8F378054696
:10C0B80050B90A4A118831B96FEA04506FEA105032
:10C0C8001080074A137070BD0373012102F076FFD8
:10C0D8002846BDE8704002F031BF00BF2898002014
:10C0E800ED98002070B5C3681D78B5B9B3F8016044
:10C0F8000F21304603F018F8044630B93246BDE83F
:10C1080070404521054811F0A9BA294602F056FFAA
:10C118002046BDE8704002F011BF70BDBE2C020081
:10C1280010B5C3680121B3F80140204602F0FCFFB6
:10C1380030B92246BDE810404521034811F08EBAB7
:10C14800BDE8104002F0FABEE92C020010B5C36841
:10C1580001211C88204602F0E7FF30B92246BDE8DD
:10C1680010404521034811F079BABDE8104002F0AB
:10C17800E5BE00BFE92C0200012108B50C30FFF72D
:10C18800EDFABDE8084002784521014811F066BA89
:10C19800122D0200014608B50748FFF753F9074971
:10C1A800074814F07FFC021E05DABDE80840452167
:10C1B800044811F053BA08BD4C8100203082002099
:10C1C800A08B0020392D020010B5084C014606222C
:10C1D80094F86F0003F058FB38B994F86F00052203
:10C1E800BDE81040024903F04FBB10BD008000209D
:10C1F8004E2A020073B505460C46FFF729FF5F304B
:10C208000BD1268AE0683146FFF7F8FB33460090E9
:10C218002A465721024811F021FA02B070BD00BF2A
:10C228005B2D020070B53B48FFF75EF90446002815
:10C238006FD0017E022944D0082966D1028A032AD8
:10C2480004D84521344811F009FA11E004210C30D2
:10C25800FFF784FAFF22438806886276228AC6F3AB
:10C268000B009342A08307D045212C4811F0F6F922
:10C278002046FFF781F913E00F2102F055FF05462C
:10C2880018B94521A28B2648DDE702F08BFF21462D
:10C298006076320B284602F0E1FC284602F04EFE9A
:10C2A800204BD3F84C31002B33D01F491F4814F0D2
:10C2B800F9FB021E2DDABDE8704045211C4811F03B
:10C2C800CDB9028A012A02D845211A48BBE70C30A9
:10C2D800FFF744FA0546007811F003FD10F0020656
:10C2E8000CD140F6CE321449144810F0ABFC86F35A
:10C2F8001188BFF36F8F0323184602DF06232146F8
:10C308000F4A2878FFF776FFB2E70A460D4845211D
:10C3180099E770BD4C810020822D0200A82D0200F3
:10C32800D12D02000080002030820020A08B002048
:10C33800392D0200F82D0200192E0200CF1F02002D
:10C34800E81802004D2E020010B5012104460C30F9
:10C35800FFF704FA2146BDE810400823014A007897
:10C36800FFF748BF1819020073B5044601210C30C5
:10C37800FFF7F4F90578002321462846094AFFF714
:10C3880067FE5F300BD1268AE0683146FFF736FB3F
:10C39800334600902A465721034811F05FF902B04E
:10C3A80070BD00BF58190200662E020070B5C5683E
:10C3B8000121B5F80160304602F0B6FE044630B9F6
:10C3C8003246BDE8704045210B4811F047B92B783B
:10C3D8003BB9D5F80330C0F89530D5F80730C0F828
:10C3E8009930201D4FF4803111F08DFC2046BDE8B6
:10C3F800704002F0A3BD00BFE92C02003C2870B5D4
:10C4080004461AD101F03CFD6FF08001103011F0A4
:10C4180085FC0020FFF7D8FE054628B9BDE8704026
:10C4280045210A4811F01AB90473002102F0C6FD2B
:10C438002846BDE8704002F081BD0246BDE8704064
:10C448005721034B034811F009B900BF9D2E020084
:10C4580041460200C32E02002DE9F04788461746E0
:10C468000646002800F08B800023DFF81891D9E8F1
:10C47800EF4FC9E8E23F002AF9D134B93246BDE8A6
:10C48800F0474521404811F0E9B82046FEF7D4FEB0
:10C498004FF00C0A3D4D0AFB00504388B3421DD0B3
:10C4A8002046FEF7C9FE0AFB005032464388452164
:10C4B800374811F0D3F8D9E8EF3FC9E8E24F002A2E
:10C4C800F9D1002B5BD03349334840F6841210F081
:10C4D800B9FB40F684112F4810F0ABFBA7420FD0F0
:10C4E8002046FEF7CDFE022304F10C06012130465A
:10C4F8002376FFF7E1F830463A8AF96811F0A2FA94
:10C508002046FEF799FE0C2606FB00504368ABB1A7
:10C51800B8F1000F12D12046FEF78EFE012106FB6E
:10C5280000504268D2E90003127A03F01F06B140B6
:10C538005B09F2B100EB830011F0E5FB2046FEF742
:10C548007BFE0C2606FB005083686BB12046FEF785
:10C5580073FE704305F800802046FEF76DFE06FB6B
:10C568000055A8680DF0E2FA2046BDE8F047FFF74D
:10C5780003B8C94300EB830011F0D0FBDEE7BDE848
:10C58800F08700BF48810020E42E020018930020A5
:10C59800112F0200192E0200CF1F020073B5C568C3
:10C5A8000121B5F80160304602F0BEFD044638B9F5
:10C5B80032464521384802B0BDE8704011F04EB807
:10C5C8002B78061D1A2B19D1C378012B4BD14FF4A8
:10C5D8008041304611F097FB42040FD4D4F88830DC
:10C5E80069460093D4F890302046019303F06AFC22
:10C5F800204602B0BDE8704002F0A0BC2B7893BB87
:10C6080040F67A41B5F80330A4F886309AB2B5F806
:10C618000530A4F88C30B5F80730A4F88E30931F95
:10C628009BB28B4203D957211C4811F017F8B4F874
:10C638008C20B2F5FA7F03D35721194811F00EF870
:10C6480040F67641B4F88E20A2F10A039BB28B42E1
:10C6580003D95721134811F001F86FF4805130467F
:10C6680011F05CFB14E0D6E8AF3FDB04F5D52B787E
:10C67800202BF2D194F89430002BEED0013B84F8B3
:10C6880094304FF42032002304F140000DF090FF65
:10C69800204602F061FFABE7E92C0200492F0200B7
:10C6A800762F0200A22F020001232DE9F347C76865
:10C6B800018A3A7803EB82038B4262D900913348AE
:10C6C800452110F0CBFF02B0BDE8F0874246452176
:10C6D800504610F0C3FF01353B789D42F3DA07EB73
:10C6E8008503B3F801800F214046B3F8036002F0D8
:10C6F8001BFD04460028E9D000F1C008204616B901
:10C7080002F01CFCE7E702F03DFA0DF00FFA63694E
:10C7180073B945211E4810F0A1FF1E4940F25D2261
:10C728001D4810F08FFA40F25D211A4810F081FA86
:10C73800A1691A688B42626108BFA261C3F80090C0
:10C74800226A7AB9C4E90733D8E8AF3F013EB6B2E6
:10C758005BB910494FF419720F4810F073FA4FF48F
:10C768001971E2E713602362EEE7D8E8EF3F013B77
:10C77800C8E8E23F002AF8D10021204602F00EFA6C
:10C78800BCE70025DFF814A0A946A5E7D32F0200CF
:10C7980023300200192E0200CF1F020002300200CF
:10C7A800054BD3E8AF2F02F00902D3E8EF1FC3E827
:10C7B800E02F0028F9D17047D480002010B5C1E9D6
:10C7C80000239DF808300C460B72FEF735FD0C224D
:10C7D800024B02FB00335C6010BD00BF18930020C1
:10C7E8002DE9F0474FF0FF3206464FF0FF33184867
:10C7F800884611F001F9044638B300F10C0701210D
:10C808003846FEF759FF012320462376FEF714FD2C
:10C818004FF00C090F4D4FF0000A09FB00504680FD
:10C828002046FEF709FD09FB0050C0F808A0204685
:10C83800FEF702FD09FB005503213846C5F804A0A0
:10C84800FEF7A6FF068080F802802046BDE8F08744
:10C85800088700201893002029289ABF014B185CEC
:10C86800092070473A35020070B5C3680F21B3F844
:10C8780001601D78304602F057FC044630B9324654
:10C88800BDE870404521164810F0E8BE65B128465D
:10C89800FFF7E2FF29460246204602F03FFF204606
:10C8A800BDE8704002F04ABB8378012BEFD107F056
:10C8B800BFF9204611F0FDF90028E8D10520FFF75F
:10C8C800CBFF05210246204602F028FF45210548F6
:10C8D80010F0C4FE0521204602F0DEFCDFE700BFB1
:10C8E800BE2C02003F300200F8B5C6680F21B6F82A
:10C8F80001703578384602F017FC044630B93A46DC
:10C90800BDE8F84045211E4810F0A8BE45B12846AC
:10C91800FFF7A2FF29460246204602F0FFFE07E085
:10C92800F378C27A9A4208D15721164810F096FE39
:10C938002046BDE8F84002F001BB8278C372012AA4
:10C9480005D00020FFF788FF00210246E4E70BB17D
:10C9580007F06EF9204611F0ACF90028F1D1052056
:10C96800FFF77AFF05210246204602F0D7FE45214F
:10C97800054810F073FE0521204602F08DFCD7E72C
:10C98800BE2C02006A3002003F30020070B5064635
:10C9980090B00B4D01AC0FCD0FC40FCD0FC40FCD10
:10C9A8000FC495E8070084E807000E2E9DBF10AB62
:10C9B80003EB860656F83C0C024810B070BD00BF69
:10C9C8004C1502009E300200034B0146D3F870015B
:10C9D80082689268104700BF008000202DE9F84364
:10C9E800044600F10C06304611F020F8B4F8108027
:10C9F8000546B8F1010F09D842464521184810F0FC
:10CA08002DFE2046BDE8F843FEF7B6BD30460221AC
:10CA1800FEF7A4FE0746007811F063F910F001094B
:10CA280006460CD140F6EE720E490F4810F00AF98E
:10CA380089F31188BFF36F8F0323184602DF05239C
:10CA480021460A4A3878FFF7D5FBB307D9D5636979
:10CA5800A4F8108013FA85F5E560BDE8F88300BFF7
:10CA6800F82D0200192E0200CF1F0200C018020084
:10CA780038B50C460EF024FB227E022A05D0082A7F
:10CA880014D12046FFF786FB0BE0E368187811F015
:10CA980028F9C207054602D52046FFF79FFFAB07D6
:10CAA800EFD400240EF05AFB204638BD4521044837
:10CAB80010F0D4FD2046FEF75FFD6FF01504F1E796
:10CAC800A6300200F7B5234C0421234811F01BF9C6
:10CAD800224DE279224B2046012A88BF1D46FEF7E7
:10CAE800AFFF2A46034649211E4810F0B7FD2646E7
:10CAF80001251D4FE37907369D4220DB94F87050DD
:10CB08002846FFF743FFB4F8763002460193B4F89D
:10CB180072304921009315482B4610F09FFD94F878
:10CB280071502846FFF732FFB4F87430024600937C
:10CB380049212B460E4810F091FD03B0F0BD304658
:10CB4800FEF77EFF2A4603464921384610F086FD47
:10CB58000135CFE700800020D48000204146020044
:10CB6800BF300200C3300200D7300200ED300200AF
:10CB780030310200004870475C31020001480DF076
:10CB88001DBB00BF2082002038B505460C4619B9E8
:10CB9800FFF726FE0446D0B140F635439D420ED13C
:10CBA8002046FFF711FF054678B10246452109489E
:10CBB80010F054FD2046FEF7DFFC284638BD21461C
:10CBC800054813F0F1FEFFF7D9FF0025F5E76FF0F0
:10CBD8006805F2E76731020054810020F8B50521A5
:10CBE800054640F63540FFF7FBFD044658B9FB22E1
:10CBF8001749184810F026F884F31188BFF36F8F8F
:10CC08000323184602DF04F10C0701213846FEF71A
:10CC1800BFFD0126042106703846FEF7B9FD0580E0
:10CC280000258670C570214640F63540FFF7ACFFF9
:10CC380060B140F205120649064810F003F885F382
:10CC48001188BFF36F8F0323184602DFF8BD00BFBA
:10CC5800192E0200CF1F0200F8B50446868B477EC6
:10CC6800807AFEF7E1FA6169054649B1637ADA0725
:10CC780004D4C36A20461B689B68984700236361F5
:10CC88002146284613F09BFEA37E23BB124B93F844
:10CC98008A309B061FD5384602F0EEFE044630B9AE
:10CCA8003A46BDE8F84057210C4810F0D7BC437B02
:10CCB800073B012B08D90A48572110F0CFFC204622
:10CCC800BDE8F84002F03AB902F038F93046BDE85C
:10CCD800F840FFF783BFF8BD008000208E310200C6
:10CCE800BC310200F0B5C56801212F8887B0BCB2FD
:10CCF800204602F019FA064638B922464521254849
:10CD080007B0BDE8F04010F0A9BC02ACD5F802208D
:10CD1800D5F8063001946989009112F016FC38B3F1
:10CD2800122142F21A00FFF75BFD054640B9452182
:10CD3800194810F093FC304602F000F907B0F0BD36
:10CD480012210C30FEF724FD0346224623F8027B0D
:10CD580006AF144603CCBC4218605960224603F162
:10CD68000803F6D1294642F21A00FFF70DFFE2E761
:10CD7800022142F21B00FFF733FD04460028D6D0FB
:10CD880002210C30FEF704FD2146078042F21B0009
:10CD9800EBE700BFE92C0200ED31020070B5064652
:10CDA8000D4642F221000321FFF71AFD044628B977
:10CDB800BDE870404521084810F050BC03210C30F4
:10CDC800FEF7E6FC068085702146BDE8704042F219
:10CDD8002100FFF7D9BE00BF0932020073B5C3684E
:10CDE800D9789A781E8842EA0122ADF8002059794C
:10CDF8001A79B4B242EA0122ADF80220D9799A79B7
:10CE0800204642EA0122ADF804201A7A5B7A012111
:10CE180042EA0323ADF8063002F086F9054650B918
:10CE280045211C48224610F019FC02212046FFF734
:10CE3800B5FF02B070BD694602F0E4FB38B91E21A7
:10CE48002046FFF7ABFF284602F078F8F1E70E21FD
:10CE580042F22000FFF7C4FC04460028F3D00E215C
:10CE68000C30FEF795FC00230680C0F80A30BDF8A8
:10CE7800003021464380BDF802308380BDF804307D
:10CE8800C380BDF80630038142F22000FFF77CFE24
:10CE9800D9E700BFE92C020038B502460B46294DF8
:10CEA800D5F8541109B9002038BD05F598700CF073
:10CEB80093FE0028F7D10022002305F5AA700CF094
:10CEC800BDFD044660B940F6DD321F491F480FF02A
:10CED800B9FE84F31188BFF36F8F0323184602DF6E
:10CEE800D5F8483153B14521194810F0B7FBD5F8AA
:10CEF8004801FEF741FB0023C5F848312046FEF7FC
:10CF080067FBC5F848012046FFF75EFD0246B8B149
:10CF18004521104810F0A2FB0F480CF007FE2046F0
:10CF2800FEF78AF90C220D4B1F2102FB0030224626
:10CF38004088FFF791FA2046FEF71EFBFFF71EFE1A
:10CF48000120B1E700800020192E0200CF1F020047
:10CF58002832020067310200308100201893002037
:10CF68002DE9F04F8BB015460C46039031B9FFF709
:10CF780037FC044698B96FF068007BE0887AFEF7C2
:10CF880053F9434B83420AD0424943484FF4C37292
:10CF98000FF058FE4FF4C3713E480FF04AFE04AF3D
:10CFA80001220021384613F018FD2046FEF744F907
:10CFB8000C23DFF8E89003FB009087602046FEF71B
:10CFC80007FB0146364813F0EFFCFFF7D7FD13F0D7
:10CFD80053FF344B1A58344B9A421DD1DFF8B4A092
:10CFE800DFF8B4B02E4813F0F4FC002180464FF46B
:10CFF800A020FFF751FF064660B94FF4D87251469A
:10D0080058460FF01FFE86F31188BFF36F8F032376
:10D01800184602DF4445E5D14FF4A02200233846E4
:10D028000CF0DAFD68B14FF4DB721A491A480FF0B8
:10D0380009FE002383F31188BFF36F8F032318467B
:10D0480002DF2046FEF7F8F80C23584319F8007061
:10D058009FB1164B5721039A154800933B46093F49
:10D0680010F0FCFAFFB22046FEF786FA092F0CD81A
:10D07800104BD8570BB0BDE8F08F15B12C600020CD
:10D08800F8E72046FEF778FAF9E76FF00400F1E7D1
:10D0980008870020192E0200CF1F020018930020D5
:10D0A8005481002008000000E09000204146020062
:10D0B8004832020030350200F7B5144B054693F9A3
:10D0C8009B300C46002B1DDA14B9204603B0F0BD86
:10D0D800082C4FF0000142F2180001AA264628BF8A
:10D0E8000826FFF73DFF0028F0D1019F3246F96876
:10D0F8002846013113F0F5FD3846FEF73DFA354470
:10D10800A41BE1E76FF08500E0E700BF0080002086
:10D1180073B506460D4642F22F00002101AAFFF71B
:10D128001FFF044630B14521124810F097FA2046F7
:10D1380002B070BD0198C368B3F801203280B3F81B
:10D1480003302B80FEF718FA3288A2F11B03E02B7C
:10D1580003D95721084810F081FA44F248112A8867
:10D16800A2F5A4739BB28B42E1D95721034810F072
:10D1780075FADCE76C32020091320200BB32020021
:10D1880010B5FBF701F8034B1B6813B1BDE810405D
:10D19800184710BD9093002073B52C4D0646D5F85E
:10D1A800700113F08FFB40B94521294810F056FA59
:10D1B8006FF01204204602B070BD6FF0020105F155
:10D1C800D40010F0ABFD012110F09DFDC30739D448
:10D1D800FEF7F0FC04460028ECD11E4B1E6001222D
:10D1E80005F59870114613F0F8FB05F5AA7013F0D1
:10D1F800CEFB19480DF058F86FF0070340F6980277
:10D208001649154800940DF065F81549124813F0B1
:10D218005FFCD5F87001134983681B68984704467A
:10D2280028B102464521104810F018FAC2E726B97D
:10D2380002B0BDE87040FAF7A7BF05F1C4000CF0D2
:10D24800BDFFB7E76FF07704B4E700BF00800020A8
:10D258008B34020090930020A08B0020A0A6002011
:10D26800A834020079CA0000B13402002DE9FF4752
:10D278000478054654B16249624840F23F520FF0C3
:10D28800E1FC40F23F515E480FF0D3FC5E4BB0F832
:10D298000180198848F47042914205BF1C805B4B9D
:10D2A80027461F7800F01CFAEB782E1D012B08BFCB
:10D2B800574B304608BF93F86F4010F0C5FC314615
:10D2C800F0B14FF0010A02A810F0B3FCD5F8113004
:10D2D800CDF80130B5F81530ADF80530EB78012BF5
:10D2E80025D03046FEF7ACFB45210246494810F0F0
:10D2F800B5F91321404610F059FD04B0BDE8F08798
:10D30800204610F075FE0346006895F804A00290C8
:10D318009A889B796868ADF80C208DF80E30B28831
:10D32800B3790090ADF804208DF80630D6E702A84E
:10D33800FEF74AFFEB780446012B0AD100F0A0FD66
:10D3480081466FF08001103010F0E8FC484610F07C
:10D3580069FF002CC5D02346B5F8012023F8702BAF
:10D368009DF80E200298BDF80C1020679A710022D3
:10D378009980B5F81730A4F88630B5F81930A4F8B4
:10D388008C30B5F81B30A4F88E30EB782273012B63
:10D39800E37024D18DF800A0BDF804209DF8063074
:10D3A8000098A4F87B2084F87D30C4F8770000F05A
:10D3B80067FD237A164AC3EBC3039918D358C4F8F8
:10D3C8007E308B88A4F882308B7984F88430D2E957
:10D3D800381303F03F03194301D000F00BFF072176
:10D3E800204601F0EBFD27B101212046277301F00B
:10D3F800E5FD204601F040FF204601F09FFD7CE757
:10D40800192E0200CF1F020028980020ED98002056
:10D4180000800020D234020000B5C36889B01878B3
:10D4280020B109B05DF804EBFEF7E8BFB3F80120BE
:10D438008DF80000ADF80120DA788DF80320B3F8F4
:10D448000B20ADF81720B3F80D20ADF81920B3F86C
:10D458000F20ADF81B205A7C8DF81D2058680190CC
:10D468001A899B7AADF808208DF80A30084B68466F
:10D478001A689B88CDF80B20ADF80F30CDF8112035
:10D48800ADF81530FFF7F2FE09B05DF804FB00BFF8
:10D49800622A020070B5044603210C30FEF75EF9DB
:10D4A800E3680578197840F63543B0F801009842EA
:10D4B80007D1BDE870400A46084B5721084810F0CC
:10D4C800CDB82246FEF7C8FF35B106480CF02EFB52
:10D4D800BDE87040FFF752BB70BD00BF4146020077
:10D4E800F33402003081002038B5042104460C30A2
:10D4F800FEF734F94578017822464088FEF7ACFFFC
:10D5080035B104480CF012FBBDE83840FFF736BBD4
:10D5180038BD00BF30810020F8B506460024094D0B
:10D52800EF79E3B29F4202D86FF0010007E0294685
:10D53800304610F0CCFC0735631C08B12046F8BD16
:10D548001C46EEE70080002037B504460D46B9B109
:10D558002846164910F0BBFC90B929461448C4EB7C
:10D56800C404204410F0BBFC124810F0BFFC430771
:10D5780003D5FEF7D9FB10F0FEFA002003B030BD4A
:10D58800684610F048FB0028F8D16846FFF7C4FF4A
:10D598000028F5DA064BC4EBC4006946184410F0BD
:10D5A8009EFC002DE0D001462846DBE7552A020004
:10D5B80000800020D480002070B5194E0622314624
:10D5C800054613F0BDFB28B3062142F20500FFF71C
:10D5D80007F9044600B3062229460C3010F032FA47
:10D5E8002146002242F20500FFF7BAFC044640B18A
:10D5F80010F10D0F03D157210A4810F02FF82046DB
:10D6080070BD33462A6843F86929AA88B280012286
:10D6180083F868200024F2E76FF06804EFE700BFA2
:10D62800698000206B3602002DE9F04104460E4661
:10D6380086B051B9284940F2BA3228480FF002FBA7
:10D6480040F2BA3124480FF0F4FA0D6845B922497E
:10D6580040F2BB3221480FF0F5FA40F2BB31F1E756
:10D6680040B91D494FF46F721C480FF0EBFA4FF4A4
:10D678006F71E7E72B7A5A0708D5174940F2BE328F
:10D6880016480FF0DFFA40F2BE31DBE7D1F804802C
:10D69800B8F1000F1CD1037A5B0719D5411C681C2F
:10D6A80010F015FC2A35162241460746684613F045
:10D6B8003FFB10226946284613F042FB30B1102286
:10D6C800284604F12A0113F03BFB00B107B174604E
:10D6D80006B0BDE8F08100BF7F360200CF1F020010
:10D6E800084BD3E8EF2F22F48061C3E8E01F00283D
:10D6F800F7D1530504D500220220034906F08ABB5E
:10D70800704700BFD480002057E00100002307B510
:10D718000549CDE900036A46022006F07BFB019823
:10D7280003B05DF804FB00BF31D60000F7B505462D
:10D7380070B14D4C94F8222194F823310AB19A42E1
:10D7480008D2013384F823312B7A43F004032B7277
:10D7580003B0F0BD00210222084602F095F8064603
:10D7680088B1D434D4E8EF3F43F48063C4E8E23F9F
:10D77800002AF7D12B7A43F001032B7203B0BDE8DE
:10D78800F04001F0DBBB0146384800F073FB94F829
:10D79800233143B1304610F0E8FB20B1572134481B
:10D7A8000FF05CFF1CE094F8232194F822319A4290
:10D7B80020D157212F480FF051FF002242F22900B3
:10D7C8001146FFF7CDFB10B145212B48E8E794F847
:10D7D8002331013384F823312B7A43F004032B726D
:10D7E800012010F0C2FB0021244803B0BDE8F0403E
:10D7F80000F040BB2A466F1C394612F82A0B10F07D
:10D8080078FB064610B145211D48C9E794F8233135
:10D81800013384F823312B7A43F004032B7294F8F4
:10D82800A7305B0702D457211648B9E7394668463E
:10D8380010F055FB0123082142F24E008DF8073005
:10D84800FEF7CEFF044660B1082269460C3010F09E
:10D85800F9F83246214642F24E00FFF781FB0028D4
:10D86800BED0452108489BE700800020C9DF0100A1
:10D87800AD360200D73602000D370200A3DF0100E3
:10D888003237020057370200863702002DE9F0418F
:10D89800054698B3444C94F8222194F82331D2B128
:10D8A8000132934223DC00210222084601F0ECFFFA
:10D8B800064628B3D434D4E8EF3F43F48063C4E881
:10D8C800E23F002AF7D12B7A43F002032B72BDE81E
:10D8D800F04101F033BB53B93449354840F2864230
:10D8E8000FF0B0F940F2864130480FF0A2F9013B41
:10D8F80084F823312B7A23F004032B72BDE8F081DE
:10D9080001462C4800F0B6FA304610F02EFB0646C9
:10D9180080B10246452128480FF0A0FE94F8233133
:10D9280013B1012010F021FBBDE8F041002123488C
:10D9380000F0A0BA94F8233194F822219A420CD22C
:10D94800013B84F823312B7A024623F0040302209A
:10D958001B492B7206F05EFAE0E7072142F2280025
:10D96800FEF73EFF05F10108074620B94521154895
:10D978000FF074FED2E707210C30FDF709FF41468E
:10D9880010F0ADFA3246394642F22800FFF7E8FABD
:10D998000028EBD194F82331013B84F823312B7A0A
:10D9A80023F004032B72B9E7008000207F360200C1
:10D9B800CF1F0200C9DF0100A6370200A3DF010064
:10D9C8005DDF0100D837020070B50446A9B9B8B1C7
:10D9D8001E4910F07CFA98B92046FFF79DFD0028F3
:10D9E8002EDA2378012B04D1A37903F0C003C02BCE
:10D9F80006D0452116480FF031FE6FF0150070BDB6
:10DA0800144DEB79012B1ED005F1D40010F06EFAFD
:10DA1800C30707D4002CF0D020460C4910F057FA61
:10DA28000028EAD1EE792146731C3046EB71FFF7E6
:10DA38008BFD08B93046E2E7EB79013BEB71DEE795
:10DA48006FF07700DBE76FF00B00D8E7552A02008C
:10DA580002380200008000202DE9F341044638B95D
:10DA680057211A480FF0FAFD002002B0BDE8F081F6
:10DA7800002141F2090001AAFFF772FA054610B128
:10DA880057211348EEE7019E0622D6F80C8011496B
:10DA980008F10107384613F053F928B10622384631
:10DAA8000D4913F04DF918B93046FDF765FDDBE770
:10DAB800D8F801303046C4F80130BB882570A4F886
:10DAC8000530FDF759FD0120CFE700BF35380200CA
:10DAD80053380200622A02005C2A020007B5684631
:10DAE800FFF7BAFF044BD87118B169460020FFF759
:10DAF8002BFD03B05DF804FB00800020F0B5304D2D
:10DB080089B0EC79002C54D195F8C26016F0010662
:10DB18000FD157212B480FF0A1FDEC7116260024D8
:10DB28000127EB79E0B283422ED8002B41D00020A8
:10DB38003DE06A4621464FF60940FFF711FA10B159
:10DB480057212148E7E7DDF800C0DCF80C104B78D6
:10DB58002BB96046FDF710FD57211C48DBE78B1CED
:10DB680002AA01F11204174618685968083303C756
:10DB7800A3423A46F7D11868344638609B88604615
:10DB8800BB80FDF7F9FCC8E708AB06FB003353F888
:10DB9800182C33F8143C6946CDF80120ADF805304F
:10DBA8008DF80070FFF7D0FC01340028B9D009B017
:10DBB800F0BD0021084609B0BDE8F040FFF704BFFA
:10DBC8000080002076380200A7380200CC38020016
:10DBD8002DE9F0410D4617461C46064648B143B1AB
:10DBE8000A03037810D56D0707D545212D480FF096
:10DBF80035FD6FF01500BDE8F08110F00DFA002832
:10DC0800F9D1012323700CE0E9072DD526480FB17F
:10DC1800AA0608D4C3EBC302825C012A12D002B957
:10DC280022700020E7E790F8D820510636D5C3EBDC
:10DC3800C302825C012A05D002B92270237843F01E
:10DC48000203DFE74FF00108072111FB03810144BC
:10DC5800304610F0D9F90028CDD184F80080002F83
:10DC6800DFD0AB06DDD5E9E76A0712D50E49C3EB6D
:10DC7800C3028E5C012E09D1072212FB03631944EB
:10DC880010F0C2F90028B6D12670EAE7002EE8D1D4
:10DC9800FAE710F0C1F901232370ACE76FF08500B3
:10DCA800A9E700BFFA380200008000202DE9F74FED
:10DCB8000C46202192460090FEF792FD054600286A
:10DCC80054D020210C30FDF763FD2022814600212D
:10DCD80013F02EF8002609F1010B04EBCA0A002301
:10DCE800D4F80080626893420CD30834A245F6D178
:10DCF80000222946009889F8006003B0BDE8F04F7B
:10DD0800FFF72EB998F80120B01C81181F2998F840
:10DD180000C014D9BCF1090FC0F11F0201D1002ABB
:10DD28000BDC452113480FF099FC2846FDF724FC2D
:10DD38006FF0150003B0BDE8F08F4FF0080CD7B2B4
:10DD4800791C0BF80610711CC9B20BF801C0D8F881
:10DD580004105BFA80F00193023712F0C2FF019BB6
:10DD68003744FEB2013308F10808BBE76FF06800DA
:10DD7800E0E700BF24390200F8B5456806466905A2
:10DD880035D4046914B115F0010330D0194F307837
:10DD9800FB7983422BD9C0EBC000072216493844CF
:10DDA80012F0CEFFA8B115F0010306D197F8702044
:10DDB800082A02D8B2689F2A19D915F0300F09D05D
:10DDC800ACB1EA060AD405F46035B5F5603018BF81
:10DDD8000120F8BDEB0601D4002CF4D1D6E90223CA
:10DDE8009A4204D81F2A02D9B3F5804FEBD90020F4
:10DDF800EFE700BF00800020552A0200072208B57F
:10DE08000349093012F09CFF003818BF012008BDF3
:10DE1800552A0200F8B5154B067804460D4683F8D6
:10DE28006F60FFF7EBFF70B93046114901F0C2FC93
:10DE3800044610B96FF00B00F8BD052101F0BEF8DB
:10DE480000202C60F8E704F109073946304601F054
:10DE5800F7FC40B92078394601F0ACFC04460028AC
:10DE6800E8D00621EAE76FF01500E5E7008000201A
:10DE78004E2A020003460148184700BF18800020B8
:10DE880000487047188000202DE9F04F9A4600237B
:10DE9800D1F810908DB0B9EB03060546934818BF2A
:10DEA80001260592079310F0F3F80C46410740F15C
:10DEB80011812046FFF760FF28B96FF0150B58460F
:10DEC8000DB0BDE8F08F204610F0BDF88046002860
:10DED800F3D005F11007384610F0DAF80206C0F35F
:10DEE800C01300F1FA80CDE90933CDF82B30A368CF
:10DEF8006068ADF82030E3686FF48071ADF82230C7
:10DF080010F0B7F88DF82D00784810F0C4F8237891
:10DF1800774A2B7082F86F302846324661680DF1D7
:10DF28002503FFF755FE83460028C8D105F10903EC
:10DF3800B9F1000F18D021690868C5F80900888868
:10DF4800988089792046997110F035F963680646FA
:10DF5800D8071BD49A0503D4169B0BB9022E5BD1A4
:10DF680002238DF8243023E0624A20461168C5F860
:10DF780009109188927999809A7110F01CF9636858
:10DF88000646D907E6D58DF8249011E013F0100F56
:10DF98000CBF01230423D8468DF82430236919685F
:10DFA800CDF826109988ADF82A109B798DF82C3079
:10DFB8000F2142F20600FEF713FC8346002800F00A
:10DFC8008F800F2208A90C300FF03CFD0022594623
:10DFD80042F20600FEF7C4FF002840F08480B9F141
:10DFE800000F1FD06368DB072AD42846012110F0F0
:10DFF800F2F8079D8346002864D045213E480FF07B
:10E008002DFB002D3FF45BAF2846002100F0D6FF22
:10E01800284600F093FF52E70323DDF858808DF877
:10E028002430C5E7179B524600932846CDE9018660
:10E03800169B059910F04DF883460028D2D03EE78C
:10E04800284607A9FFF7E6FE83460028CDD010F141
:10E058000C0F7FF434AFB9F1000F7FF430AF636871
:10E0680098073FF52CAF626882F00202C2F3400BBA
:10E078000BF001020E21384610F018F8731E5A42B0
:10E088005A410821384610F011F8B11E4A424A4157
:10E098003846092110F00AF862680A21384602F069
:10E0A800010210F003F842460B2138460FF0FEFF3C
:10E0B80062680D213846C2F380020FF0F7FF4FF077
:10E0C800000BFCE615B1284600F038FFB9F1000F47
:10E0D800CED1C8E76FF00A0BF1E66FF0770BEEE6EA
:10E0E8006FF0680BEBE68346E9E600BFD4800020BA
:10E0F80000800020552A02004239020073B51546F7
:10E10800069A0C46CDE900322B460A4601461148CC
:10E11800FFF7BAFE21460646002340F201109D4251
:10E1280002D1304602B070BD0A88824204D14A68E2
:10E1380012B11278D20702D401330831EFE7064949
:10E1480006480CF0A3F94FF47022002303480CF0A2
:10E158009FFAE6E718800020E1E100003080002007
:10E1680010B5194810F05EF86FF4804117480FF0A9
:10E1780092FF16480FF08CFF03461A06C0F3C01032
:10E1880021D512480FF084FF430513D50E48FFF739
:10E1980035FE03460E49087E93B905220D4901F064
:10E1A80073FB044630B10021017300F007FF2046DD
:10E1B80000F0C4FEBDE810400021034810F00BB881
:10E1C80006222131EBE710BD1880002028800020AE
:10E1D800008000204E2A020008B5FFF7C1FF024662
:10E1E80028B1BDE80840572101480FF037BA08BDEB
:10E1F8006239020073B532480FF04AFF10F4804FBD
:10E208002F4C37D020460FF043FF030632D4204668
:10E218000FF03EFF46052DD501A9A4F11000FFF728
:10E22800F9FD38BBA4F11000FFF7E8FD02462046CF
:10E238000FF02EFFC0F3803120460FF029FF81F048
:10E24800010145054FEA41011D4848BF41F0010160
:10E258000FF01EFF800448BF41F0040119480DF17A
:10E268000303FFF7B5FC054630B1024645211648C1
:10E278000FF0F4F902B070BD012112480FF0ABFFA6
:10E28800019E28B9304602B0BDE8704000F056BE85
:10E298002946304600F092FE6FF4804108480FF09E
:10E2A800FAFE0546304600F049FE6B04E2D5D4E894
:10E2B800EF3F43F48043C4E8E23F002ADAD0F6E7B0
:10E2C800288000201880002086390200884208B57E
:10E2D80001F110030CD998420FD20C490C4840F2B6
:10E2E800B1220EF0AFFC40F2B12108480EF0A1FCBB
:10E2F800F3D000F110029142EEE7013813F8012D36
:10E308008B4200F8012FF9D108BD00BFC8390200BF
:10E31800CF1F020008B511F09CFC30B10246452120
:10E3280002480FF09BF96FF0040008BDFA390200AB
:10E3380008B508F0E3FA30B10246452102480FF06B
:10E348008DF96FF0040008BD1B3A020070B592B059
:10E3580006460D46144600211C220BA812F0E8FCC4
:10E3680000230493EEB1E5B1DCB1314607A8FFF70D
:10E37800ADFF274B06A80B934FF4807306930FF05D
:10E3880054FF069B234E10220D9307A904AB0BA83C
:10E398000E9608F0A7F9024638B145211E480FF03D
:10E3A8005DF96FF0150012B070BD294607A8FFF798
:10E3B8008DFF05AB0293102307AA3146CDE9004330
:10E3C800049808F011FB024648B9049808F0B6F919
:10E3D80088B10246452111480FF040F908E010487D
:10E3E80045210FF03BF9049808F0A8F90028F0D16E
:10E3F8006FF00400D7E7631E04F11002073413F826
:10E40800011F12F8015DA3421D701170F7D1CAE710
:10E418000024800000444004403A02007F3A020091
:10E42800613A0200884208B501F120030CD99842EC
:10E438000FD20C490C4840F2B1220EF003FC40F216
:10E44800B12108480EF0F5FBF3D000F1200291420B
:10E45800EEE7013813F8012D8B4200F8012FF9D1AE
:10E4680008BD00BFC8390200CF1F020070B53E4B7F
:10E478009AB01822002103A8029312F059FC44F222
:10E48800010309A809930FF0DDFE099B694604936F
:10E49800364B02A8059308F055FA024608B3452101
:10E4A80033480FF0DBF81F25324BD3E8EF1F21F07C
:10E4B8000101C3E8E21F002AF7D12F4E0CF000FE3D
:10E4C8003468002C49D0002D2C4D18BF0025043C81
:10E4D80023680BB1284698476468002C3DD0043C5B
:10E4E800F6E74122009801AB09A908F06BF902464A
:10E4F80010B145212248D4E7224A0DF125030DF138
:10E50800650153F8040B8B4242F8040BF9D1202221
:10E518001D49009801AB08F02FF9024610B14521BA
:10E528001A48BEE7009808F009F9054618B10246EE
:10E5380045211748B5E713491048FFF773FF1549F8
:10E548001548FFF76FFF154BD3E8EF1F41F0100197
:10E55800C3E8E21F002AA7D0F6E70023C6E9003384
:10E568000CF0FCFD1AB070BD127100010000020928
:10E57800B03A0200949300209C9300204E9900200A
:10E58800D33A02000E990020EE980020FB3A0200D0
:10E59800243B02002E9900206E990020D480002090
:10E5A800042330B5A7B03D22002116A8159312F018
:10E5B800BFFB304B1822002107A8069312F0B8FBC6
:10E5C80044F201030DA80D930FF03CFE0D9B202291
:10E5D8000893294B2949099306A804AB08F082F847
:10E5E8000246D8B1452126480FF038F86FF00404E8
:10E5F8000CF066FD234B1D6865B100201860224BA6
:10E60800D3E8EF1F21F00201C3E8E21F002AF7D187
:10E6180054B3A8470CF0A2FD27B030BD1B4B0DF139
:10E628005502194603F1400053F8044B834242F85F
:10E63800044BF9D105AB0293202315AACDE90013A9
:10E648000D484123049908F0FBF9024610B1452111
:10E658000F48C9E7049808F071F804460028C7D0A5
:10E66800024645210B48BFE70DA80849FFF7DAFE27
:10E678000DA8CEE71271000100000209EE980020F3
:10E68800493B020098930020949300200E990020A3
:10E69800843B0200A53B0200402208B5034912F062
:10E6A8004FFBB0FA80F0400908BD00BF1C3C0200D7
:10E6B80010B51C4B9AB018220446002103A80293F7
:10E6C80012F036FB4FF4804309A809930FF0BAFD06
:10E6D800099B21460493144B0DF12500059304234F
:10E6E8008DF82430FFF79EFE04F120010DF145005E
:10E6F800FFF798FE412201AB09A902A807F0F2FF33
:10E70800044602A811F0A7FA2CB9019808F016F8E7
:10E7180001201AB010BD0548224645210EF09EFF83
:10E728000020F6E71241000100000209C73B020081
:10E7380010B5002833D01D4A136823B1043B984212
:10E7480030D05B68F9E71A4BD3E8AF1F890706D5C5
:10E75800184857210EF082FF6FF00F0010BD1468A3
:10E76800011D44605068116000B95160D3E8EF2F73
:10E7780042F00101C3E8E01F0028F7D1D30701D513
:10E788000020EBE70C4BD3E8EF1F21F01001C3E8A2
:10E79800E21F002AF7D10948FDF73CFBF0E76FF0CC
:10E7A8001500DBE76FF07700D8E700BF9C930020E7
:10E7B80094930020F03B0200D48000205082002077
:10E7C800044BD3E8AF3F13F0100F034808BF0020F5
:10E7D800704700BFD48000204E99002070B50546D0
:10E7E800194803688B4228D0184BD3E8AF3FDA06A4
:10E7F80026D5036813B16FF00F0070BD144AD2E834
:10E80800AF3FDB07F7D4D2E8EF3F43F00204C2E89A
:10E81800E64F002EF7D113F00204ECD1016029462F
:10E828000C48FFF7FFFD0C4805F12001FFF7FAFD42
:10E838000A48FDF7EFFA2046DFE76FF07700DCE7DC
:10E848006FF07C00D9E700BF98930020D4800020A7
:10E85800949300200E9900202E99002040820020D9
:10E8680010B50446FCF7E8FC044901EB001120460A
:10E87800FDF76EFBBDE81040FEF780B9A4930020B9
:10E8880070B50546114B1C6844B154F81C3C1C3C3F
:10E8980013B12846297B9847E469F5E70C4C0D4EDF
:10E8A800B44211D90C490D4840F283720EF0CAF9EE
:10E8B80040F2837108480EF0BCF9236813B128466A
:10E8C800297B98472034EBE7F7D370BDD893002015
:10E8D8004013020060130200633C0200CF1F0200D5
:10E8E80070B50E4605460FF0DBF9014640B10E49FA
:10E8F8000E4898220EF0A6F998210B480EF099F9C7
:10E90800002200230A48FCF7D9FC044658B1FCF75A
:10E9180093FC084B3246294603EB00132046BDE81A
:10E928007040FDF739BB70BD633C0200CF1F020089
:10E93800D4860020A493002070B5044641B90D493F
:10E948000D4840220EF07EF940210A480EF071F978
:10E958000022D1E901560948C1E9012212F024F840
:10E968003DB1314620462B46BDE870406FF06D0240
:10E97800184770BD633C0200CF1F0200B485002019
:10E9880010B50C46817801290AD00B490B4840F292
:10E99800DB320EF057F940F2DB3107480EF049F947
:10E9A800A16904F118001160E26900211A60E27A95
:10E9B800BDE8104012F0BCB9633C0200CF1F020052
:10E9C80030B5437B0446072B85B04DD1051D4FF468
:10E9D800806128460FF056FC400545D428460FF0C4
:10E9E8004EFC10F4803F214D2ED095F8D930D90730
:10E9F8000FD50021022320461A4600910FF031FA64
:10EA0800024618B145211A480EF028FE637B072BF1
:10EA18002AD195F8D8309B0626D50FF097F918B368
:10EA28000DF10E0103A8FEF773FBE8B9BDF80E203F
:10EA38002046BDF80C100FF0F6F90246A0B14521AA
:10EA48000C480EF00BFE0FE095F8D8301A07CCD51D
:10EA580020460FF0CEF9024618B1452106480EF0BF
:10EA6800FDFD637B072BC0D005B030BD00800020C2
:10EA7800B93C0200D53C0200933C020070B5054643
:10EA88000022002314480BF0A7F818BB134B1C688E
:10EA980034B154F8143C1C3C03B19847E469F7E7D7
:10EAA8000F4C104EB4420FD90F49104840F29662ED
:10EAB8000EF0C8F840F296610B480EF0BAF8A36859
:10EAC80003B198472034EDE7F9D32846BDE87040F4
:10EAD8000BF074BB70BD00BF9C850020D89300204C
:10EAE8004013020060130200633C0200CF1F0200C3
:10EAF8002DE9F843044612F0BFF91D4B1A581D4B77
:10EB08009A4211D120270025DFF86C80EFF311839A
:10EB180087F31288BFF36F8FE16981B983F3118896
:10EB2800BFF36F8FBDE8F883144915484FF4897215
:10EB38000EF088F84FF4897110480EF07AF8206AC0
:10EB48000A68814208BF2262E26183F31188BFF339
:10EB58006F8FD1E901694046C1E9015511F024FFE1
:10EB68001EB1002249462046B047FEF707F8CDE718
:10EB780008000000E0900020B4850020633C0200FB
:10EB8800CF1F02000448B0F8043100F58470002B50
:10EB980008BF0020704700BF0080002030B5044641
:10EBA80012F06AF90D461249124A09588BB091427F
:10EBB80005D120460BB0BDE83040FFF799BF24349B
:10EBC8002146104611F06EFF00280ADA0A490B4860
:10EBD8004FF4A5720EF036F84FF4A57106480EF002
:10EBE80028F81DB1694620460BF0EEFA0BB030BD8F
:10EBF80008000000E0900020633C0200CF1F0200E4
:10EC080038B5002204468A4202D10024204638BD85
:10EC1800012004F1C803D3E8EF5F002D04D1C3E855
:10EC2800EC0FBCF1000FF6D102D0D0340244EAE771
:10EC3800002CEAD0C8220021204612F079F804F10D
:10EC4800400004490BF022FC034904F124000BF0B6
:10EC5800F7F9DBE73DF90000D1E2010070B50D4698
:10EC6800164601210446FFF799FF002128460FF0B8
:10EC78006FF8012E1AD0022E41D1236933B13948D9
:10EC880045210EF0EBFC20460FF03CFB2846FCF734
:10EC98009FFC20612269138A012B36D82088FDF752
:10ECA8009DFF012128460FF053F80BE0206938B981
:10ECB80045212D480EF0D2FC20460FF023FB01E041
:10ECC8002E8A26B92846BDE87040FCF755BC0C30A2
:10ECD8000EF0B0FE86420BD9452124480EF0BEFC4A
:10ECE80000222046216901F0C5F800232361E9E7E5
:10ECF80020692A8AE9680C300EF0A4FECAE7324679
:10ED080045211B480EF0AAFCD6E7D26816880436BF
:10ED1800B6B2B342C2D32846FCF72EFC21690A8A50
:10ED2800964209D23346134845210EF097FC2046F7
:10ED3800BDE870400FF0E6BA002323610A7A012A81
:10ED48000AD00D490D4840F2D9120DF07BFF40F270
:10ED5800D91109480DF06DFF2046BDE8704001F05B
:10ED680089B800BFF63C0200183D02003B3D020096
:10ED7800673D02008A3D0200633C0200CF1F02008B
:10ED8800034610B590B100F1C80210460FF077FAAB
:10ED9800B8B1411CD2E8EF4F844204D1C2E8EC1F5D
:10EDA800BCF1000FF6D1F0D1184610BD064907484E
:10EDB80040F2D5520DF046FF40F2D55102480DF011
:10EDC80038FF0346F0E700BF633C0200CF1F020094
:10EDD80038B50121044600F1BC03D3E8EF2FC3E89E
:10EDE800E51F002DF9D152B9FFF7CAFF0CF068F9F9
:10EDF800054804F1B8010FF032FA0CF0AFF9BDE89C
:10EE08003840FDF7BBBE00BF2481002070B5464BDB
:10EE18005A8C32B1454DD5F8244134B900242046E6
:10EE280070BD1B68002BF5D1F8E754F8B83903B169
:10EE3800B83B00263E4912E01346B5F80421002AE3
:10EE48006FD0D5F81021BAB904F1B806002BE5D077
:10EE5800D3F8B8201C46002AEED0A2F1B803A3428A
:10EE6800EBD1344940F2A53233480DF0EBFE40F2C5
:10EE7800A53130480DF0DDFE0A68002AE4D0D4F848
:10EE8800A420002AE0D0D4F8A820002ADCD0D4F8A6
:10EE9800AC20002AD8D0637B072B0DD120469047A1
:10EEA80050B104F1C0000FF0EAF9022804DC204652
:10EEB800BDE87040FFF764BF04F1B803B34208D15E
:10EEC8001C4940F2C2321C480DF0BCFE40F2C2316F
:10EED800CFE7D4F8B820E6B9D5F82811C5F8242129
:10EEE8008B4201D1C5F82821002204F1BC03C4F8E3
:10EEF800B820D3E8EF1FC3E8E02F0028F9D1204657
:10EF0800D4F8AC309847002889D02046FFF760FF36
:10EF180085E73260D5F82821934208BFC5F82861F3
:10EF2800E2E79368FFDE00BFD4860020008000205F
:10EF3800B4850020633C0200CF1F020037B550B9EA
:10EF48001A4940F2FD521A480DF07CFE40F2FD517C
:10EF580016480DF06EFE8578C478C830D0E8EF3FCB
:10EF68005A1EC0E8E12F0029F8D101A801930FF03B
:10EF780086F9019B002B08DC0C4940F20D620C4815
:10EF88000DF060FE40F20D61E2E701280BD109485F
:10EF98000AF0CCFD08480BF011F9012D03D1012C22
:10EFA80001D1FFF727F903B030BD00BF633C020071
:10EFB800CF1F02009C8500207082002070B5467B20
:10EFC80004468E420D460BD15721082E96BF4E4B54
:10EFD8004E4A53F826204E48BDE870400EF03EBB1E
:10EFE800417326B98378082B01D0FFF7C9FE637BEC
:10EFF800082B00F28480DFE803F0215F868686868E
:10F0080086058600A378042B7DD0002141480CF0AA
:10F01800E7FE0023C4E90D33E378012B73D1A3780D
:10F0280004F14000012B04BF032384F894304FF40B
:10F038002032BDE8704000230BF0BABAA378042B45
:10F0480004D12046BDE87040FFF778BF082E5AD893
:10F0580001A353F826F000BFB9F0000085F00000C6
:10F06800ABF000004BF000004BF000004BF000004C
:10F07800ABF00000B9F00000B9F0000004F1400561
:10F0880028460BF00BFB20460121FFF787FD2046A1
:10F098000FF038F92846BDE87040002200230BF035
:10F0A800F7BA237B002BCCD02046FFF7E9FBC8E753
:10F0B8002A46572118488FE7237B3E2B04D1224646
:10F0C800572116480EF0CAFA154D05F58476616980
:10F0D80019B9BDE87040FDF751BDA2690B689142AE
:10F0E80008BFA36120466361FFF726FCB5F8043129
:10F0F800002B14BF304600200AF018FDE7E72A4627
:10F108005721084868E770BD68190200AA3D020047
:10F11800B43D020080820020CA3D0200E63D0200A4
:10F1280000800020123E020070B5024605460E46D9
:10F138000A4801210FF0EFF8044610B900242046D0
:10F1480070BD83781E42FAD12A46572104480EF032
:10F1580085FA2046FFF7F2FEF0E700BF488C002052
:10F16800333E0200F8B5074609480D461646FFF734
:10F1780007FE044650B183781F4203D1BDE8F8402A
:10F18800FFF7DCBE3146A8472046F7E7F8BD00BFC9
:10F19800488C0020002201200149FFF7E3BF00BF8F
:10F1A800C9E900000A4A08B50A49831A1B119042A6
:10F1B80001FB03F30AD00849084840F233620DF016
:10F1C80041FD40F2336104480DF033FDD8B208BD6B
:10F1D800488C0020C54EECC4633C0200CF1F0200DF
:10F1E8002DE9F84305460F4616461C4690469946B3
:10F1F80011F068FC50B11949194840F24F620DF0FE
:10F2080021FD40F24F6115480DF013FD34430AD03B
:10F2180011F032FE134B1A58134B9A4206D157215C
:10F2280012480EF01BFA4FF00008C146104942463A
:10F238004B46002D14BF284608460EF0DDFB044659
:10F2480030B957210B480EF009FA2046BDE8F8837B
:10F25800791D0C30FCF730FAF7E700BF633C020079
:10F26800CF1F020008000000E09000204F3E02007F
:10F27800048600207D3E020010B5044605480AF0C9
:10F288009DFF204600F06EFC2046BDE81040FFF7C9
:10F29800F7BA00BF6082002010B5437B0446023BEA
:10F2A800062B24D8DFE803F00B04232323190900D5
:10F2B800017300212046FFF781FE002010BD8378EE
:10F2C800012BFAD00B490C4840F26A720DF0BAFCD7
:10F2D80040F26A7107480DF0ACFC00880EF066FD3C
:10F2E8000028EBD1637B072BE7D10821E2E76FF019
:10F2F8007F00E3E7633C0200CF1F020000232DE9F3
:10F30800F04F85B001930393FFF780FD044698B151
:10F31800437B072B19D00246572187480EF09EF9E8
:10F328004FF0FF312046D4F8A43002AA984701468E
:10F3380028B92046FFF702FE05B0BDE8F08F204649
:10F34800039B019A0EF0A9FFEAE7DFF8F091D0F8E5
:10F35800A430B9F8041102AA984705460028E8D055
:10F36800B9F80421029B9A4206D30146D4F8A86052
:10F37800204603AB01AAB047DDE9018B2B8A039E27
:10F3880053B96F4940F291226E480DF05BFC40F290
:10F3980091216B480DF04DFC28460EF081FC824609
:10F3A80040B1674940F2972266480DF04BFC40F2A5
:10F3B8009721EEE7B9F804316348002B08BF002015
:10F3C800002200230AF008FC40B15D4940F2A62261
:10F3D8005C480DF037FC40F2A621DAE70022002352
:10F3E8005A480AF02BFB074640B955494FF42C728E
:10F3F80054480DF027FC4FF42C71CAE7C0E9018688
:10F40800B9F804612B7AB34598BF1FFA8BF6012B24
:10F4180008D04B494FF431724A480DF013FC4FF4B1
:10F428003171B6E72B8AB34210D92846FCF7D0F8D9
:10F438003146FFF755FA064658B9414940F2D222FB
:10F4480040480DF0FFFB40F2D221A2E731462846A2
:10F45800EFE7B9F8043194F8C4809B458CBF4FF0AE
:10F46800010A08F1020884F8C4A098BF5FFA88F876
:10F4780004F1C00ADAE8EF3F0133CAE8E23F002AA4
:10F48800F8D104F1140B394658460EF0E8FEA3787B
:10F49800012B08D02A4940F2F6222A480DF0D2FB67
:10F4A80040F2F62175E7042106F10C00FCF720F97B
:10F4B800238808F0FD0843EA08330380338A043BB5
:10F4C8004380042330463376FDF77EFA804680B3C6
:10F4D800DAE8EF3F013BCAE8E23F002AF8D13946B3
:10F4E80058460EF0F4FE4246452119480EF0B6F88B
:10F4F8003046FCF741F820463946FFF71DFAB9F8BF
:10F5080004311148002B08BF00200AF00FFB2346E6
:10F518006FF0040245210F480EF0A0F82946204656
:10F52800039B019A0EF0B9FE13212046FFF7B4FEA3
:10F53800FFE6FDF723FBFCE6AB3E0200008000205F
:10F54800633C0200CF1F020008810020B485002020
:10F5580067310200C73E0200F8B5031D044618468D
:10F568000EF08DFE820415D5B4F88620B4F8881004
:10F5780091420FD8B4F88A1091420BD3D4E92312E0
:10F58800914207D1D3E8EF1F21F40051C3E8E21FED
:10F59800002AF7D1164B1D686DB155F80C6C1C3D4F
:10F5A8003EB12046B4F88E30B4F88C20B4F88610FA
:10F5B800B047ED69F0E70F4D0F4FBD4216D90F491F
:10F5C8000F4840F2CE720DF03DFB40F2CE710B4871
:10F5D8000DF02FFB2E693EB12046B4F88E30B4F8FA
:10F5E8008C20B4F88610B0472035E6E7F2D3F8BD92
:10F5F800D89300204013020060130200633C02000D
:10F60800CF1F02002DE9F041074608460D460EF0CF
:10F61800A1FB064618B900263046BDE8F0811A4B12
:10F628001C6884B154F8103C1C3C0BB9E469F8E739
:10F638002946384698470028EDD028460EF08AFB20
:10F648000028F3D1E7E7114CDFF84480444514D98A
:10F658001049114840F616020DF0F4FA40F616016A
:10F668000C480DF0E6FA2946384698470028D2D0CB
:10F6780028460EF06FFB20B9CDE7CDD2E368002B0A
:10F68800F1D12034E2E700BFD893002040130200F4
:10F6980060130200633C0200CF1F02002DE9F04115
:10F6A800C37804468BB900F17E06174B1D687DB1FF
:10F6B8001C3D04F170076B691BB13A463146204680
:10F6C8009847ED6925B11C3DF5E700F17706ECE7B1
:10F6D8000E4D0F4F04F17008BD4212D90D490E4866
:10F6E8004FF41F620DF0AEFA4FF41F6109480DF098
:10F6F800A0FA6B691BB1424631462046984720352F
:10F70800EAE7F6D3BDE8F081D89300204013020061
:10F7180060130200633C0200CF1F0200F8B5437A71
:10F728000546837216460EF025FF134B1C684CB134
:10F7380054F8043C1C3C1BB132462846697A984769
:10F74800E469F4E70D4C0E4FBC4212D90D490E483E
:10F7580040F662220DF076FA40F6622109480DF073
:10F7680068FAA3691BB132462846697A984720345B
:10F77800EAE7F6D3F8BD00BFD89300204013020093
:10F7880060130200633C0200CF1F020008B5084B5B
:10F7980000F11C011A6822B905480EF060FD1046F8
:10F7A80008BD914201D01268F5E76FF01000F7E745
:10F7B800D893002038B505460C460F480121FFF7BD
:10F7C8001FFAC0B1057223680367A388A0F87430D4
:10F7D800A37980F876300123437283728370074BD4
:10F7E800C0F8A430064BC0F8A830064BC0F8AC30BF
:10F7F800054BC0F8883038BD488C0020E5FC000077
:10F8080089E900007BE201001800280070B5054670
:10F818000A480E46FFF7B4FA044620B18378012B54
:10F8280004D0FFF78BFB0024204670BD32462946E2
:10F838000EF0D7FD0028F7D12046F2E7488C0020CB
:10F8480037B50D46FFF7E2FF0446A0B12846FCF79E
:10F85800F7F8627B0346082A96BF0849084A51F818
:10F86800222008485721009222460DF0F7FE204634
:10F87800FFF764FB012003B030BD00BF6819020028
:10F88800AA3D0200EF3E0200F8B505460E480E46B6
:10F898001746FFF775FA044620B18378012B03D089
:10F8A800FFF74CFB00240DE036B1324629460EF036
:10F8B80098FD08B92046F3E7637BBB42FAD1237A67
:10F8C800AB42F7D12046F8BD488C002038B5044635
:10F8D80008460D460EF03EFA38B3154B93F8D8306B
:10F8E800990707D4E37873B129462046BDE8384024
:10F8F80000F0E8BA94F895309A07F3D5201D0EF079
:10F90800BEFC4304EED4294620460EF08CFD58B9BF
:10F918002B88A4F888306B88A4F88A30AB88A4F8C0
:10F928009030EB88A4F8923038BD6FF01500FBE7F3
:10F9380000800020F7B510F8333C0446A0F14006DB
:10F948006BBB30460EF0FEFD374B1D684DB155F8C8
:10F95800183C1C3D1BB1304614F8341C9847ED691F
:10F96800F4E7324D324FBD4212D93249324840F2A3
:10F9780094720DF067F940F294712E480DF059F920
:10F988006B681BB1304614F8341C98472035EAE7F9
:10F99800F6D3304603B0BDE8F040FFF7CFBA10F811
:10F9A8003E3C012B3ED1A0F13C05D5E8EF3F23F4C6
:10F9B8000052C5E8E12F0029F7D19B041ED5A36C9E
:10F9C80069460093236D30460193FFF77FFF024697
:10F9D80078B9D5E8EF3F23F48053C5E8E23F002A21
:10F9E800F7D14FF40061284603B0BDE8F0400EF0AF
:10F9F80049BC572111480DF031FEF2E76B46104A19
:10FA08001068516803C369463046FFF75FFF024636
:10FA180028B94FF4805128460EF034FCE1E757210D
:10FA28000848E8E703B0F0BDD8930020401302006F
:10FA380060130200633C0200CF1F02002D3F02004A
:10FA4800CC150200573F020008B568B1094B00F118
:10FA58000C011A6822B907480EF001FC104608BDCF
:10FA6800914204D01268F5E76FF01500F7E76FF0E0
:10FA78007700F4E7E093002010B90248FFF780B957
:10FA880000207047488C002010B50C4810F07FFF0C
:10FA98000B490A4810F088FF0A49084810F084FF0B
:10FAA8000949064810F080FF0FF033F904F04CF9CB
:10FAB800044608B90EF0ABFD204610BDB485002001
:10FAC800B4930020C0930020CC93002008B50246D0
:10FAD8000748036823B9074A42600860184608BD0A
:10FAE800054845210DF0BAFD6FF00B00F7E700BFA0
:10FAF800EC930020AC1902000F40020010B5026818
:10FB0800D2F8B03053B9154940F2C32214480DF069
:10FB180099F840F2C32111480DF08BF8D2F8B4409F
:10FB28001968A34208BFC2F8B410C2F8B01000F1B7
:10FB38004C029342E7D100225030D0E8EF3FC0E8B2
:10FB4800E12F0029F9D143B9044940F2C7220448FA
:10FB58000DF078F840F2C721DDE710BD3B40020008
:10FB6800CF1F0200F7B504460026284D284FBD4296
:10FB780049D9284928484FF4CA720DF063F84FF460
:10FB8800CA7124480DF055F820466B6801A99847BA
:10FB9800002833DB019B2A889A829A84A86803F19B
:10FBA8001002D2E8EF1FC2E8EC6FBCF1000FF8D1E9
:10FBB800C3E91466DE649E60A16B03F10802F9B91B
:10FBC800C4E90D221C60D86003F1300010F0DFFE9C
:10FBD800019843681B6803B19847019B1033D3E829
:10FBE800EF1F41F00101C3E8E21F002AF7D1019895
:10FBF8004368DB6913B100F1100198470C35B6E78B
:10FC08000A60A263DEE7BFD303B0F0BD1C13020095
:10FC1800401302003B400200CF1F020030B50446EB
:10FC280052EA030008D011F027F9064D2D5806486E
:10FC3800854204BF002213462046BDE83040043107
:10FC4800FFF7CEBA08000000E0900020F8B50F4694
:10FC580000210546164600234FF480320846FFF778
:10FC6800DDFF044630B92A46452106480DF0F6FC6A
:10FC78002046F8BD04210C30FBF78AFD057047705B
:10FC88004680F5E76C40020070B505461E462B68B5
:10FC98001046F3B15B7B072B1BD1002A14BF02224D
:10FCA80001220B7A934206DD45210B480DF0D6FC64
:10FCB8006FF0150070BDCB7A072BF9D98861CE613A
:10FCC80005F1300010F070FE28460EF0D6FB00203B
:10FCD800F0E76FF07F00EDE7994002002DE9F84367
:10FCE8000E469046D0F8B0404CB14C3C236B63B103
:10FCF80004F13009484610F06CFE054650B9FCF78F
:10FD08003DFF00252846BDE8F8832046FFF7F6FEAC
:10FD1800E46CE9E70DF0C4FF28B12A4645212A48DA
:10FD28000DF09CFCEDE7636D9BB9A38C2F8A403BDB
:10FD38009BB23F2B03D8238D9F4228BF1F46042127
:10FD480005F10C00FBF7D4FC0780A38C0437438033
:10FD58006765636D2A8AB34220D8934211D1002285
:10FD68000023484609F06AFE854220D01749184802
:10FD780040F2D2320CF066FF40F2D23113480CF058
:10FD880058FFA38C403B9BB23F2B19D92046FFF765
:10FD9800B5FE236B13B120460EF06FFB636D9E42D8
:10FDA8002CBF00269E1BC8F800306665AAE7A38C06
:10FDB800A3F140023F2AE9D8064AAA61EB61E5E7C8
:10FDC80000221346F9E700BFBE4002003B40020094
:10FDD800CF1F0200C9E5010070B50B8A0646032B48
:10FDE8000D4604D845211E480DF038FC0DE00421CD
:10FDF80005F10C00FBF7B2FC2A8A438804469342BB
:10FE080005D0452117480DF029FC002070BD427827
:10FE180012B945211448E7E70278012AF5D0132AD8
:10FE280004D1012BF1D845211048DDE757211048AE
:10FE38000DF014FC6178022201203568FFF706FFF7
:10FE480004460028E1D002210C30FBF7A1FC002376
:10FE580021460370437028460EF0BFFBD5E700BF6C
:10FE6800DB400200FE400200244102004A41020039
:10FE78006B41020038B50B8A0546032B0C4608D89F
:10FE880045210E480DF0EAFB2046BDE83840FBF757
:10FE980073BB042104F10C00FBF760FC4288284680
:10FEA80011460EF0ABFB20B9572105480DF0D6FBE3
:10FEB800EAE7436821465B699847E5E7984102000D
:10FEC800BA41020070B5124B0C461978054601314B
:10FED800C9B2012938BF0121082212201970FFF781
:10FEE800B5FE064688B108210C30FBF751FC228884
:10FEF8003146028062884280A2888280E288C2807D
:10FF08002846BDE870400EF068BB6FF00B0070BD6E
:10FF18008E99002023281FD81A2804D8431E182B8E
:10FF28000ED906207047A0F11B03082B1ED8DFE866
:10FF380003F0051D1B231D19251D0500032070470F
:10FF480001230F4A83401A40C2B90E4A1A40002AB8
:10FF580014BF01200620704700F07F03522B05D103
:10FF680000207047012070470520704710F0400FAF
:10FF78000CBF0620002070470420704702207047FD
:10FF8800AAAA8A0254554501011F014809F084BAFA
:10FF98001C8500202DE9F04F42F60103002591B0A1
:10FFA800166880460F4600680BA9D6F804901446D8
:10FFB8008DF82C50ADF82E300DF0DFFD00286FD0F5
:10FFC8004FF42053D8F800000BA98DF82C50ADF849
:10FFD8002E300DF0D2FD38B1A3681BB15A88BA4251
:10FFE80000D25F8001200EE0616808460EF01AFB1F
:08FFF800728B738D9A4294BFD5
:020000021000EC
:10000000C0EB0200C0EB0300032803D8002011B0AE
:10001000BDE8F08F0846FBF7F5FA054660680EF07C
:1000200005FB728D738B05F10C0B9A4294BFC0EBEC
:10003000020AC0EB030A58460DF000FD824536D295
:1000400060680EF0F3FA728D738B9A4294BFC0EB26
:100050000200C0EB030070B96368987AFBF7E8F818
:10006000002200230DF0CCFC05460028CED001462E
:100070006068FBF705FB00230093D8F804601023A9
:100080004146484602AAB047061E0DDB227CE068C6
:10009000B2422BD001460BA80DF0A1FD58B9572153
:1000A000227C14480DF0DEFA0023A3609EE7584638
:1000B0000DF0C4FCCFE7F2B202A906A80DF08FFD47
:1000C00018B9324657210C48ECE706A90BA80DF0E9
:1000D00058FD0028E8D100230421637405F10C00C9
:1000E000FBF75AFBA0600780A3687EE702A910F027
:1000F0002BFEEEE7FB4102001F42020010B5044652
:1001000000F15803D3E8EF1F41F00101C3E8E21FFB
:10011000002AF7D1201F0EF03BFB04F17C000449BC
:100120000AF0B8F92068BDE8104002F063BB00BFD8
:10013000CD0F01002DE9FF414FF000084FF420538F
:1001400005460E46006802A9144617688DF8088017
:10015000ADF80A300DF015FDA0B142F60103286894
:1001600003A98DF80C80ADF80E300DF00AFD48B1F2
:1001700023691BB15A88B24200D25E80012004B0CC
:10018000BDE8F081616828680DF0FBFC10B1002328
:100190002361F3E7E368A0681A786AB1B7F81AC078
:1001A000798D038A8C4594BFC3EB0C03C3EB010329
:1001B000934201DA0020E2E704210C30FBF7ECFA6D
:1001C00020610680236929465E80074B01940093D5
:1001D00038460023A2680EF01EFB0028EADB2069E7
:1001E000003818BF0120CAE7F7E70100F7B5002380
:1001F00004460E46002269462C4809F0DFF8054601
:1002000048B1224645212A480DF02CFA6FF00B0523
:10021000284603B0F0BD10F033FE264B009F1A585D
:10022000254B29461A60381D2C2210F085FD3C60B4
:10023000009C0022C4E90155C4E90A5500231F4867
:1002400001A9019509F0BAF8054618B157212268AD
:100250001B48D9E7019B0146B822184610F06CFDF7
:10026000184A8260643010F096FB019B5C33D3E83F
:10027000EF2FC3E8E15F0029F9D1019B1C60A36A5D
:10028000019F1BB904F10C0010F085FBA26A07F175
:10029000B003C7F8B020E26AA36202B9E362172292
:1002A000019B5A855A8304333360B1E7FC840020F4
:1002B00043420200080000008C9400201C850020AE
:1002C0006D420200908200202DE9F7431768054631
:1002D00088460068516814467E680DF052FC8146DD
:1002E000002842D13046952229460EF06FFF06467F
:1002F000207540B1E3681B780BB184F8149000209E
:1003000003B0BDE8F083A068FBF77CF902210C3054
:10031000FBF742FA164B2061A0F80080009301948D
:10032000334629463846A2680EF075FA002807DAE7
:1003300010F1FF0F32BF0E204042C0B22075DEE741
:100340002369002BDBD0A0680EF070F97B8B7A8DCF
:100350009A4294BFC0EB0200C0EB0300E3681B7835
:10036000984294BF00200120CAE70120C8E700BFDF
:100370003DE6010008B5437B072B05D057210C480B
:100380000DF070F9002008BD04210EF03BF910B902
:1003900045210848F4E700F15803D3E8AF3FDB07F5
:1003A00002D445210448EBE750F8040CEBE700BF0A
:1003B00097420200AA420200CA42020010B5044657
:1003C000807AFAF735FF0B4B83420AD00A490B4873
:1003D00040F219120CF03AFC40F2191106480CF0E8
:1003E0002CFC2046FAF72CFF1822054B02FB0030AC
:1003F00010BD00BF38860020E9420200CF1F020076
:10040000449400202DE9F047074608460C46FFF7C4
:10041000D5FFE3680646D0F8089007F15C02D2E801
:10042000AF2FD20708D4452126480DF01BF96FF0F5
:1004300015052846BDE8F087228A52B9224923488B
:1004400040F265120CF002FC40F265111E480CF0FF
:10045000F4FBE26812780271002202601B78D22B52
:100460000ED13B68214618680FF0E5F8054638B113
:10047000452117480DF0F6F82046FBF781F8D8E73C
:1004800004F10C000DF0D6FA0023B4F810A0804659
:100490001A462146B760381DFFF7FAFB05460028CB
:1004A000C7D010F1690F03D145210A480DF0DAF8E1
:1004B0006369A4F810A013FA88F3E360C6F8089003
:1004C0003560B6E7CA420200E9420200CF1F0200CF
:1004D000184302003043020008B550B917494FF4E1
:1004E000617217480CF0B2FB4FF4617113480CF0C5
:1004F000A4FB41B9114940F2853211480CF0A6FB2A
:1005000040F28531F2E74A6842B90C4940F286323E
:100510000B480CF09BFB40F28631E7E7036E43B1DA
:10052000064940F2873206480CF090FB40F28731D2
:10053000DCE7BDE808400EF097BA00BFE9420200D0
:10054000CF1F02002DE9F14F0446FFF737FF0021CE
:10055000D0E902561822D0F800A090F80490C7887D
:10056000D0F8108010F0E8FBA07AFAF761FE61691C
:10057000834651B1637AD80705D4DBF82C30204686
:100580001B689B689847002363612146584610F01A
:100590001AFAB9F1000F46D0002D44D02B68002B79
:1005A00041D01B68002B3ED0BAF1000F07D0524655
:1005B0004521284801B0BDE8F04F0DF053B8281D83
:1005C0000EF0E8FA4846FFF7A9FC052836D80123C3
:1005D00003FA00F010F0140425D110F0090F05F112
:1005E0005C0319D110F0220F28D0D3E8AF3FDA070F
:1005F00006D44521184801B0BDE8F04F0DF032B8DF
:100600002B6E83B14FF47022002305F1800001B0FE
:10061000BDE8F04F0AF040B82A681568D3E8AF3F4C
:10062000DB07E6D536B901B0BDE8F08F4146284674
:10063000B0470134A3B2BB42F8D3F4E707490848F6
:1006400040F2BB220CF002FB40F2BB2103480CF04D
:10065000F4FA00BF58430200CA420200E942020015
:10066000CF1F020070B5531C0D46428D418B0646CC
:100670008A4228BF0A46934206D957211B480CF0EC
:10068000F1FF0024204670BD2846FFF747FC0228F2
:1006900010D004280ED010F0F3FB154B1958154B51
:1006A000994216D0144B1B685A1A18BF4FF0FF32EC
:1006B000134602E04FF47022002300210F48FFF799
:1006C000B1FA044638B92A4645210D480CF0CAFF54
:1006D000D7E70022ECE7FFF771FE0121866004F105
:1006E0000C00FBF759F80570CCE700BF7C43020013
:1006F00008000000E09000208C9400203886002044
:100700006C400200F8B50B8A04460D4607682BB909
:10071000452127480CF0A6FF0020F8BD012105F176
:100720000C00FBF71FF87B7B0646072BF4D154F82F
:10073000043C002BF0D0002103781E4A043C12F840
:10074000317002EBC1009F420CD12A8A4178877830
:1007500091421FD9452118480CF084FF012FDBD1AD
:10076000042320E001310E29E9D1572113481A460C
:100770000CF078FF31780846FFF7D0FB0028CBD08B
:100780000528C9D00029C7D00623002220460EF034
:1007900041FAC1E74368294620469847012F03469E
:1007A000BAD10028B8D031780029B5D0EDE700BF24
:1007B000A6430200D4190200E5430200C64302002A
:1007C000F0B51E4603680D460039044618BF0121E6
:1007D00087B0186817460EF034FD40B904F15C008C
:1007E0000EF0DBF8002844D0002007B0F0BD002E4A
:1007F00041D018220021684610F09EFA47BB2368BA
:1008000031461B68304600930023ADF812300C9B34
:100810001A4A0393BDF834308DF80850ADF8103003
:1008200001238DF814306B460DF04BFF9DF814300A
:10083000C3B1002FD8D00198FAF7A2FE9DF814306A
:10084000002DD1D03246294620460EF0E3F9CBE701
:10085000002239462046FFF705FF01900028CED13F
:100860001120C2E701990029BED020460EF0C4F93C
:10087000BAE71220B9E70120B7E700BF61E601003F
:10088000F8B50F461646FFF775FDB0B1836A1846F6
:100890001BB150F8B03903B1B03B741C214638B1DC
:1008A000428B458DAA4228BF2A46A24207D263B98D
:1008B0002246572109480CF0D5FE0020F8BD3246EB
:1008C0003946BDE8F840FFF7CDBED3F8B05005B1CA
:1008D000B03D18460C462B46E2E700BF0944020033
:1008E000F8B54FF47022074600230E480D460DF070
:1008F00087F8044630B92A4645210B480CF0B2FE71
:100900002046F8BD00F10C0609213046FAF7D8FE62
:100910002046FFF753FD012187603046FAF73CFF80
:100920000570EDE7388600206C4002002DE9F041AB
:100930000E8A0446043EF6B2022E08468CB001D060
:10094000102E64D104210C30FAF70CFF0DF10808C9
:1009500005884788011D324640460DF040F90028C1
:1009600057D09DB3002687B3AF422FD34FF4205307
:10097000404601A98DF80460ADF806300DF001F98C
:1009800040BB1422002107A810F0D6F911212046FF
:10099000FFF7A6FF0990002837D001210C30CDE9E0
:1009A0000748FAF7F9FE00230A90394603701A4AFD
:1009B0000B93284607AB0DF084FE0A9B1B78FBB90E
:1009C0000998FAF7DDFD0A2301E03D4601232A4696
:1009D00010210EE042F60103404607A98DF81C6085
:1009E000ADF81E300DF0CDF80028CAD010232A46ED
:1009F000194620460EF00EF900200CB0BDE8F0813B
:100A0000204609990EF0F8F8F6E71120F5E70420E2
:100A1000F3E70E20F1E700BF350101002DE9F043B7
:100A2000036804460D4685B0012118680EF009FCE4
:100A300040B904F15C000DF0B0FFB0BB122005B06E
:100A4000BDE8F08310220021684610F075F92121DD
:100A50002046FFF745FF029048B34FF00108DFF84A
:100A60005490009405F10C072B8A012B04D82046E2
:100A700002990EF0C1F818E038460CF0D3FF6B462F
:100A80004A46014606468DF80C800DF01AFE9DF888
:100A90000C30002BE8D00298FAF772FD3246202184
:100AA00020469DF80C300EF0B5F80020C7E7112065
:100AB000C5E700BFF7E901002DE9F04303680446EC
:100AC0000D4685B0012118680EF0BBFB40B904F15A
:100AD0005C000DF062FFB0BB122005B0BDE8F083F2
:100AE00010220021684610F027F90F212046FFF759
:100AF000F7FE029048B34FF00108DFF854900094DD
:100B000005F10C072B8A012B04D8204602990EF020
:100B100073F818E038460CF085FF6B464A460146EC
:100B200006468DF80C800DF0CCFD9DF80C30002BA6
:100B3000E8D00298FAF724FD32460E2120469DF8AF
:100B40000C300EF067F80020C7E71120C5E700BFA2
:100B5000B1E90100F0B51D46036804460E4685B0B4
:100B60000121186817460EF06CFB38B904F15C00DF
:100B70000DF013FF48BB122005B0F0BD65B3102285
:100B80000021684610F0D8F839462046FFF7A8FE45
:100B9000029018B3BDF828302946ADF8043001237F
:100BA00028468DF80C300E4A6B4600940DF089FDF6
:100BB0009DF80C305BB10298FAF7E2FC2A46314608
:100BC00020469DF80C300EF025F80020D4E7204692
:100BD00002990EF011F8F8E70120CDE71120CBE7DC
:100BE000B1E901002DE9F0410E8A0446043EF6B257
:100BF000022E08468CB001D0102E76D104210C3084
:100C0000FAF7B0FD0DF1040805884788011D32464A
:100C100040460CF0E4FF002869D085B377B3BD42AD
:100C20002DD8012160680EF00CFB064678BB42F619
:100C300002038DF8000069464046ADF802300CF022
:100C4000A0FF20B342F60303404606A98DF81860C2
:100C5000ADF81A300CF095FFC8B1012D03D14FF655
:100C6000FF739F4213D004F15C000DF096FE002844
:100C700014BF002012200CB0BDE8F0813D460123D6
:100C80002A46082120460DF0C5FF0020F3E7182270
:100C900000210DEB020010F04FF809212046FFF76C
:100CA0001FFE0890F8B101210C30CDE90648FAF793
:100CB00073FD0023099003700A2339468DF82C3008
:100CC000284606AB0B4A0DF0FCFC9DF82C302BB1EE
:100CD0000898FAF755FC9DF82C30D1E72046089982
:100CE0000DF08AFFD1E71120C5E70420C3E70E20ED
:100CF000C1E700BFC90201002DE9F0430F460446D9
:100D0000062187B007F10C00FAF72CFD0588B0F832
:100D100002808288D7F80C90C5B10023B8F1000F8B
:100D200013D0454512D88DF800308DF804304FF4BB
:100D30002053684601A9ADF80220ADF806300CF04A
:100D400020FF064660B10A2301E0454601232A46FA
:100D5000062120460DF05EFF002007B0BDE8F083BD
:100D60000146142201A83F7C0FF0E6FF0721204630
:100D7000FFF7B6FD0290D8B10A2341468DF8153031
:100D8000284601AB0B4ACDE9036901948DF8147034
:100D90000DF097FC9DF815302BB10298FAF7F0FB97
:100DA0009DF81530D3E7204602990DF025FFD3E7D3
:100DB0001120D2E79DFF00007FB5CB6804461D8857
:100DC0005E8885B176B1B5420DD810220021684603
:100DD0000FF0B2FF05212046FFF782FD019058B9C0
:100DE000112007E0354601232A46042120460DF054
:100DF00011FF002004B070BD6B4631462846084AFA
:100E000000940DF05EFC029B23B90198FAF7B8FB41
:100E10000A23E9E7204601990DF0EEFEE9E700BF5D
:100E2000D9E6010013B50B460021024610F028F860
:100E300001910D490C680D4909580D488C4208BFB5
:100E4000002201A908BF134608F0B8FA014640B9CC
:100E5000019B1C2218460FF06FFF0346184602B094
:100E600010BD0023FAE700BF8C94002008000000AA
:100E70003C85002010B50446806818B1FAF780FB65
:100E80000023A3602146BDE81040014808F008BBDC
:100E90003C8500202DE9F347044680300E46174676
:100EA0001D4609F0FFFB206E50B9572115480CF084
:100EB000D9FB20680DF026FE002002B0BDE8F087C7
:100EC000114B4FF00008984202D1C4F86080F0E75F
:100ED000D0F80490C0F80480206ED0F818A0FFF776
:100EE000C9FF2068C4F860800DF00CFEB9F1000F56
:100EF000E2D02068CDF800A03B4632462946006883
:100F0000C847D9E72944020090940020F7B550F86B
:100F1000044C0546002C55D000F1AC0104F128002A
:100F20000DF020FD2E1F05F160070022002338463A
:100F300008F088FD024658BBEB6D2BB101466FF0FF
:100F400067033046FFF7A6FF002345F8043C05F190
:100F50005803D3E8EF1F21F00101C3E8E21F002A84
:100F6000F7D1A36A73BB04F10C06002200233046BC
:100F700008F068FD78B9666886B92146124826608F
:100F800008F08EFA286803B0BDE8F04001F0F8BC24
:100F9000FAF7F6FAC9E7FAF7F3FAE6E7A268336870
:100FA0009642636008BFA36077683FB1B3696FF092
:100FB00067010093002320681A46B8473046FFF7C0
:100FC00059FFD8E703B0F0BDFC84002070B550F89D
:100FD000803C92B0064618680DF027FA0378044664
:100FE00007AD032B34D8DFE803F0022D2F311B4966
:100FF0002846F7F7BBF8A379059562781E2104927D
:10100000A2780AA80392E278029222790192627988
:101010000092134A0BF02EF90AAA452111480CF050
:1010200021FBA6F17C00FFF771FF132156F87C0C21
:10103000FEF736F9024618B145210B480CF012FBB9
:1010400012B070BD0949D3E70949D1E70949CFE793
:101050000A212846084A0BF00DF9CCE7682A02005D
:10106000912A020045440200764402006F2A0200E1
:10107000762A0200802A02008A2A020070B50E46F3
:1010800050B9204940F68E721F480BF0DFFD40F644
:101090008E711C480BF0D1FD41B91A4940F68F7290
:1010A00019480BF0D3FD40F68F71F2E7FFF762F9B4
:1010B000044628B93046FAF763FA6FF07F0070BD36
:1010C00000F10C05284631460FF072FCA06A38B1D9
:1010D00050F8B04904B1B03C29460DF042FD20B9AA
:1010E0000020ECE71C466FF00100002CF8D0D4F88B
:1010F000B03023B90230F5D020461C46ECE7B03BB7
:10110000F8E700BFE9420200CF1F020038B50C46E5
:10111000054650B9174940F6A37217480BF096FDE3
:1011200040F6A37113480BF088FD41B9114940F610
:10113000A47211480BF08AFD40F6A471F2E709F0A1
:10114000C3FF2846FFF716F920B90AF00BF86FF035
:101150007F0038BD0023236083683BB9C0E90144A8
:101160000DF0D0FC09F0FEFF0020F2E71C60846067
:10117000F6E700BFE9420200CF1F020008B505F004
:1011800071FB30B10246452102480CF06BFA6FF05A
:10119000040008BDA044020010B5184614460749D3
:1011A0001022A047041E06DA2246452104480CF00E
:1011B00059FA204610BD0024FBE700BF708D0020C7
:1011C000BB44020070B50D4C064623780D468342A1
:1011D00004D12846611C0DF084FE58B9237CB3422B
:1011E0000AD1284606490DF07CFE10B1012004EB1F
:1011F000001070BD0020FAE70020FAE7C494002038
:10120000D594002070B50D4C064623780D468342D8
:1012100004D12846611C0DF064FE58B9237BB3420B
:101220000AD1284606490DF05CFE0028054808BF93
:10123000002070BD2046FCE70020FAE7188D002052
:10124000258D0020248D002070B50D4C0546237897
:101250000E46834203D1601C0DF043FE60B9237B30
:10126000AB420BD1314607480DF03BFE18B10120CF
:101270000C2303FB004070BD0020F9E70020FAE7D3
:101280002E9800203B98002070B5204B14468268B1
:101290009A420FD1A568C66875B92279304621688F
:1012A0000DF027FE024628B1194901300DF046FE27
:1012B00015701581012070BDE0680028FBD02B88D7
:1012C0008B420AD0F6D2E068A36801380433E060AC
:1012D000003818BF0120A360EDE725682279294670
:1012E00030460DF006FE024660B9304608490DF062
:1012F00000FE02460028E6D0294601300DF01EFE11
:1013000023791370A3685B881381DCE7211A01003D
:10131000552A0200102108B50548FAF7FBFC0246E1
:1013200028B1BDE80840452102480CF09BB908BD32
:10133000608D0020E144020070B50646134D40B1B7
:101340002A4615F8011C6C1E0DF04FF898B1204686
:101350000CE028460E490DF0C4FD40B90C4905F1DA
:1013600010000DF0BEFD20B105F10F0070BD681E2C
:10137000FCE70020FAE73046217C04F111020DF071
:1013800034F80028F5D004F11000EFE7C5940020F0
:10139000552A020010B54A1C0C4638B109780DF0E8
:1013A00024F808B1204610BD0020FCE71046024991
:1013B0000DF097FDF5E700BF552A02002DE9F04139
:1013C00006460F4690460CF0ECFC39460446304683
:1013D000FFF718FF054694B3A8B91A480DF0B5FDFC
:1013E000194A0446F0B102F114000DF0AEFDD8B96F
:1013F000012402F10C050C235C43601C39461044A7
:101400000DF09CFD1655012105F1080001FA08F1C7
:101410000DF07EFDBDE8F0414FF4004200230B4883
:1014200009F03AB91546E6E709490A4840F2B152CF
:101430000BF00CFC40F2B15105480BF0FEFBBDE88F
:10144000F08100BF208D0020188D0020308D0020FD
:101450000C450200CF1F02000246014608B50832C3
:10146000042311F8010BFAF723FC024628B1BDE86A
:101470000840452101480CF0F5B808BD3C45020084
:101480002DE9F04180460F4616461D46FFF7DCFE6B
:10149000044678B91549FFF7D7FE044628B9BDE8D8
:1014A000F041452112480CF0DDB8394600F8018BB7
:1014B0000DF044FD228963896AB973B9268165817B
:1014C000214611F8010B0CF06CFC40B12046BDE840
:1014D000F041FFF7C1BF964203D39D42EFD8BDE86C
:1014E000F0819D422681EBD9E9E700BF552A020031
:1014F0005D4502002DE9FF410E4617469846044619
:1015000048B9452128480CF0ADF86FF0150528467C
:1015100004B0BDE8F08102A90CF00DFB054628B12E
:101520002246452121480CF09DF8EEE7204601A90E
:101530000CF00CF9019840B10A2229460AF0C6FEC7
:10154000024610B145211A48EDE7002002A9FFF735
:101550007BFE044608BB002ED9D01649FFF774FE67
:10156000044630B9452114480CF07CF86FF00B05A7
:10157000CDE7002302A900F8013B0DF0DFFC04F1E8
:10158000080104224046B847041EC0DA224645211D
:101590000A480CF067F82546B9E7002EEFD106603F
:1015A00046608660B3E700BFCC2A02008145020096
:1015B000A2450200552A0200C2450200BB440200B7
:1015C00038B514460F4B82680D469A4217D12279DE
:1015D0002168C0680DF08DFC88B1D4F8C8302F2B7D
:1015E00005D9094845210CF03DF8002038BD04EB31
:1015F00083021581018901335181C4F8C83001206B
:10160000F4E700BF211A0100E94502002DE9F0418D
:101610001F46BDF818300646012B904634D83B448F
:10162000012B3D4633DCFFF787FE044660B9FFF728
:1016300083FE044640B9572118480CF013F86FF0A8
:1016400010052846BDE8F08197B10023217A98F86B
:10165000002021FA03F0C70703D522FA03F0C007E0
:1016600018D50133032BF4D102F007021143217284
:1016700006F17001601C0DF061FC337A01212046F7
:1016800023700DF08DFCDCE76FF00605D9E76FF0F5
:101690000C05D6E76FF01205D3E700BF4246020003
:1016A00010B56FF0020104460E480DF03CFC0D48E9
:1016B0000DF04BFCC20704D5002200230A4808F0B5
:1016C000EBFF20460DF06DFB58B12046FFF734FECE
:1016D00038B1037ADB0704D5BDE8104001210DF0D5
:1016E0005FBC10BD288E0020F88D002038B515464F
:1016F000084B82689A420AD1C4682968013420469E
:101700000DF0EFFB18B1204669680DF017FC0120C1
:1017100038BD00BF211A010008B513468168074A89
:10172000914209D11A791968C0680DF0E2FB18B12D
:101730000023036043600381012008BD211A0100DA
:101740004FF4A4720023014808F0A6BFF88D0020D2
:1017500008B5042108480DF0DBFB6FF002010648D4
:101760000DF0E1FB04480DF0F0FBC30701D5FFF7D6
:10177000E7FF002008BD00BF288E0020024608B504
:10178000074901300DF0DAFB00230C3202F8043C6B
:10179000D2E8EF1FC2E8E03F0028F9D108BD00BF42
:1017A000552A02002DE9FF41884616461F46044689
:1017B00048B9452135480BF055FF6FF0150528460F
:1017C00004B0BDE8F08102A90CF0B5F9054628B1D6
:1017D000224645212E480BF045FFEEE7204601A9A1
:1017E0000BF0B4FF019840B10A2229460AF06EFDC1
:1017F000024610B145212748EDE7002002A9FFF776
:10180000E1FC044680B9FFF797FD044630B9452155
:1018100021480BF027FF6FF00B05D0E7002302A94A
:1018200000F8013B0DF08AFBB8F1000F29D002222D
:1018300069463846B047061E06DA32464521174843
:101840000BF010FF3546BAE79DF80030022E2372E8
:1018500008D0572112480BF005FF002120460DF05B
:101860009FFBACE79DF80120012A04D957210D48C0
:101870000BF0F8FEF1E7204602F001010DF080FBCD
:101880009DE72046FFF77AFF99E700BFCC2A0200C8
:1018900081450200A245020073460200BB440200DB
:1018A0009A460200F346020010B5FFF7CDFC04464D
:1018B00070B1014611F8010BFAF708FA024618B1A7
:1018C000452104480BF0CEFE002323606360A36033
:1018D000002010BD4947020070B500F170060546B2
:1018E0003146007A0CF05DFA04463146287A4CB154
:1018F000FFF7DAFF024658B1BDE8704045210548C0
:101900000BF0B0BEFFF7A0FC10B10460446084602F
:1019100070BD00BF6B47020038B5BDF810401546DA
:10192000A24214D88CB13BB90A48224657210BF089
:1019300099FE6FF00D0038BDA21A8A42A8BF0A4670
:1019400094B2224659190FF0D0F92046F3E76FF010
:101950000600F0E7864702001FB519464FF428132A
:101960001046064ACDE902230823BDF8182000934B
:101970006B44FFF7D1FF05B05DF804FB18002800A9
:101980002DE9F041234B1546826807469A4202D161
:10199000C468638933BB0120BDE8F081FDF7D2FA4A
:1019A0000021E3686181002BF5D038469847F2E7C3
:1019B00005F170084146287A0CF0F3F968B9164B26
:1019C0009C4202D12846FFF787FF304613490DF0AD
:1019D000B5FA002323702381E2E7414630460DF03B
:1019E000ADFADDE72389002BDAD0264616F8011B75
:1019F000284632460CF0F9FC0028D9D1314620782F
:101A0000FDF708FF0028CBD0437B072BC6D1FDF79D
:101A100099FAC0E7211A010000830020552A02002C
:101A20002DE9F0471F46BDF8203006468846D1F81C
:101A30000C90002B4DD17B1E012B4DD8012F494618
:101A4000157818BF1588FFF7A5FC0446B0B915B97D
:101A50003846BDE8F0874946FFF79CFC044630B99C
:101A60001F4857210BF0FEFD6FF01000F1E706F163
:101A7000700101300DF062FA337A2370D9F810301A
:101A8000DBB9B4F808A02581B9F80A30AB4203D01D
:101A9000494640460DF05CFAAA4505D00022307A4E
:101AA00006F17001FFF78AFC002DD1D10D49601CB1
:101AB0000DF044FA25702581CAE72A464146304692
:101AC00098470028C5DB01380128DAD96FF00D00EE
:101AD000BFE76FF00600BCE76FF00C00B9E700BF8E
:101AE000B3470200552A020008B5012111480DF044
:101AF0000FFA10F0010F104B0AD1104A9A610D48ED
:101B00000DF023FA830713D4BDE80840FFF718BE91
:101B10001A8B588B012A4FF6FF7205D8904207D0D6
:101B20004FF6FF725A83EAE790421983E7D0F7E74E
:101B300008BD00BF288E0020D88D00200100FFFFC7
:101B400037B504460D46FFF73DFB0246B8B1037AB0
:101B50000C308DF804300DF0F8F9022300F001008C
:101B60008DF8050001AA29462046FAF7B7F8024683
:101B700018B1452103480BF075FD03B030BD034695
:101B8000F1E700BFD247020010B5104C10492046C3
:101B90000DF0A7F9014638B9601E0DF0F1F92146A4
:101BA00014F8010CFFF7CCFF09490A480DF099F928
:101BB000014650B908480DF0E3F9BDE81040074B65
:101BC000187C03F11101FFF7BBBF10BDC5940020C5
:101BD000552A0200D5940020D4940020C4940020FB
:101BE000012110B522480DF093F9C3073FD402211B
:101BF0001F480DF08DF908401BD11E491E4A0B8865
:101C00001E4CA24212D900B10B801D491D4840F262
:101C1000E7520BF01BF840F2E75119480BF00DF8B2
:101C20005068083203449BB20120EAE7F8D300B1C0
:101C30000B801549154808F02DFC4FF4A4720023C1
:101C40001248FAF7E5F81249124808F023FC02217D
:101C500011480DF05DF91149114808F01BFC1148BD
:101C6000FDF7F6FEBDE810400F48FDF793BD10BD2F
:101C7000E4940020469800206013020080130200C4
:101C80000C450200CF1F0200A1F10100808D002051
:101C9000B5240100F88D0020288E002021F30100DA
:101CA000308D0020D8820020B882002038B5BDF8E1
:101CB0001010BDF818401046A1421A46059D14D8D0
:101CC0008CB13DB90A48224657210BF0CBFC6FF08E
:101CD0000D0038BD631A9A42A8BF1A4694B2224634
:101CE00029440FF002F82046F3E76FF00600F0E712
:101CF0008647020003462DE9F04178B3008A68BBAD
:101D000001244FF0140C1749DFF85CE0714524D929
:101D10001649174840F261720AF098FF40F261716B
:101D200012480AF08AFFD1E90076BB4204D30CFBCB
:101D30000672143A93420ED93444A2B214460831C2
:101D4000E4E70CFB057843450AD001356219B5423A
:101D500092B2F6D1F2E70025F8E7E4D3BDE8F081CE
:101D60001046FBE760130200801302000C450200DE
:101D7000CF1F02002DE9F74F99464FF6FF73BDF8CC
:101D800030500746002D08BF1D46294B90461B8842
:101D90000091834232D203B0BDE8F08F40468958AB
:101DA00001930BF0EEFE019B90B101340AF1010AA0
:101DB000A4B2736853452CD9009B31689C42EAD881
:101DC000BC42F2D30BFB0AF28B18B8F1000FE5D13D
:101DD000B9F1000F0BD1013D1846ADB221460E9A64
:101DE0000D9B9847002DD6D00028DED1D3E7DA68C6
:101DF0009145DAD1EFE74FF0000ADAE701244FF01E
:101E0000140B0C4E06E0C6D273682344BB42F2D2D8
:101E10009CB20836084B9E42F5D90849084840F65E
:101E200025020AF013FF40F6250104480AF005FFD9
:101E30004698002060130200801302000C45020047
:101E4000CF1F0200002110B58EB0182208A8CDE9DE
:101E50000311CDE905110EF06FFF4FF41053ADF8EB
:101E60001C308023ADF81E304FF480631F4C1022CD
:101E7000CDE9093403A901AB07A804F037FC0246F9
:101E800028B145211A480BF0EDFB0EB010BD2246DB
:101E900000900199684604F0BFFC024610B145214C
:101EA0001448F0E76B464FF6FF710120124A0DF01F
:101EB0006CF910226846114907AB04F0F5FC0246A4
:101EC00010B145210E48DEE711460C4B03F110001E
:101ED0001A7810F8014D0131082903F8014B0270FE
:101EE000F6D108480DF014F8CFE700BF0002C00398
:101EF000004802002E4802003FEE0100608D0020E5
:101F000051480200288E00202DE9F041184904466E
:101F1000A1F1300015461E46BDF8187008F008FC07
:101F200014480DF012F8010705D4FFF78BFFFFF7F7
:101F30002BFEFFF7EFF92046FFF7FEF968B1037AB1
:101F4000DA070AD500F10C0420460CF0FEFFC307A7
:101F500003D4022120460CF0DBFF10233A460693FF
:101F600031462846BDE8F041034BFFF7D5BC00BF22
:101F7000B08D0020288E0020608D002010B51A48FA
:101F80000CF0E3FFC0F3C00080F0010408B9FFF7D4
:101F900059FF15480CF0D9FF034613480CF0D5FF44
:101FA000DA061FD5830606D5E4B1FFF7EDFDBDE8DF
:101FB0001040FFF7AFB920210B480CF0A9FF102209
:101FC0000A4988180EF0C0FE48B9094808F06AFBB3
:101FD000BDE810406FF0010103480CF0A4BFFFF70B
:101FE00083FDE2E710BD00BF288E0020608D002039
:101FF000F88D002008B5102103480CF089FFFFF789
:10200000BDFF002008BD00BF288E00202DE9F04351
:10201000B9B00C4617462C496A46409898460BF0D2
:1020200071FB48B9452129480BF01CFB6FF01505E1
:10203000284639B0BDE8F083009E01A930460BF078
:1020400085FB36B9452122480BF00CFB6FF01504D7
:102050002AE0019870B900230DF10809494630467D
:102060008DF814300BF067FD054678B132464521F6
:10207000184808E00A2200210AF028F90246002840
:10208000E9D0452114480BF0EDFADFE7CDF81090C8
:10209000C4B1C022404608A9B847041E06DA224649
:1020A00045210E480BF0DEFA2546C1E7A40808AB2F
:1020B000CDE906344FF6FF710120094A04AB0DF05B
:1020C00064F8B5E72346F3E76C4802007348020062
:1020D000CC2A020081450200A2450200BB44020056
:1020E00089120100002307B50193FFF703FE411C8D
:1020F00089B20846034A01AB0DF047F8019803B0D6
:102100005DF804FBFFED01002DE9F0410C46164699
:10211000054686B050B9644940F6845263480AF0D7
:1021200095FD40F6845160480AF087FD41B95E494B
:1021300040F685525D480AF089FD40F68551F2E788
:10214000437B072B40F0AC8000238DF8143042F61F
:102150000303206805A9ADF816300BF012FD70BB23
:10216000676827B9452152480BF07CFA98E00123B3
:102170002146009004AAB847031E05DA22464521ED
:102180004C480BF06FFA8BE0012B05D01A46452125
:1021900049480BF067FA83E09DF8103013F0300FD8
:1021A0007ED02046FFF79EFF044640B93E4940F6E8
:1021B000A3523E480AF04AFD40F6A351B3E700237C
:1021C00020688DF8143042F6021305A9ADF81630D8
:1021D0000BF0D7FC68B12046FFF784FF044640B9F6
:1021E000314940F6A95231480AF030FD40F6A95174
:1021F00099E7002742F60218206802A98DF80870B6
:10220000ADF80A800BF0BDFC00BB002320688DF800
:10221000143042F6021305A9ADF816300BF0B1FCEC
:1022200000283DD16768002F9CD0022300902146F2
:10223000284605AAB847031EA0DB022BA6D1BDF88D
:1022400014301E4214BF012000202AE042F603038E
:10225000206803A98DF80C70ADF80E300BF091FCDE
:102260000028D2D04FF42053206804A98DF81070B4
:10227000ADF812300BF085FC0028C6D042F6010301
:10228000206805A98DF81470ADF816300BF079FCB4
:102290000028BAD02046FFF725FF04460028ABD11E
:1022A000002006B0BDE8F0810C450200CF1F0200FF
:1022B000844802009D480200C84802002DE9F84306
:1022C000154689469422696806460CF07FFF8046D1
:1022D00040B1572129480BF0C5F94FF0FF3528468A
:1022E000BDE8F883022230466968FFF70DFF30B978
:1022F000572123480BF0B6F96FF01505EFE74FF4BF
:1023000070200021AF8AFEF78DFD02370446A0B190
:102310001D211C4B47613A464174C0F80C80436054
:1023200085613046FEF7ACFA074648B91648572192
:102330000BF098F92046FEF79DFD6FF00B05CEE7F8
:102340000123424641460CF04EFDA98A07F10C00DC
:102350000231F9F721FA20F8029BAA8A29690EF0C6
:10236000C4FC21463046A760FEF7D0FE0546002893
:10237000B5D02046FEF77EFDB1E700BFE64802007B
:102380000149020005EE01003149020030B5054661
:102390000C468BB051B9424940F6294241480AF0F7
:1023A00055FC40F629413E480AF047FC4B6853B9BA
:1023B0000B6843B93A4940F62A423A480AF046FCCB
:1023C00040F62A41EFE738480CF0BFFD420761D5DF
:1023D00015B16B7B072B60D160680590FFF78AFC15
:1023E0002268ADF818003AB305A902912F490023DD
:1023F0000191012100914FF6FF710593FFF7BAFC9F
:10240000059B1BB96FF001000BB030BD6360059BED
:1024100004A9186800238DF8103042F60303ADF8C4
:1024200012300BF0AEFB70B90598C3689B799B0620
:1024300005D46FF01500E7E70028E8D1E2E70CF0DB
:102440005DFEADF81800BDF818003DB1012301464E
:1024500022462846A375FFF731FFD5E76FF07F03CB
:1024600007930223ADF8203042F60213ADF8123084
:1024700005ABA57502930E4B4FF6FF710193012337
:1024800004AA00932B4609948DF81050FFF772FCB4
:102490000798B9E76FF00A00B6E76FF07F00B3E77F
:1024A0000C450200CF1F0200D480002033EE010053
:1024B000D1260100F7B500F130050446A0F1200750
:1024C00028460CF042FD8307C0F340060AD51749A1
:1024D000174840F241520AF0B9FB40F2415113480B
:1024E0000AF0ABFB54F8083C6FF001012846019359
:1024F0000CF019FD0F4B394644F81C3C0E4B30468E
:1025000044F8183C01AB44F8103C042324F8086C50
:1025100024F8066C24F80C3CFFF738FF18B90221A8
:1025200028460CF0F5FC03B0F0BD00BF0C450200DE
:10253000CF1F02007C1A0200A11601002DE9F04114
:10254000364B17461468826805469A4216D1C6680B
:102550003389721C93B1204631780BF046FF68B185
:102560004FF49572294620460CF030FED0B1032876
:1025700007D12A4657212A480BF074F80120BDE8FC
:10258000F081052820460CBF4FF003084FF00208E9
:102590000BF029FF804505D93B794345EED287F8FA
:1025A0000480EBE7314628460CF0D2FC1D4B9E42DE
:1025B000E4D1207A04F17001FEF746FE05460028BA
:1025C000DCD0038913B94389002BD7D02046FCF710
:1025D000EDFD2B89144A698922F8203002EB800333
:1025E000598018231149124D03FB001300B202EB6E
:1025F00080021A61042200EB40005D600D4D01EB8A
:10260000C00120469D609A82FFF7C0FE0028B5D029
:10261000452109480BF026F8B0E700BF211A010058
:102620005D490200008300202A980020AC9400201D
:102630007C1A0200BDEF010076490200F8B514468D
:102640000F469422616806460CF0C0FD30B11D486B
:1026500057210BF007F84FF0FF30F8BD012230464C
:102660006168FFF751FD30B9174857210AF0FAFFAA
:102670006FF01500F1E7A2891B2130460232FEF708
:10268000FFF8054630B9114857210AF0EBFF6FF00B
:102690000B00E2E7A1890C300231F9F77DF820F850
:1026A000027BA289A1680EF020FBD4E9041228461F
:1026B00001230CF098FB29463046BDE8F840FEF7B0
:1026C000DDBC00BFE6480200014902009849020053
:1026D0002DE9F8431446424B826807469A4203D0DC
:1026E00001273846BDE8F883C6683E4B9E4210D0AD
:1026F0003289A389711C9A42F2D13078FDF78AF8A9
:1027000005460028ECD0437B072B26D0FCF71AFCAB
:10271000E6E74FF00008344DDFF8D09049462846F0
:102720000CF0DFFB78B90722294615F8010CFDF7FC
:10273000AFF878B9236929461A6915F8010C53884E
:102740001288FEF79DFE0C35B8F1000FD0D14FF086
:102750000108E3E7FCF7F6FBF5E7736923B13946B7
:10276000984708B92846D1E73946942228460CF004
:102770002DFD074620B157211D480AF073FFF1E7F0
:10278000A389022B14D1338913F0020604D1284601
:10279000FCF7D8FBA660A3E728462269A188FFF7CB
:1027A0008DFD0646A8B92269937D01339375EEE746
:1027B000012B04D02846FCF7C5FBA76090E73389BE
:1027C00013F00106E3D028462269A188FFF736FFFF
:1027D00006462846FCF7B6FB002EA66081DB7FE7A5
:1027E000211A0100008300202F980020552A0200A2
:1027F000E6480200012370B500F170058EB0044672
:1028000003902946007A8DF810300BF0CAFA90B187
:10281000227A4AB302AE042130460AF024FA009626
:102820002421124A05A82B46F9F798F905AA104663
:102830000F49F7F7ADFB4FF6FF7101200D4A03ABCF
:102840000CF0A3FC20460BF0CEFD9DF81010884242
:1028500008D220460BF09CFD024618B157210648CD
:102860000AF000FF0EB070BD0092D9E76F48020079
:102870000D2001003D250100C6490200F8B50546BE
:102880000E461746064B1C684CB154F8043C043CF9
:102890001BB13A463146284698476468F4E7F8BDCC
:1028A000E894002013B50446009001204FF6FF7114
:1028B0006B46074A8DF804000CF067FC00212046A7
:1028C0000CF0BFFC08B9FFF70FF902B010BD00BF54
:1028D0003D250100002330B5B5B001918DF8080009
:1028E0003393044601AB0D4601204FF6FF710B4AAE
:1028F0000CF04BFC339B7BB19B0003AA204629467E
:10290000F9F7FAF9044620B10246452104480AF0D5
:10291000A9FE204635B030BD1A46EFE7C1150100CB
:10292000F74902002DE9F34100F17008CDE90012EA
:1029300004460F46007A414616460BF032FA054629
:102940006B464FF6FF7101200C4A0CF01EFC1DB1C6
:102950004146207AFFF7BEFF3946207AFEF732FC67
:1029600040B1314601300CF0E9FA1DB14146207A00
:10297000FFF7E6F802B0BDE8F08100BFED160100F8
:1029800073B5044603464FF6FF710120184A04F15F
:1029900070060CF0FAFB3146207A0CF08BFC3146C5
:1029A000207A0BF0FEF950B1237A4FF6FF718DF8C3
:1029B000043001206B460F4A00960CF0E6FB2046DF
:1029C000FEF7BAFC054688B13146207A0BF0E9F9EA
:1029D00028B9284602B0BDE87040FEF7CFBE3146A8
:1029E000681C02B0BDE870400CF0A8BA02B070BD1F
:1029F000811901001917010008B5054B0146184659
:102A00000CF0B1FC043B002814BF1846002008BDA0
:102A1000348E0020084B00F5BC701A68074BD0E8D4
:102A2000EF1F994204D1C0E8EC2FBCF1000FF6D1A2
:102A3000D0E8AF0F704700BFE8930020308E002031
:102A400008B5FFF7E7FF0346C8B1D0E9001221B986
:102A5000002A0CBF0320022010E032B1836813B9B2
:102A6000094B1B7833B9042008E00749087828B1DE
:102A70009B6833B9003A18BF0122500008BD0320FB
:102A8000FCE70120FAE700BF8F99002010B506216E
:102A90000BF0B8FD044628B9452104480AF0E2FDD0
:102AA000204610BDA0F1EC04FAE700BF364A020050
:102AB00010B5084C0246D4F8EC0020B9064AEC34B4
:102AC00062600C6010BD054845210AF0CBFD6FF037
:102AD0000B00F7E7308E0020801B0200564A0200F0
:102AE000002370B51A460446EC300D46FDF7D0F8C9
:102AF00050B1693003D1452108480AF0B3FD28469A
:102B0000BDE87040F8F73CBD04F5A4704FF47022A6
:102B1000BDE87040002307F0BFBD00BF3043020096
:102B200038B50446051D082128460CF050FC08491C
:102B300004F15700FBF756FE40B1082128460CF07F
:102B400039FC044845210AF08DFD082038BD00BF3E
:102B50003DF60100804A020038B50546EC2200210E
:102B60000EF0EAF8102105F12700FBF7E5FB04461B
:102B700048B9052128460CF02AFCFBF725FE034B3B
:102B80001860204638BD0824FBE700BFF094002001
:102B900070B50B4605460D2104300CF0E4FBF8B18E
:102BA000DC68D5F8EC30022003F170063246197A61
:102BB00001F008FA48B93046F8F746FF45210246C9
:102BC0000A480AF04FFD082070BD224600F12A0392
:102BD00004F1100152F8040B8A4243F8040BF9D1B6
:102BE000284609210CF0F3FB0020EDE79E4A020085
:102BF00070B504460E4686B0FFF70CFF04F13702AD
:102C00001146F368054603F1100053F8046B834244
:102C100041F8046BF9D1237A052B00F29480DFE8A8
:102C200003F017232303926902AB4B490093096811
:102C300004F1270304F1570001F03EFB50BB0A21C9
:102C4000201D0CF0C4FBAB680299D4F8EC00984747
:102C500020460D210CF0BBFB201D10210CF0B7FB12
:102C600020460CF0E3FB16E094F8DC10D4F8D830E2
:102C700002ADCB40384903F001030095096843F0E9
:102C8000800304F157000CF061FD30B14521334859
:102C90000AF0E8FC082006B070BD1022294604F1B5
:102CA00017000EF051F808B10420F4E70321204684
:102CB0000CF08DFB0CF0BAFB0028ECD194F8DC3062
:102CC0000133DBB2142B84F8DC3009D10D2120460E
:102CD0000CF07DFB1021201D0CF079FB0020DAE7C1
:102CE000102104F12700FBF727FB003818BF012053
:102CF000C000D0E7102104F12700FBF71DFB0028DE
:102D0000C8D135B3EB6823B3154BE27A1B88D207E1
:102D1000ADF80830A37C03F0010312D4002B14BFDC
:102D2000012303238DF809300023201DC4E9383323
:102D30000C210CF04CFBEB68D4F8EC0002A998478E
:102D4000CCE75B00EEE71A46452106480AF08AFC0C
:102D5000A0E702209FE700BFF0940020BD4A0200D8
:102D6000D4150200DB4A02002DE9F047044690B07A
:102D70000CAD1022002128460DF0DEFF227A052A34
:102D800033D8DFE802F0060303063222D4F8D83045
:102D90000C93D4F8EC3004F1470204F1C707CDE9F5
:102DA000017204F1370803F17E0204F12709009251
:102DB00041464A46773304F1970001F015FAE0B135
:102DC000452145480AF04EFC13E0D4F8E430002BCE
:102DD000DFD02E4603F110073246186859680833D1
:102DE00003C2BB421646F7D1D3E745213B480AF060
:102DF00039FC082010B0BDE8F087D4F8EC3008AEFC
:102E000003F177027E33019304F1110302920093E0
:102E100042462B464946384603960CF0BCFC10B19E
:102E200045212F48CEE7237A052B0ED1D4F8E010A8
:102E300019B30B46AC4601F1100E6246186859688A
:102E4000083303C273459446F7D1D4F8EC300DF142
:102E5000100A03F17E027733019304F10A03029210
:102E600000934A462B4641463846CDF80CA00CF05C
:102E700092FC38B145211B48A4E7102228460DF0EA
:102E80005BFFE2E71022514604F1B7000DF05CFF52
:102E9000F8B90D2120460CF0AAFA07460028A8D060
:102EA00010210C30F8F778FC32460346164603CE64
:102EB000AE4218605960324603F10803F6D1394634
:102EC0002046FFF70DFE201D01210CF080FA0020A6
:102ED00090E70B208EE700BFFC4A0200DB4A0200AD
:102EE000164B02003E4B020073B5047A0546022CD5
:102EF00023D844B190F8DC30D0F8D840DC4004F05E
:102F0000010444F08004032128460CF070FA0646C0
:102F1000D0B110210C30F8F73FFC00901248234646
:102F2000006805F1270205F157010CF00FFC04467B
:102F300078B13046F8F724FB06E0032C07D0224690
:102F400045210A480AF08EFB082002B070BD00241B
:102F5000D9E731462846FFF7C3FD281D21460CF06E
:102F600029FA2046F1E700BFF0940020DB4A020076
:102F700070B5061DCD6804460B2130460CF01AFAD8
:102F80002B4604F1170205F1100153F8040B8B4294
:102F900042F8040BF9D1227A012A09D0022A13D16E
:102FA000204604210CF013FABDE87040FFF79CBFE7
:102FB0000A2130460CF0D7F90028F1D03046002124
:102FC0000CF005FA002070BD024845210AF04AFBCA
:102FD0000820F8E7DB4A0200F8B50446FFF71AFDBF
:102FE000251D06460E2128460CF0BDF968B94A4B4E
:102FF0002022196804F157000DF0A6FE28B95721C8
:1030000046480AF02FFB082033E00C2120460CF044
:10301000EEF907460028F6D040210C30F8F7BCFB4B
:103020003D4B02461B68014603F1200053F804CBD8
:10303000834241F804CBF9D1203203F1200153F847
:10304000040B8B4242F8040BF9D139462046FFF7B6
:1030500047FD227A052A58D8DFE802F003380C032E
:103060005754042120460CF0B2F9FFF73DFF002829
:103070003BD0F8BD2046D4F8EC70FFF7CBFC042120
:10308000064604F1D800FBF757F90028BBD1D4F865
:10309000D830234A84F8DC00B3FBF2F102FB113391
:1030A000C4F8D83056B1336843B10B2128460CF030
:1030B0008EF938463368D4F8D81098470321204653
:1030C0000CF085F90E210CF082F90EE02046032168
:1030D0000CF07DF90E210CF07AF928460A210CF04B
:1030E00076F97368D4F8EC009847284607210CF06D
:1030F0006EF90820FFF780FC60B92046BDE8F84073
:10310000FFF70EBD04212046DDE7452105480AF002
:10311000A9FA78E70020ACE7F0940020674B0200A2
:1031200040420F00DB4A020070B504460E4604F12F
:103130005705FFF76FFC2A46F36803F1200153F8A7
:10314000040B8B4242F8040BF9D104F1770203F12E
:10315000200153F8040B8B4242F8040BF9D12846A6
:10316000FBF79EFAF8B149211B480AF07BFA0E21C1
:10317000201D0CF02CF9D4F8EC50D5F8A03033B960
:10318000287A05F1700100F035FEC5F8A000D5F8E9
:10319000A03093B1DA8902F0240272B15B7B9B0705
:1031A0000BD4032070BD2846FBF786FA28B90B48DC
:1031B00057210AF057FA0A20F4E7094B1D682DB988
:1031C000201D06210CF003F92846EBE72046BDE858
:1031D0007040FFF701BF00BF874B0200AD4B0200FC
:1031E000F094002038B504460D49A0F1EC055C30A0
:1031F00007F050F928460CF091F90A4A04F18C03C3
:10320000D3E8EF1FC3E8E02F0028F9D14FF0FF33D8
:103210009034D4E8EF2FC4E8E13F0029F9D138BD5C
:10322000113C0100308E002038B5134B05461B7849
:10323000E3B101F00F042846FFF702FC0F4B03280F
:103240001B780CBF04F00B0444F0040405F5BE70B9
:10325000D0E8EF2F013203D1C0E8E13F0029F7D1D8
:10326000D0E8AF3F2BB144F0010038BD01F00704B6
:10327000E1E704F0FE00F8E78F990020E4840020E5
:10328000F8B50D460446D0F8EC60FFF7C3FBEF68D5
:10329000FB78102B01D00620F8BDD6F8A0305BB12A
:1032A000251D0F2128460CF05EF880B92046FFF757
:1032B00053FC60B1C0B2EFE7307A06F1700100F064
:1032C00099FDC6F8A0000028EAD10820E4E7012310
:1032D00063723B682046C4F80A30BB88E38102234E
:1032E0002374B978FFF7A0FFE0742046FFF7A8FB2E
:1032F0001023607423753B7903F0030363757B79B6
:1033000003F00103A375E37C1A070CD5BB781B07F8
:1033100009D5052128460CF05AF8637D03F0020315
:1033200063750023A375052128460CF01CF80028BE
:1033300043D0474B1B78A374E37C980606D5BB7833
:10334000990603D5142128460CF041F8E37CDA07EE
:1033500035D5BB78DB0732D50D2128460CF037F880
:10336000A37D032184F8E830637D284684F8E930A2
:103370000CF02DF8237BE17C3F7803EA0102100773
:1033800004D5E27AA07C0243D2071CD4042F1CD8B7
:103390000B4313F0040307D02046FFF751FB2D4BDE
:1033A00007EB87073B441B5C23722046D6F8A0102E
:1033B0000BF0DFFF58B903206EE7274BBAE7002375
:1033C0006375A375CCE70523EEE70023ECE7D4F89B
:1033D000EC309B7A032B36D024D8013B012B3FF6EF
:1033E00074AF052128460BF0BEFF0028E3D00C2166
:1033F00020460BF0ECFF02210BF0F9FF05460028F8
:103400003FF463AF06210C30F8F7C6F9D4F8113059
:1034100029460360B4F8153083802046FFF760FB2F
:10342000002039E7042B7FF450AF237D627B934269
:1034300028BF1346102B7FF42EAF052128460BF032
:1034400092FF0028B7D0237A002BCAD1B3E700BF80
:1034500091990020904E0200909900202DE9F041B2
:10346000C6780446012E04D06FF015042046BDE84E
:10347000F081FFF70BFB0546002800F0AB80071D2D
:10348000042138460BF06FFF002840F0A68003218E
:1034900038460BF068FF10B16FF00F04E6E73146D5
:1034A00038460BF060FF0028F6D12846FFF7B2FA45
:1034B000D5F8EC3006469B7A032B42D032D8013B3C
:1034C000012B48D90F21201D0BF04DFF0028CBD137
:1034D000D4F8A03083B904F1700632462020217A56
:1034E00000F0C2FCC4F8A00030B932460420217AB2
:1034F00000F0BAFCC4F8A000D4F8A030002BB3D080
:10350000DA8912F0240FAFD0A17A022923D9587B8F
:10351000C007A9D503291ED09206A5D51B7B102B69
:10352000A2D118E0042BCDD12846FFF789FA032851
:1035300004D1002EC6D0F368002BC3D0284B1B78D3
:1035400007E02846FFF77CFA032804D1002EB9D003
:10355000F368002BB6D0D4F8A0303BB12846FFF773
:10356000FBFA044670B16FF068047FE7207A04F13B
:10357000700100F03FFCC4F8A0000028EED16FF00D
:103580000B0473E70B2128460BF031FF0646002899
:10359000E9D001210C30F8F7FFF8092180462846D0
:1035A000FFF742FE2346224688F80000314605F127
:1035B000EC00FCF76DFB044618B13046F7F7E0FF6E
:1035C00054E738460F210BF002FF012128460BF08B
:1035D000FEFE4BE76FF07F0448E76FF0040445E719
:1035E0008F990020F8B5D0F8EC400646D4F8A0300A
:1035F000051D002B32D1572140480AF033F807212E
:103600003F4B5F5CD4F8A0304BB11B7B002B5DD1EE
:10361000D4F8A00000F0F8FC0023C4F8A030022188
:1036200028460BF0A0FE48B9072F94BF354B1F2149
:103630003A46204698BFD95DFCF774F80321284626
:103640000BF091FE68B3304B1B6853B31D6805B196
:103650000C3D53F8083C002B41D143E081BB0D21C8
:1036600028460BF080FE074620B1D4F8A00008B130
:1036700000F072FD244B1B689BB11D6805B10C3D29
:1036800053F80C3C13B13946204698474DB12B46B0
:10369000ED681B681DB10C3D002BF4D1F7E7002B42
:1036A000F1D130460BF03AFF637B072B24D1627ACD
:1036B000A37A9A4220D02046BDE8F840FFF7CEBE5C
:1036C0000139C9B20E299BD909279BE70221284657
:1036D0000BF049FE00289BD1A1E70C3D23B13946F0
:1036E00020469847002DDCD02B46ED685B68002D06
:1036F000F3D1002BF3D1D4E7F8BD00BF524C020048
:10370000814E0200704E0200E0930020F8B5031DC8
:1037100006460F46184602210BF025FE044620B14E
:10372000B6F8E840B4FA84F46409032118460BF0B3
:103730001AFE78B139463046FFF754FFBCB1572125
:10374000184809F08FFF0521D6F8EC00FBF7A8FD1B
:103750000020F8BD012118460BF005FE0028E9D134
:103760000F2118460BF0FFFD0028E3D1E6E7052105
:1037700030460BF03CFE054688B101210C30F8F7CD
:103780000BF8234607702246294606F1EC00FCF7A9
:103790007FFA0028DCD02846F7F7F2FED8E76FF072
:1037A0006800D6E7814C02001E4B10B50446186035
:1037B0004FF0FF324FF0FF331B4805F023FF50B1AD
:1037C0001A4941F229221A4809F040FA41F2292106
:1037D000164809F032FA174807F046F8124805F083
:1037E000C7FF40B1114941F22E22114809F02EFACB
:1037F00041F22E21ECE774B10F4B1C1FD3E8AF3F11
:103800005B0607D52046FFF7E7FB014610B12046CF
:10381000FFF77CFF10BD5721BDE81040074809F0B5
:1038200021BF00BFF094002030830020CE4B020067
:10383000CF1F020044830020348E0020DE4C0200A3
:103840002DE9F0410B8A04460E4633B945212A483A
:1038500009F008FF0020BDE8F081012106F10C000D
:10386000F7F780FFA4F1EC05E83C07460421204669
:103870000BF079FD3A7820B15721204809F0F2FE8B
:10388000E8E70E2A02D957211D48F7E7DFF87480D0
:1038900058F8323043B957211B4809F0E3FE07219D
:1038A0002846FFF733FFD5E7114628460BF00FFEF9
:1038B0003B7860B9572115481A4609F0D3FE032119
:1038C00020460BF050FD0028C4D00821E8E708EBA3
:1038D000C301328A0979914205D045210C4809F08B
:1038E000C1FE0A21DCE73146284658F833309847B4
:1038F00001460028AED0D3E7FC4C02001C4D02006C
:10390000524D0200A81B0200794D0200984D0200A2
:10391000E54302002DE9F34190F8E930CF6823F048
:10392000020380F8E930D0F8EC603B78044606F1F9
:103930007008C3B1BB7903F0C003C02B13D0384665
:10394000F8F782F845210246524809F08BFE4046BE
:10395000F8F77AF8452102464F4809F083FE0A201D
:1039600002B0BDE8F0810722394640460DF0ECF97F
:1039700068B13946307A00F0EDFA054638B10146B3
:1039800020460BF0F6FCB8B1284600F03DFB0D21B7
:10399000201D0BF0E8FC00286AD042460220317A54
:1039A00000F010FB054648B94046F8F74DF84521B0
:1039B00002463A4809F056FE0820D1E7F378002B7A
:1039C00039D106F17E031878012825D19A7902F0C1
:1039D000C002402A20D1D3F80120C5F83A20B3F81C
:1039E0000530EB8796F87030B3B196F8763003F077
:1039F000C003C02B10D06A462949CDE90087FBF7E8
:103A0000B5FB3B683046C5F80130BB88A5F80530EA
:103A1000BB79EB71FBF746FE94F8E9309A070DD5B8
:103A2000204940F63272204809F010F940F6327110
:103A30001C4809F002F906F17703C4E72846F9F7B4
:103A400069FE28B11948572109F00CFE032087E7C9
:103A50002846F9F75FFE40B1124940F64E7212480F
:103A600009F0F4F840F64E71E2E72846F9F762FEF5
:103A700094F8E9305B0703D50A2120460BF0A7FC38
:103A8000B4F8E81009B100206AE72046FFF7AAFD64
:103A9000F9E700BFB84D0200D14D02009E4A020076
:103AA000F3F40100CE4B0200CF1F0200DE4D0200F6
:103AB0002DE9F0410E460446D0F8EC80FEF7AAFF4F
:103AC000F6684521054632780E48271D09F0CAFDE3
:103AD0000A2138460BF0FBFC38B16DB9204631782D
:103AE000FFF780FD0020BDE8F0810B2138460BF088
:103AF000EEFC0028F1D1F1E72B69002BEED0404617
:103B00009847EBE71E4E02002DE9F0410546A0F173
:103B1000E80604460F463046012155F8EC890BF0C3
:103B2000D6FC00285BD0DFB1032130460BF01BFC34
:103B3000002854D03846F8F793FE0138C0B2082860
:103B40008CBF0024304B4FF0020198BF1C5C304604
:103B50000BF03DFC21462846BDE8F041FFF742BD91
:103B600098F80B30002B3AD0032130460BF0FBFBCA
:103B700020B92846BDE8F0410BF0D0BC0521304605
:103B80000BF0F1FBB8B114F8043C1F0707D514F88B
:103B9000033C180703D5112130460BF018FC14F82C
:103BA000043C23F0080304F8043C14F8033C23F01D
:103BB000080304F8033C14F8033CD90711D5062187
:103BC00028460BF004FC304602210BF000FC206874
:103BD000D0F8A0306BB134F8041C0029BBD0BDE88C
:103BE000F0819A0701D50821EAE75B07EBD50A21A6
:103BF000E6E77030F7F728FFBDE8F04102464521BF
:103C0000024809F02FBD00BF784E0200454E020069
:103C100010B504464521074809F024FDA4F5A47019
:103C20000821FFF7DFFCA4F5A2700421BDE81040D5
:103C30000BF0CDBB5F4E0200F8B50446FEF726FF41
:103C4000054600286CD0061D032130460BF08BFB87
:103C5000002865D0D4F8A00008B100F0D5F904F12F
:103C600070073946207A00F0C5F8C4F8A00068B99A
:103C70003846F7F7E9FE45210246344809F0F2FCE0
:103C80002846BDE8F8400821FFF740BD0E21304628
:103C90000BF069FB28B1D4F8A020537B43F002035A
:103CA00053732A7AD4F8A010032A4B7B39D8002A00
:103CB0003ED0D4F8A020537B43F0010353732B7DF7
:103CC000697BD4F8A0208B4228BF0B463046137383
:103CD00005210BF048FBD4F8A0305A7B88B342F0A2
:103CE00010020D2130465A730BF03DFBC0B120216C
:103CF000D4F8A00000F050F9D4F8A03005F1470244
:103D00001A33573552F8041BAA4243F8041BF9D161
:103D10000023D4F8A02013615361D4F8A0201383AA
:103D2000F8BD053A012A03D843F020034B73C0E7DE
:103D300023F020034B73D4F8A020537B23F001031E
:103D4000BCE722F010025A73EAE700BF9E4A020065
:103D5000012208B5034B04481A70FAF7EDFC002065
:103D600008BD00BF8F9900204C83002008B550B9D2
:103D7000074908484FF4DC7208F068FF4FF4DC7123
:103D8000034808F05AFFBDE80840F9F7D3BC00BF6C
:103D9000B04E0200CF1F02002DE9F041124F054640
:103DA0003E4616F8013B0C4683424FF0010804D111
:103DB000072230460CF0C8FF88B1B8F1000F05D0DB
:103DC0000722304609490CF0BFFF58B93D70226800
:103DD000074BC7F80120A2889A80A2799A710248FD
:103DE000BDE8F0810020FBE7F4940020552A020092
:103DF000F594002008B541B9064907485E2208F04D
:103E000025FF5E21034808F018FFBDE80840FFF7D2
:103E1000C3BF00BFB04E0200CF1F02000B4610B55B
:103E2000114604465BB908490848BC2208F00EFF59
:103E3000BC21054808F001FFBDE8104018470448C0
:103E4000C2892242F8D110BDB04E0200CF1F02003D
:103E5000F494002008B5002202200249FFF7DEFF9B
:103E6000002008BD6D3D0100F8B50E46054611461F
:103E70004AB10E4C00272046E38910F8012B2B4055
:103E80000AD11846F8BD0A490A48C92208F0DEFEE0
:103E9000C921074808F0D1FE964203D107220CF051
:103EA00053FF08B13846EDE72046EBE7F4940020D5
:103EB000B04E0200CF1F0200F8B506460C4641B9CD
:103EC0001F492048F22208F0C1FEF2211C4808F0E8
:103ED000B4FE0B78012B01D00020F8BD8B7903F0E4
:103EE000C003402BF8D1184D00232946EF8911F863
:103EF0003A2BBF0704F1010006D5B24204D10622D5
:103F00000CF022FFD0B10023EA89297802F00202E6
:103F1000002BE1D1002ADFD0B142DDD1671C394648
:103F20000A4809F0DFFD01230028EDD0D4F8013064
:103F3000C5F83A30B4F80520054B9A800248CCE722
:103F4000B04E0200CF1F0200F49400201E95002006
:103F50002E95002010B529B10C4C237883420CD04B
:103F6000002010BD0A490B4840F2231208F06EFEF3
:103F700040F22311064808F060FE0722601C0CF096
:103F8000E3FE00280CBF20460020EAE7F49400205E
:103F9000B04E0200CF1F020008B550B907490848CB
:103FA00040F2331208F052FE40F23311034808F099
:103FB00044FEC3891943C18108BD00BFB04E020051
:103FC000CF1F0200F8B506460F46154642B90C4908
:103FD0000C48DB2208F03AFEDB21094808F02DFEF0
:103FE000FFF742FF044640B929463846FFF702FF73
:103FF000044610B13146FFF7CFFF2046F8BD00BFA1
:10400000B04E0200CF1F020010B5044650B90E4951
:104010000E484FF49D7208F019FE4FF49D710A4846
:1040200008F00BFE037A5B0701D5F9F733FC214654
:1040300011F8010BF7F7C8FE2046BDE810404022FA
:1040400000210CF079BE00BFB04E0200CF1F02006D
:1040500070B504461546184690B044B94521374816
:1040600009F000FB6FF01506304610B070BD342229
:1040700003A9A847051E05DA2A464521304809F05C
:10408000F1FAEFE7204601A909F055FD064618B1FF
:10409000224645212B48F2E76946204609F056FBA7
:1040A000009840B10A22314608F010F9024610B1DA
:1040B00045212548E3E79DB929463F2001AAFFF79E
:1040C000D3FE20B1402229460CF036FECCE701A8F1
:1040D000F7F7BAFC572102461C4809F0C3FAC3E7B8
:1040E000002001A9FFF758FE044650B901A8F7F7D0
:1040F000ABFC45210246164809F0B4FA6FF00B06F6
:10410000B2E7342D09D034232A464521114809F05D
:10411000A9FA2046FFF778FFA4E703AA00F10C03F1
:104120000FAD144603CCAC4218605960224603F12F
:104130000803F6D12068186096E700BFCC2A020079
:10414000E04E020081450200A2450200044F020039
:104150002C4F0200504F0200024610B550B90D49D5
:104160000D4840F24F1208F071FD40F24F1109481E
:1041700008F063FD0146342311F8010B0C32F7F708
:1041800015FE044620B102464521044809F06AFAAA
:10419000204610BDB04E0200CF1F0200734F020038
:1041A000884210B500EB02030DD98C18A0420DD245
:1041B0000B490C4840F2B12208F048FD40F2B12111
:1041C000074808F03AFDF3D09942F0E7013A11446C
:1041D00011F8012900F8012B8342F9D110BD00BF6D
:1041E000C8390200CF1F02002DE9F0479AB01646E9
:1041F000DDE923970CAA84468A4690461D462C4B3F
:1042000003F1300E144618685968083303C4734527
:104210002246F7D118681B7961462060237120225D
:1042200004A8FFF7BDFF6B462022224804A900F036
:1042300071F80446C0BB102251460DF13500FFF75E
:10424000AFFF102231460DF14500FFF7A9FF2946C7
:1042500011F8013B06220DF156008DF85530FFF79D
:104260009FFF2299062211F8013B0DF15D008DF8A8
:104270005C30FFF795FF4B4635224146684600F01B
:1042800049F8044680B948460BF052FA012335221A
:104290008DF8303041463B46684600F03BF8044616
:1042A00010B938460BF044FA20461AB0BDE8F08742
:1042B000D6150200A54F020070B50E461D461446E5
:1042C00098B00146202204A8FFF76AFF2022314659
:1042D0000CA8FFF765FF1022294614A8FFF760FF1E
:1042E000102221466846FFF75BFF6B4650221846B6
:1042F00004A900F00FF840B9039B054A1BBAB3FBB1
:10430000F2F102FB11331C9A136018B070BD00BFAC
:1043100040420F002DE9F0418EB007460C4615468D
:104320000021182208A81E460CF006FD4FF4105379
:10433000ADF81C308023ADF81E304FF44063DFF839
:1043400054801022CDE90938394605AB07A802F0A0
:10435000CDF9024640B145210F4809F083F96FF0CD
:1043600004000EB0BDE8F08106AB02931023224694
:104370004146CDE9006305982B4602F00DFB04464B
:10438000059802F0DFF92043EBD02246452103488F
:10439000E3E700BF0002C003403A0200BF4F020043
:1043A000F8B50A7E0D46042A07690ED0102A28D0D7
:1043B000012A0BD04521164809F054F96FF0220468
:1043C0002846F7F7DDF82046F8BD022211460426FC
:1043D00005F10C0009F01FFB374438462A8AE968CA
:1043E000F5F726FA10F10C0F04460CD14B200CF017
:1043F00069FA013EF1D122464521064809F032F919
:10440000DEE70522E2E70028F5DB0024D8E700BF5D
:10441000DD4F0200F24F02002DE9F74F9246D2F82D
:1044200010B002780646042A0C4601F1FF330AD088
:10443000052A00F08380022A40F0C280032B5BD85B
:104440004521634803E0012B06D84521614803B0AC
:10445000BDE8F04F09F006B943783E2B2CD1C77860
:10446000BB1E5F425F41B6F80130033CB4EB132F33
:10447000ADF8043025D10FB34FF000084FF000091C
:1044800042464B4639469DF80400F7F745FD054680
:10449000F0B100F10C07022201A9384609F0D6FA62
:1044A000384609F0CBFA8442034618D92246452102
:1044B000494809F0D7F83AE00027D4E74FF4A0289C
:1044C000DCE74521454809F0CDF803B0BDE8F08FA1
:1044D000002FFAD15721424809F0C4F8D0E722460C
:1044E000F11C384609F0B2FA29465046DBF8003094
:1044F00003B0BDE8F04F1847002200230820F7F76B
:10450000DFFC0546B8B10422D6F8013000F10C07F3
:1045100038460DEB0201019309F098FABDF8063018
:10452000053C9C4242D045212E4809F09BF8284684
:10453000F7F726F8C9E745212B4888E7032B02D86F
:1045400045212A4883E7002200232020F7F7B8FC02
:10455000DFF89C800546B8B10422D6F8013000F19E
:104560000C0738460DEB0201019309F06FFA0023A6
:10457000C8F80030BDF80630053CC3F30D039C427B
:1045800014D045211B48D0E76421D8F80020B2FBA5
:10459000F1F301FB13231BB94521174809F062F819
:1045A000D8F800300133C8F800308EE7384609F0FB
:1045B00045FA8442034622463FF679AF711D90E7E3
:1045C00045210E4803B0BDE8F04F09F04BB800BFDD
:1045D000C05002000F5002009850020035500200F7
:1045E0005E50020003510200E45002002A51020012
:1045F00034950020735102004E5102009A5102007E
:1046000070B5056900200E460BF01FF9044630B165
:1046100045210246154809F025F8204670BDE86B93
:10462000F5F780F8044630B110F1780F03D0024658
:1046300045210F48EFE7E86B05F10C02291DF5F75E
:10464000ADF8044618B1024645210A48E3E74FF4A5
:104650008032002305F1240005F0C2FA044618B1A7
:10466000024645210448D6E72E60D6E7B351020042
:10467000DD510200125202003B52020038B50569BA
:10468000281DF5F7ABF8044630B1452102460C4829
:1046900008F0E8FF204638BDE86BF5F761F80446FE
:1046A00018B1024645210748F2E70BF0C8F8044666
:1046B00018B1024645210448EAE72860EAE700BF4E
:1046C0006052020090520200B952020037B54023F6
:1046D0000C460A490093411A491105462346084AE7
:1046E00008480BF0B8F8011E05DA2846234603B047
:1046F000BDE83040184703B030BD00BF4C950020E6
:10470000C3F801006C0F0200C9B2032908B508D92B
:10471000084909487F2208F099FA7F21054808F0E6
:104720008CFA0C22036901FB0233D3F8880000F0F5
:10473000070008BD1F530200CF1F020070B5C9B2A9
:10474000032903690AD9194919484FF4DF7208F09F
:104750007DFA4FF4DF71154808F06FFAEFF3118519
:10476000202484F31288BFF36F8F0C2606FB0134DC
:10477000D4F8884014F0C00408D0A24206D085F3D3
:104780001188BFF36F8F4FF0FF3070BD012271436E
:104790000B44C3F8882085F31188BFF36F8F4368FB
:1047A0000B445B6898470020EFE700BF1F530200EF
:1047B000CF1F020070B50D4606490446411A491143
:1047C00040220548FFF7BAFF2B4601462046BDE8C8
:1047D000704018474C9500206C0F02002DE9F843FB
:1047E0000022012106460520F6F7EAF9114802F0F9
:1047F0006FFA114B984219D102F07AFA00244FF067
:104800000C080127DFF834903569494605EB441060
:1048100008F0E4FA002807DB08FB04550134042CF7
:10482000C5F88870F0D10020BDE8F8836FF004006F
:10483000FAE700BF054901000000AD0B201C020093
:104840007FB500220123CDE9022304ABCDE9043377
:10485000094A6B46CDF800D0CDF804D00BF02AF809
:10486000002805DB4FF480420023684605F0B8F9C4
:1048700007B05DF804FB00BFF3F8010010B5EFF3DB
:104880001184202383F31288BFF36F8F074A1368C4
:1048900023F00201DB07116002D4012002F0D6FAF6
:1048A00084F31188BFF36F8F10BD00BFFC9500200B
:1048B0000C22124B014602FB0033002030B4D3E936
:1048C0002052C3F88000EFF31180202484F3128873
:1048D000BFF36F8FD3F8884004F0C00444F00204A3
:1048E000C3F8884080F31188BFF36F8F1DB12B464A
:1048F00030BC0348184730BC704700BF4C950020BF
:104900006C0F020008B5092821D8DFE800F0051374
:10491000202020202015110F124BD3F8880010F012
:1049200007001DD1BDE80840FFF7C2BF0220F9E72C
:104930000320F7E70120F5E70B4940F2DD220B48A1
:1049400008F084F940F2DD21074808F076F90649BD
:1049500040F2ED22054808F079F940F2ED21F3E745
:1049600008BD00BF4C9500201F530200CF1F02005E
:1049700010B4EFF31182202383F31288BFF36F8FFB
:104980001848016841F002040460C80707D482F3A4
:104990001188BFF36F8F012010BC02F0D3B9124908
:1049A000D1F80C04D1F80C14C907F0D5EFF311803D
:1049B00083F31288BFF36F8F0C49D1F8883003F06E
:1049C000C00343F00203C1F8883080F31188BFF3BD
:1049D0006F8F82F31188BFF36F8F002010BCFFF739
:1049E00067BF00BFFC950020005000404C950020A0
:1049F0002DE9F041012206464049D1E8EF3FC1E8E8
:104A0000E02F0028F9D19BB93D493E484B60CB606F
:104A10008A60F4F751FA00280ADA3B4940F2912201
:104A20003A4808F013F940F29121374808F005F9A7
:104A30005EB3731E012B57D8012E06D1344BD3F829
:104A40001C3403F00303022B1FD00CF03FF8054683
:104A5000E8B9304B1B78D3B1022207462C4BC3F880
:104A600008232B4CDFF8B080D4F81824D4F818347D
:104A7000D20315D503F00303022B01D0012E0FD171
:104A80006DB387F31188BFF36F8FBDE8F081EFF34B
:104A90001187202383F31288BFF36F8F0125E0E78E
:104AA000C5B1384608F068FFD4F81835DBB2012BE1
:104AB000DAD1D4F80421002AD6D00022C4F8042187
:104AC000D4F804210222C4F818252022C8F8802135
:104AD000A360C9E70021212006F0A4FCE4E702223C
:104AE0000B4BC3F80423D0E7074940F2A322074841
:104AF00008F0ACF840F2A32197E700BF48950020EA
:104B0000389500206C9500201F530200CF1F020033
:104B100000500040949B002000E100E008B50748E9
:104B20000BF0D4FE38B10648F6F748FB0448F3F71B
:104B3000C7FF002008BD6FF01200FBE7D00F020096
:104B4000454B01000A2838B50446074D04D1AB682F
:104B50000D2128465B689847AB6803485B68E1B263
:104B60009847204638BD00BFD00F0200024B0B60B3
:104B700001231360704700BFC81C02000048704743
:104B80005C1C020000F1744000F5A60008B50A287C
:104B900014D8DFE800F006131313161013130813CC
:104BA0001600002008BD4521074808F05BFD45219F
:104BB000064808F057FD6FF08B00F3E76FF00F0029
:104BC000F0E76FF01500EDE7AD530200DA53020095
:104BD00037B50D46416869B1D1E900138468ACB1BD
:104BE000D4E900249CB193B19C4205D06FF015002C
:104BF00003B030BD0B46F1E70133092B007809D92A
:104C0000024657210D4808F02DFDEFE722460133FB
:104C10002344F2E78DF8013040F20113ADF8023081
:104C200000238DF8000068468DF804308DF805509B
:104C300003F00CFAFFF7A6FFDAE700BF1A540200F0
:104C40000268154BFF2A08BF4FF0FF32C3F8242536
:104C50004268FF2A08BF4FF0FF32C3F82825826858
:104C6000FF2A08BF4FF0FF32C3F83025C268FF2A81
:104C700008BF4FF0FF32C3F834250269FF2A08BF8E
:104C80004FF0FF32C3F838254269FF2A08BF4FF0C2
:104C9000FF32C3F83C25704700B00240054B9942F3
:104CA00006D14FF0FF324FF0FF33183004F098BFB9
:104CB000704700BF0000AD0B10B50446026902F159
:104CC0003003D3E8EF1F0139C3E8E01F0028F8D113
:104CD00092F8343033B90222054BC3F8B82509B92C
:104CE00003F050FA2069BDE8104004F023BF00BF74
:104CF0000050004010B5046904F13003D3E8EF1F01
:104D00000131C3E8E21F002AF8D100694FF0FF33F8
:104D10004FF0FF3204F064FF94F834303BB9044A9A
:104D2000C2F8B8350720BDE810400BF0CBBD10BD70
:104D3000005000402DE9F3470E4607461D469046B9
:104D400041689AB193B1042B01D9AB070ED116F08B
:104D500003040BD1002E03DBCA6A731993420BD9EB
:104D60002B4632464521384808F07CFC6FF015048C
:104D7000204602B0BDE8F0873846FFF7BBFF20466B
:104D80000AF05EFE044630B101200AF059FE3846B2
:104D9000FFF792FFECE7032D1ED8042132460DEBFE
:104DA00001000BF04DF8044601463869FFF776FF25
:104DB000264B9C4235D12A46414601A80BF095FF6F
:104DC000042132460DEB01000BF037F80446014692
:104DD0003869FFF763FF24E008F06043B3F1005F38
:104DE00002D118F0030F2BD0DFF860A0042DA946E4
:104DF00028BF4FF0040941464A4601A80BF075FF51
:104E00003246494601A80BF018F8044601463869B5
:104E1000FFF744FF544504D1B5EB0905C8444E449F
:104E2000E4D12046FFF7AEFE044601200AF008FE5A
:104E300005463846FFF740FF002C08BF2C4697E791
:104E4000324629464046BFE7425402000000AD0BFF
:104E50002DE9F04F82460E461C46904685B07AB149
:104E6000002B00F090800029426803DBD26ACB1847
:104E700093420AD9234632464521444808F0F2FBC2
:104E80006FF0150005B0BDE8F08F754205F0030521
:104E9000FFF730FFA54228BF2546D8F1000303F0F5
:104EA000030308F0030758BF5F427F4207F0030780
:104EB000A74228BF2746631BE41B24F0030423F00A
:104EC0000309A145C8BFA14603F0030BC8BFA3EB6C
:104ED000040BB9F1000F19D008EB0703721949460A
:104EE000184601930AF0ACFF04460146DAF81000B8
:104EF000FFF7D4FE264A94423CD1BD4206D0019B26
:104F00004A46194608EB05000BF0FCFEBDB1C5F1A1
:104F100004070421F21B02A80AF092FF044601468E
:104F2000DAF81000FFF7BAFE194B9C4222D107F1C4
:104F300008032A4640460DEB03010BF0D6FEBBF1F9
:104F4000000F16D0082172194A440DEB01000AF037
:104F500077FF04460146DAF81000FFF79FFE0C4B7E
:104F60009C4207D109EB05005A4602A940440BF0C8
:104F7000BCFE074C5046FFF79FFE204605B0BDE83B
:104F8000F04FFFF7FFBD18467CE700BF91540200C9
:104F90000000AD0B2DE9F047436894B05D6B074608
:104FA000002128460EAA0AF0B0FD041E79DB0E9BF4
:104FB0002A681979186800F05FFD041E71DB00256E
:104FC000002201212B20F5F7FBFD6C4BC3F8B855EF
:104FD00007200BF077FCD7F804803A69684940460F
:104FE00003F008F8FFF7CEFD041E51DB654E0EAC52
:104FF0000FCE0FC496E80300AB230DF1140984E82B
:1050000003000595C9E901558DF814305E4B0EA8D3
:10501000D3F8242508AED2B20892D3F82825D2B20C
:105020000992D3F83025D2B20A92D3F83425D2B2FD
:105030000B92D3F83825D2B20C92D3F83C35DBB2C0
:105040000D93FFF7FDFD012003F07AF8014630468D
:10505000FFF7F6FD4D4B994227D129464846FFF709
:10506000B7FD041E14DB23200BF02CFC4FF0030AC9
:105070009F2329460EA8CDE90E55CDF82090CDF8F6
:1050800024A08DF838301096FFF7A2FD041E0FDA29
:1050900002223A4BC3F8B82503F096F808B103F0A2
:1050A00071F8204614B0BDE8F0876FF00404EFE714
:1050B0005246494608F130000BF046FE0446B0B1B6
:1050C00098F832304521039398F831309DF8142038
:1050D000029398F830302E4801939DF816306FF007
:1050E000120400939DF8153008F0BCFAD0E77A68F6
:1050F000537F023B012B10D9177F023F022F8CBF39
:10510000002701270AF081FC051E08DA2A464521FE
:10511000204808F0A7FA2C46BAE70127F2E7EAB2DE
:10512000C5F38015AF42B3D00023012182F04002C5
:10513000ADF810300EA88DF8102004AA0E93089236
:10514000099110938DF838100F96FFF741FD041E5A
:1051500007D10AF05AFC041E04DB14F00104F8D154
:1051600096E795DA0C490D4A2346002F08BF0A46F8
:105170000B48452108F076FA8AE700BF005000404E
:10518000FFF901008815020000B002400000AD0BDD
:10519000E954020020550200E3540200DF540200EB
:1051A000355502002DE9F047C1F30B0307460E46C3
:1051B0001546D0F804C022B96FF015042046BDE8AA
:1051C000F087C2F30B0252EA0304F5D1002904DB95
:1051D000DCF82C204B19934206D90A462B46452170
:1051E000394808F03FFAE7E7FFF784FD2046D7F893
:1051F00004800AF025FC0446002860D1DFF8CC903A
:10520000D8F82C30AB4221D103F04CF8AA46044622
:1052100021463869FFF742FD4C453CD15644A5EB89
:105220000A0500214FF4A47006F0FCF80AF0EDFB2B
:10523000041E3BDB14F00104F3D1002DE0D101206A
:105240000AF0FEFB002C08BF044638E0B5F5803FAD
:1052500009D3B3B253B93146012002F0BFFF4FF476
:10526000803A0446D4E7B5F5805F09D3C6F30B0056
:1052700030B9314602F0B2FF4FF4805A0446C7E716
:105280002B4632464521124808F0ECF9114938699D
:10529000FFF704FD0F4C2B46324645210E4808F01F
:1052A000E1F92046FFF76EFC0446C8E70B482B46A1
:1052B0003246452108F0D6F901200AF0C1FB3846F4
:1052C000FFF7FAFC7AE700BF4B5502000000AD0B78
:1052D0009A5502000400AD0BDF550200BD550200D7
:1052E000024B0B6001231360704700BF0096002043
:1052F00000487047D01C020070B50C461946204685
:1053000016461D460AF0BAFB40B90C482B46224609
:10531000452108F0A7F96FF0150070BD5DB1B4F537
:10532000004F2A462146304603DABDE8704008F0B7
:10533000BFBB0BF0DAFC0020EFE700BF18560200FD
:1053400010B50122064811460BF04BFB0AF072FD26
:10535000044C20600AF06BFD6060002010BD00BFAF
:105360000896002000960020F8B50E4614460AF074
:105370005EFD2146054630460AF080FB374650B3B5
:10538000B6FBF5F305FB136323B9B4FBF5F305FB9B
:10539000134343B1234632464521114808F062F9D0
:1053A0006FF0150002E0A54201D90020F8BD4FF0D2
:1053B000FF324FF0FF330B4804F012FC0AF037FDC8
:1053C0000546384602F018FB641B2F44F9D1054806
:1053D00004F0B0FBE9E72346324645210248DDE709
:1053E0003A5602000896002018560200F8B50E46FC
:1053F0001946304617461C460AF040FB40B9234682
:1054000032464521164808F02DF96FF01500F8BD19
:1054100046EA040515F0030504D02346324645212B
:105420001048F0E7A4B14FF0FF324FF0FF330E48C1
:1054300004F0D6FB24F00304AC4206EB050009D1CE
:105440000A4AD2F80034DB07FBD5074804F072FBA8
:105450000020DCE7795902F0FDFA0435ECE700BFE3
:10546000185602005E560200089600200090034085
:1054700010B5036941B91C493F221C4807F0E6FBFF
:105480003F21194807F0D9FB486830B91649402236
:10549000164807F0DBFB4021F3E75868F8B1884273
:1054A00019D19C680868A142586000D1986000201A
:1054B00008602AB15A680A609A68596002B999600E
:1054C000002010E0814206D108682060986881427F
:1054D000EDD19C60EBE7044600680028F2D1002A79
:1054E000E8D16FF0150010BDA2560200CF1F0200D8
:1054F00038B545682B69B3B11035284602F03CF841
:10550000044680B90146284601F0EAFF084B98425C
:105510000BD122462846074901F0B2FF2246052159
:105520002F20F5F74DFB002038BD6FF00400FBE79E
:105530000000AD0B0558010008B503680246590983
:1055400013D0012906D14FF6FF7103F01F03D94094
:10555000C80711D40A490B484FF46C7207F076FB68
:105560004FF46C71064807F068FB4FF0FF31D940EB
:10557000C907EFD5044800E00448136008BD00BF28
:10558000DE560200CF1F0200002584400028844020
:10559000F0B5406801F01F04057B87B044EA45146C
:1055A0000569002D5BD0B2F5001F00F1100506D192
:1055B000214628460AF036FC002007B0F0BD00273F
:1055C000B2F5800F01AE0197776033D1B3F1007F60
:1055D00014BF052304238DF804300023CDE90463B0
:1055E00003938368CB40D90716D4B2F1A07F13D1BF
:1055F00068460094FFF7A0FF009B803350F82330EB
:10560000DB0709D46A462146284601F03FFF174BC5
:1056100098421AD0CDF808D02146284603AA01F0B6
:10562000F9FD134B98421DD101222146284601F075
:10563000B9FFC1E7B3F1C06F05D0B3F1007F14BF6C
:1056400001230223C7E70323C5E76946284601F083
:10565000A3FF074B9842DDD06FF00B00ADE76FF072
:105660008500AAE76FF01500A7E700BF0400AD0BA7
:105670000000AD0B2DE9F043466840F20635337B60
:10568000D00601F01F0747EA431748BF032302EA89
:10569000050558BFC2F3401387B0B5F5837F1446A4
:1056A0008DF8033044D00FD8062D18D007D8B5B1E7
:1056B000022D3FD06FF0150007B0BDE8F083B5F5BF
:1056C000807FF7D101250AE040F20222954233D0D3
:1056D000B5F5407F32D0B5F5007FEBD1022501232F
:1056E000220303FA01F12BD573689960336963BB18
:1056F00003A80397FFF720FF039B00EB830084F4CC
:105700008033C3F30043C4F34044D0F8002244EA9A
:1057100043049DF8033022F4706244EA830422F0CB
:105720000F0244EA05231343C0F800320020C3E708
:105730000725D4E70425D2E70525D0E70325CEE7E2
:10574000630344BF7368D960D0E7103639463046EA
:105750000DF1020201F09AFE14F4403F804616D18A
:10576000394630460AF05CFB234B9845DED1304683
:105770009DF8021001F00AFF4045D7D01F4920488C
:10578000EC2207F063FAEC211C4807F056FA4FF0C0
:10579000000901AB3946304603AACDE90439CDE909
:1057A0000199CDF80C9001F035FD134B984281D151
:1057B00014F4003315D09DF8033084F48034C4F31E
:1057C00000448DF80E3039464B46304603AA8DF81A
:1057D0000C508DF80D4001F0D3FD074B9842C3D01B
:1057E00068E7CDE9043339460DF10303304603AAD7
:1057F000039301F00FFDF0E70000AD0B115702001D
:10580000CF1F02004209034670B502D0012A1AD008
:1058100070BD124E326951680029F9D0012503F09C
:105820001F030C689D400029F2D08A682A400ED0E0
:105830004B6853B90A490B48642207F007FA642100
:10584000074807F0FAF9084EE4E7304698471CB1DC
:10585000236821461C46E6E72346FAE7940F020038
:10586000A2560200CF1F0200800F020010B50446AE
:105870000269A2B0C2F880001E49002001F0E4FFD6
:10588000002201212A20F5F79BF964688422002177
:1058900001A80BF051FA6368B3F5803F03D3572199
:1058A000154807F0DFFE2368B3F5803F03D3572187
:1058B000124807F0D7FE00230120219301AA616856
:1058C0000432D940C90744BF00FA03F142F8041C6E
:1058D0002168D940C90748BF00FA03F103F1010369
:1058E00048BFD163102BEAD101A801F0D3FF0020FB
:1058F00022B010BDC9590100555702008657020059
:1059000038B505460C461AB157210B4807F0AAFED8
:105910000F2C0ED86B685B68E340DB0709D50123C9
:105920000020A400E4B204F1804404F5283423608C
:1059300038BD6FF01500FBE7B757020038B50F29E7
:105940000C4605693BD843681B68CB40DB0736D55E
:10595000D5F88430CB4003F001031AB9E3B96FF0F6
:1059600077002BE0002BFAD155F821301BB95721D5
:10597000144807F077FED5F8843013B92A20F5F7DC
:10598000EFF80122D5F88430A2401343C5F88430E3
:10599000E0B201F0BBFF0AE0C8B201F0D3FF012280
:1059A000D5F88430A24023EA0203C5F88430D5F844
:1059B000843013B92A20F5F7E1F8002038BD6FF0E4
:1059C0001500FBE7D757020070B5D1F880600F28AB
:1059D00004460D46736803D81B68C340DA0703D436
:1059E00057210D4807F03EFED5F88430E340DB0731
:1059F00003D45721094807F035FE05EB840255F81A
:105A000024503DB121463046AC46BDE870400023ED
:105A1000126C604770BD00BF0C5802002D58020088
:105A200008B503680246590913D0012906D14FF67B
:105A3000FF7103F01F03D940C80711D40A490B486E
:105A40004FF46C7207F002F94FF46C71064807F0DE
:105A5000F4F84FF0FF31D940C907EFD5044800E012
:105A60000448136008BD00BFDE560200CF1F0200CD
:105A700000258440002884402DE9F04F15468246D9
:105A800040F2FF19DFF884B185B000EB8108D04502
:105A900003D1002005B0BDE8F08FDAF80030C3F381
:105AA000C3210829C3F3080400F2AA80584A1B0E38
:105AB0004C4508BF4FF0FF34575C222B00F2A38007
:105AC000DFE803F012191F22252B22A1A1A1A13A80
:105AD00067A1A1A1A1A1A1A1A1A16A7F8285A1A184
:105AE000A1888F9295989B00C5F80C45621C5DD1EA
:105AF0000AF1040ACBE7C5F81445631CF8D0002668
:105B00005DE0C5F80845F1E7C5F81045F5E7661C06
:105B1000C5F80845ECD0002604E0601CC5F80C452B
:105B2000E6D0012603A80394FFF77AFF0121039B27
:105B300001FA03F3C36008E0C5F80845002FDCD183
:105B4000631CD5D0002606273146DAF800300394CE
:105B500003F40040002818BF002103A818BF012645
:105B600001930091FFF75CFF039C019B00EB840015
:105B7000D0F80042C3F3412C00993B0243EA8C0366
:105B80000B4304EA0B04234343EA4603C0F8003204
:105B9000AEE7C5F80C45D1E7C5F86045611CDAF8F9
:105BA0000030A5D0C3F30043002BBAD0012603A8D0
:105BB0000394FFF735FF039B06FA03F38360314636
:105BC000C3E7C5F86445E9E7C5F86845E6E7C5F801
:105BD0006C45E3E7C5F82445621C89D00126002105
:105BE000B3E7C5F8284581E7C5F83045F4E7C5F8BF
:105BF0003445F1E7C5F83845EEE7C5F83C4575E7AB
:105C00006FF0150046E76FF0850043E7F0F0FCFF0A
:105C1000685802002DE9F04104460D4647680AF035
:105C200055FF4FF0200888B9264B1B7873B16426C6
:105C3000606809F097FFF0B901200AF047F8013ECB
:105C4000F6D10021212005F0EDFBF0E7EFF31186FE
:105C5000314688F31288BFF36F8F606809F082FFC6
:105C6000A8B986F31188BFF36F8FEFE786F3118829
:105C7000BFF36F8FE5E7EFF31186314688F31288A3
:105C8000BFF36F8F606809F06DFF0028EED0FB69ED
:105C900000201D706368FA691B68C3F8442501225F
:105CA000C3F84825C3F82001D3F82041C3F85801B0
:105CB000D3F858019A6081F31188BFF36F8FBDE864
:105CC000F08100BF949B0020F7B50546002201211A
:105CD0000820F4F775FF0820F4F742FF6B681A6993
:105CE0001868C0F82425997D5A7D0A43198B1B7DBD
:105CF0000B431343C0F86C356E68D6E9004313F0CC
:105D000001034FD02F6907F1080000F04DFF324B1F
:105D1000984207D03148452107F0A4FC6FF00400F9
:105D200003B0F0BD387A04F10C0204F5907109F06B
:105D3000CFFF387A012707FA00F000F007FF0823A9
:105D4000C4F80035F369C4F844350023C4F8483575
:105D5000A760D4F85831002BFBD00021C4F80015FF
:105D60006B6801AADC68204609F0CFFE002805DB3D
:105D7000019B226819791868FFF77EFE08216A687E
:105D80001368C3F80015117A51B9126AC3F83425A3
:105D90000122C3F83825C3F81011D3F810111A6086
:105DA0000020BDE70822C4F80025F269C4F84425A4
:105DB000C4F848350123A360D4F82031002BFBD070
:105DC0000023C4F82031D4F820310123E3604FF4DC
:105DD0008073C4F80433BCE70000AD0B71580200B7
:105DE00070B40E4922F07F46D1E90034D01AC318AE
:105DF00044F10004C1E90034A6F50013B3F5400FE7
:105E000009D2074B1B681A0A1B069C19054B42F165
:105E10000005C3E9004570BC05F0D8BEC08F002066
:105E2000D4960020C88F00200D4B1868010A000688
:105E3000BFF35F8F0B4BD3F80435181841F1000105
:105E4000B3F5801F0AD2084BD3E90023904271EBCF
:105E5000030303D210F1807041F10001704700BFCD
:105E6000D496002000500140C88F00202DE9F74350
:105E70002E4BD3F8042390070BD5D3F8042142B15D
:105E80000022C3F804212A4AD3F8043113680133ED
:105E90001360264AD2F80433D90326D5254BD3E81C
:105EA000EF1F21F00100C3E8E40F002CF7D1CB076E
:105EB00002D4D2F84031C3B100251C4CC4F8405183
:105EC000D4F84031FFF7B0FFEFF31182202383F3C2
:105ED0001288BFF36F8F184BD3E90267B042B94104
:105EE00006D282F31188BFF36F8F03B0BDE8F08351
:105EF0004FF0FF38D3E900104FF0FF391D60C3E9C0
:105F000002894FF48033C4F84833C4F84051D4F8C0
:105F1000403182F31188BFF36F8F0029E5D00090E4
:105F200032463B4628468847DFE700BF0050014025
:105F3000D4960020CC960020B08F00202DE9F84F99
:105F400004460D46434FD7E8EF8F28F00103C7E81A
:105F5000E23F002AF7D14FF480393F4EC6F808934C
:105F6000BFF35F8FBFF36F8FFFF75EFFA04271EB50
:105F7000050308F0010840D2384B201A65EB0101F7
:105F8000984271F1000148D2354BD3E902239D427A
:105F900008BF94423AD04FF0000C24F07F40834673
:105FA00003216FF0020EC6F84893C6F840C1D6F838
:105FB0004031DFF8B0A02BF07F43C6F84035C6F87B
:105FC0004493D6F80425AEEB02035B4423F07F43F1
:105FD00053451BD9D6F840315BB1D6F80425131AC6
:105FE00023F07F43B3F5000F10D9C6F840C1D6F8AF
:105FF000403101EB020B0131DDE71B4BD3E8EF1F12
:1060000041F00101C3E8E21F002AF7D1144B174AFF
:10601000C3E902451A6000225A60B8F1000F16D099
:10602000D7E8EF3F43F00103C7E8E23F002AF7D18A
:106030004FF48032084BC3F804230B4BD3E8AF3F37
:10604000DB0742BF4FF40012094BC3F80021BDE843
:10605000F88F00BFD0960020005001400100800062
:10606000B08F0020FDFF7F00CC960020E15D010095
:1060700000E100E070B54FF0FF3000254FF0FF3138
:10608000164C174B0226C4F80833C4F84833154B96
:10609000C4F80855C3E902014FF480334FF40012ED
:1060A000C4F80433104B0121C4F804631520C3F86D
:1060B00080212A46F4F784FD1520F4F751FD0123D1
:1060C0000A4AA3600021236009481360FFF736FFE6
:1060D0003046FEF78DFC284670BD00BF00500140E1
:1060E00003000F00B08F002000E100E0D0960020F8
:1060F000FFFF7F00431C10B50F4C05D08442A8BFA2
:106100000446012CB8BF0124FFF78EFE0B4AD2E9EA
:106110000031C01AB0F5000F074A0AD2204490425D
:1061200028BF1046BDE81040C01841F10001FFF73C
:1061300005BF1046F6E700BFFFFF7F00C08F0020BD
:1061400008B5FFF771FE024B1B68C01A08BD00BFFF
:10615000C08F00202DE9F04112F0FC6F1346D0E90A
:10616000014706690AD0364940F2DE32354806F06A
:106170006DFD40F2DE31324806F05FFD02F0300284
:10618000302A08D12E4940F2E1322E4806F05EFD59
:1061900040F2E131EFE72C4A2C4D1A40AA4208D1D7
:1061A000274940F2E532274806F050FD40F2E5313C
:1061B000E1E703F00602042A08D121494FF47A727C
:1061C000204806F043FD4FF47A71D4E713F44022DF
:1061D00012D09D0308D41A4940F2EB32194806F058
:1061E00035FD40F2EB31C6E7B2F5402F14D0184A26
:1061F0009A4301D183F44023012524688D40254230
:1062000023F4801211D10E4940F2FB320D4806F002
:106210001DFD40F2FB31AEE7094940F2EF3209487B
:1062200006F014FD40F2EF31A5E73468DB074CBF00
:106230002C43AC4334603B68BDE8F041184700BFD5
:10624000AF580200CF1F020002000300020001004D
:1062500001001000012310B503FA01F1436804693D
:106260001B6819420AD10C490C4840F28C6206F0B6
:10627000EDFC40F28C61084806F0DFFC236819420F
:1062800003D022B183681B6903E0002AFAD0836837
:10629000DB68BDE810401847AF580200CF1F02006E
:1062A0002DE9F041074688460025104E27FA05F2F1
:1062B00012F0010210D128FA05F3DB070ED531796F
:1062C0003068FFF7C7FF044640B14521084807F092
:1062D000C9F92046BDE8F0810122F0E70135042D1F
:1062E00006F10806E2D10024F3E700BF501D0200CA
:1062F000E058020070B500260C4CE2882068217935
:1063000042F40032FFF726FF054648B90136042E55
:1063100004F10804F1D1BDE870400F21FFF7C0BFC0
:106320004521034807F09EF9284670BD501D020024
:10633000FB58020003280A4610B507D945210B482F
:1063400007F090F96FF01504204610BD084B03EBE1
:10635000C001097953F83000FFF77CFF044600289C
:10636000F2D04521034807F07DF9EDE71A59020004
:10637000501D0200E05802000348452108B507F00F
:1063800071F90020F4F742FB4E590200024B1860ED
:10639000024B002019607047D8830020D48300206E
:1063A0004FF40071014805F003BF00BF949900202D
:1063B00010B50649064809F027FC044620B10246FC
:1063C0004521044807F04EF9204610BDD56501006F
:1063D000D896002070590200F8B5644D0E462C6F17
:1063E00000F00807072C51D0132C00F09380052CE7
:1063F00040F0A8806D6D45215D4807F033F9E90450
:106400003AD545215B4807F02DF917242A0504D514
:106410004521594807F026F91824AB050CD545212C
:10642000564807F01FF9564B2C049A6B03D54521AB
:10643000544807F017F91924680504D54521524836
:1064400007F010F91A24E90518D545214F4807F03F
:1064500009F91B24F369002F40F08380C3F308027D
:1064600022B96FEA53236FEA4323F3613146204692
:10647000BDE8F840F3F7D6BF1624C7E7AA04E9D56C
:106480004521434807F0EEF81C24E3E7EC6D452175
:10649000404807F0E7F8630604D54521AA6E3E4858
:1064A00007F0E0F8E50705D545213C4807F0DAF8A4
:1064B0002624CFE7A00705D54521394807F0D2F8B3
:1064C0002724C7E7610705D54521364807F0CAF8F4
:1064D0002824BFE7220705D54521334807F0C2F835
:1064E0002924B7E7E30605D54521304807F0BAF877
:1064F0002A24AFE7A50605D545212D4807F0B2F8B7
:106500002B24A7E720062AD545212A4807F0AAF818
:106510002C249FE7ED6E4521274807F0A3F8A90733
:1065200003D54521254807F09DF8EA0703D5452105
:10653000234807F097F86B078CD54521214807F0D1
:1065400091F887E72049214AA4F110030F2CD8BF06
:106550000A461F48452107F085F800247AE72524DC
:1065600078E723F4FF7323F001037EE7D896002039
:106570007725020092250200A8250200C02502000E
:1065800000ED00E0DE250200F825020018260200DA
:1065900035260200AF590200CD590200E25902002F
:1065A000FD590200205A0200405A0200625A0200BD
:1065B0007C5A02009B5A0200B35A0200D25A0200CF
:1065C000075B02003A5B02004A2702005F270200D5
:1065D0006328020000B5164B89B01A7852B91549E4
:1065E00015484FF4927206F031FB4FF49271114846
:1065F00006F023FB5A6AD86C00929A6A20F00500D4
:106600000192DA6A694602921A6B03925A6B0492FB
:106610009A6B0592DA6B06921A6C1B6D07929B07B8
:1066200048BF40F00400FFF7D7FE09B05DF804FB57
:10663000D8960020735B0200CF1F02002DE9F041C5
:10664000A2B005460E46174698460AF03FFA70B9C2
:10665000114B1B785BB14FF0FF324FF0FF330F4807
:1066600002F0D0FF044618B16FF0830510E001245A
:10667000684607F057F9424639463046289BA847F6
:106680000546684607F04FF914B9044803F070F85E
:10669000284622B0BDE8F081949B00208885002028
:1066A000002300B589B0CDE9063303AB049304237E
:1066B00003900593A9B10B6806934B6807930223D7
:1066C000111E18BF01210848CDE9002140F2F53123
:1066D00004AA00F0E5F90028B8BF012009B05DF870
:1066E00004FB0123ECE700BF050100402DE9F04168
:1066F0004FF040089AB01C460AAB07460E461546B6
:106700000021424618460AF017FB1C23CDE9073644
:1067100004230393012340F20322019302ABCDE94A
:106720000408ADF8502000930021032304AA044874
:1067300006970995029400F0B3F91AB0BDE8F0810C
:106740000001004010B594B004463C22002105A889
:106750000AF0F2FA4FF40173ADF8383004AB0021BF
:1067600002934023CDE90011039302AA01230348B9
:10677000049400F095F914B010BD00BF0001004072
:10678000F0B597B007460E46154600213C2207A8F3
:106790001C460AF0D1FA40F20523ADF8403006ABB2
:1067A00002934023CDE90336012304AA019300920A
:1067B000002102AA04480697059500F071F9059B8F
:1067C000236017B0F0BD00BF00010040F0B597B0E6
:1067D00007460E46154600213C2207A81C460AF033
:1067E000ABFA40F20623ADF8403006AB02934023EB
:1067F000CDE90336012304AA01930092002102AAE5
:1068000004480697059500F04BF9059B236017B0E7
:10681000F0BD00BF0001004070B5044696B00E46C2
:1068200015460021342209A80AF086FA236804AA32
:10683000089340F20243ADF8403006AB0293402388
:10684000CDE9033404230593012300920021019331
:1068500002AA0348CDE9066500F022F916B070BD22
:1068600000010040F0B54027064697B006AB0D4644
:10687000144600213A4618460AF05EFA32680021B2
:10688000089240F20442CDE90207ADF8402002230D
:10689000CDE9001102AA0348CDE9045400F000F943
:1068A00017B0F0BD000100402DE9F0414FF0400865
:1068B00098B01D4608AB04460F46164600214246D6
:1068C00018460AF039FA04232268CDE90537022375
:1068D0000A9240F20542019304ABCDE90208ADF8FB
:1068E000482000930021012302AA0548049407963A
:1068F00000F0D6F8079B2B6018B0BDE8F08100BF10
:106900000001004070B5402696B006AB05460C4627
:106910003246002118460AF00FFA4FF48072CDE992
:106920000206CDE90454ADF8402054B1012304AA75
:10693000009200210448019302AA00F0B1F816B0B9
:1069400070BD2046FBE700BF0001004070B5402647
:1069500098B008AB05460C463246002118460AF0AE
:10696000EBF91C23079304230393012340F209222C
:10697000019302ABCDE90406ADF848200093002155
:10698000022304AA03480695029400F089F818B07F
:1069900070BD00BF00010040F0B599B007460E463B
:1069A0001546002138220AA81C460AF0C5F94FF402
:1069B0008063ADF8483008AB04934023CDE905353A
:1069C0001E9B04AA02931F9B0021039301230193A2
:1069D00002AB009305480223CDE90876079400F046
:1069E0005FF8209B039A1A6019B0F0BD00010040C7
:1069F000F0B599B007460E461546002138220AA880
:106A00001C460AF099F94FF4A063ADF8483008AB82
:106A100004934023CDE905351E9B04AA02931F9BD6
:106A2000002103930123019302AB00930548022345
:106A3000CDE90876079400F033F8209B039A1A609A
:106A400019B0F0BD00010040F0B599B006460F4600
:106A50001546002138220AA81C460AF06DF94FF4A9
:106A60001063ADF8483008AB04934023CDE90535F9
:106A70001E9B04AA02931F9B0021039301230193F1
:106A800002AB009305480223CDE90876079400F095
:106A900007F8209B039A1A6019B0F0BD000100406E
:106AA00010B4B1F5004F029C0ED2042B0CD8042C6C
:106AB0000AD8240444EA0364134644EA0102014666
:106AC00010BC0348FFF7BABD6FF0800010BC7047E0
:106AD000217C000030B50468ACB1B4FA84F3012223
:106AE000C3F11F03DBB29A4024EA0202D0E8EF5F51
:106AF000A54204D1C0E8EC2FBCF1000FF6D1EAD1D9
:106B000002480B7030BD0248FCE700BF0000AD0B2F
:106B10000200AD0B10B50368CB40DB0710D4012396
:106B20008B40026843EA0201D0E8EF4F944204D15F
:106B3000C0E8EC1FBCF1000FF6D1F2D1014810BD46
:106B40000148FCE70000AD0B0400AD0B014BC3F89E
:106B5000040570470070014008B541B9064907486F
:106B6000482206F073F84821034806F066F840F022
:106B70000040C1F8800008BDD95B0200CF1F0200B1
:106B800008B541B9064907484E2206F05FF84E2184
:106B9000034806F052F840F00040C1F8800008BDFC
:106BA000D95B0200CF1F02000146014800F0BAB9CC
:106BB000E08300200328F7B5064638D83E4B3F490E
:106BC00033F810000025C1F8080301213C4B3D4A71
:106BD00033F81630925D03F1804302F1804203F5F1
:106BE000A04302F5A04211608E421D601B688DF823
:106BF000071001D10DF1070542F210742F4F022E3C
:106C000048D0032E1CD0012E2DD0D7F8183403F411
:106C10008033002D47D0D7F8182402F003022A70E1
:106C20001BB19DF80700012828D003B0F0BD26490C
:106C30002648FB2206F00AF8FB21234805F0FDFF59
:106C4000D7F85434DB03F0D5002DEAD1012009F048
:106C50003DF8013CF4D1E8E7002BE6D0012009F033
:106C600035F8013CE1D0D7F80C3403F48033002D23
:106C7000F2D0D7F80C2402F00102D0E709F026F890
:106C8000013CBCD1D1E7002BCFD0012009F01EF888
:106C9000013CCAD0D7F85C3403F48033002DF2D025
:106CA000D7F85C24E7E7002BBFD0012009F00EF8ED
:106CB000013CA6D1B9E700BF441E020000500040CD
:106CC0003C1E0200535C0200165C0200CF1F020053
:106CD000044B1A7922B9012218601A7102487047D0
:106CE000024870474C9700200000AD0B0C00AD0B24
:106CF00008B5104B1A7952B90F49104840F2591291
:106D000005F0A4FF40F259110B4805F096FF1B68EF
:106D100033B10520F3F746FF10B90520F3F720FF44
:106D20000122074BC3F81825C3F81425C3F88025A2
:106D300008BD00BF4C970020165C0200CF1F020068
:106D40000050004038B53D4C237953B93C494FF4CD
:106D5000D4723C4805F07AFF4FF4D471384805F0FE
:106D60006CFF032850D8DFE800F01B585D021822A2
:106D70004FF490734FF48071002003F1804303F5CA
:106D8000A04318601D68012502F1804202F5A0426F
:106D900015602268002A4BD02B4BC3F8041328E05F
:106DA000294BD3F81814D3F81824C90311D502F0CD
:106DB0000303022B05D0012B02D00020FFF7FAFEBF
:106DC0000123214A0221C2F8183508224FF48273A8
:106DD000D2E7D3F81424D207F2D5D3F81C2402F05A
:106DE0000302013A012AE8D822681AB10222C3F844
:106DF000042338BDD3F80421002AFBD00022C3F8B5
:106E00000421D3F80431F4E70D4940F2FD120D4896
:106E100005F01CFF40F2FD11A0E700224FF4807343
:106E20000121A9E720224FF492734FF40071A3E7E8
:106E30001A68002AFCD018601B68DAE74C9700201B
:106E4000165C0200CF1F02000050004008B5094B3D
:106E50001B7953B90849094840F2172205F0F6FE9C
:106E600040F21721044805F0E8FEBDE80840FFF7AE
:106E7000A1BE00BF4C970020165C0200CF1F02008D
:106E8000F8B50126234C244FD4F8045305B9F8BDB6
:106E9000B5FA85F0C0F11F00830003F580739BB243
:106EA00003F1804303F5A04306FA00F2196892B299
:106EB00025EA02050029E9D00021022A19601B6891
:106EC000C4F8082313D00CD8012A1ED01349144843
:106ED00040F2763205F0BAFE40F276310F4805F006
:106EE000ACFEB2F5807F10D0B2F5007FEDE7D4F8AC
:106EF0001834D4F8183403F00303012B05D1C4F877
:106F00001825C4F80423A360C0E73B68C0B29847C3
:106F1000BCE700BF005000404C970020165C020008
:106F2000CF1F02000079024B03EB0010FFF7D2BD28
:106F3000E8830020034A4309D35C00F01F00184493
:106F4000C0B27047CA5C020008B50268014610462C
:106F500008F0C9FE50B90F494FF46C720E4805F0A5
:106F600075FE4FF46C710B4805F067FE02F01F03CD
:106F700052090B600AD0012A0AD0064940F2B93200
:106F8000054805F063FE40F2B931ECE7034808BD5F
:106F90000348FCE7DE560200CF1F020000258440B4
:106FA00000288440072808B50AD90749074840F255
:106FB000AA3205F04BFE40F2AA31034805F03DFE2F
:106FC000800000F5807008BD575C0200CF1F0200F2
:106FD00070B50546FFF7AEFF0C4C083034F81030A2
:106FE0000E46DA0508D5C3F3432304EBC302284653
:106FF00054F8333052689847A3682BB1314628467D
:10700000E268BDE87040184770BD00BFF8830020FB
:1070100008B5FFF78FFF034B083033F81000400B23
:1070200008BD00BFF883002008B5FFF783FF034BBE
:10703000083033F81000C0F3400008BDF88300208A
:1070400008B5FFF777FF044B083033F8100010F055
:107050001C0018BF012008BDF883002008B5FFF709
:1070600069FF034B083033F81000C0F3401008BD2F
:10707000F8830020034611F0010010B5CCB20BD10B
:10708000A207C4F340000DD5074A106A5860106289
:10709000003818BF012005E004490A6A1A600A6234
:1070A000002AEDD010BD00BF002884400025844098
:1070B00010B5FFF73FFF184A083032F81030D905F5
:1070C0001DD5C3F3432123F4F85322F810300020D8
:1070D00002F10E0434F8023F13F4807F03D0C3F3AF
:1070E000432399420BD001303028F3D100230B48C1
:1070F00042F83130FFF70EFD094B984200D110BD28
:10710000084909484FF4DC7205F0A0FD4FF4DC712A
:10711000044805F092FD00BFF88300207084002031
:107120000000AD0B8C5C0200CF1F02002DE9F8437C
:10713000002407460E4625464FF00108A146B542F9
:107140000DD1124BD3F87C2132B10022C3F87C213F
:10715000D3F87C3144F000442046BDE8F883E8B21F
:10716000FFF720FFA0F58072920808FA02F217429A
:1071700009D000F1804303F53C33196819B1C3F815
:1071800000901B6814430135D9E700BF00F00240AE
:10719000F7B506460846FFF7CDFE1A4F00F1080581
:1071A00037F815300C46DB072AD5304608F014FEB8
:1071B0002046FFF753FF58B12046FFF729FF002272
:1071C000316800B201EB8003C3F81025C3F8102525
:1071D0002046FFF76DFF002301A827F81530019422
:1071E000FFF7B2FE019B00EB8300D0F80022064BB4
:1071F000134043F00203C0F80032044803B0F0BD6E
:107200000348FBE7F8830020F0F0FCFF0000AD0B23
:107210000400AD0B2DE9F0431646804685B00846C4
:10722000FFF788FE37680D460446E7B1084608F0C8
:10723000C8FD08BB3B46CDE900008DF80E008DF877
:107240000F000DF10F020DF10E01284608F05DFD53
:10725000474A04F1080132F8113023F0020343F0E9
:10726000010322F8113073687BB328461F785968F0
:10727000FFF7DAFE10B1E9B13E4829E03C4A04F1DB
:10728000080032F8103023F02003DB04DB0C22F876
:10729000103079B1032FEFD87168D1F804E0D8F835
:1072A00000109EF800C001EB8C01A7B9C1F8107561
:1072B000C1F810752E4A04F1080132F8113023F09C
:1072C0001C0343EA870322F81130B3683BBB2A480A
:1072D00005B0BDE8F083D1F810E543EA4C332EF059
:1072E000030EC1F810E5D8F8001043F0200301EBBD
:1072F0008C0EDEF8101522F8103021F44F3121F4F5
:107300004071CEF810152902DEF8108501F47C5189
:1073100041EA074141EA0801CEF81015CAE72846BC
:10732000D3E90067FFF7C4FE002ED0D0104DD5E999
:107330000023964203D19F4201D1002209E00F4869
:107340000DF10F01FFF7C6FB0B4B9842C0D19DF822
:107350000F2005EBC20308345F6035F8143045F8A0
:10736000326043EA422343F4807325F81430AEE7D9
:10737000F88300200400AD0B0000AD0B70840020EA
:107380002DE9FF410C468046204611461D46FFF779
:10739000D1FD064621B32046FFF746FE18B9204628
:1073A000FFF75CFE10BB2046FFF74AFE10B14B789A
:1073B000012B1BD001238DF80F3000234A1CCDE98F
:1073C000001320468B1C0DF10F0108F09EFC294A8A
:1073D00006F1080132F8113043F0030322F81130AE
:1073E000002D44D02046FFF71FFE18B9224804B0F4
:1073F000BDE8F081002295F800C0D8F800301D4F9C
:1074000003EB8C03C3F81025C3F8102506F108021E
:1074100037F812104FEA8C0E21F02001C904C90C74
:1074200027F812106E7816B3D8F80000AD787044C3
:10743000D0F81035360423F4991323F4F853C0F828
:107440001035230203F47C5306F440362D05D0F8A2
:1074500010E5334305F480152B4341EA4C3143EAF0
:107460000E0341F02001C0F8103527F81210034830
:10747000BDE700BFF88300200400AD0B0000AD0B9A
:10748000014BC3E902127047F883002010B514467F
:1074900052B90E490E4840F20D3205F0D7FB40F2CA
:1074A0000D310A4805F0C9FB0846FFF7D7FD50B17A
:1074B0000846FFF73FFD074B083033F81030064809
:1074C0005B0B237010BD0548FCE700BF8C5C02001D
:1074D000CF1F0200F88300200000AD0B0400AD0BAD
:1074E0002DE9F0411E4B026806469A420AD01D491A
:1074F0001D4840F21E3205F0A9FB40F21E3119482A
:1075000005F09BFB194D95F880403CBBA0466022DE
:10751000214605F1100009F00FFC36682F6FA742D5
:107520000FD1002346F30730C6F87C31D6F87C3102
:10753000F3F716FB01230E4885F88030AB67BDE8F2
:10754000F081E0B2FFF72EFDA0F580739B081F2BA2
:1075500004BF46F8008033580134E0E70548EEE701
:1075600000F002408C5C0200CF1F0200F883002074
:107570000000AD0B0C00AD0B034B93F880000038FE
:1075800018BF0120704700BFF88300200148FFF7B3
:10759000C1BA00BF6C8400200148FFF79BBA00BF4E
:1075A0006C8400202DE9F341054608460C4616463A
:1075B000FFF746FD50B9334940F2FA32324805F040
:1075C00045FB40F2FA312F4805F037FB2B6808469F
:1075D000D3F80423002AA4BF4FF00042C3F80423C9
:1075E000FFF73CFD18B30846FFF71EFD0746F0B94C
:1075F0000846FFF70DFD0446FFF7D4FCD5F80080E0
:1076000022B248F8007058F800302B6803EB820370
:10761000D3F8102542F00102C3F8102526B101234A
:107620002A68A340C2F8043302B0BDE8F08146B92D
:10763000144940F20E42144805F008FB40F20E4196
:10764000C1E72046FFF776FC104B083033F81030C6
:10765000C3F38203042B11D0052B11D001A8019490
:10766000FFF772FC019B0169D94001F00101023171
:10767000204602B0BDE8F04108F094BB0321F7E7D3
:107680000221F5E78C5C0200CF1F0200F883002086
:107690002DE9F04F684BDFF8A481D3F80403D8F844
:1076A0007010C0B289B040F00040FFF73FFD051EEA
:1076B0002FDAC24600235AF87C1F06A8CDE906330C
:1076C000FFF7D8FC4FF0000B5D4B0DF1180901934B
:1076D000019A12F8013B0192DA081AF8022003F02D
:1076E000070322FA03F3DA071CD409F10409BBF1FA
:1076F000000F14D0D8F870104FF00040FFF716FDBF
:10770000D8F87C1006A8FFF7B5FC0028DAD125F0E0
:1077100000450124002D76D109B0BDE8F08F4FF06F
:10772000010BD5E7474B5B440293D9F800100029C1
:10773000DBD091FAA1F1B1FA81F1029B1C7841EA08
:1077400044142046FFF7F6FB083038F81070C808DC
:10775000BB080393012319F8002001F0070103FA85
:1077600001F122EA010209F8002005A80594FFF7BB
:10777000EBFB059A039B803250F82220C7F3820668
:107780005B073746C2F3014222D539462046D6B2BE
:10779000FFF71EFC05A80594FFF7D6FB059B803379
:1077A00050F82330C3F301439E4207D10021204605
:1077B00008F0F8FA3146204608F0F4FA05A80594D6
:1077C000FFF7C2FB0122059B02FA03F30362ACE759
:1077D000022A0CD10321204608F0E4FA06F0050342
:1077E000012BEBD139462046FFF7F2FBE6E70221F9
:1077F0002046039208F0D6FA032EF3D0039A032A08
:10780000DCD1022EEDE795FAA5F3B3FA83F304FA7F
:1078100003F29B0003F1804303F53C33D3F81005DA
:10782000D3F81015C0F30520C1F3014125EA020584
:10783000FFF7CEFB6EE700BF00F00240F8830020A8
:10784000DA5C0200DA5C020070B516460D4641B9FA
:107850000B490C48372205F0F9F93721084805F0A3
:10786000ECF9094C237943B92A20F3F779F901237C
:10787000064823712560A66070BD0548FCE700BF7F
:10788000DC5C0200CF1F0200549700200000AD0B0B
:107890000C00AD0B38B540B918494A22184805F01C
:1078A000D5F94A21154805F0C8F9164B1B79012B6B
:1078B00006D012494B22124805F0C8F94B21F1E7D6
:1078C0000023114A50F8234003F5A2710133102B15
:1078D00042F82140F6D100230B4A00F13C0103F5A8
:1078E000B27451F8045F0133102B42F82450F6D1E2
:1078F000D0F88030C2F8043338BD00BFDC5C020031
:10790000CF1F02005497002000A0024008B5094B89
:107910001B79012B08D0084908487A2205F096F90E
:107920007A21054805F089F9054A8340C2F80433F5
:1079300008BD00BF54970020DC5C0200CF1F02008E
:1079400000A0024008B5094B1B79012B08D008495B
:107950000848822205F07AF98221054805F06DF980
:10796000054A8340C2F8083308BD00BF5497002081
:10797000DC5C0200CF1F020000A00240F8B5012627
:107980000027124B124DD3F80C4304B9F8BD94FAFA
:10799000A4F0B0FA80F006FA00F30F2824EA0304FA
:1079A0000ADD0C490C4840F2F31205F04FF940F2A1
:1079B000F311084805F041F9084B82009F502B68ED
:1079C000002BE2D0A9689847DFE700BF00A0024083
:1079D00054970020175D0200CF1F020000A1024053
:1079E000044AD2F80034DB07FBD50160BFF35F8F98
:1079F000704700BF00900340B0F5801F08B50AD360
:107A00000F49104840F2071205F020F940F2071123
:107A10000B4805F012F9C0F30B037BB902220A4BA5
:107A2000C3F884254FF0FF320260D3F80024D20758
:107A3000FBD500220548C3F8842508BD0448FCE7AF
:107A4000495D0200CF1F0200009003400000AD0B13
:107A50000A00AD0BB0F5801F38B50AD30F4940F2CC
:107A600095120F4805F0F2F840F295110B4805F019
:107A7000E4F810F0030408D008494FF4CB7208482A
:107A800005F0E4F84FF4CB71F0E70123054DC5F89C
:107A90008435FFF7A5FFC5F8844538BD495D020070
:107AA000CF1F02000090034000220121054B83F804
:107AB0003820054BC3F808131961C3F80025C3F833
:107AC000002170476097002000B00240074BD3F8B8
:107AD000B825920707D1D3F8580500F00300013804
:107AE00018BF012070470120704700BF00500040C0
:107AF00070B5104D6C6B9CB14FF47A735C430A23E4
:107B0000B4FBF3F40C4ED6F8003163B995F8393074
:107B10004BB90A2008F0DAF8013CF4D1074870BDEF
:107B20004CF25034EEE795F83930002BF6D104488A
:107B3000F5E700BF6097002000B002400700AD0BE2
:107B40000000AD0B10B500220124084BC3F800451E
:107B5000C3F800211C6038B1FFF7CAFF044B9842FC
:107B600003D1044B83F83840014810BD00B00240F7
:107B70000000AD0B609700202DE9F041424C80469B
:107B800094F8305016461F4645B940497F22404878
:107B900005F05CF87F213D4805F04FF830B93B49CE
:107BA00080223B4805F052F88021F4E7FFF78EFF72
:107BB000002862D108F06043B3F1005F5FD118F094
:107BC000030F5CD1012D05D0BD425AD194F8383055
:107BD000002B56D000232F4A022F0BBFC2F810658E
:107BE000C2F80465C2F81485C2F808850CBFC2F853
:107BF0001815C2F80C1584F8393023680CBF082515
:107C00000425C3B994F838306BB10022214B05F13B
:107C10008045C3F80021012305F52C352B60BDE814
:107C2000F041FFF765BF0120FFF78CFF1A4B984228
:107C3000EBD1BDE8F081A3682BB1C4F80C80616181
:107C4000E6611648F5E7134AC4F808802161A66189
:107C500084F83070C2F800310123C2F8043394F87C
:107C6000382002F0FF0012B9FFF76CFFE9E705F1D9
:107C7000804505F52C352B60E3E70948D9E709482D
:107C8000D7E70948D5E700BF60970020855D02006F
:107C9000CF1F020000B002400700AD0B0000AD0B8B
:107CA0000800AD0B0A00AD0B0B00AD0B084B9A683A
:107CB0005A621A699A629A69DA62DA689A6032B12B
:107CC0005A691A61DA699A610022DA60704770476E
:107CD0006097002008B543090CD0012B1DD0134933
:107CE00013484FF46C7204F0B1FF4FF46C710F48FD
:107CF00004F0A3FF4FF0FF33C340DA07EFD50D4A7E
:107D000002EB8002D2F800020B4B034043EA01234E
:107D100043F00203C2F8003208BD4FF6FF7300F0D3
:107D20001F00C340DB07DAD5044AE9E7DE5602004C
:107D3000CF1F020000258440F0F0FCFF00288440A3
:107D400010B50E4B0238D3F83C26D3F83836072846
:107D500013D8DFE800F0110F0D0B0A080604100E0F
:107D6000C871100C8871100A48710A711A0ECA7015
:107D70001A0C8A701A0A4A700B7010BD00B00240CB
:107D8000023807281FD8DFE800F029272511232112
:107D90001F04CB791B068A7943EA02434A7943EAF6
:107DA00002230A7913430E4AC2F83C36CB781B06ED
:107DB0008A7843EA02434A7843EA02230A78134363
:107DC000074AC2F8383670470023E4E70023E5E7A6
:107DD0000023E6E70023EBE70023ECE70023EDE7D1
:107DE00000B002400268154BFF2A08BF4FF0FF3277
:107DF000C3F824254268FF2A08BF4FF0FF32C3F8BA
:107E000028258268FF2A08BF4FF0FF32C3F83025CB
:107E1000C268FF2A08BF4FF0FF32C3F83425026959
:107E2000FF2A08BF4FF0FF32C3F838254269FF2A06
:107E300008BF4FF0FF32C3F83C25704700B0024046
:107E400030B5194D8DB006AC0FCD0FC495E80300C9
:107E500084E80300154906A8D1F82435DBB2009365
:107E6000D1F82835DBB20193D1F83035DBB202937B
:107E7000D1F83435DBB20393D1F83835DBB2049353
:107E8000D1F83C35DBB20593FFF7ACFF0023C1F816
:107E9000003101230B60D1F80031002BFBD0684684
:107EA000FFF7A0FF0DB030BDA015020000B00240EA
:107EB00070B590F8293004461BB190F82A20002AAA
:107EC00041D16068FF2800F08A80A168FF2900F096
:107ED0008680E268FF2A00F0828025690E2D7ED11F
:107EE00011287CD112297AD10D2A78D16269FF2A12
:107EF00001D00F2A73D1A269FF2A01D0102A6ED1B6
:107F0000DBB903211120FFF7E5FE0321A068FFF78D
:107F1000E1FE0321E068FFF7DDFE20690321FFF7A2
:107F2000D9FE6069FF2802D00321FFF7D3FEA069C4
:107F3000FF2802D00321FFF7CDFE94F82A3013B9B1
:107F4000201DFFF74FFF636A264E274D736394F899
:107F5000293086F83A300123C5F80833FFF770FF5F
:107F60002368C5F84035A37F617F227F9B0143EAE8
:107F7000C1031343E27F43EAC213C5F8443594F8C2
:107F80002320D5F844352ABB43F44033C5F84435A3
:107F90004FF4C063C5F84036D5F8002694F8203079
:107FA00022F07F4222F0FF02134394F8212043EA9B
:107FB000026394F8222043EA426394F8232043EAC0
:107FC0000273C5F80036336813B12B20F2F7C8FDF1
:107FD000064870BD23F4003343F48033D6E70448E9
:107FE000F7E700BF6097002000B002400000AD0B33
:107FF0000400AD0B38B550B90F4910484FF4DB728F
:1080000004F024FE4FF4DB710B4804F016FE0C4C18
:1080100094F8305075B9C4E90012FFF749FF094BD5
:10802000984206D10123C4E9025584F8303084F81F
:10803000385038BD0448FCE7855D0200CF1F0200C0
:10804000609700200000AD0B0C00AD0B2DE9F8434C
:10805000DFF8CC90884699F830100746144651B99D
:1080600030494FF40172304804F0F0FD4FF40171D3
:108070002C4804F0E2FDFFF729FD00284BD101292F
:108080004BD199F83830294E7BB30123284DC5F8E0
:108090000833FFF7D5FEB8F1000F2ED14FF00008DE
:1080A00089F83980C5F80081BB787A781B0343EAE8
:1080B00002233A781343FA7843EA42333A7943EA9F
:1080C00082337A7943EAC233C5F83436FFF710FDBC
:1080D000B04217D13B796BB9124940F236221248AF
:1080E00004F0B4FD40F23621C2E70846FFF72AFD4E
:1080F000B042CAD10D48BDE8F88341467878FFF711
:108100003FFECBE7C5F800811CB121467878FFF728
:1081100017FE0848EFE70848EDE70848EBE700BF1F
:1081200060970020855D0200CF1F02000700AD0BA5
:1081300000B002400000AD0B0800AD0B0B00AD0B12
:1081400008B50C4B93F8302052B90B490B484FF44B
:108150003F7204F07BFD4FF43F71074804F06DFD62
:1081600093F838301BB9BDE80840FFF7EBBC044872
:1081700008BD00BF60970020855D0200CF1F020090
:108180000C00AD0B08B50B4B93F8303053B90A49CE
:108190000A484FF4427204F059FD4FF44271064808
:1081A00004F04BFD012B03D1FFF77EFC044808BD12
:1081B0000448FCE760970020855D0200CF1F0200A5
:1081C0000000AD0B0B00AD0B034B93F830000038F3
:1081D00018BF0120704700BF6097002070B5284C81
:1081E000064694F8305055B92649274840F23132B6
:1081F00004F02CFD40F23131224804F01EFDFFF75F
:1082000065FCB8BB11F0030236D12368B3B1012D70
:1082100034D11E4BC3F81C150421C3F8206584F823
:10822000392084F83010C3F80021C3F8045394F8BF
:108230003820EAB9FFF786FC154818E0134DC5F859
:108240001C15C5F8206584F8393094F8383043B1EE
:108250000023C5F800310123EB60BDE87040FFF753
:1082600047BC0120FFF76EFC0A4B9842F0D170BD6D
:10827000DD60E1E70848FAE70848F8E70848F6E76C
:1082800060970020855D0200CF1F020000B0024011
:108290000000AD0B0700AD0B0800AD0B0A00AD0BE5
:1082A0000B00AD0B08B50A4B93F8303053B90949B0
:1082B00009484FF4597204F0C9FC4FF4597105484C
:1082C00004F0BBFC0021BDE808400220FFF786BF98
:1082D00060970020855D0200CF1F020010B5224B81
:1082E000D3F8002192B10022204CC3F8002194F869
:1082F000381094F8302071B90121032A84F838101D
:1083000005D0042A05D0022A00D1996010BD596019
:10831000FCE7D960FAE7032A19D0042A19D0022A07
:1083200004D1012384F82030FFF7C0FCA36813B9FF
:10833000012384F8303094F8393003F0FF0013B98A
:10834000D4E900319847002384F82030DEE7022387
:10835000E8E7032284F82020D3F81C256262D3F8D2
:10836000203584F82830E1E700B002406097002013
:108370002DE9F0410E4617460C4D55F81C4FAC4206
:1083800003D16FF01200BDE8F081314654F8440C7F
:10839000A4F14408EFF7E0FE30B9C7F8008040468A
:1083A000BDE8F04107F01FBE2468E8E79C97002075
:1083B00010B5D0E909124A60416A00F12403116046
:1083C000C0E909334368044603B19847054A9368F6
:1083D00033B11279062A03D9072022680249984747
:1083E000002010BD9C970020C15D02002DE9F041E6
:1083F00007460D460B4E56F80C4FB44202D16FF0B3
:1084000001000AE0394654F8240CA4F12408EFF7DF
:10841000A3FE20B91DB1C5F80080BDE8F081246835
:10842000EBE700BF9C97002038B5044600B3006816
:10843000F0B10378E3B10021FFF7D8FFD8B104F120
:108440001C03C4E907330D4B04F12402196903F13D
:108450000C00A16260621A610A609D6835B11B79E7
:10846000062B03D9072022680549A847002038BDFC
:108470006FF01500FBE76FF01000F8E79C97002005
:10848000C35D020038B5114C0546216819B10020C2
:108490000131216038BD2422204608F04DFC2B68B4
:1084A0002846A3602B79237104F10C03C4E903333C
:1084B00004F11403C4E9053304F11C03C4E90733D0
:1084C00000F018F80028E5D12168E0E79C9700202B
:1084D00038B5074D2C68013C2C6044B900F012F807
:1084E00021462846BDE83840242208F025BC38BD86
:1084F0009C97002008B50248FFF796FF002008BDB2
:108500007C8400200148FFF753BF00BF7C8400201B
:108510000EB4431E062B33B588BF0020094B05ACB3
:1085200054F8045B53F82010074804F079FB214607
:1085300028460194F0F7CAFA02B0BDE8304003B013
:10854000704700BF701D0200B72B02002DE9F04FED
:1085500087B017469B460446DDF840A000284BD064
:10856000056A35B12D6825B1AC4607B0BDE8F04FBE
:108570006047E36A9F4242D80026BE4203D10020F2
:1085800007B0BDE8F08F182303FB06F8D4F830904D
:10859000A26909EB08052B1D0593CAB968696968CA
:1085A0000368B5F80CC0C91AAB680CF1030E5D1E68
:1085B00005EB0C155B4205EB4E051D4005EBCC03AE
:1085C00085680633A94228BF4FF0FF3107F0D8FC79
:1085D00059F8083020460293236AB1B29B6A01938E
:1085E0005AF8263000935BF82620059B07F019FD0A
:1085F0000028C5D10136C0E76FF01500C0E701487B
:10860000BEE700BF40F4FFFF10B5044690B1028DF5
:1086100043899A4209D0084A936833B11279032AF0
:1086200003D942680549042098472046BDE8104018
:1086300008F050BB10BD00BF9C970020765E020082
:1086400030B544898C4212D9436A013C5D882C4084
:1086500003EBC40359609A60BFF35B8F426A53888F
:1086600001335380438D01334385002030BD0148E1
:10867000FCE700BF41F4FFFF70B4039E144660B1F5
:10868000006A50B14BB1013407D0002E05DBD0F8A1
:10869000844014B1A44670BC6047014870BC704768
:1086A0002DF8FFFF70B4039E144660B1006A50B10C
:1086B0004BB1013407D0002E05DBD0F8944014B143
:1086C000A44670BC6047014870BC70472DF8FFFF9E
:1086D0002DE9FF47DDF834800E4691469A4605465F
:1086E000002876D0002974D0B8F1000F71D001F1C4
:1086F0006407384607F025FEBAF1FF3F49D1346ED2
:1087000006F1500204F18000844204F01F0C07D2ED
:10871000C4F3411152F8211021FA0CF1C90736D4E3
:10872000012104F07F04600952F8203004F5806ACA
:1087300001FA0CF104F201440B4304F07F0442F807
:10874000203034666B6C4A4603930E9B2946CDE974
:1087500001830C9B30460093534607F0A1FE384638
:1087600001F0E8F92C7874B196F8A4405CB1AB6ADA
:10877000013330D10021284607F022FE044610B113
:10878000284607F0F3FD204604B0BDE8F087013429
:10879000BAE7BAF5806FD5D3AAF580637F2B06F1CF
:1087A00050010FD8580951F8204003F01F0324FA54
:1087B00003F2D2070BD4012202FA03F3234341F858
:1087C0002030BFE7054C384601F0B4F9DBE7044C34
:1087D000F9E7024CD7E70024D5E700BF2DF8FFFFEB
:1087E00029F8FFFF08B583681A0C0AD1094A936873
:1087F0002BB11279022A02D9032007499847002099
:1088000008BDA3F5803383601B0C0CBF0120002042
:10881000F6E700BF9C970020985E020038B504463A
:10882000E0B100F16405284607F08BFED4F8B430BF
:108830009B6953B9D4F8A840103C002C00DC084CCC
:10884000284607F07CFE204638BD012BF7D1D4F82E
:10885000BC0007F05EFDA0F11004EEE7014CF2E76A
:108860002EF8FFFF2DF8FFFF38B50446E0B100F108
:108870006405284607F065FED4F8B4309B6953B907
:10888000D4F8AC40103C002C00DC084C284607F023
:1088900056FE204638BD012BF7D1D4F8B80007F0BA
:1088A00038FDA0F11004EEE7014CF2E72EF8FFFFCF
:1088B0002DF8FFFF2DE9F041A3F1100853F8087CD3
:1088C000002388B00693ADF81E301023CDE90412C2
:1088D0000E9D0446D0F8C000ADF81C5001688668B3
:1088E000A8EB0101B14228BF4FF0FF310DEB0302AD
:1088F00007F00CFB1028BFB20AD023494FF4DF72F7
:10890000224804F0A3F94FF4DF711F4804F095F9F1
:1089100004F16406304607F014FED4F8B4309B69C5
:10892000CBB9D4F8A820D4F8B430D4F8BC009B69F3
:10893000C3B9CDE90282CDF80080012202A907F077
:108940009DFBA8B1104940F2C912104804F07EF90D
:1089500040F2C911D9E73946D4F8BC0007F024FC2D
:108960000246E0E7012B03D13946FFF769FEE8E74D
:10897000D4F8BC0007F096FC304607F0E0FD28462E
:1089800008B0BDE8F08100BFB95E0200CF1F020051
:10899000F0B504468E680D46B6B23146D0F8B80040
:1089A00085B007F001FCD4F8B43007469A6992B953
:1089B0000095CDE902500123D4F8B80002A907F0D0
:1089C0005DFB40B10E497D220E4804F03FF97D2148
:1089D0000B4804F032F9D4F8B4309B69012B0DD167
:1089E0003A463146D4F8B800FFF72AFE30B10449C0
:1089F0008322044804F02AF98321E9E705B0F0BD99
:108A0000B95E0200CF1F02002DE9FF4103689E6A94
:108A100006F16408404607F094FDD6F8B4309B692F
:108A20003BB1012B12D0404607F089FD04B0BDE8F0
:108A3000F081D6F8B8000DF10A0203A907F07AFB1D
:108A4000D6F8B43004469B69012B07D1D6F8B8009C
:108A500003AA0DF10A0107F0D7FB0446002CE2D06F
:108A6000BDF80A3000216268A36030464FF0FF3342
:108A700007F0DCFC054607F06AFCA368404603F5F6
:108A80008033A36007F05BFDDDB1AB6A696C013335
:108A900008BF2368284608BFAB622368A2890091FB
:108AA0006F6B04F11001B84700280ADA1049114829
:108AB00040F25A2204F0CAF840F25A210C4804F05D
:108AC000BCF8404607F03DFD284607F045FC20462F
:108AD000FFF788FE38B130462146FFF759FFD6F838
:108AE000B80007F0DFFB404607F029FD92E700BF22
:108AF000B95E0200CF1F02002DE9F04385B00F469A
:108B0000904603A90D9A0646994607F0FBFD0446D8
:108B100048B30C9D039BD6F8C0009D42A8BF1D46DC
:108B20000168D0F808C0611A614528BF4FF0FF31D5
:108B30002B464A4607F0EAF985420AD00B490C4811
:108B40004FF4057204F082F84FF40571074804F001
:108B500074F823464246394630460095FFF7AAFE90
:108B600005B0BDE8F0830348FAE700BFB95E020034
:108B7000CF1F02002EF8FFFF2DE9F0478AB00D4607
:108B8000DDE9129716469846044620B9924E3046C3
:108B90000AB0BDE8F0870029F8D0002BF6D00021FC
:108BA000A822C0F8D01008F0C7F8012204F1640030
:108BB000114607F016FF894BC4F8B450E667AC6263
:108BC000C4F88430864BC4F88830864BC4F88C30A7
:108BD000854BC4F89030854BC4F89430844BC4F86E
:108BE0009830844BC4F89C30834BC4F8A030AB69F8
:108BF0003BB9002FCAD097E8070004F1A80383E827
:108C00000700AB69012B06D02B6ADBB96FF00506B4
:108C1000BDE74307F8D4D4F8B400002800F0D980A9
:108C2000036A002BF2D09B68002BEFD098474206D6
:108C3000EFD50021D4F8B40007F071FC06460028F7
:108C4000E9D0A4E71B69002BE0D028469847AB6920
:108C5000012B04BF0023286100F0010008BF6B61F5
:108C600084F8A400AB69DBB93B7A002B00F0838069
:108C700009F10C03C4F8C430B9F1000F86D0D9F85B
:108C80000820002A00F0A3809B68002B00F09F8042
:108C90005A4B04935A4B05935A4B06935A4B0793DE
:108CA000AB69012B07D1564B0493544B0593564B9C
:108CB0000693544B0793002104F1C803C4E93233EF
:108CC00006ABC4F8C080022200932846019104AB91
:108CD000FFF73CFC064600287FF459AFAB693BB96F
:108CE0002B6B1B68C4F8B8302B6B9B69C4F8BC3085
:108CF000AB69012B07D12B6B9B69C4F8B8302B6B88
:108D00001B68C4F8BC30D4F8BC0007F09DFA2B6B8C
:108D10001B68C3F82C802B6B9B69C3F82C80D5F89B
:108D200018A0BAF1000F07D1D4F8AC300993D4F8E9
:108D3000B8305B89534520D894F8A430C4E9004486
:108D400063B100230293314B204601933523304A0F
:108D50000394009304F1080107F0A2FBAB69002B18
:108D60007FF415AF0421284607F0D9FB07460028F9
:108D70003FF40DAF26E04B467CE74846D4F8AC10F4
:108D800007F0B1FC0746E0B1D8F800100890411A8E
:108D9000D8F808000022814228BF4FF0FF31D4F8F4
:108DA000AC30404607F0ECF8009701230022D4F8DD
:108DB000B80008A907F062F9074618B90AF1010AD4
:108DC000B5E7144F284607F0A3FB3E46DFE6114EF9
:108DD000DDE66FF01506DAE62DF8FFFFF98A0100EF
:108DE00097050200B306020005070200B5880100DE
:108DF0004F050200698801001D880100FC5E020029
:108E0000025F0200098A01003D050200BB05020065
:108E1000085F02002EF8FFFFF0B505460E46174624
:108E200087B0074A03AC07CA84E807000C9A3146AA
:108E3000009228463A460194FFF79EFE07B0F0BD27
:108E4000B815020008B5084A084B93420AD90849E8
:108E50000848182203F0FAFE1821054803F0EDFE39
:108E60001433F2E7FCD308BD481002006C0F020077
:108E70000B5F0200CF1F0200F7B504460D46EFF36B
:108E80001187202383F31288BFF36F8F1F4A0428B2
:108E9000966898BF1E4B127C94BF53F820301D4B30
:108EA0000092452102461C4804F0DCFB3DB1EB6911
:108EB000C3F308031BB14521184804F0D3FB36B1B6
:108EC000304607F00CFE034608B1027802B9144B95
:108ED00032464521134804F0C5FB29462046FDF7DC
:108EE0004BFA042C08D110491048872203F0AEFE3B
:108EF00087210D4803F0A1FE87F31188BFF36F8F20
:108F0000304603B0BDE8F040F1F7CABDC09700207D
:108F1000901D02002E5F02003C5F0200695F0200AC
:108F20009E3002008F5F0200AC5F0200CF1F020084
:108F300038B5094B53F82040013053F82050A54272
:108F400000D838BD636823B1204607F0CAFC083456
:108F5000F5E723689847FAE7A41D0200012270B5DF
:108F6000344B032086B01A70FFF7E2FFF1F704FAE2
:108F700007F0D3FC0420FFF7DBFF2F4C2F4DAC4252
:108F8000264624D92E4942222E4803F05FFE422174
:108F90002B4803F052FE54F80C3C059354F8103C57
:108FA000049354F8143C039354F8183C029354F877
:108FB0001C3C019354F8203C009354E90A2354E9E3
:108FC0000C0101F0BBFC54F8303C5E65D7E7AE42C3
:108FD00004F13004DFD302F077F8174C1A4EAC429C
:108FE0001BD917496622174803F030FE6621CFE7E8
:108FF000D4E90A23B3F1FF3F08BFB2F1FF3F05D028
:1090000052EA0301206803D102F036FA3034E6E771
:109010003146183002F0EAFCF8E7E9D302F0A2F892
:10902000EFF7C4FB094A137B23F00103137306B067
:1090300070BD00BF949B00207012020070120200ED
:1090400018600200CF1F0200430B0200589000205E
:1090500008B50348034A0021121A07F05AFC08BD5C
:1090600070870020989B0020882370B5134E012242
:1090700003FB0066002386B0CDE904230F22019391
:10908000CDE9023214234FF4A0720D4D0D4903FBBC
:109090000055044602FB00110B4B3046009501F0D1
:1090A0004DFC737B2C7423F004037373074B013462
:1090B00003EBC423EE606B6006B070BDD08F002060
:1090C000C0970020F0B70020C5950100F0AF002048
:1090D000BFB50020FFF72CFF2D4B03F5006282F394
:1090E000088883F30A880024E0232A4D2A4E85F855
:1090F0002230EC772C766C76AC7685F820406B6A63
:10910000264F43F4E0236B6285F82340F1F734FCEB
:10911000F1F7D8FD4FF0FF33AB62EB62F1F790FF50
:10912000F1F7F4FD40F201131D4D2846AB81C5E96E
:10913000194402F0EDFEB560FFF784FE0120FFF751
:10914000F7FE0220174DFFF7F3FE02F07BF8164BF7
:1091500075610593012315494FF40062CDE903437E
:1091600028463B46CDE90144009401F0E7FB064662
:109170006A7B284622F004026A7301F0BFFD204694
:10918000FFF772FF3A4631462846F1F77BFD00BFF4
:10919000F0AF002000ED00E0C09700205D8F0100DF
:1091A00088910020589000203960020030B90020DA
:1091B00038B50B4C0B4DAC420FD90B490B4819225B
:1091C00003F044FD1921084803F037FD2046D4E997
:1091D000011207F0A3FB1834EDE7F7D3002038BDE8
:1091E0005C8500207485002041600200CF1F0200D2
:1091F0002DE9F04F064689B09046DDE9122306A816
:1092000099461746059106F1140507F0D8FCDDE9EB
:109210000634CDE90234EFF31184202383F312885E
:10922000BFF36F8F284602F06BFB38B92F498822B5
:109230002F4803F00BFD88212C482AE0284602F035
:1092400083FBEFF30583D3B94FF0200B06F10C0A33
:10925000424630460599EFF723FB0346D8B128462E
:10926000029302F05BFB029B002836D11F4940F2BB
:1092700031121F4803F0EAFC40F23111DCE757EAF3
:109280000903E1D01B491A484B2203F0DFFC4B21B4
:10929000184803F0D2FC57EA0907E0D0DDE90223C1
:1092A00006A807F0B0FCDDE906232146CDE900233E
:1092B000174628465246994601F0CCFDEFF311843B
:1092C0008BF31288BFF36F8F284602F019FB00283A
:1092D000ACD0284602F038FBBAE784F31188BFF31C
:1092E0006F8F184609B0BDE8F08F00BF1D20020047
:1092F000CF1F020041600200F8B504460E4600F19F
:109300001405EFF31187202383F31288BFF36F8FC7
:10931000284602F0F5FA40B916498822164803F0AB
:1093200095FC8821134803F088FC284602F00CFBCA
:1093300020463146EFF77AFA04F10C0007F00FFCF3
:1093400028B139462846BDE8F84001F071BE2846EC
:1093500002F0E4FA40B9074940F23112064803F03E
:1093600075FC40F23111DDE787F31188BFF36F8F91
:10937000F8BD00BF1D200200CF1F0200002038B53D
:109380000A4C0B4DAC420FD90A490B48942203F00A
:109390005DFC9421074803F050FC204607F0C6FA14
:1093A000002802DB2034EDE7F7D338BDFC84002031
:1093B0005C85002063600200CF1F02002DE9F743A7
:1093C00005460E4691461C4600F10807EFF311884A
:1093D000202383F31288BFF36F8F384602F090FA90
:1093E00038B92B4988222B4803F030FC88212848C3
:1093F00022E0384602F0A8FA2B69FBB133601C6802
:10940000EB692C610133EB6114B96A6993421BD09B
:10941000EB68E41A09D4D5E905235A43A24204D9DA
:10942000B4FBF3F203FB124474B11B491948E9225F
:1094300003F00CFCE921184803F0FFFB59EA040291
:109440000FD16FF00B043360384602F067FAC8B9E9
:109450000F4940F231120F4803F0F8FB40F231118E
:10946000C5E7CDE900942A464146384601F0F2FCB2
:10947000044618B9094B9B685B693360204603B00A
:10948000BDE8F08388F31188BFF36F8FF6E700BF64
:109490001D200200CF1F020063600200C097002061
:1094A0002DE9F843C3680546CB1A0E461ED4D0E911
:1094B00005125143994219D9B3FBF2F102FB113362
:1094C000A3B900F10808EFF31189202484F312886E
:1094D000BFF36F8F404602F013FA90B935498822E6
:1094E000354803F0B3FB8821324808E0334932485D
:1094F00040F2111203F0AAFB40F211112F4803F0C1
:109500009CFB404602F020FA2F69002F39D1EFF37F
:10951000118384F31288BFF36F8F83F31188BFF335
:109520006F8F3BB92649B022234803F08FFBB0214F
:109530002348E4E72C68A54223D014B3A36833B9C9
:109540001F4999221C4803F081FB9921F0E7D4E9D7
:10955000003213605A60637BC4E9007723F0020392
:109560006373A76004F1180002F0EAFA2046E76787
:10957000666101F0C3FB49464046BDE8F84301F08F
:1095800057BD2B6940463360EB692E61013BEB61AF
:1095900002F0C4F940B9074940F23112064803F01D
:1095A00055FB40F231119FE789F31188BFF36F8FAC
:1095B000BDE8F8831D200200CF1F02006360020097
:1095C0008860020008B50C4B9B6893F90E30002BA5
:1095D00009DB2024EFF3118384F31288BFF36F8F2C
:1095E00004F0B1F9F6E7054905481B2203F02EFB0C
:1095F0001B21024803F021FBC0970020B36002004A
:10960000CF1F02002DE9F341044617461E46EFF333
:10961000058545B1514952486F2203F017FB6F2170
:109620004E4803F00AFBEFF31188202383F31288DE
:10963000BFF36F8F4B4802F063F938B94A4988226B
:10964000474803F003FB88214748EAE7454802F012
:109650007BF9E368454A9BB1A0689168884224D0B1
:1096600057EA060329D13F4802F058F9A0B188F320
:109670001188BFF36F8F6FF00F0002B0BDE8F0816B
:10968000916891F90E100133E360936835482161C8
:10969000A36002F043F950B9334940F23112304827
:1096A00003F0D4FA40F23111CEE72169EBE788F3F9
:1096B0001188BFF36F8F0020DFE791F90E1090F94A
:1096C0000E306FF07E029942A8BF19469142B8BF92
:1096D00011468B4202DD07F043F90546224641461A
:1096E000CDE900761F4801F0B5FB0028E3D0EFF389
:1096F0001186202383F31288BFF36F8F194802F07D
:10970000FFF800289AD0174802F01EF9A068C0B1EF
:10971000236821699C420AD04BB193F90E309942DB
:10972000A8BF19466FF07E039942B8BF194607F0EB
:1097300017F930B131460B4801F07AFC6FF00A009E
:109740009BE7002DF6D1074802F0E8F80028A3D0E7
:1097500086F31188BFF36F8FF0E700BFD46002007B
:10976000CF1F0200E09700201D200200C0970020BC
:10977000F8B50546EFF3058343B14949D722494877
:1097800003F064FAD721464803F057FA8368002BA8
:109790007FD0454A926893427ED1C36833B940492D
:1097A000EF22404803F052FAEF21ECE7012B03D0FF
:1097B000013BC3600020F8BDEFF31187202484F340
:1097C0001288BFF36F8F394802F09AF838B93849D8
:1097D0008822344803F03AFA88213548D4E73348E0
:1097E00002F0B2F82969A86807F0BAF8EFF311831C
:1097F00084F31288BFF36F8F83F31188BFF36F8FE9
:109800003BB92C49B022274803F020FAB02129485F
:10981000BAE72C68AC420FD100232448C5E90233D3
:1098200002F07CF880BB224940F231121D4803F05F
:109830000DFA40F23111D0E7002CEDD0A36833B916
:109840001C499922174803F001FA9921DFE7002605
:10985000D4E9003213605A60637BC4E9006623F0E8
:1098600002036373A66004F1180002F069F9AC60AA
:1098700094F90E3020462B61E66701F03FFA394635
:109880000A4801F0D5FB95E787F31188BFF36F8F86
:1098900090E76FF015008EE74FF0FF308BE700BFC9
:1098A000D4600200CF1F0200C0970020E097002084
:1098B0001D2002008860020008B5836843B90B4987
:1098C0000B48992203F0C2F99921084803F0B5F931
:1098D000D0E9003213605A600023427BC0E90033B4
:1098E00022F002024273836008BD00BF886002005C
:1098F000CF1F02002DE9F04704460D4691469A46D7
:109900009DF8206000F10807EFF31188202383F30E
:109910001288BFF36F8F384601F0F2FF38B946491D
:109920008822464803F092F98821434817E03846D8
:1099300002F00AF806B16568EFF31183202282F382
:109940001288BFF36F8F83F31188BFF36F8F43B912
:109950003B493A48B02203F079F9B021384803F086
:109960006CF9234653F80C6F9E4214D09EB13046DA
:10997000FFF7A2FF06F1180002F0E2F800233046DC
:10998000F367C6F8149001F0B9F93846414601F082
:109990004FFB00201AE0BAF1000F29D00821002067
:1099A00002F0BCFAA0B9384601F0B8FF40B922492C
:1099B00040F23112214803F049F940F23111B4E785
:1099C00088F31188BFF36F8F6FF00B00BDE8F0874D
:1099D0000122C0F804900260016801F003015DB942
:1099E00022680A430260626820606AB960600BE026
:1099F0004846C9F800A0EFE72A68032A10D801609A
:109A0000616839B9C4E90000042104F1140002F0CE
:109A1000ABF9BAE70A6802F0030202430A60E5E71D
:109A200022F003020A4302602A6802F0030240EABD
:109A300002032B60E8E700BF1D200200CF1F0200D9
:109A4000886002002DE9F743054690461F4600F165
:109A50000806EFF31189202383F31288BFF36F8F79
:109A6000304601F04DFF40B920498822204803F0DC
:109A7000EDF888211D4803F0E0F8304601F064FF5E
:109A80002C68D4B123686A6823F00303944220460B
:109A90004FF001012B6008BF6B6006F070FF0446B9
:109AA000304601F03BFFC0B9104940F23112104876
:109AB00003F0CCF840F23111DCE758EA0703EFD0AD
:109AC00049463046CDE9008705F10C0201F0C2F9A4
:109AD00038B9084B9B685C6903E089F31188BFF3D0
:109AE0006F8F204603B0BDE8F08300BF1D20020049
:109AF000CF1F0200C097002008B5836843B90B4907
:109B00000B48992203F0A2F89921084803F095F830
:109B1000D0E9003213605A600023427BC0E9003371
:109B200022F002024273836008BD00BF8860020019
:109B3000CF1F020070B50446EFF31186202585F390
:109B40001288BFF36F8F224801F0DAFE40B9214935
:109B50002148882203F07AF888211E4803F06DF826
:109B60001B4801F0F1FEEFF3118385F31288BFF378
:109B70006F8F83F31188BFF36F8F3BB91749164876
:109B8000B02203F063F8B0211448E7E72568AC423F
:109B900012D08DB12846FFF7AFFF05F1180001F094
:109BA000CFFF00232846EB6701F0A8F83146BDE857
:109BB0007040074801F03CBAD4E902329A4218BF1B
:109BC00001330221A36004F1100002F0CDF8EDE7AB
:109BD000E49700201D200200CF1F020088600200D1
:109BE000F7B5044616461D46EFF305835BB152EA0E
:109BF000050308D026492748882203F027F8882142
:109C0000234803F01AF8EFF31187202383F3128817
:109C1000BFF36F8F204801F073FE38B91F498822C7
:109C20001C4803F013F888211C48EAE71A4801F0A1
:109C30008BFEA368ABB1013B1748A36001F06EFE39
:109C400040B9164940F23112124802F0FFFF40F2CB
:109C50003111E9E787F31188BFF36F8F002003B05C
:109C6000F0BD56EA05030BD10B4801F057FE002862
:109C7000E7D087F31188BFF36F8F6FF00F00EEE727
:109C800022463946CDE90065034801F0E3F8E6E7EE
:109C9000F6600200CF1F0200E49700201D200200A2
:109CA0001FB5094A02AB92E803004FF4006283E853
:109CB0000300009305494FF0FF33054800F00EFB09
:109CC000002005B05DF804FBC415020030C100207F
:109CD000E09000202DE9F0430446714E714F85B0AD
:109CE000EFF31188202383F31288BFF36F8F304680
:109CF00001F006FE40B96C4988226C4802F0A6FFCC
:109D00008821694802F099FF304601F01DFED4F821
:109D10008850F5B9022104F1A00006F072FE002877
:109D20003BD004F1980500220121284601F0C8FC2F
:109D30000028F8D100234FF0FF3202934FF0FF3399
:109D40004146CDE90023304604F1900201F004FDC4
:109D5000C6E7D4F88C202B68954208BFC4F88C3035
:109D6000C4F88830D4F8A030304643F00203C4F879
:109D7000A030EB68D5F8049023F0040343F001030E
:109D8000EB6001F0CBFDD0B9474940F231124748B2
:109D900002F05CFF40F23111B3E7D4F8A030DD06E9
:109DA000C8D5C4F8A0003E4801F0B8FD0028EBD0AB
:109DB00088F31188BFF36F8F05B0BDE8F08388F397
:109DC0001188BFF36F8FB9F1000F09D138493748B7
:109DD00040F2AB2202F03AFF40F2AB21344891E767
:109DE0002846C847EFF31188202383F31288BFF376
:109DF0006F8F304601F084FD00283FF47CAF304681
:109E000001F0A2FDEB68D90623F0010231D4EA602B
:109E1000EB689A0716D5386823F00203EB6088B127
:109E20000021036870B14268954230D1036841BB9C
:109E30007A683B60824200D17B60002340F8083B97
:109E4000FFF778FED4F8A030304623F00203C4F8C0
:109E5000A030C3F3002501F061FD002894D088F301
:109E60001188BFF36F8F002D7FF43AAF01F0F2F944
:109E700036E723F01103EB6005F11000FFF75AFEFF
:109E8000C6E70B607B68834208BF7960D5E723B1E2
:109E90001A68014618461346C4E71A46F9E700BF98
:109EA000F0970020E89700201D200200CF1F02003D
:109EB0001F61020070B5C3680546C3F340069B07E7
:109EC0000C460DD50122002104F1080006F089FDA1
:109ED00000232360054B65605A681AB9C3E9004442
:109EE000304670BD14605C60FAE700BFE897002060
:109EF000F8B5C36804469A070F46C3F3400638D442
:109F00005B0724D40B680BB983680B60E368DD073B
:109F100020D5A36853B9284928484FF4AA7202F003
:109F200095FE4FF4AA71244802F087FE02263B609A
:109F30003D68002D3CD0224B9B68AB420CD0D5F83D
:109F4000A030D807C3F3800216D46FF012060023A6
:109F50003B6027E00126EBE706F0B8FDD5F8A0301E
:109F60000028EED1D907C3F3C002EED552B15B078A
:109F700008D46FF00F06EAE7002AFAD1C3F3C00352
:109F8000002BF6D100232360D5F88C3063B9C5E9E6
:109F90002244284606F050FDE36843F00403E360E2
:109FA0003B68A3603046F8BD1C60C5F88C40F0E704
:109FB0006FF01506CBE700BF1F610200CF1F020044
:109FC000C097002073B50446EFF31185202383F377
:109FD0001288BFF36F8F194801F092FC40B91849FD
:109FE0008822184802F032FE8821154802F025FE2A
:109FF000124801F0A9FC00230321201F0193A4F1C2
:10A00000100606F0FEFC28B1A369304601A90193B1
:10A01000FFF76EFF094801F081FC40B9084940F2A2
:10A020003112084802F012FE40F23111DDE785F3EB
:10A030001188BFF36F8F02B070BD00BFF097002092
:10A040001D200200CF1F020038B50D46044640B95E
:10A050000B4999220B4802F0F9FD9921084802F0BA
:10A06000ECFD31B906499A22064802F0EFFD9A212B
:10A07000F4E71022002106F05FFE656038BD00BFE6
:10A080001F610200CF1F0200F8B5C368064603F047
:10A090000503002B0C4614BF0127002728D0856834
:10A0A00055B91C491C484FF4DF7202F0CFFD4FF444
:10A0B000DF71184802F0C1FD0122002104F11000F7
:10A0C00006F08FFC20461549FFF7BEFFE36843F01A
:10A0D0001003E360F3685B0712D5336823606BB944
:10A0E000D5F88C3033B9C5E92244284606F0A4FCE3
:10A0F0003846F8BD1C60C5F88C40F6E73460F4E7DC
:10A10000D5F888302360D5F88C30C5F88840002B0E
:10A11000EBD1F0E71F610200CF1F0200190A020015
:10A1200037B50C46019051B922494FF4BD7222480F
:10A1300002F08CFD4FF4BD711E4802F07EFD4B68AD
:10A1400043B91C4940F27B121B4802F07FFD40F2EC
:10A150007B11F1E7EFF31185202383F31288BFF31E
:10A160006F8F164801F0CCFB38B915498822124888
:10A1700002F06CFD88211248DFE7104801F0E4FB93
:10A18000204601A9FFF7B4FE04460C4801F0C6FBC7
:10A1900040B90B4940F23112074802F057FD40F236
:10A1A0003111E8E785F31188BFF36F8F204603B0C4
:10A1B00030BD00BF1F610200CF1F0200F0970020DA
:10A1C0001D2002000146014806F070BCE09000200E
:10A1D00070B50C46054650B931494FF4E572314827
:10A1E00002F034FD4FF4E5712D4802F026FDC368FE
:10A1F000DB0508D52A4940F2CB122A4802F026FD99
:10A2000040F2CB11F0E706F061FC40B124494FF475
:10A21000E672244802F01AFD4FF4E671E4E744B90F
:10A220001F4940F2CD121F4802F010FD40F2CD113F
:10A23000DAE7EFF31186202383F31288BFF36F8FE1
:10A24000194801F05DFB38B918498822154802F019
:10A25000FDFC88211548C8E7134801F075FB284626
:10A260002146FFF711FF05460F4801F057FB40B9A3
:10A270000E4940F231120B4802F0E8FC40F2311175
:10A28000E8E786F31188BFF36F8F3DB14FF0FF32DF
:10A290004FF0FF3304F11000FFF7A2FC284670BD19
:10A2A0001F610200CF1F0200F09700201D20020056
:10A2B00008B550B9074908484FF4337202F0C6FC9C
:10A2C0004FF43371034802F0B8FCA822002106F0D5
:10A2D00033FD08BD1F610200CF1F0200F0B589B039
:10A2E00004460E9D50B92D4940F2DB222C4802F065
:10A2F000ADFC40F2DB21294802F09FFC41B927491F
:10A300004FF43772264802F0A1FC4FF43771F2E7A0
:10A31000D0F8A00010F0010008D0204940F2DD2262
:10A320001F4802F093FC40F2DD21E4E7C4E922007B
:10A3300004F19000C4E9240004F19800C4E9260067
:10A340004DB32879002840F2011008BF0120C4F85D
:10A35000A00000204FF0FF364FF0FF37CDE903306B
:10A36000CDE90100CDE9066720460E4B009400F0D0
:10A370003DFB55B1296811B1204606F0ADFB6B7964
:10A380001BB1237B43F001032373204609B0BDE8D2
:10A39000F04001F071B80120D9E700BF1F61020051
:10A3A000CF1F0200D59C01007FB50D46044650B971
:10A3B00034494FF44172344802F048FC4FF4417183
:10A3C000304802F03AFC06F081FB40B12D4940F2E2
:10A3D00005322D4802F03AFC40F20531F0E7EFF388
:10A3E0001186202383F31288BFF36F8F274801F073
:10A3F00087FA38B926498822234802F027FC8821A9
:10A400002348DEE7214801F09FFAD4F8A03013F08A
:10A41000060F1DD1B5B143F00C03C4F8A03020469F
:10A4200006F00AFB00234FF0FF3202934FF0FF3398
:10A430003146CDE90023154804F1980201F08CF96A
:10A4400004B070BDD4F888504DB143F00403E4E784
:10A4500043F00402C4F8A020002DE0D0DBE70B4855
:10A4600001F05CFA40B90A4940F23112064802F0A4
:10A47000EDFB40F23111C3E786F31188BFF36F8F14
:10A480002846DDE71F610200CF1F0200F097002081
:10A490001D20020038B50D46044650B90E4940F261
:10A4A0007A320E4802F0D2FB40F27A310A4802F0CA
:10A4B000C4FB41B9084940F27B32084802F0C6FBB0
:10A4C00040F27B31F2E73022002106F035FC4FF4F8
:10A4D00080736560E36038BD1F610200CF1F02001A
:10A4E000F7B50C4616461D46019050B92D4940F26D
:10A4F000F5322D4802F0AAFB40F2F531294802F06E
:10A500009CFB41B9274940F2F632274802F09EFBF6
:10A5100040F2F631F2E7EFF31187202383F312883C
:10A52000BFF36F8F214801F0EBF938B92049882239
:10A530001D4802F08BFB88211D48E0E71B4801F015
:10A5400003FAE36813F01E0F22D155EA060211D177
:10A55000204601A9FFF7CCFC0446144801F0DEF9BF
:10A56000C0B9134940F231120F4802F06FFB40F2BC
:10A570003111E1E743F00803E360019B04F11000AF
:10A58000A36232462B460B4901F030FA0124E4E77E
:10A590000024E2E787F31188BFF36F8F204603B0F2
:10A5A000F0BD00BF1F610200CF1F0200F097002026
:10A5B0001D200200C59F010001460148FFF790BF22
:10A5C000E0900020F7B50C4616461D46019050B9A4
:10A5D0002C494FF483622C4802F038FB4FF483611E
:10A5E000284802F02AFB41B9264940F21942264880
:10A5F00002F02CFB40F21941F2E7EFF31187202320
:10A6000083F31288BFF36F8F204801F079F938B9CE
:10A610001F4988221C4802F019FB88211C48E0E7EA
:10A620001A4801F091F9204606F0F7F955EA0603B9
:10A6300011D1204601A9FFF75BFC0446134801F045
:10A640006DF9B8B9124940F231120F4802F0FEFA22
:10A6500040F23111E2E7E36804F1100043F008032F
:10A66000E360019B3246A3620A492B4601F0BEF922
:10A670000124E3E787F31188BFF36F8F204603B00F
:10A68000F0BD00BF1F610200CF1F0200F097002045
:10A690001D200200C59F010001460148FFF792BF3F
:10A6A000E090002038B5044650B91D491D4840F2DD
:10A6B0003A4202F0CBFA40F23A41194802F0BDFAB0
:10A6C000EFF31185202383F31288BFF36F8F1648B1
:10A6D00001F016F938B915498822124802F0B6FA85
:10A6E00088211248EAE7104801F02EF9204606F0CA
:10A6F00094F9204606F0A7F904460B4801F00EF93C
:10A7000040B90A4940F23112064802F09FFA40F27D
:10A710003111E6E785F31188BFF36F8F204638BD0E
:10A720001F610200CF1F0200F09700201D200200D1
:10A73000F8B50D46044650B9384940F24B42384806
:10A7400002F084FA40F24B41344802F076FA41B903
:10A75000324940F24C42324802F078FA40F24C4121
:10A76000F2E706F0B3F940B12C4940F24D422C48D3
:10A7700002F06CFA40F24D41E6E7EFF31186202338
:10A7800083F31288BFF36F8F264801F0B9F838B908
:10A7900025498822224802F059FA88212248D4E724
:10A7A000204801F0D1F8E36803F01F03002B14BF29
:10A7B0000127002712D11B4801F0B0F840B91A490F
:10A7C00040F23112164802F041FA40F23111E5E749
:10A7D00086F31188BFF36F8F3846F8BD204606F028
:10A7E0001CF9204606F02FF920462946FFF762FBA8
:10A7F00004460C4801F092F80028E0D086F3118856
:10A80000BFF36F8F002CE7D04FF0FF324FF0FF33D4
:10A8100005F10800FFF7E4F9DEE700BF1F61020061
:10A82000CF1F0200F09700201D20020008B58368AA
:10A8300043B90B490B48992202F008FA99210848BC
:10A8400002F0FBF9D0E9003213605A600023427B2A
:10A85000C0E9003322F002024273836008BD00BFEA
:10A8600088600200CF1F02002DE9F8430646EFF38F
:10A870001188202787F31288BFF36F8F2B4801F0D0
:10A880003FF840B92A492B48882202F0DFF9882195
:10A89000274802F0D2F9254801F056F8EFF311836A
:10A8A00087F31288BFF36F8F83F31188BFF36F8F25
:10A8B0003BB921491F48B02202F0C8F9B0211E4817
:10A8C000E7E73468A64227D074B300252046FFF797
:10A8D000ADFF04F1180001F033F9A9462046C4F891
:10A8E0007C9000F00BFA0135EFF3118387F31288A7
:10A8F000BFF36F8F83F31188BFF36F8F002BD8D016
:10A900003468A64209D044B12046FFF78FFF04F116
:10A91000180001F015F9E1E700254146034800F071
:10A9200087FB2846BDE8F8832546F6E7F497002024
:10A930001D200200CF1F0200886002002DE9F043B5
:10A9400085B098460F9B04460F2B0E4637D12349FE
:10A95000884538D104F15801C4E91611109900272F
:10A9600021730421073222F0070506EB0509617304
:10A97000A37349462046C4E90677A760E773EFF75B
:10A980008DFD0E9B073020F00700E066C4E91965D5
:10A9900002930D9BA9EB000901930C9B4A4600937F
:10A9A000314643462046F0F74DF90D4B67659B68ED
:10A9B00003B11B6F4846236705B0BDE8F08303F180
:10A9C00010011E29C6D9074907484FF4017202F049
:10A9D0003DF94FF40171034802F02FF9C5950100CC
:10A9E000C097002040610200CF1F0200F0B587B081
:10A9F0000446DDE91276EFF3058555B1174918488D
:10AA000040F2912202F022F940F29121134802F023
:10AA100014F90595109D04950F9D03950E9D0295C3
:10AA20000D9D01950C9D0095FFF788FFB6F1FF3F46
:10AA300008BFB7F1FF3F05D056EA070305D120460E
:10AA400000F01AFD204607B0F0BD3A4633460549EE
:10AA500004F1180000F0CAFFF4E700BF40610200F3
:10AA6000CF1F0200430B02006FF00A01084A9368EF
:10AA7000D967084998674B6843F080534B600023BF
:10AA800083F31188BFF36F8F9368D86F704700BF4F
:10AA9000C097002000ED00E038B590F90D20014688
:10AAA000002A437B10DA03F07F034373184B98426C
:10AAB00008D118491848562202F0C8F856211548FE
:10AAC00002F0BBF806F00DF8144D2A4652F8184F64
:10AAD000AB68944200D004B9EC688B4210D03BB90B
:10AAE0000F490D48D62202F0B1F8D6210C48E7E70D
:10AAF0005A7BD20604D1DA897F2A01D9A2692AB108
:10AB0000A34202D0204600F081FE23466B6138BD8F
:10AB1000D08F002063610200CF1F0200C097002089
:10AB20008561020008B5836843B90949094899223B
:10AB300002F08CF89921064802F07FF805F0D1FF69
:10AB4000437B23F0020343730023836008BD00BFEF
:10AB500088600200CF1F020070B590F90D20437B82
:10AB6000002A50DBD9064ED18269002A4BD163F00E
:10AB70007F034373254B984208D1254925484F222E
:10AB800002F064F84F21224802F057F8224C224686
:10AB900052F8183F934226D1E169C0E900210860CC
:10ABA000E06111E09942F8D01B68002BF5D090F9D4
:10ABB0000E5093F90E60B542F4D0AE42F2DD596802
:10ABC000C0E9003108605860A569954200D005B918
:10ABD000E568A3684BB911490E48D62202F036F851
:10ABE000D6210E48D0E7E169DFE75A7BD20604D1CF
:10ABF000DA897F2A01D9AA6932B1AB4202D028464C
:10AC000000F004FE656170BD6361FCE7D08F002039
:10AC100063610200CF1F0200C0970020856102001F
:10AC200070B590F90D200146002A437B2E4C0FDAB7
:10AC300003F07F03A042437308D12C4956222C48CD
:10AC400002F004F85621294801F0F7FF05F049FF0A
:10AC50004B7BA14263F07F034B7306D123494F2204
:10AC6000234801F0F3FF4F21EDE7224C224652F832
:10AC7000183FE069934207D1C1E900200160E1611A
:10AC800011E09842F8D01B68002BF5D091F90E50D6
:10AC900093F90E60B542F4D0AE42F2DD5868C1E9D6
:10ACA000003001605960A569A368954200D005B9DC
:10ACB000E5688B4210D03BB90F490D48D62201F010
:10ACC000C5FFD6210C48BFE75A7BD20604D1DA89EA
:10ACD0007F2A01D9AA692AB1AB4202D0284600F0E6
:10ACE00095FD2B46636170BDD08F0020636102002B
:10ACF000CF1F0200C09700208561020038B50446CE
:10AD0000EFF31185202383F31288BFF36F8F12486E
:10AD100000F0F6FD40B911498822114801F096FF74
:10AD200088210E4801F089FF0B4800F00DFE2046F7
:10AD3000FFF712FF084800F0F1FD40B9074940F263
:10AD40003112074801F082FF40F23111E9E785F343
:10AD50001188BFF36F8F38BDF89700201D200200C7
:10AD6000CF1F020038B50446EFF31185202383F38B
:10AD70001288BFF36F8F134800F0C2FD40B912492B
:10AD80008822124801F062FF88210F4801F055FF28
:10AD90000C4800F0D9FDA36813B12046FFF7C2FEAE
:10ADA000084800F0BBFD40B9074940F2311207489E
:10ADB00001F04CFF40F23111E7E785F31188BFF352
:10ADC0006F8F38BDF89700201D200200CF1F0200B2
:10ADD00038B50446EFF31185202383F31288BFF3BF
:10ADE0006F8F194800F08CFD40B918498822184827
:10ADF00001F02CFF8821154801F01FFF124800F0D8
:10AE0000A3FD637B13F0280F0BD1A36813B1204679
:10AE1000FFF788FE637B204623F004036373FFF78C
:10AE20009BFE094800F07AFD40B9084940F2311212
:10AE3000074801F00BFF40F23111DCE785F3118880
:10AE4000BFF36F8F38BD00BFF89700201D200200B0
:10AE5000CF1F02002DE9F047DFF8B0A02C4F1646B7
:10AE6000DDE90898DAF808202A4BB84204460D4676
:10AE70001A600AD12849294840F26D2201F0E6FE05
:10AE800040F26D21244801F0D8FEEFF31183202316
:10AE900083F31288BFF36F8F384600F031FD38B965
:10AEA0001F4988221D4801F0D1FE88211C48EAE78D
:10AEB000384600F049FDDAF808703146384605F0AA
:10AEC00018FEB8F1FF3F08BFB9F1FF3F06D04A4670
:10AED0004346144907F1180000F088FD204600F0B1
:10AEE0001DFD40B90E4940F26B120C4801F0AEFE58
:10AEF00040F26B11DAE7064800F010FD0028F1D0AF
:10AF00002846BDE8F047FFF7AFBD00BFC09700205F
:10AF1000F8970020FC97002063610200CF1F020019
:10AF20001D200200430B0200F8B504460D46EFF366
:10AF30001187202383F31288BFF36F8F364800F008
:10AF4000DFFC064638B935498822354801F07EFED7
:10AF50008821324814E0304800F0F6FC637BDA06C2
:10AF600010D1A26972B903F07F0363732D4B9C4229
:10AF700018D12D492A48562201F068FE56212A4848
:10AF800001F05BFE0026A573234800F0C7FC0028F3
:10AF90003CD1224940F23112214801F057FE40F2E3
:10AFA0003111D6E769B2214D204605F09AFD2A46B7
:10AFB000637BA17363F07F03637352F8183F93427E
:10AFC00022D1E869C4E900200460EC610FE083420B
:10AFD000F8D01B68002BF5D093F90EC06145F6D070
:10AFE0008C45F4DD5968C4E900310C605C60AC69E3
:10AFF000944200D004B9EC68AB689C4202D0204671
:10B0000000F004FC6C61BFE7E869E3E787F31188AF
:10B01000BFF36F8F3046F8BDF89700201D20020067
:10B02000CF1F0200D08F002063610200C097002074
:10B0300038B503460C46D1B9EFF30585BDB9154ABD
:10B0400051699268914212D000F068FC50B91249DF
:10B0500040F26B12114801F0F9FD40F26B110E48FD
:10B0600001F0EBFD2846BDE83840FFF7FDBC18466F
:10B0700000F054FC40B9084940F23112074801F091
:10B08000E5FD40F23111EAE784F31188BFF36F8FD9
:10B0900038BD00BFC09700201D200200CF1F020056
:10B0A000034648B9EFF3058232B9064A51699268FE
:10B0B000914201D0FFF7D8BC83F31188BFF36F8FA3
:10B0C000704700BFC097002010B5EFF31184202314
:10B0D00083F31288BFF36F8F1D4800F011FC38B95D
:10B0E0001C4988221C4801F0B1FD882119480CE058
:10B0F000174800F029FCEFF3058343B117498F226D
:10B10000154801F0A3FD8F21144801F096FD144B62
:10B110009A68D37B012B06D1104990220E4801F08A
:10B1200095FD9021F0E7013BD373094800F0F6FB51
:10B1300040B9084940F23112074801F087FD40F25A
:10B140003111D3E784F31188BFF36F8F10BD00BFB7
:10B15000F89700201D200200CF1F02008860020027
:10B16000C097002070B5EFF31186202383F3128877
:10B17000BFF36F8F2E4800F0C3FB38B92D498822EA
:10B180002D4801F063FD88212A480FE02B4D284807
:10B1900000F0DAFBAB68DA7B52B9294940F2FE22B3
:10B1A000254801F053FD40F2FE21254801F045FD00
:10B1B000EFF3058141B1224940F2FF221E4801F020
:10B1C00045FD40F2FF21F0E70132DA732A4652F8DA
:10B1D000184F944200D004B9EC685A7BD20604D1CF
:10B1E000DA897F2A01D9A2692AB1A34202D0204676
:10B1F00000F00CFB23460E486B6100F08FFB40B95A
:10B200000C4940F231120C4801F020FD40F231119E
:10B21000BAE786F31188BFF36F8FEFF31180202315
:10B2200083F31288BFF36F8FBDE87040FFF738BF1C
:10B23000F89700201D200200CF1F0200C0970020B9
:10B2400063610200024B03F11802C3E90622704752
:10B25000C097002070B5EFF3058353B132493348EE
:10B2600040F2144201F0F2FC40F214412E4801F089
:10B27000E4FCEFF31186202383F31288BFF36F8F72
:10B280002B4800F03DFB38B92A498822274801F0B5
:10B29000DDFC88212748EAE7274C254800F054FBCD
:10B2A000A168E0690B68814214BF1A460022496810
:10B2B0000B605960A368E1692AB9204AC3E90021FB
:10B2C0000B60E3610CE093F90E0092F90E50A84276
:10B2D00020D085421EDD5168C3E900210B60536018
:10B2E000A569164B9D4200D005B9E568A3689D424B
:10B2F00002D0284600F08AFA0D48656100F00EFB86
:10B3000060B90C4940F26B12084801F09FFC40F212
:10B310006B11BFE78A42D0D01268CDE73046BDE856
:10B320007040FFF7A1BB00BF63610200CF1F0200A6
:10B33000F89700201D200200C0970020D897002019
:10B340002DE9F04105460E46EFF3058454B12E4930
:10B350002E4840F22F4201F079FC40F22F412A485A
:10B3600001F06BFC50EA010304D1FFF773FF2046A4
:10B37000BDE8F081831C71F1FF3315DB05F01BFC88
:10B380002C18EFF31188202383F31288BFF36F8FFB
:10B390001F4800F0B5FA58B91E4988221B4801F031
:10B3A00055FC88211B48DBE76FF00104241AE8E70D
:10B3B000194F174800F0C8FAB868184B1860FFF723
:10B3C0006BFBB8682A4633461830154900F00EFB6F
:10B3D000BA680F48537B43F00403537300F09EFA9E
:10B3E00040B90C4940F26B12084801F02FFC40F2C2
:10B3F0006B11D7E74046FFF737FB05F0DCFB201A5F
:10B4000020EAE070B4E700BF63610200CF1F0200D2
:10B41000F89700201D200200C0970020FC97002014
:10B42000430B020070B506460D46EFF3058454B198
:10B430000F49104840F25B4201F008FC40F25B41CA
:10B440000B4801F0FAFBFFF77BFFB5F1FF3F08BFA8
:10B45000B6F1FF3F1FBF47F6FF734FF47A72C0FB90
:10B460000234D80B0CBF4FF0FF3040EA444070BDAF
:10B4700063610200CF1F020038B50446183000F0A7
:10B480005FFBEFF31185202383F31288BFF36F8FE7
:10B490001A4800F035FA40B919498822194801F0D4
:10B4A000D5FB8821164801F0C8FB144800F04CFA7F
:10B4B000637B5A070CD4114800F030FAC0B9104928
:10B4C00040F231120F4801F0C1FB40F23111E9E7BF
:10B4D00023F0040320466373FFF73EFBEFF305837D
:10B4E000002BE8D12946BDE838400448FFF7A0BD4D
:10B4F00085F31188BFF36F8F38BD00BFF897002028
:10B500001D200200CF1F0200014B9868704700BF4A
:10B51000C09700202DE9F8430446EFF3118720235C
:10B5200083F31288BFF36F8F5D4800F0E9F940B9EB
:10B530005C4988225C4801F089FB8821594801F068
:10B540007CFB574800F000FA267B16F001061AD063
:10B55000534800F0E3F940B9524940F231125248E1
:10B5600001F074FB40F23111E8E787F31188BFF373
:10B570006F8F4E4940F235524B4801F067FB40F265
:10B5800035514A48DBE7637B1A070AD5444800F087
:10B59000C5F90028E0D087F31188BFF36F8FBDE8AD
:10B5A000F883D90943F008025AD16273A36813B132
:10B5B0002046FFF7B7FA04F1180000F0C1FAA56DB4
:10B5C00004F15808A84511D04FF0000975B128467C
:10B5D000FFF7A8FA05F1180000F0B2FA2846C5F8FE
:10B5E0007C90FFF7B9FAA56DA845EFD1304DAB6857
:10B5F0009C4204D1EFF30586003E18BF0126D5F822
:10B6000018802C4A904502D0B8F1000F01D1D5F82E
:10B610000C80434502D0404600F0F8F8C5F814808D
:10B6200056B140F20113244EB38100233046C6E9DF
:10B63000193300F06DFCAE60AB689C42A6D1EFF30D
:10B640000583002BA2D1164800F068F9D8B9154936
:10B6500040F26B12144801F0F9FA40F26B116DE7F9
:10B6600003F07F0343F008036373144B9C4206D13D
:10B670000E4956220C4801F0E9FA562181E720468E
:10B6800005F02FFA92E73846FFF7EEF9074940F246
:10B69000B512054801F0DAFA40F2B51171E700BFC2
:10B6A000F89700201D200200CF1F020063610200F6
:10B6B000C0970020D897002088910020D08F0020CC
:10B6C0002DE9F843064688461746EFF311892023F3
:10B6D00083F31288BFF36F8F1C4800F011F9054601
:10B6E00040B91B4988221B4801F0B0FA882118484C
:10B6F00001F0A3FA154800F027F93468A6421AD0E1
:10B70000DCB12046C4F87C806761FFF70BFA04F1D6
:10B71000180000F015FA2046FFF71EFA0B4800F05B
:10B72000FDF860B90A4940F231120A4801F08EFA78
:10B7300040F23111DBE70025F0E72546EEE789F31B
:10B740001188BFF36F8F2846BDE8F883F897002073
:10B750001D200200CF1F0200D3B5DDE90667089C5B
:10B76000CDE90067FFF776FB1CB1034B9B685B6973
:10B77000236002B0D0BD00BFC097002008B568B1FB
:10B780000E4B98420AD303F11802904206D21822B7
:10B79000C01AB0FBF2F302FB130343B10849094896
:10B7A000382201F053FA3821054801F046FA012207
:10B7B000054BC0105843054B1A5408BD1092002089
:10B7C000B1610200CF1F0200ABAAAAAA959B00207C
:10B7D000C3897F2B12D80A4B1B6863B1094B90F9C0
:10B7E0000E201B689A4209DB437BDB0606D1064B21
:10B7F000C31A18BF012303F0010070470023FAE7C2
:10B800000498002000980020D08F002070B50E4BC7
:10B810000E4C1E7C054606EB460304EBC304204693
:10B8200000F08EF900220A4B28469A55FFF7D0FF08
:10B8300048B1084B2046BDE870401A680649013AF5
:10B84000D31700F0D3B870BDC0970020109200202D
:10B85000959B0020049800207DB7010038B5EFF3D8
:10B860001185202383F31288BFF36F8F1E4800F0E9
:10B8700047F840B91D4988221D4801F0E7F98821A1
:10B880001A4801F0DAF9184800F05EF8194B1A4A24
:10B890009C681068A0420ED1FFF7B8FF124800F074
:10B8A0003DF8E0B9114940F23112114801F0CEF9EA
:10B8B00040F23111E4E700211B7C11600F4AD35C98
:10B8C000002BEBD02046FFF783FF0028E6D0637BF8
:10B8D000DB0602D12046FFF7A3F92046DCE785F31B
:10B8E0001188BFF36F8F38BDF89700201D2002002C
:10B8F000CF1F0200C0970020FC970020959B0020DE
:10B90000006838B1044B00F003001B7CC01A18BF5C
:10B910000120704701207047C09700200023026873
:10B920000360EFF30581074B19B19968497BC9079B
:10B9300006D4197C98680843831A584258417047C6
:10B9400001207047C0970020024B1A7C9B6813436C
:10B9500003607047C0970020074808B5074A0849A8
:10B96000121A04F0D8FFBDE808400648064A074905
:10B97000121A04F0D0BF00BF0080002070870020A2
:10B980005462020000800020008000205462020007
:10B99000024B1868984208BF00207047A884002016
:10B9A000034B1B680BB9FAF7CBBB0020704700BFF5
:10B9B0000898002030B570B10B4B5B6898420AD0F4
:10B9C000036843B1D3E90421D0E90445121941EBDE
:10B9D0000501C3E90421D0E9003213605A60002355
:10B9E000C0E9003330BD00BFA8840020B3F1FF3FA1
:10B9F00008BFB2F1FF3F2DE9F047044692461D46CD
:10BA0000164600F08D80D0F80080B8F1000F08D005
:10BA1000444945486E2201F019F96E21414801F070
:10BA20000CF98160EFF31187202383F31288BFF3B1
:10BA30006F8F3E48FFF764FF38B93D4988223A4886
:10BA400001F004F988213A48E9E73848FFF77CFF1C
:10BA5000BAF1FF3F75F1FF3321DA6FF00103354989
:10BA6000D1E900209B1A4FF0FF3262EB0000B3EBEC
:10BA70000A0660EB0500012E70F1000301DA0126D1
:10BA80004046C4E904602C4EFFF782FFD6F804C09C
:10BA900070B9C4E9006CCCF8004074601AE0FFF79C
:10BAA0007FFF013645F10005361845EBE070E8E709
:10BAB000D0E90425D4E90431934271EB050E22DA72
:10BAC000D21A436865EB0105C0E90425C4E9000307
:10BAD0001C604460FFF75CFF844207D1174B1C6871
:10BAE00024B905F04FF82146FAF704FB0F48FFF799
:10BAF00015FF88B90E4940F231120B4801F0A6F843
:10BB000040F231119FE79B1A61EB05016045C4E9E2
:10BB10000431BED00068BBE787F31188BFF36F8F95
:10BB2000BDE8F087D9610200CF1F02000C98002009
:10BB30001D20020028920020A884002008980020E0
:10BB400070B50446EFF31186202383F31288BFF308
:10BB50006F8F1B48FFF7D4FE40B91A4988221A4854
:10BB600001F074F88821174801F067F81448FFF7CE
:10BB7000EBFE2368D3B1FFF70BFF05462046FFF726
:10BB800019FFA54204D104F0FDFF0021FAF7B2FA33
:10BB900000240B48FFF7C2FE58B90A4940F231129F
:10BBA000094801F053F840F23111DCE76FF0150459
:10BBB000EFE786F31188BFF36F8F204670BD00BF9B
:10BBC0000C9800201D200200CF1F02002DE9F04735
:10BBD0000446EFF31188202383F31288BFF36F8F9D
:10BBE0003E48FFF78DFE40B93D4988223D4801F0AF
:10BBF0002DF888213A4801F020F8DFF8EC9037481A
:10BC0000FFF7A2FEC9F80040FFF7C2FE0026044677
:10BC10000027DFF8D8A0D9F80030DAE900C0D9173A
:10BC200054B1D4E90452AB4271EB020E1EDAED1AA4
:10BC300062EB0102C4E90452002413EB0C0340EB55
:10BC40000101CAE90031C9F8004004F09BFF214618
:10BC5000FAF750FA2148FFF761FEB0B188F3118876
:10BC6000BFF36F8FBDE8F047FFF7F8BD15EB0C038E
:10BC700040EBE570CAE90030C4E904672046FFF7ED
:10BC800099FE1648FFF74AFE40B9154940F23112B5
:10BC9000144800F0DBFF40F23111ABE788F3118864
:10BCA000BFF36F8F2046A3689847EFF311882023D6
:10BCB00083F31288BFF36F8F0848FFF721FE002837
:10BCC00092D00648FFF740FED9F800305B1BC9F858
:10BCD0000030FFF75DFE04469DE700BF0C98002092
:10BCE0001D200200CF1F020008980020289200208B
:10BCF00070B5EFF31186202383F31288BFF36F8FA3
:10BD00001548FFF7FDFD40B914498822144800F09A
:10BD10009DFF8821114800F090FF0F48FFF714FEA7
:10BD2000FFF73EFE0F4AD2E90045041945EBE075E6
:10BD30000948FFF7F3FD40B9084940F231120848BD
:10BD400000F084FF40F23111E4E786F31188BFF37D
:10BD50006F8F2046294670BD0C9800201D200200E0
:10BD6000CF1F02002892002070B504460D46EFF365
:10BD70001186202383F31288BFF36F8F1748FFF7D4
:10BD8000BFFD40B916498822164800F05FFF8821A0
:10BD9000134800F052FF1148FFF7D6FD2068844297
:10BDA00009D0D0E9003213605A6000232946C0E967
:10BDB000003304F049FF0948FFF7B0FD40B90849D6
:10BDC00040F23112074800F041FF40F23111DFE745
:10BDD00086F31188BFF36F8F70BD00BF10980020ED
:10BDE0001D200200CF1F020070B504460D46EFF380
:10BDF0001186202383F31288BFF36F8F1C48FFF74F
:10BE00007FFD40B91B4988221B4800F01FFF882195
:10BE1000184800F012FF1648FFF796FD0121206830
:10BE2000E5608442A1600CD11148FFF777FDC0B9ED
:10BE3000104940F23112104800F008FF40F2311171
:10BE4000E6E7D0E9003213605A600023C0E900330E
:10BE500004F0FAFE314604460548FFF7E9F82046AB
:10BE600070BD86F31188BFF36F8F0024F7E700BF22
:10BE7000109800201D200200CF1F0200F7B50432E9
:10BE800005460C4617D20026002741F00401CDE9F3
:10BE90000067FDF7ADF970B140F8045B64B1013C97
:10BEA000204209D005490648252200F0CFFE252171
:10BEB000024800F0C2FE002003B0F0BD1E62020086
:10BEC000CF1F020003280A4608B501D9830708D00E
:10BED0000C4943220C4800F0B9FE4321094800F008
:10BEE000ACFE431E034206D006494722064800F036
:10BEF000ADFE4721F2E70146BDE808400348FFF7E1
:10BF0000BDBF00BF1E620200CF1F02005C85002083
:10BF1000014B0367704700BF5C85002038B50446BD
:10BF20000D4604F0D3FD20B9064B9B681B6F0BB97F
:10BF300038BD054B2A4621461846BDE83840FFF774
:10BF40009DBF00BFC09700205C85002001680E4A9D
:10BF50000346914215D1C169A2F11022A2F1EF125C
:10BF600091420ED18268012A0BD8C26812B10169D0
:10BF70008A4206D0586928B19B691B1A5842584119
:10BF800070470120704700BF55AA00FF70B50D4BE8
:10BF90009E68A6B13046FFF7D9FF044678B9F3682A
:10BFA0006BB935690DB9204670BD2846FFF7CEFF45
:10BFB00028B9EB68B34202D12E462D69F2E701247D
:10BFC000F1E700BF14980020F8B5384D2B68EE68F3
:10BFD000D3B1AB68C3B1002860D000295ED001FBAB
:10BFE00000F4B4FBF0F0884258D1211D56D8A207C6
:10BFF0000CD024F003020432334603E05868904228
:10C000004ED29B69002BF9D11846F8BD2246F3E7C2
:10C01000801A232803F120061CD801229A60D3E954
:10C020000512A9B18A619A690AB159695161002260
:10C03000C3E905222B69DB0703D5FFF7A7FF00281B
:10C0400031D122460021304604F076FE0346DBE77C
:10C05000EA60E8E702F1200C03EB0C012038C1E9AB
:10C060000107CB601869124F086143F80C70A7F103
:10C070001027A7F1EF17CF6100B1C160586948617F
:10C080009F698F6140B18161886900B14161012080
:10C090001961C3E90120CAE7E960F5E70023B3E7C6
:10C0A0009F68002FB4D0012000F0B6F8149800204B
:10C0B00055AA00FF70B50546002840D03B4E3368B6
:10C0C000002B3CD0B268002A39D0834203D8726872
:10C0D0001344984202D3012000F09EF8A0F12004FE
:10C0E0002046FFF733FF0028F5D155F8183C012B07
:10C0F000F1D155F8143C45F8180C0BB39A68FAB90D
:10C1000055F81C2C02F120015A680A445A6055E97E
:10C1100005321A6155F8145C2B6903B1DD602022E9
:10C120000021204604F008FE286908B183684BB35B
:10C1300033699B0703D5FFF729FF0028CBD170BDDA
:10C1400055F8100C00282AD0836843BB4268636806
:10C1500013442033636003692361D4E905239AB94A
:10C16000CBB9436963618269A261B3B19C61A36980
:10C1700003B15C61236903B1DC602022002104F07B
:10C18000DBFDD5E72C46E1E79361A369002BE8D0FE
:10C1900062695A61E5E7F360F7E7F460E7E7F3689F
:10C1A00045F8083C03B15C61F460C1E714980020D5
:10C1B00038B50C46142200210546134804F0BCFD96
:10C1C00012491348FAF7E2F8232C1CD915F003039F
:10C1D0001FBF043CE418C3F10403ED1822460021FC
:10C1E000284604F0A9FD084B0A49C3E90054203C45
:10C1F0009D606C609A6811609A68A1F11021A1F1AC
:10C20000EF11D161DA6038BD14980020B5C001008B
:10C21000C9BF010055AA00FF08B5054B044613B17C
:10C220000021AFF3008000F011FB2046EEF7B6FFCF
:10C2300000000000F8B50E4B06461D68AB789B0762
:10C2400012D56F6816F8014B29462CB90A20B84759
:10C25000002805DB204609E02046B8470028F1DA2F
:10C26000AB7843F00403AB704FF0FF30F8BD00BF74
:10C270002C1802000CB430B589B005460C461C22BF
:10C28000002101A804F058FD022305958DF8063021
:10C290000D4B029323462CB1B4F1004F28BF4FF051
:10C2A0000043013B1D440DAA0C9901A8069500927C
:10C2B00000F072F814B1059B00221A7009B0BDE8B5
:10C2C000304002B0704700BF710E0200242AF0B562
:10C2D000044601D8012A40D12E4B162204F0D0FD8D
:10C2E0001A5001B10C600020F0BD2F463D4615F8F4
:10C2F000010B2028F9D0A0F109060346042EF4D939
:10C300002B282CD02D282CD10126BD1C7B78302B3E
:10C310002DD1287840F02000782824D132F0100068
:10C3200021D16B782C46102202350020392B82BF98
:10C3300003F1FF3343F02003263B303B9A421AD9E6
:10C34000A0FB02040CB9C01801D346F002062F4628
:10C350002C4617F8013B3D46E8E70746C6E70026AE
:10C36000D3E70026D3E7002A08BF0822DDE7002A2A
:10C3700008BF0A22D9E701B10C60F20748BF40426A
:10C38000B307B1D5034B222204F07AFD1A504FF0C7
:10C39000FF30A9E70C0000002DE9F04F43688DB095
:10C3A00015468046029383789A0740F10D81002458
:10C3B0000E78002E00F00A81252E0BD04B1C039323
:10C3C000013441463046029B98470028C0F2F6806F
:10C3D0000399EDE74E788B1C252E0393F0D00027B0
:10C3E000B946BB46BBF11F0F38D8A6F12003102B6E
:10C3F0000AD8DFE803F02A090930090909210909E7
:10C400000928092D09091F00A6F13003092B33D98A
:10C410002A2E37D11BF0400F55F8043B40F08280A4
:10C42000002BA7BF4BF0200B9946C3F100094BF03E
:10C43000280B01E04BF0010B039B13F8016B0393F6
:10C44000002ECFD130E04BF0020B4BF0040BF3E7A2
:10C450004BF0080BF0E74BF0100BEDE7BBF17F0F53
:10C4600019D8A6F13003092BD2D81BF0400F03D006
:10C470000A2101FB0737DFE70A214BF0200B01FB04
:10C480000939D9E72E2E06D11BF0400F40F09E80CF
:10C490004BF0400BD0E76C2E31D02BD8682E36D025
:10C4A0006A2E3CD04C2E3AD0002F46F02003B8BF65
:10C4B0002BF04002A3F16501BCBF00271FFA82FBED
:10C4C000022901D9612B2FD107350727DFF8ACA24C
:10C4D00025F0070508351BF0080F66D00AEB070B9F
:10C4E00056465E4563D1A4EB0A0AA9EB070906EBA1
:10C4F0000A026FE1742E9FD07A2E9DD0D4E71BF0F4
:10C50000800F18BF4BF4007B4BF0800B94E71BF4BB
:10C51000807F18BF4BF4007B4BF4807B8CE74BF49F
:10C52000207B89E71F4687E7A6F16301122900F205
:10C53000F080DFE811F013004F00EE00EE00EE0097
:10C54000EE004F00EE00EE00EE00EE00EE00FE000A
:10C55000E900EE00EE001B00EE00AF0055F8043BD2
:10C5600001270DF1180A8DF81830B4E755F804AB1F
:10C57000834BBAF1000F08BF9A461BF0400F50469C
:10C5800014BF39464FF0FF3104F010FC0746A2E714
:10C5900041462020029B984700280FDB013EB7420E
:10C5A000F6D34C44B146A41B98E74E46F7E7414604
:10C5B00016F8010B029B9847002892DA98F802308F
:10C5C00043F0040388F802304FF0FF3420460DB0EA
:10C5D000BDE8F08F1BF0800F34D01BF4007F2CD00F
:10C5E000073525F00705AA4669685AF8080B2BF0AD
:10C5F00010050029ADB237DA404245F4806561EBA1
:10C6000041010DF1180B0A235A4604F0DBFBA0EBA5
:10C610000B0301936B0662D5019B25F001019F423C
:10C6200089B240F3A180002E00F0998015F010022D
:10C6300040F09C80BB460D4623E0AA465AF8040B06
:10C64000C117D4E7AA461BF4807F5AF8041B01D116
:10C650000846F5E71BF4007F19BF48B241F3C0114B
:10C6600008B241F3C031C2E750EA0103C9D11BF05F
:10C67000400FC6D0002FC4D12BF01102BB4601974A
:10C6800095B240F2064115EA01021CBF0BF1010B05
:10C6900000222CE02BF010020A231FFA82FB1BF071
:10C6A000800C49D01BF4007115BF0735AA4625F050
:10C6B00007055AF8040B1EBFAA4669685AF8080B0A
:10C6C00050EA010545D12BF016051BF0400FADB225
:10C6D00042D0002F40D12BF01702019795B215F0F0
:10C6E000100248D0019B002E42D103F1010B290713
:10C6F0005AD4EB0706D5D9456FDDA9EB0B03019999
:10C70000CB465F185B4649E04BF0100B10237826B0
:10C71000C5E7782B04D1C6F1780343F01003BEE7D8
:10C7200041462520029B98470028FFF647AF023478
:10C7300047E608230026B2E7AA461BF480715AF8A0
:10C74000040BBDD01BF400711ABFC0B2614680B2A9
:10C75000B6E72BF0060295B20DF1180B54E725F061
:10C760001105BB46ADB28CE70D46B8E73B460D461A
:10C7700003F1020BBBE7DDF804B082E74962020077
:10C7800042620200CDE9043241462020029B9847D4
:10C790000028FFF613AF049B059A01339945F1DC9D
:10C7A000A4EB0B019B46CC180AB341463020029BF8
:10C7B00098470028FFF602AF8EB901342744391B91
:10C7C000019B994224DC1D4655BB019AA9EB0B093C
:10C7D000554622441446914433E0019F92E70234C7
:10C7E00041463046029B98470028E7DAE6E640F2E9
:10C7F00006410D42E2D015F0020F04F1010441465A
:10C8000014BF2B20202015F4806F18BF2D20E9E7DE
:10C8100041463020029B013498470028CFDACDE60C
:10C8200006AB013D4146585D029B98470028CBDA94
:10C83000C4E641462020029B013498470028FFF6B9
:10C84000BDAEA9EB0403002BF3DCC1E538B5074D01
:10C85000074C641BA41024B9064B0BB1AFF3008046
:10C8600038BD013C55F824309847F4E7000000003B
:10C8700000000000000000007047836800EBC10169
:10C88000B3F5004F2CBF51F8220031F81200704769
:10C8900000EBC1018068B0F5004F2CBF41F8223099
:10C8A00021F812307047012208B5FFF7E6FFD040AB
:10C8B00008BD836800EBC101B3F5004F08D34B6896
:10C8C0001AB143F001034B60704723F00103FAE70C
:10C8D0004B881AB143F001034B80704723F00103EA
:10C8E000FAE753000122FFF7D3BF8368B3F5004F87
:10C8F00034BF04230823C91A081AC0087047B0F5CA
:10C90000004F34BF042308230731C818C0087047FC
:10C910000A4608B50121FFF7F2FF0132121AB2FAF6
:10C9200082F0C0F11F0008BD2DE9F0411746032237
:10C930000E460446FFF7A1FF8642054607F10408AC
:10C940000AD10122E368BA4023EA0203E36000232C
:10C9500044F82830BDE8F081314602222046FFF736
:10C960008CFF06462B4601460322204644F82850F9
:10C97000FFF78EFF334629462046BDE8F0410222EC
:10C98000FFF786BF70B50D4686680446FFF78BFF3C
:10C99000B6F5004F014601D3012809D03046FFF714
:10C9A000B7FF294602462046BDE87040FFF7BCBFEE
:10C9B00070BD2DE9F047054680688846FFF7A8FF5F
:10C9C00005EB800ADAF810900646B9F1000F1BD08B
:10C9D0000327DAF8104028462146FFF764FF404558
:10C9E00007D3324621462846FFF79EFF2046BDE882
:10C9F000F087032221462846FFF73FFF013FCAF890
:10CA0000100001D08145E4D14FF0FF34EB680136CE
:10CA1000B4401C40EAD094FAA4F2B2FA82F2131D98
:10CA200055F82340DEE72DE9F04114460E46054651
:10CA3000FFF739FFA4EB0608371B0744424631468F
:10CA40002846FFF74EFF3A4621462846FFF749FFA2
:10CA50004346002221462846FFF71AFF2146284672
:10CA6000FFF721FF3B46211800222846BDE8F04190
:10CA7000FFF70EBF2DE9F041164604460F46FFF7BB
:10CA800012FF314605462046FFF70DFF05442A46B2
:10CA900039462046FFF725FF31462046FFF703FFC2
:10CAA0002B46311800222046BDE8F041FFF7F0BECA
:10CAB0002DE9F0410D4686680446FFF7F4FEB6F511
:10CAC000004F014601D3012832D03046FFF720FF46
:10CAD00004EB80010E6996B90122E368824013439A
:10CAE000E36002220D612B4629462046FFF7D0FE67
:10CAF000032229462046BDE8F041FFF7C9BE0222C5
:10CB000031462046FFF7B9FE074603462946204630
:10CB1000FFF7BEFE0322334629462046FFF7B8FE44
:10CB200039462B462046FFF7B3FE02223146E1E7A5
:10CB3000BDE8F081F8B50C460546FFF7B4FE2618AF
:10CB4000012231462846FFF798FEC3070CD4314630
:10CB50002846FFF717FF21462846FFF7A4FE214687
:10CB600022182846FFF786FF002221462846FFF7B5
:10CB700084FE271A012239462846FFF77EFE10EA76
:10CB8000020613D139462846FFF7FCFE21463246FD
:10CB90002846FFF772FE2246211A2846FFF76AFF51
:10CBA000214632462846FFF768FE241A21462846C9
:10CBB000BDE8F840FFF77CBF70B5066809B90020F2
:10CBC00070BDB068B0EBD10FF9D9FFF798FE014600
:10CBD00005463046FFF7EDFE04460028EFD001463B
:10CBE0003046FFF760FEA84209D925442146304669
:10CBF0002A46FFF718FF29463046FFF759FF30460F
:10CC000001222146FFF755FEB368B3F5004F34BF4C
:10CC10000423082303EBC4031844D1E70020704722
:10CC20000FB407B504A951F8040B0191EBF74EFFBF
:10CC300003B05DF804EB04B07047002383F3118860
:10CC4000BFF36F8F0423184602DF70470FB407B598
:10CC500004A951F8040B0191EBF738FF03B05DF81C
:10CC600004EB04B07047F0B56423054604260020A9
:10CC70000A2769B9F0BD9A42B2FBF3F40CD2012B3A
:10CC80000AD048B903FB14220A24B3FBF4F3D2B24E
:10CC9000013EF0D12E70EDE7303405F8014BB2FBC8
:10CCA000F3F403FB1422B3FBF7F301390130C9B2EB
:10CCB000C0B2D2B2DBB2DCE7A0F13003DBB2092BA9
:10CCC00002D800200B707047A0F16103052B02D839
:10CCD0005738C3B2F5E7A0F14103052B01D8373827
:10CCE000F7E76FF015007047F7B5054601F0010052
:10CCF00000EB51069E424FEA510703D90026304609
:10CD000003B0F0BD58B128780DF10701FFF7D4FF4B
:10CD10000028F3DB9DF80730013502F8013B0135AF
:10CD20001744BA42EBD015F8010C0DF10701FFF7DB
:10CD3000C3FF0028E2DB9DF807402401E4B2147031
:10CD400015F8020BFFF7B8FF0028D7DB9DF8073076
:10CD50001C4402F8014BE4E7838B13F0070305D171
:10CD60000368002B0CBF002003207047022B05D165
:10CD7000C08BB0FA80F0400980007047012B05D1CC
:10CD80000368002B0CBF002005207047002070476F
:10CD900010B50C4600B111B96FF0150010BD081D9B
:10CDA00000F02FF80028F9D1A368032BF6D9F3E798
:10CDB0002DE9F0410D4607461946281D90461E46AE
:10CDC000ECF754F9044638B1334642462946384612
:10CDD000A446BDE8F0416047BDE8F08138B50C4697
:10CDE000054658B151B10B6843B14B6833B12022AD
:10CDF000002103F0A1FF00202C6138BD6FF0150069
:10CE0000FBE7034640B1426802F00302022A06D063
:10CE1000032A04D0012A05D06FF0150070471A6864
:10CE2000002AF9D0002098607047704770B40668F7
:10CE300084890D0C16FA81F105FB0411806A84685F
:10CE40002468A44670BC60472DE9F0430646884636
:10CE500017461C46C36A89B01D686D4205F020055F
:10CE60001CB9204609B0BDE8F083AC42A14628BFFA
:10CE7000A9466A464B4641463046FFF7D7FF002891
:10CE8000F0D16B46484502D1241A8044E8E713F8F4
:10CE9000012BBA4201D10130F4E70120E2E70B682F
:10CEA00003F580330B60C0891A0CB0EB134F04BF3D
:10CEB000A3EB02430B60704738B5828903680D0C01
:10CEC000090C044602FB0131806A2D0400F00BFDC1
:10CED00050B9E26A29462046A3895279FFF7B4FF88
:10CEE000002818BF6FF0050038BD014610B50722B5
:10CEF0000446FF20EBF784FCE07110BD0368012BB2
:10CF000081BFC91801F1FF315B42194008467047E3
:10CF10002DE9F0410C4605460821C06AFFF7EEFFF7
:10CF2000072207462146FF206688B4F80480EBF705
:10CF300067FCE379834208D1A8894644C01BB0420C
:10CF400094BF00200120BDE8F0810020FBE738B548
:10CF500005460C46FFF7DCFFA0B1A08898B94FF654
:10CF6000FF7322889A420DD10821E86AFFF7C6FFB5
:10CF70006288AB899B1AB3FBF0F202FB1030B0FA67
:10CF800080F0400938BD0020FCE7F7B504460D46A7
:10CF9000C06A0821FFF7B2FF082307462968204628
:10CFA000FFF744FF0646002836D12B683B442B6030
:10CFB000A28999B2D21B91422ED11A0C09BFE289E3
:10CFC000A3F5803102F1FF3203EB02412046082332
:10CFD0006A462960FFF72AFFE8B9E36A5A796B4687
:10CFE00013F8011B8A420CD101300828F8D163687C
:10CFF00005E02B68BDF802201B0C1B0413442B60BA
:10D000000AE069462046FFF7A2FF0028F1D1294631
:10D010002046ECF755F80646304603B0F0BD2DE942
:10D02000F043074690461E4689B01BB9002009B060
:10D03000BDE8F0833C688389080C14FA81F100FB99
:10D040000314FB6A1D686D4235400CD0B86A8368D2
:10D050002146D3F804902B46C8470028E7D1761B19
:10D06000E4D02C44A84432464146684603F03DFED5
:10D07000FD6A0DEB06002A686979921B03F05CFEDD
:10D08000B86A2B688268214655686A46A847CEE789
:10D0900010B50A46082341680446FFF7C0FF08217F
:10D0A0000246E06AFFF72AFF63681B1A63601046B6
:10D0B00010BD4FF6FF7313B500220446ADF80030E3
:10D0C0008DF8063083686846ADF80420ADF802306C
:10D0D000FFF70BFF69462046FFF7DAFF02B010BDED
:10D0E0002DE9F04F082195B00446C06AFFF706FF0E
:10D0F0000546636820461B0C1B0403A90393FFF736
:10D10000CEFEDDF80CB0A68906AA5E44761B082385
:10D11000314620460496FFF789FE021EC0F2A98020
:10D12000E36A06AA5979002312F8010B814240F004
:10D130008F800133082BF7D1A36862682B449A4291
:10D140007ED259462046FFF7B7FE024691E0BDF871
:10D150001A30360C36041E44049608AA204604A948
:10D16000DDF810A0FFF711FF0246002840F0818093
:10D17000204608A9FFF7CCFE18B9019B9A45ECD1CF
:10D18000DAE7636805930AAA204605A9059EFFF71A
:10D19000FCFE024600286CD1BDF82820BDF82030E6
:10D1A0009A4227D06268059B9A42ECD15645E4D159
:10D1B000BDF82430002BE0D0BDF822704FEA1A43AE
:10D1C0001B041F44A36808A8ADF82230FFF78DFEAA
:10D1D000E36ABDF824901E68764206F02006B9F195
:10D1E000000F0ED1204608A9FFF752FF0246002883
:10D1F000C3D03EE020460AA9FFF78AFE0028D1D01E
:10D20000D4E74E45B04628BFC8460CAA4346394627
:10D210002046FFF70BFE024658BB4346A1680CAA06
:10D220002046FFF7FCFE41460246E06AFFF766FE35
:10D23000A3680344A360E2B9A9EB08094744CEE719
:10D240002046FFF736FF024600283FF47AAF10E091
:10D25000731B204606A90193FFF779FE00287FF48F
:10D2600076AF204604A9EBF72BFF024600283FF4D7
:10D2700074AF104615B0BDE8F08F00231A46ECF7E6
:10D2800017B913B500240094ECF7E6F902B010BD0D
:10D290000369D3F8800370476FF085007047084634
:10D2A00008B5114618B103F0AEF8002008BD6FF0C4
:10D2B0000100FBE7084608B5114618B103F09AF8DB
:10D2C000002008BD6FF00100FBE713B504460846D7
:10D2D000216901F55F71D1E8AF1F022909D15BB166
:10D2E00068B100931346D0E90912FBF7DBF902B0ED
:10D2F00010BD6FF00F00FAE76FF04C00F7E76FF02A
:10D300000100F4E72DE9F8431C46DDE90853164611
:10D3100098460F46006939B34AB344B36A1C43F1D7
:10D320000003022A73F1000324D2226842B1D0F82C
:10D3300080339A4204D96FF00B002360BDE8F88374
:10D3400005EA080909F101035A425A4121463846C3
:10D3500003F062F888B9B8F1FF3F08BFB5F1FF3FAD
:10D36000F0D06FF06800E9E76FF00100E6E76FF0DA
:10D370001500E3E76FF08500E0E730600020DDE7AF
:10D3800003F0AFB838B50D46044600F14801284611
:10D39000EAF7E2FE30B1284604F1C001EAF7DCFE0C
:10D3A00020B90120782303FB004038BD0020FCE7B2
:10D3B00002F5307102F5347003F078BBD0F8B83064
:10D3C000A0F53070003B18BF012300EB8300D0F8BC
:10D3D000AC0202F0B0BFC86828B1096983681B6855
:10D3E0000BB1002218477047FCF7C2B9D0E8EF3FF5
:10D3F000C0E8E21F002AF9D1704710B543680469FC
:10D400001B68C4F8783304F5EC7003F0B1FA00211E
:10D4100004F55F70FFF7EAFF084610BD2DE9F743FA
:10D4200017460D4691B30B7883B3D0F8C440A4F5EA
:10D43000E27914344FF0FF324FF0FF332046FCF70F
:10D44000E1F82A46484601A9ECF74AFA019E8046CF
:10D450002EB9204603B0BDE8F043FFF7C5BF58B171
:10D460002046FFF7C1FF3B462A463146484603B0F7
:10D47000BDE8F043ECF712BA1F22294606F1480036
:10D4800003F084FC86F86780B766E2E703B0BDE886
:10D49000F083030103EB4003093323F0030303EBA1
:10D4A000C00348430330083320F003001844400011
:10D4B00070472DE9F84306464FF001090569D0F899
:10D4C000048005F55F77D7E8EF3F022B03D1C7E86B
:10D4D000E29F002AF7D141D195F86C30002B40D162
:10D4E00095F8E430002B3CD12846D5F8781300F0AD
:10D4F00054F8044680BB73683669D3E90501836834
:10D500001B693BB322469847044628BB06F5347690
:10D5100049463046FCF748FF304605F5F876EDF70A
:10D52000BFFA3046D8F8001000F072F8044698B9F7
:10D530000146D022304603F0FFFB21464FF4F6723D
:10D54000284603F0F9FB21463846FFF74FFF2046F7
:10D55000BDE8F8836FF057040221F5E76FF0770418
:10D56000F5E76FF00F04F2E710B50846029B11468D
:10D5700052B993F86C202AB90122184683F86C201E
:10D58000ECF79AFA002010BD1A6F5468002CF9D0FD
:10D590005A6FA047F6E702F0A4BF38B50D4604461F
:10D5A00060B1F03003F05CF90DB1002038BDC4F873
:10D5B000C451C4F8C851C4F8CC51F6E76FF0150057
:10D5C000F4E70268D2F8C83013B1D2F8C410184793
:10D5D0007047704783690BB9C36B1970704701209E
:10D5E00070478369012B03D1C36B1878C0B27047B1
:10D5F0000420704738B5C41DE400204603F071FBD9
:10D60000054618B12246002103F096FB284638BD96
:10D6100038B504463822002103F08EFB1822002181
:10D6200004F1A40003F088FB1822002104F18C000F
:10D6300003F082FBD4F8C000FAF7E6FFD4F8BC0090
:10D64000FAF7E2FFD4F8803004F154050BB1284614
:10D65000984738220021284603F06EFBFAF738FF7E
:10D66000002038BD0FB407B504A951F8040B01918F
:10D67000EBF72CFA03B05DF804EB04B07047704789
:10D6800070B54C680368A34201D2012070BD8A685E
:10D690002244934201D30020F8E74E69D1E90325E3
:10D6A000B54203D36FF00B038B61F4E71B1B42F809
:10D6B00035304368086902EBC00253600B690133DF
:10D6C0000B61E2E737B50C46C0B201A91546ECF78D
:10D6D000B9FB00280CDB019850B121462A46ECF733
:10D6E000D7FB04460198FFF7CAFF204603B030BDC0
:10D6F0006FF01504F9E70020ECF728BC0022114672
:10D70000ECF7EEBB034610B508460AB100211160E4
:10D7100053B1D0B1411E11F8010F80B113F8014B84
:10D72000A04201D13D28F6D100200EE00133136064
:10D730000AE03D2808D0B0FA80F0400905E01878EA
:10D740002F28F6D1002AF1D1012010BD10B509B162
:10D7500000230B6058B103461A781C4601332AB1E6
:10D760003D2A03D02F2AF7D101B10B60201A10BD3A
:10D770000830704710B5134614460A468188006881
:10D78000FFF77FFDA042A8BF204610BD2DE9F04F56
:10D7900097B004469A468946019200297CD0DAB1B6
:10D7A000BAFA8AF67609258F04F1080B0135ADB275
:10D7B000A8466F1EBFB2B7F5004F26D04A233946A0
:10D7C000584603AAFFF75DFD002807DA10F1020FA3
:10D7D00008BFB8463D46ECE70126E4E700F15803F0
:10D7E0000DEB0300002303A900F84C3C4846EAF780
:10D7F000B3FC0028EED126B339465846FFF73DFD6D
:10D80000002805DA17B0BDE8F08FBEB30020F9E7B5
:10D8100005F57F513F31584689B2FFF72EFD0028AC
:10D82000F0DB238FBB42F1D12246013B22F8383F87
:10D830004FF4004102235846EBF73AFE00EAE0704D
:10D84000E0E7B846B8F5404F29D0238F04F108052A
:10D85000434515D308F5804153462846019A89B2BD
:10D86000EBF726FE0028CDDB002ECFD04846EAF7A6
:10D8700085FC4A46034641462846DDE70126E1E7A6
:10D88000224602234FF40041284622F8388FEBF756
:10D890000FFE0028DEDAB5E76FF01500B2E76FF093
:10D8A0000B00AFE773B5C36B04460363C3B100F16C
:10D8B00008063046EBF762FC054670B902234FF4C8
:10D8C000004130460DF10602FFF7DBFC0028B4BF33
:10D8D0004FF40043BDF806302387284602B070BDE0
:10D8E0006FF01205F9E72DE9F04187680446FB68FF
:10D8F0000D4616469847BB682BB13246294620464E
:10D90000BDE8F04118476FF05700BDE8F0810146CF
:10D910000068ECF787BD08B5ECF7BCFDBDE8084032
:10D92000ECF7DCBD7047704700210120ECF77ABDB1
:10D93000436E83F30B88704761B662B680F311883B
:10D94000BFF36F8F704708B572B6002383F3118859
:10D95000BFF36F8FEDF76CFF50B1BFF34F8F30BF48
:10D9600000BF00BF00BF00BF00BF00BF00BF00BFBF
:10D9700062B6BFF36F8F08BD10B5044672B60023C0
:10D9800083F31188BFF36F8FEDF752FF50B1BFF3F0
:10D990004F8F20BF00BF00BF00BF00BF00BF00BF50
:10D9A00000BF00BF84F31188BFF36F8F62B610BD54
:10D9B00040E800F313F4803FD8B208BF6FF01500C1
:10D9C000704730B50C684B6885B00A894D89009462
:10D9D000013B24F01F04234402F01F0242EA4512D7
:10D9E00023F01F0369468DF808200393EDF7C4F96F
:10D9F00005B030BD08B5EDF7D9FB002008BD704774
:10DA0000C16A8968EDF75EBC03680B6043684B60D0
:10DA100083688B60704710B50C460121EDF76CFEF2
:10DA2000047010BD10B5036802211C88EDF780FE5C
:10DA3000204610BD02688068101A70478388C2882B
:10DA40008168D21A03685B1AD01A704738B50D4640
:10DA500014461146EDF7A0FE22462946BDE838409F
:10DA600003F043B910B50C460121EDF795FE0470A3
:10DA700010BD10B54FF04023012402222146C3F807
:10DA8000D0262120C3F80447C3F80449C3F8004B4B
:10DA9000EDF78EFF21462020EDF78AFF21460B206F
:10DAA000EDF786FF21460A20EDF782FF002010BD2A
:10DAB00007B501AB02F0D7F802280AD003280BD033
:10DAC00068B90198003818BF0120404203B05DF8E2
:10DAD00004FB6FF01500F9E76FF08500F6E74FF0F3
:10DAE000FF30F3E730B50546B1F8032087B04B7936
:10DAF000ADF808200C460D2200210DF10B008DF829
:10DB00000A3003F019F902AA11462846F0F722FC60
:10DB100010B1002007B030BD029B0322ADF80430E5
:10DB200020461B0C01A98DF8063003F00DF9B0FA60
:10DB300080F04009EEE770B50D4600210446FFF77E
:10DB400005FE0D2818D1237B302B13D0312B13D198
:10DB5000012305F8063B04F10C062A462046012362
:10DB600002210234FFF7C0F8B44205F1FF35F4D1C9
:10DB7000002070BD0023ECE76FF01500F9E70020EE
:10DB8000704710B50C46017822788AB08A420FD0CF
:10DB90006946EEF749F9204605A9EEF745F9102246
:10DBA0000DF115010DF1010003F0CEF80AB010BD22
:10DBB000012A06D0022A07D072B940886388C01AA9
:10DBC000F4E740686368FAE71022611C01300AB08C
:10DBD000BDE8104003F0B8B86FF01500E6E7042A7E
:10DBE0000AD0102A0DD0022A4FF0000315D103707D
:10DBF0000B88438001207047012303700B6843604A
:10DC0000F8E7022300F8013B01F1100351F8042B5F
:10DC1000994240F8042BF9D1ECE7184670470123EC
:10DC200010B50621044600F8013BF0F785FB18B952
:10DC3000A37963F03F03A37110BD0B6803608B8869
:10DC400083808B798371037823F00203037070471C
:10DC50000078C0F34000704708B5EFF701F8BDE861
:10DC600008400820EEF71CB938B50446807AEDF775
:10DC7000DFFA6169054649B1637ADB0704D4C36AF8
:10DC800020461B689B68984700236361214628460D
:10DC9000BDE8384002F097BE08B5FFF7E5FFBDE8E4
:10DCA00008400220EEF7FCB8438A23B9C068B0FAF6
:10DCB00080F04009704700207047D0F8A03083B151
:10DCC0005A7BD1070DD5D2060DD51B7B102B14BF67
:10DCD000032304234372807A98428CBF00200120E2
:10DCE00070470223F6E70323F4E70F2807D80D282F
:10DCF0000BD8052808BF032018BF0220704713283F
:10DD000003D01A2808BF0120F6E701207047034618
:10DD100010B5D3E8EF0F40EA0102C3E8E42F002C6E
:10DD2000F7D110BDD0E8EF3F0B40C0E8E23F002A3A
:10DD3000F8D17047C0F30723537000231070000E12
:10DD4000D070C1F30720090E937013715071937155
:10DD5000D1717047012070478176704710B50388F4
:10DD60004288934219D8052B17D9B2F5486F14D8B9
:10DD70008388B3F5FA7F10D240F67644C088A0F1CC
:10DD80000A0189B2A14208D801339BB25343B3EBD5
:10DD9000800F34BF0120002010BD0020FCE70020D0
:10DDA000704708B5F6F7D6F818B1C089003818BF23
:10DDB000012008BD70B506460D4640F2064003211D
:10DDC000EEF712FD044668B103210C30EDF7E4FCD8
:10DDD000068085702146BDE87040002240F2064072
:10DDE000EFF7C2B86FF0680070BDC368187808B16B
:10DDF000EEF708BB1846EFF73DBA38B502210546E5
:10DE000042F21600EEF7F0FC044668B102210C3035
:10DE1000EDF7C2FC2B88214603800022BDE8384084
:10DE200042F21600EFF7A0B86FF0680038BDF8B501
:10DE300007460E4642F2220006211546EEF7D4FCB4
:10DE4000044678B106210C30EDF7A6FC3B884680ED
:10DE5000038085802146BDE8F840002242F222007E
:10DE6000EFF782B86FF06800F8BD2DE9F047814602
:10DE7000884642F23200072117461E469DF820A030
:10DE8000EEF7B2FC0546A0B107210C30EDF784FC9B
:10DE9000B9F8003080F802800380C7700671A0F8DE
:10DEA00005A02946BDE8F047002242F23200EFF714
:10DEB0005BB86FF06800BDE8F08708B5002000216E
:10DEC000EEF7EEFF18B1BDE80840EEF75BBEBDE827
:10DED0000840F1F717BA072208B502F035FFB0FA8B
:10DEE00080F0400908BD0B6803608B8883808B79C4
:10DEF00083717047D0E8AF0F7047F8B50F461446EE
:10DF000030BB272142F22700EEF76EFC054610B326
:10DF100027210C30EDF740FC224606463946FFF734
:10DF2000E2FFC31D04F1100152F8040B8A4243F8CA
:10DF3000040BF9D11022002106F1170002F0FCFEBB
:10DF40002946BDE8F840002242F22700EFF70CB85E
:10DF50006FF01500F8BD6FF06800FBE7037A02462A
:10DF60005B0705D501462A3211F8010BFFF7C5BF43
:10DF7000704738B50121054642F22D00EEF734FC1A
:10DF8000044658B129460C30FFF76CFD2146BDE828
:10DF90003840002242F22D00EEF7E6BF6FF0680035
:10DFA00038BD10B400F11003D3E8EF2F22F4004184
:10DFB000C3E8E41F002CF7D1130403D5012110BCE2
:10DFC00000F032B910BC704700F1100208B50346EA
:10DFD0001046FFF78FFF01060DD5D2E8EF0F40F492
:10DFE0000040C2E8E10F0029F7D11846BDE808401B
:10DFF000002100F019B908BD10B50C4630B919B1AF
:10E00000F5F75AFF00B1441C204610BD0024FBE781
:10E0100018B111B10846EFF7D3BA6FF01500704789
:10E0200013B5044680B106216846F0F785F948B972
:10E030009DF80530694603F03F0320468DF8053012
:10E04000FFF7E6FF02B010BD6FF01500FAE70038E9
:10E0500018BF01207047037AD90704D523F00103C4
:10E060000372EFF767BB990704D523F0020303722D
:10E07000EFF710BC704700207047034610F4004FC4
:10E080000CBF07200620DA0348BF00F005009B0301
:10E0900048BF00F0FB007047D0E8AF0F7047034661
:10E0A00010B5D3E8EF0F00EA0102C3E8E42F002C1B
:10E0B000F7D110BD012310B403FA01F1044642B1B7
:10E0C000D4E8EF3F0B43C4E8E23F002AF8D110BC8C
:10E0D0007047C94310BCFFF7E2BF2DE9F04F87B08E
:10E0E0009DF8486005460C4690460021102202A883
:10E0F0001F46DDF840909DF844A002F01DFECEB909
:10E10000CDE90248012242F2080002A9EFF7D2FD50
:10E11000044658B9BAF1000F3AD11035D5E8EF3FAF
:10E1200043F00403C5E8E23F002AF7D1204607B0D8
:10E13000BDE8F08FEEF722FD8346E4B937BB5846C1
:10E14000EAF71CF80923012ECDE901B48DF800305F
:10E150008DF80100CDF80C80D4D10222CDF810D07A
:10E160000596D0E714F83320083A012A24D9013360
:10E170009845F7D1E2E70023FAE717F83320083A89
:10E18000012A19D901339945F7D1D8E70023FAE7D5
:10E190000122022E08BF059242F2090008BF324652
:10E1A00002A908BFCDF810D0CDE90279EFF782FDC2
:10E1B0000028B2D00446B9E76FF01504B6E743680B
:10E1C00013F008000AD05A0307D403F4C063B3F570
:10E1D000806F14BF0220012070470120704770B586
:10E1E00006460D4642F20A00012186B0EEF7FCFA1F
:10E1F0000446B0B10C3095B10121FFF733FC204645
:10E2000006F1100203A907230095EEF7DBFA0022BE
:10E21000214642F20A00EEF7A7FE06B070BD29467D
:10E22000EBE76FF06800F8E7FFF7D9BF1830FCF7AD
:10E2300039BA0368D90444BF43F4806303600368B8
:10E240009A0444BF43F40063036070470368D90431
:10E2500044BF43F48063036003689A0444BF43F4FB
:10E2600000630360704700230B60436813B9C0E983
:10E2700000117047196041607047D0F8B000003855
:10E2800018BF01207047D0E8AF0F7047034610B5A4
:10E29000D3E8EF0F40EA0102C3E8E42F002CF7D1E6
:10E2A00010BD73B504460D46CDE9003222B96B4668
:10E2B000D0F8A86001AAB0472846EDF761F9019BA4
:10E2C00023B16FF06D0220460099984702B070BDEF
:10E2D0002438F0F711BC002203680BB918467047C8
:10E2E0008B4210D10B6842B942680360914200D161
:10E2F0004360002301200B6070471360436899421C
:10E3000008BF4260F5E71A461B68E6E710B5044609
:10E31000006918B1EDF734F90023236110BD2DE930
:10E32000F84307460E46904600244FF0D009B44209
:10E3300003D100231846BDE8F88309FB0470F0F709
:10E3400023FD034658B1457B012D02D0073D012D29
:10E3500003D81A884245EDD01846F0F7F3FD013492
:10E36000E5E710B50446D0F8A00028B9207A04F1FA
:10E370007001F5F7EFFD38B1E278C3892AB913F0DF
:10E38000210F14BF0120002010BD13F0240FF8E767
:10E3900038B5437B0446072B22D10B0601F07F05DD
:10E3A0000BD54FF400410430FFF770FF2046A572F3
:10E3B000F5F754F888B9002038BD437AAB42FAD259
:10E3C000837AAB42F7D2031DD3E8EF1F21F400415B
:10E3D000C3E8E21F002AE9D0F6E7637AA372EBE70D
:10E3E0006FF07F00E8E7407A704738B5037A04465B
:10E3F0008B42154615D100F170010722284602F024
:10E40000A3FC80B1E378072243B904F17E012846DA
:10E4100002F09AFCB0FA80F0400938BD04F17701AF
:10E42000F5E70020F9E70120F7E770307047F8B50D
:10E4300007460D4642F213000E21EEF7D5F90646C7
:10E44000D0B10E210C30EDF7A7F904460E220021C1
:10E4500002F072FC3B88314623802B8800226380C7
:10E460006B8842F21300A380AB88E380EB882381A2
:10E47000BDE8F840EEF778BD6FF06800F8BD704772
:10E480007047012210B400F15003D3E8EF1FC3E836
:10E49000E42F002CF9D141B9034653F84C2BC16449
:10E4A000D2F8B41029B9C2E92C33006810BCF0F7D7
:10E4B00093BC0B60C2F8B430F7E770B50446D0E9FE
:10E4C00000352BB30021D3F8B0204C306AB1904214
:10E4D00030D1E26C31BBD3F8B410C3F8B02088421D
:10E4E00001D1C3F8B4200023E364002204F15003F7
:10E4F000D3E8EF1FC3E8E02F0028F9D104F130067C
:10E50000236BD3B96B680BB1204698470023236077
:10E51000E3680BB1204698472B6AB3B12046BDE8AB
:10E52000704018470A60D3F8B420904208BFC3F87F
:10E53000B410D8E711461268C8E70022002330461D
:10E54000FBF780FAEDF71CF8DAE770BD38B5406BE1
:10E5500030B150F8084904B1083CFFF7AEFF04B9E8
:10E5600038BDA5682DB12046083DFFF7A6FF2C4613
:10E57000F7E72046BDE83840FFF79FBF38B5436B4B
:10E580000D46BBB1184650F8084904B1083C53F891
:10E59000043C9B680BB1294698475CB12046A468AF
:10E5A000436824B19B68083C002BF4D1F6E79B68D4
:10E5B000002BF0D138BD406B28B1838B08388B42DB
:10E5C00001D08068F8E7704710B54AB989B2FFF703
:10E5D000F2FF28B143689B6913B1BDE810401847AA
:10E5E00010BD38B50D460521FFF7E5FF002329468C
:10E5F0001A46F1F74DFB044610B12846ECF7C0FF70
:10E60000204638BD406B28B1838908388B4201D041
:10E610008068F8E7704770470346006828B159687A
:10E62000026888421A6008BF5A607047034600209B
:10E6300003B970471A8A5B681044F9E710B5D468CB
:10E640000231237813B92170012010BD8B42FBD019
:10E65000038A023B038200201061F6E70620704720
:10E6600073B51446014605464FF49572206800F0D4
:10E67000ADFD207500BB237A2068ABB1A3F1180271
:10E68000534253419B000193638A29460093AE682D
:10E69000238AE268B047002808DB238A98420ED11B
:10E6A00000230120237508E00223ECE710F1FF0F9F
:10E6B00005D34042C0B22075002002B070BD0E20CC
:10E6C000F9E71FB5CDE9012300231A460093F3F7BC
:10E6D00051FB05B05DF804FBF8B5936805460F469D
:10E6E0001446166863B9506801210C30EDF754F8F0
:10E6F000A0602B681B78002B14BF0223012303703A
:10E70000A3681B78012B03D0022B1FD000201CE034
:10E710002B681B78002BF9D1606804210C30EDF7D1
:10E720003BF8E06007802A68E36852885A80616895
:10E73000728D738B088A9A4294BFC0EB0200C0EBC3
:10E740000300042894BF00200120F8BD2B681B782B
:10E75000022BDBD1606812210C30EDF71DF8E06070
:10E7600007802B68E268591C0232113351F8040B00
:10E77000994242F8040BF9D16168728D738B088A53
:10E780009A4294BFC0EB0200C0EB03001228D9E705
:10E7900070B40568AA6A52B3136803B1B03BA2F122
:10E7A000B0040022114600E0B03B844207D0668DE1
:10E7B000648BB14238BF3146A24238BF22461C4664
:10E7C0002BB1D3F8B030002BEED18442EFD1438D82
:10E7D000408B8B4201D890420BD9824238BF02460F
:10E7E0009942286838BF194670BCF4F747B81146FB
:10E7F000EDE770BC7047D0680431037813B901703D
:10E80000012070478B42FBD0002091680B8A043BAB
:10E810000B82106170472DE9F04F044685B0104619
:10E8200090469946FFF702FF638B628D8B469342B9
:10E8300028BF1346834240F29380636840460393A7
:10E84000ECF7E0FE4FF0000A06464046FFF7EEFE0A
:10E85000628B638D06F10C079A4294BFC0EB0205F0
:10E86000C0EB03053846FFF7E9F8854217D240466A
:10E87000FFF7DCFE628B638D9A4294BFC0EB02050A
:10E88000C0EB03058DBB98F80A00ECF7D1FC002221
:10E890000023FFF7B5F8064630B9574636E038464C
:10E8A000FFF7CCF80546EDE701464046ECF7E8FEF9
:10E8B0004046FFF7BBFE628D638B06F10C079A4260
:10E8C00094BFC0EB0205C0EB03053846FFF7B6F86E
:10E8D00085421FD24046FFF7A9FE628D638B9A42A4
:10E8E00094BFC0EB0205C0EB0305F168328ACDF896
:10E8F0000090DBF804700A4403985946ABB2B8475D
:10E90000071E0CDABAF1000F18BF5746384605B09B
:10E91000BDE8F08F3846FFF791F80546E5E70E9B16
:10E92000B3B9394606F10C00ECF736FF4046FFF765
:10E930007DFE638D628BB944934228BF13468342A8
:10E94000BA441FFA89F9A8D9AF423FF47EAFA4E7D1
:10E95000394630460F9A0E9B98470028E1D19CE734
:10E960000027D3E70022036803B970478B420FD119
:10E970000B683AB942680360914200D143600023BA
:10E980000B60704713604368994208BF4260F6E726
:10E990001A461B68E8E706207047D0E8EF3F43F0CF
:10E9A0000802C0E8E12F0029F7D1C3F3C000704787
:10E9B00073B500230546166814467068294613731C
:10E9C000952200F003FC207380B9CDE900002946B0
:10E9D0003046A388A268FFF71EFF002809DA10F16D
:10E9E000FF0F32BF0E204042C0B22073002002B0A1
:10E9F00070BD0120FBE72DE9F341002307461668AF
:10EA00001446706839461373952200F0DFFB054603
:10EA1000207308BBA068718D728B038A914294BFEA
:10EA2000C3EB0103C3EB0203012B15DD02210C3004
:10EA3000ECF7B2FECDE900558046A3883946304652
:10EA4000A268FFF7E8FE031E0ADA13F1FF0F32BFD8
:10EA50000E235B42DBB22373002002B0BDE8F081DD
:10EA60000120A8F80030F8E72DE9F0410446886855
:10EA7000FFF7DCFD638D628B0D46934228BF134682
:10EA800083421DD300272166D1F808808F60FCF7F0
:10EA90001BFB41462046F1F7B5FC064638B1C5F8E8
:10EAA00008802766FCF75EFB3046BDE8F081618D8B
:10EAB000638B2846994228BF194600F051FCF1E7C4
:10EAC0006FF07906F0E738B50546D1E8AF3FDB07D0
:10EAD00017D550F8040CA0B1EB6D93B90430FFF7D3
:10EAE0009BFD044668B10146281FF1F7F5FC00289C
:10EAF00007DA55F8043C5A6822609A685C6002B9EB
:10EB00009C6038BD2DE9F041846A07463CB354F857
:10EB1000B06906B1B03E002307F104081D4601E0CC
:10EB200034461646226E9AB905B98BB94046FFF7AE
:10EB300073FD054658B101462046F1F7CDFC00288B
:10EB40000DDA7B682B60BB687D6003B9BD6023462E
:10EB50002EB1D6F8B020002AE2D0B03AE0E7BDE806
:10EB6000F08170B504460E46002200230846FAF7ED
:10EB700069FF054658B101462046F1F743FC0446BB
:10EB800018B12946304601F01EFF204670BD6FF0D7
:10EB90000104FAE7F8B5054650F8044C071F00F1E8
:10EBA0005803D3E8EF1F21F00401C3E8E21F002A55
:10EBB000F7D104B3EB6D8BB963687BB1201DFFF710
:10EBC0002BFD014606463846FFF74EFF002812DAB5
:10EBD00063683360A368666003B9A660384605F1D0
:10EBE0006001FFF7BEFF30B1384604F10C01BDE80B
:10EBF000F840FFF7B6BFF8BD38B504460D46F1F74B
:10EC000001FC30B1294604F16400BDE8384001F050
:10EC1000CFBE38BD2DE9F0418846174601210422B8
:10EC200005461E46F1F71EFD044670B104210C3066
:10EC3000ECF7B2FD80F80080A0F80170C6702146A4
:10EC40002846BDE8F041FFF7D7BFBDE8F08137B5F2
:10EC50000C46054601F10C00FEF7E4FE228A03464D
:10EC60000192E2681221009228461322F1F7A8FDD2
:10EC700003B030BD37B50C46054601F10C00FEF778
:10EC8000D1FE228A03460192E268284600920022C1
:10EC90001146F1F795FD03B030BD07B5CA680C21E8
:10ECA0001388528800920D22F1F754FF03B05DF8EB
:10ECB00004FB07B50022CB680A211B8800920B22B7
:10ECC000F1F748FF03B05DF804FB2DE9F041CB6894
:10ECD00005461F88BBB2162B1BD90321F1F700FE96
:10ECE0000646C0B102210C30ECF756FD00244FF06F
:10ECF0004108314680F8008044702846FFF77CFFC9
:10ED00002846A5F81A806F85FFF742FD2046BDE82A
:10ED1000F0810420FBE70E20F9E7F2F761BF0A8AD1
:10ED20000023C968F2F7B6B870B5054650F8043C40
:10ED3000044655F80469002B32D031B1C36D7BB362
:10ED40001B7CDA072CD505231DE03046F3F7AAFD1E
:10ED5000737A012B24D0E46D14B3237CDB071FD519
:10ED6000E368002BEFD028466269617CF1F77AFCFA
:10ED7000064638B1D4E90512E368984750B13046E9
:10ED8000ECF7FEFB0E2300222846BDE8704011463A
:10ED9000F2F780B831462846F1F734FB0028EED16F
:10EDA00070BD0120704708B5F1F7E4FA78B1836AC5
:10EDB0006BB1B03B03F15C02D2E8EF0F20F008002A
:10EDC000C2E8E10F0029F7D1D3F8B030F0E708BD71
:10EDD00008B50421FFF716FC20B15830D0E8AF0F7A
:10EDE000C0F3C00008BD70B51C460E461546F1F7CD
:10EDF000E5FA0123C0E90365C380047570BD1060A6
:10EE00000020704710B5029CA36833B1B1F5807F34
:10EE100028BF0E21CAB221469847A37DE268013B74
:10EE2000DBB2A37522B11BB92046BDE810401047E4
:10EE300010BD106091800020704700207047F0B531
:10EE4000076806463D78144689B0DDB97B88B3F57E
:10EE5000245F04D010D8A3F52053032B12D8ADF8AB
:10EE60000A10022220460DF10A01F2F787F968B173
:10EE70006FF01502A26006E003F55643FF339BB224
:10EE8000042B1DD90125284609B0F0BD7B8802223C
:10EE900020460DF10A01ADF80A30F2F76FF90028AB
:10EEA000E6D1009003AA132331467768B847021EC3
:10EEB000E0DB03A92046F2F761F90028E2D0D7E7AA
:10EEC000ADF80A10022220460DF10A01F2F756F9B8
:10EED0000028CDD17B880222ADF80A300DF10A015D
:10EEE000E8E7072208B501F02FFFB0FA80F04009EB
:10EEF00008BD10B503780446934207D10130FFF7EF
:10EF0000F0FF002814BF2046002010BD0020FCE7C1
:10EF1000034610B5D3E8EF0F40EA0102C3E8E42F3F
:10EF2000002CF7D110BD034610B5D3E8EF0F00EA6F
:10EF30000102C3E8E42F002CF7D110BD0B68036079
:10EF40008B8883808B7983717047D0E8AF0F7047CF
:10EF500070B50D46064611F8010BF0F75BFC044650
:10EF600010B12C89EFF7EEFF6B89A34207D0EB6855
:10EF70006C8123B121463046BDE87040184770BD12
:10EF800008B50C3029B10121FFF7C2FFC04308408A
:10EF900008BD6FF00101FFF7C6FF00F00100F7E7C1
:10EFA00010B50446FFF7ECFF38B12146BDE810402C
:10EFB000012211F8010BF2F701BA10BD38B5044671
:10EFC0001546FFF7EEFE48B12046F2F7B5F928B135
:10EFD000037ADB0702D50121FFF7E2FF55B9207A5A
:10EFE00004F17001F2F730F920B18560BDE83840D6
:10EFF000F2F732BA38BD022A10B508D1002300F169
:10F0000070011A46007AF2F73BFA022010BDF2F7BF
:10F0100063FCFAE730B585B0C96814461D46F2F7BF
:10F02000B9F900B100890223ADF80E00009329461A
:10F030002046BDF820200DF10E03F2F76DFC05B05F
:10F0400030BD1FB50C461946E36810461C78BDF864
:10F0500018203CB110240133069404B0BDE81040E0
:10F06000F2F75ABC5B88ADF80E30022300930DF125
:10F070000E03F2F751FC04B010BD30B51D4600235D
:10F0800085B014468DF80C30F2F756F910B1037ABA
:10F090008DF80C300123294600932046BDF820202E
:10F0A00003ABF2F739FC05B030BD2DE9F041144651
:10F0B0001D46BDF81870EDF761FD0646E9F75EF8EC
:10F0C00080B2069033463A4629462046BDE8F041D4
:10F0D000F2F722BC30B585B014461D46FEF75FFE40
:10F0E0000223ADF80E00009329462046BDF82020EB
:10F0F0000DF10E03F2F710FC05B030BD13B5044658
:10F1000010B9002002B010BD00238DF8043042F683
:10F110000303006801A9ADF80630FEF732FD0028B0
:10F12000EFD1E36898880028ECD12046F2F7E2FDA1
:10F13000013080B2E6E770B5CC681E46A37988B08E
:10F1400008468DF80C301546FFF7D8FFADF80D00D6
:10F15000246823786BB96388ADF80F3005230093DA
:10F1600031462846BDF8302003ABF2F7D5FB08B096
:10F1700070BD631C0DF10F02113453F8041BA34240
:10F1800042F8041BF9D11323E9E71FB5CDE90123A8
:10F1900000231A460093F2F7EDFD05B05DF804FB7D
:10F1A000F2F7ECBE2DE9F041CE68144630461D461C
:10F1B000E8F7E4FFBDF8187080B2069033463A468F
:10F1C00029462046BDE8F041F2F7A6BB38B54C8A87
:10F1D000D3070546C4F30E0404D514F0950F2AD0C6
:10F1E0004B6843B3900704D514F4957F25D08B6802
:10F1F0001BB3144014F4DE7F0DD0EB7A2BB92846F4
:10F20000FFF7AFF8D8B9052038BD14F0300F04D19E
:10F2100014F4C07F07D10020F6E72846FFF7E3F893
:10F220000228F5D8EFE7D5F8A030002BEBD05B7BB8
:10F23000DB06E8D5EFE70220E6E70320E4E70F204E
:10F24000E2E72DE9F04105468846F2F775F80446F5
:10F25000E0B1037ADB0719D500F10C073846FFF758
:10F2600074FE10F0010611D1B8F1000F0FD06FF04D
:10F2700002013846FFF757FE10F0020F284609D06A
:10F28000FFF791FD01212046FFF78AFE0126304657
:10F29000BDE8F081FFF785FD0028F8D02846FFF78C
:10F2A00097FD0028F3D06FF002013846FFF73BFED0
:10F2B0002846E5E7F8B506460F46F1F7A3FF3946BD
:10F2C00004463046FEF76DFD48B344B304F108052B
:10F2D0006FF001012846FFF726FEC20703D5394625
:10F2E0003046F3F7F7FA6FF002012846FFF71BFEEE
:10F2F000830703D539463046F2F722FC2846FFF74C
:10F3000024FE60B9234603F8010BC4F80100C3F8DA
:10F310000300D5E8EF3FC5E8E20F002AF9D1F8BDB8
:10F3200010B50446A0F1170110F8180CFFF7C2FF42
:10F3300014F80C0CA4F10B01BDE81040FFF7BABFA4
:10F3400038B5044659B100F170052946007AF3F743
:10F35000C1FA2946207ABDE83840F2F7F1BB38BD42
:10F36000704707207047D0E8AF0F084100F0010058
:10F370007047034610B5D9B1C88910F0240F17D0D3
:10F380001A7D5C7B097BA24228BF2246914201D9AB
:10F39000002010BD820604D4187A003818BF01205E
:10F3A000F7E70521181DFFF7DEFF0028F4D1EFE78E
:10F3B0000120EEE701238B40DB43D0E8EF2F1A401A
:10F3C000C0E8E12F0029F8D17047072070470123DA
:10F3D0008B40D0E8EF2F1A43C0E8E12F0029F8D185
:10F3E000704708B50E21FFF7F2FF002008BD70B589
:10F3F000051D0E4628460421FFF7B5FF68B100221F
:10F40000002100230846F0F70DFC044640B9042112
:10F410002846FFF7DCFF204670BD4FF47022EFE76F
:10F4200001210C30ECF7B8F90670F4E738B5042187
:10F430000446FFF7DCFF054698B110210C30ECF7CD
:10F44000ABF904F1270304F1370253F8041B93428C
:10F4500040F8041BF9D120462946F3F741FB002070
:10F4600038BD0820FCE770B5D0F8EC300446DB78F6
:10F47000012B19D1CD68061D10213046FFF79AFFE8
:10F480002B4604F1B70205F1100153F8040B8B422F
:10F4900042F8040BF9D107213046FFF764FF28B189
:10F4A00009213046FFF793FF002070BD0A21304646
:10F4B000FFF759FF0028F3D12046BDE87040F3F76D
:10F4C00053BC07207047072070470720704701236F
:10F4D00003FA01F1CA4330B5D0E8EF3F03EA020472
:10F4E000C0E8E54F002DF7D1194214BF01200020DC
:10F4F00030BD70B500F1700604460D460722304657
:10F50000096801F021FC40B96B681A6822679A8883
:10F51000A4F874209B7984F8763070BD38B5044621
:10F520000025031DD3E8EF2FC3E8E15F0029F9D1DF
:10F5300004F5A470FBF7B6F82572D4E8EF3FC4E8F1
:10F54000E25F002AF9D12046BDE838400121FFF7EB
:10F550003EBF2DE9F84FDDF82C80044692461F4649
:10F56000BDF82890F3F792FA054600285AD0061DF8
:10F57000B9F1000F27D15AEA070324D103213046FD
:10F58000FFF7F1FED0B301213046FFF7ECFEA8B340
:10F590002C7D6B7B05F147019C4228BF1C4622460F
:10F5A000404601F0A2FB0F2C06D80021C4F1100246
:10F5B00008EB040001F0C0FB30460121FFF707FF14
:10F5C0000120BDE8F88FD4F8A030F3B904F1700B36
:10F5D0005A462020217AF4F747FCC4F8A00030B93D
:10F5E0005A460120217AF4F73FFCC4F8A000B9F193
:10F5F000000F0AD15AEA070704D006E0D4F8A03079
:10F60000002BE3D0D4F8A01071B90F213046FFF7DA
:10F61000AAFE20B1022206212046F0F783F82846F0
:10F62000FFF77CFF0020CCE7CB899B06EDD50C7B58
:10F630001A312246B4E76FF08500704770B5044672
:10F640000820F3F7D9F90546E0B1061D0821304638
:10F65000FFF7B0FEBCB30721FFF7ACFE234605F170
:10F66000970204F1200153F8040B8B4242F8040B7B
:10F67000F9D10A213046FFF776FE70B109213046F4
:10F68000FFF7A5FE0720F3F7B7F90446E8B1F3F753
:10F6900047FA0146C8B1204612E010213046FFF774
:10F6A00062FE09210028EAD13046FFF75CFE0028FF
:10F6B000E8D02846F3F758FB01460028E2D0284658
:10F6C000F4F724F8DEE70B21F9E770BD70B50446C6
:10F6D000A0F1EC0650F85C3BE83CD3F8A050FAF7F8
:10F6E000E1FF03212046FFF73EFEA0B1082130468E
:10F6F000F3F778FF3DB1EB8913B16B7B9B0702D524
:10F700002846F4F781FC3046BDE870404FF4C072E3
:10F71000002101F011BB01212046FFF724FE002843
:10F72000E4D10F212046FFF71EFE0028DED1E1E7DD
:10F7300010B5431E00F11002073013F8011F12F834
:10F74000014D83421C701170F7D110BDF0B50E460B
:10F7500014461D4697B00146202205A81C9FF4F7C9
:10F760001FFD202231460DA8F4F71AFD2146102274
:10F7700001A88DF85450F4F713FD3B46412205A92A
:10F7800001A8F4F7C7FD044610B93846FFF7D0FFCB
:10F79000204617B0F0BD2DE9F04316461D4697B040
:10F7A0000446DDE91F98102205A8219FF4F7F8FC14
:10F7B0001022314609A8F4F7F3FC102229460DA8BF
:10F7C000F4F7EEFC03221E9911A8F4F7E9FC494670
:10F7D00011F8013BD9F801008DF847308B880622DB
:10F7E000129012A8ADF84C30F4F7DAFC414611F84B
:10F7F000013B06228DF84E30D8F801300DF14F0054
:10F80000CDF84F308B88ADF85330F4F7C9FC214662
:10F81000102201A8F4F7C4FC3B46412205A901A827
:10F82000F4F778FD044610B93846FFF781FF20460B
:10F8300017B0BDE8F08300692430FAF77BB908B54A
:10F840000020ECF785F8002008BD08B50120ECF792
:10F850007FF8002008BDF8B5069F0469C9B2EFF330
:10F860001186202585F31288BFF36F8F0C2569431D
:10F870000C44D4F8885005F0070CBCF1010F0CD1F2
:10F88000C4F8887086F31188BFF36F8FC4E9202312
:10F8900043685B5898470020F8BD05F0C005AF42AB
:10F8A00086F31188BFF36F8F0CBF6FF077004FF0B6
:10F8B000FF30F1E713B580240094FFF7CCFF02B0CE
:10F8C00010BD0069CBB200EB4310002110470320AC
:10F8D000F7F738BA0220F7F735BA0020F7F732BA4F
:10F8E0000320F7F7B3BA0220F7F7B0BA0020F7F712
:10F8F000ADBA1046FAF71EB98022F4F71FBF0020F8
:10F90000704708461146EDF7DBBB084608B51146BF
:10F91000F6F7F8FF002818BF6FF0040008BD08B51F
:10F9200000F09BF9002818BF6FF0040008BDF7B580
:10F930001C460023164682682360A3600D46536967
:10F94000694601AA9847019B5A1E01921BB96FF0A4
:10F95000150003B0F0BD0098A26847682168676091
:10F9600085B9B31AD0F800C0634528BF634603FBCE
:10F9700007111A442160A26002689A4206D8083032
:10F980000090E0E76B1AB3FBF7F3EBE70020E0E74A
:10F9900013460022FFF7CBBF2DE9F0470024836810
:10F9A00086B0884691465B6902AA01A99847A2469B
:10F9B0002546029BAB4202D806B0BDE8F087002680
:10F9C000019F07EBC5077B6804933A680AEB0603BF
:10F9D000B24202D89A460135EBE7494603940593B3
:10F9E00003A8C0470028E7D0049B01361C44ECE77D
:10F9F0004FF4000200230020C1E90023704718B92A
:10FA000001F11800FAF796B870477FB5FF238DF81B
:10FA100003300DF10303002101930123CDE90231ED
:10FA2000052303A88DF80C3001AB04910593F5F77D
:10FA3000CFF80028A8BF9DF8030007B05DF804FBCD
:10FA40001FB5002188420CBF0623042301A8CDE97D
:10FA5000011103918DF80430F5F7BAF8002818BFAA
:10FA60006FF0040005B05DF804FB10B50C4600F023
:10FA7000DBF90023C4E90003184610BD38B505467C
:10FA80000C4600F0D1F9002D07DBA84205D9401B38
:10FA900084428CBF0020012038BD0020FCE7436871
:10FAA00000205B681B690B607047436802EA010035
:10FAB0005B6821EA020198600020D96070474368C2
:10FAC00000205B6899607047436800205B68D960DC
:10FAD000704743685A68536821EA03000B409060FE
:10FAE0000020D360704710B500690F299FBF00EB5D
:10FAF000810440F821202364002088BF6FF01500A6
:10FB000010BD002070471020704730B54368136067
:10FB1000057A446804EBC504A34202D36FF00100E8
:10FB200030BD5C798C4201D00833F0E70020F7E764
:10FB300043681B68D3F88004C3F8800470474268A8
:10FB40001368D3F8100150B10020126A12780A70BD
:10FB5000C3F81001D3F8102101221A6070474FF04A
:10FB6000FF30704702680346D2F8580140B95B681D
:10FB7000DB0706D4D2F82001003818BF01207047F7
:10FB80000120704743681B68D3F80423D20517D5BA
:10FB9000D3F82021A2B1EFF31182202181F3128842
:10FBA000BFF36F8FD3F8201131B10021C3F82011BA
:10FBB000D3F820110121D96082F31188BFF36F8F30
:10FBC000D3F85831704708B5F6F72EF908BD012172
:10FBD000F6F7B0BB0021F6F7ADBB002070477047C9
:10FBE00008B5F6F7DDFB002008BD08B500F035F8D4
:10FBF00048B1002383F31188BFF36F8F04231846A5
:10FC000002DF6FF0040008BD00B589B006AB0293B7
:10FC10000823039301AB049304230791CDE9053036
:10FC200004AA184602A9F6F73BFD0228019B09D059
:10FC300003280AD060B9181E18BF0120404209B03D
:10FC40005DF804FB6FF01500F9E76FF08500F6E74B
:10FC50004FF0FF30F3E700207047002070471C2270
:10FC6000002101F069B810B588B01C4605AB0193BE
:10FC70000C2302930423CDE90612CDE904300DEBE9
:10FC8000030103AA0020CDF80CD0F6F709FD009B74
:10FC9000236008B010BD002310B588B0CDE9053051
:10FCA00005AB01930C23029304231446079103AA86
:10FCB0000DEB030102200493CDF80CD0F6F7F0FC15
:10FCC000009B236008B010BD7047004700F0FABDEC
:10FCD00038B504461546F6F73FFF29462046BDE8ED
:10FCE0003840F6F74DBF43090AD0012B0BD14FF630
:10FCF000FF7300F01F0023FA00F000F001007047CE
:10FD00004FF0FF33F5E7002070472DE9F341174628
:10FD1000DDE90858019001A80C461E46F7F714F9D2
:10FD2000019B391E18BF012100EB8300231E18BF61
:10FD30000123002E43EA410314BF0C210021002DB2
:10FD400043EA010314BF4FF470610021B8F1000FC2
:10FD500043EA010314BF4FF440310021D0F80022E0
:10FD60000B4322EA030304B124780FB13F787F00EC
:10FD70001C430EB13678B6003C438DB12978090298
:10FD80003443B8F1000F03D098F800804FEA0848D8
:10FD9000214341EA0801C0F8001202B0BDE8F08139
:10FDA0002946EDE71FB50DF10F03019300238DF8F0
:10FDB0000F101A4619460093FFF7A7FF05B05DF82C
:10FDC00004FB08B50146F7F72FF910B10846F7F71D
:10FDD00045F900F0010008BD38B5054608460C4657
:10FDE000F7F73CF9B0B10846F7F71EF990B90846A5
:10FDF000F7F70EF901232A688340C2F808332A680E
:10FE000003B202EB8303D3F8102522F00302C3F8F8
:10FE1000102538BD2046BDE838400021FFF7C2BF9D
:10FE2000F7F7B6B9FFF7D8BF4FF4801070474FF41B
:10FE3000805070474FF4807070470223F7F79CBEE4
:10FE40000323F7F799BE2DE9F04389B0109E0446CD
:10FE5000894690460021202268461F46129D00F0E8
:10FE60006BFF1F2E97BF01234FF0FF33B34003F109
:10FE7000FF332361119BC4E90098C4E902766361F2
:10FE8000183445B10FCD0FC495E80F0084E80F007A
:10FE900009B0BDE8F0836D46F4E773B50468661CED
:10FEA00031D08568A9422ED264182CD05E18AE429B
:10FEB00088BF6B1A056A35B100930523A84703462E
:10FEC000184602B070BDBFF35B8F1946A41A101913
:10FED00019B140EA0205AD070AD103290DDC01384A
:10FEE00011448A42ECD010F8014F02F8014BF8E7B8
:10FEF0000078013902F8010BE9E750F8044B0439A6
:10FF000042F8044BE9E76FF02103D9E773B50468C1
:10FF1000651C32D08568A9422FD264182DD05E1896
:10FF2000AE4288BF6B1A456ACDB100930523A8473E
:10FF300002B070BD12F8015B013905701546A018BA
:10FF400019B140EA0206B607F4D103290ADC013DE3
:10FF5000014488420CD1BFF35B8F1846E8E719468D
:10FF6000A41AEBE755F8042B043940F8042BECE70E
:10FF700015F8012F00F8012BEBE76FF02100D7E710
:10FF800073B51C46036815465A1C29D082689142F5
:10FF900026D25B1824D066189642866A88BF541A07
:10FFA00036B105232A460094B047204602B070BD02
:10FFB000184622464AB9294600F0BEFEBFF35B8FC1
:10FFC000F3E700F8015B013AF4E78307F9D14FF05A
:10FFD00001336B43032AEEDD40F8043B043AF9E7B2
:10FFE0006FF02100E2E70020704710B4046B024676
:10FFF0000B4684B9C1681F2998BF23FA01F44168F0
:020000022000DC
:1000000061B18068834209D21069184051F82430E8
:10001000184410BC7047234610BC18474FF0FF30FF
:10002000F7E730B5059CC4E90002039A21811989DC
:10003000E260049A618121856261D3E9002502EBC7
:100040000113C4E906128A1C236203EB42036A1CF3
:1000500013446D422B406362836953B90139E269ED
:100060008B4202EB031206DB002393736FF07F03D6
:10007000D373002030BD0133D381F0E72DE9F04F79
:10008000B0F830A004465546002685B002EB0308C0
:1000900091460E9A00EBCA031FFA88FB9A63A3F8F5
:1000A0003CB008F1FF32C3690F1D0192B0451ADC64
:1000B000238D2586A3EB0B032385236A61895A8848
:1000C00001390A4003EB4203A3F804A0BFF35B8F9E
:1000D0000020226A538801335380638D0133638586
:1000E00005B0BDE8F08FE06A2A0157F8041C03EB65
:1000F0000515029303680392C91A83680837994269
:1001000028BF4FF0FF31FFF770FFDDE90232985052
:1001100000226A6057F8082CAA60019A9642ACBF88
:1001200000220122B145D8BF42F00202AA81013665
:10013000ED89BBE7F0B550B3456A448E6B88A342A6
:1001400030D0631C43864389BFF35B8F013B1C4067
:1001500005EBC4056B689EB209B1AD680D60D0F8BF
:100160001CC09BB20CEB031100EBC3039D8F078DEA
:100170002F44013D07859D878D896F070ED5058E1C
:10018000CD8100210686986B996302B11480F0BD81
:100190009D8FC989013D0CEB01119D878D89ED076C
:1001A000F6D4ECE70020F2E7C36903EB011398688B
:1001B000704770B5C369C56A09015E586B6BE3B9D6
:1001C0002C69621C09BF6B6834401C68341B2146D3
:1001D0002846FFF70AFF864207D02B6901331C44EB
:1001E000AB689C42F3D34FF0FF342868431C09D01E
:1001F000AB68A34206D9204470BD314628469847D3
:100200000446F2E70020F7E770B5BFF35B8F0D46B9
:10021000016A1646838E4A8804469A4212D05A1CB6
:1002200082864289013A134001EB43018988298083
:1002300089B2FFF7BEFF2A88E36903EB02139B68CC
:10024000336070BD0020FCE710B502689369126945
:10025000920017D543B9438E026A81694489013BF4
:100260001B1B02EB4102938003689B69012B08D1A1
:10027000838E426A81694089013B1B1A02EBC102ED
:10028000938010BD23B9026A138843F001031380E1
:1002900003689B69012B01BF426A138843F0010385
:1002A0001380EEE710B5BFF35B8F036804461A694D
:1002B0009B6912F0005F1AD07BB9036A426A5B88BF
:1002C0008169013B02EBC10292889B1A628D9BB24D
:1002D0009A4214D80023638510BD012BFAD1436ADA
:1002E000026A5B888169013B02EB4102ECE763B97A
:1002F000436A1B88DB4303F00103002BEAD06369E8
:10030000002BE7D020469847E4E7012BE2D1036AAF
:10031000EFE7036A828E598891420AD041890139F8
:100320000A4003EB42039A88C36903EB02139868FF
:10033000704700207047BFF35B8FC36803B1184755
:1003400070474FF0FF324FF0FF33F9F749BC10B15F
:10035000C36A0133C362704738B1C26A013AC262EC
:100360001AB9026B02B110470262704770B50446B9
:10037000056A05F164063046FFF7E3FF636AA3F5FB
:1003800080637F2B0BD801225909503503F01F03DE
:100390009A4055F8213023EA020345F82130D4E988
:1003A0000F124A60E16B04F13C0311602046C4E97E
:1003B0000F33FFF7D1FF3046BDE87040F9F7BABB05
:1003C00010B5436A8CB00A932023044602460B9171
:1003D00002A8194600F057FA28230122CDE900327D
:1003E00020463522616A02ABF8F746F900EAE07070
:1003F0000CB010BD30B1006A20B119B1D0F888300E
:1004000003B11847704730B1006A20B119B1D0F874
:100410008C3003B11847704730B1006A20B119B170
:10042000D0F8903003B11847002070472DE9F84309
:1004300006468846174699460468A64201D100251B
:1004400020E07A1CA4F13C0502D06B6ABB4219D0B3
:10045000B8F1000F22D020224146284600F084FC4B
:10046000E0B9B9F1FF3F02D0AB6A4B450AD07B1C23
:100470000BD02468B442E2D054F8183CA4F13C05F7
:100480009F42E8D12846BDE8F883AB6A0133F9D032
:100490002468B442D3D0A4F13C05D9E72468CCE762
:1004A00070B505460C461E46CAB1202320461946A3
:1004B00000F0E9F90123E362049B6662A362059BF5
:1004C00025626363069BA363079B63646A6804F108
:1004D0003C03C4E90F526B60226C136070BD0A705C
:1004E000E8E710B5044690B1036A83B102784AB1D7
:1004F00093F8A43033B1436AB3F5806F02D301217E
:10050000FFF75EFF2046BDE81040FFF72FBF10BD8C
:1005100020B1036A13B15B6803B11847704708B58F
:1005200030B1036A3BB1DB682BB19847002008BDAE
:100530006FF01500FBE76FF00500F8E77047F9F77B
:10054000F9BA4FF0FF324FF0FF33F9F749BBF8B576
:100550000C4600F164070546A4F110063846FFF783
:10056000F0FF3046F8F73EF980B154F8083C24F823
:10057000083CD5F8CC3044F80C3C05F1C80344F8ED
:10058000103CC5F8CC6054F80C3C1E603846FFF7B0
:10059000D6FF0020F8BD38B50D4600F164042046B2
:1005A000FFF7CFFF55F8083C204603F5803345F8A8
:1005B000083CBDE83840FFF7C2BF2DE9F04188B0E4
:1005C0000E9C282A8846D4F8C0006ED10168856840
:1005D000A8EB0101A94228BF4FF0FF3120236A4652
:1005E000FFF75BFC04F16406D8F820703046FFF793
:1005F000A8FF3B464FF0FF3269462046FFF716FF43
:10060000D8F824300546E0B1D0F8308003F001037B
:10061000B8F1000F02D0DBB9AF6230E0002BFBD0A5
:100620004FF0FF3383623046FFF789FFAB6B83BB2C
:10063000D4F88030002B38D03A4669462046984797
:1006400033E0DB071FD43046FFF779FFE36FF1E7B4
:100650004FF0FF338362FFF77AFE3046FFF76FFFFC
:10066000AB6BA3B9D4F880301BB13A46694620463B
:1006700098473046FFF765FF2846FFF76DFE304686
:10068000FFF75DFF11E03046FFF759FFD0E74FF06D
:10069000010828469847D4F880301BB13A4669468D
:1006A00020469847B8F1000FE3D1002008B0BDE81C
:1006B000F08170B500F16406A1F1100504463046E2
:1006C000FFF73FFF2846F8F78DF838B12046294656
:1006D000F8F75EF9D4F8B800FFF7E4FD3046BDE85E
:1006E0007040FFF72CBF10B548B149B143688B4249
:1006F00006D382680468D21A5B1A4360A01810BD42
:100700000020FCE72DE9F3470546D0F8B4000E467B
:10071000904618B9002002B0BDE8F087036A002BAC
:10072000F8D09B68002BF5D098474307F2D543F6E5
:100730009823B8F1000F18BF984605F1640705F13A
:10074000C8093846FFF7FDFED5F8C8404C452BD008
:1007500054B3D4E90023536022681A60C4E900440A
:10076000D5F8B43021899B69ADF806107BB1012B17
:1007700014D03846FFF7E3FEBDF8063004F1100050
:1007800003F58033A3603368103B3360C3E7D5F8CB
:10079000A8303360D5F8B4309B69E8E7D5F8BC00E1
:1007A000FFF702FD3060E4E7D5F8B430D3F818A0C5
:1007B000BAF1000F36D13146D5F8BC000DF1060272
:1007C000FFF7B8FC04460028D3D1D5F8BC301B8D08
:1007D000B3B93846FFF7B3FEB8F1000F9AD0D5E9A8
:1007E0002D32182112891B6B01FB0233D5F8D02062
:1007F00022BB21200021FAF715FE08F1FF38A0E7FF
:10080000D5F8A810D5F8C400FFF76DFF0446D5F859
:10081000A830ADF806A033603846FFF790FE002CF4
:10082000DAD0A9E7BAF1010FD3D13246D5F8BC002E
:100830000DF10601FFF7E8FC0446EDE719692846CB
:1008400090476FF4FB639842D3D000283FF479AF10
:1008500060E720B119B112B1C0E90122016070470F
:1008600010B5044618B910BD3C38FFF73AFE2068B1
:100870008442F9D10023C4E92E33D4F8B400BDE892
:100880001040FFF745BE70B505461C4699B18B4236
:1008900028BF0C46661C013E05D012F8013B00F84B
:1008A000013B002BF7D1A14207D9091B8A1900216E
:1008B00000F042FAA11B084670BD00230D4405F864
:1008C000013CF7E708B1EAF7E7BF704740B1C368FA
:1008D000587810F001001EBF1878B0FA80F0400977
:1008E000704710B5D0E9003433B90020E26853787E
:1008F00043F00103537010BD204698470028F4D000
:100900000028B8BF4042FF28A8BFFF20E368187046
:10091000ECE700F011BA00F0E8B9704710B400F14C
:100920000C04C0E9034410BCE8F73EB88169C36811
:1009300043EA010212F003020FD102614269013A57
:1009400001FB0233C2689A4201D900207047026954
:100950001A60826903619B1AF4E76FF01500704713
:1009600090F90E308B4201D0FAF7DEBA00207047C2
:1009700003460020C3E90033C3E90200704710B505
:10098000044630B10268930703D0446809B100F00F
:10099000A1F9204610BD0023C0E90033836000F1B7
:1009A0000C03C0E9033300F11403C0E905337047B9
:1009B000012307B5009300230A461946F8F79AFF6A
:1009C00003B05DF804FB002307B50A4600931946FF
:1009D000F8F790FF03B05DF804FB00210068FFF713
:1009E000CEBF5AB18A4209D300F11003C0E9021206
:1009F000C0E90000C0E90433002070476FF0150023
:100A00007047012302688B4022EA0303036022FA45
:100A100001F000F001007047704710B50321044653
:100A20000C30FFF7EEFF30B104F11000FBF788F84F
:100A3000B0FA80F0400910BD20B10022903011467C
:100A4000FAF73EBE704770B5C3680446C3F340066C
:100A50009B0716D4856802210C30FFF7D2FF80B1C6
:100A6000D5F888206AB194421DD122689EB9D5F884
:100A70008C30C5F888209C4201D1C5F88C20002319
:100A80002360E36813F01F001EBF43F00203E3601E
:100A900040F0020070BD3260D5F88C20944208BF4F
:100AA000C5F88C60EBE716461268DBE710B5F9F77E
:100AB00037FB041E08DDEFF31180202383F3128837
:100AC000BFF36F8FFAF7ECFA204610BDEFF3058005
:100AD000003818BF012070476FF0570070470020A2
:100AE0007047D0E9003213605A600023C0E9003338
:100AF000704738B504460D46F9F7CEFF637B43F0E7
:100B000002036373E5B1A5602B689D4209D16B6850
:100B1000C4E900531C606C6012E06A689A42F6D027
:100B20001B68002BF3D094F90E2093F90E108A4223
:100B3000F3D09142F1DD5A68C4E9003214605C6080
:100B400038BD01211838FAF743B910B50446FAF751
:100B500009F904F11800BDE81040FAF7F1BF38B503
:100B6000054604680020AC4200D138BD002CFCD002
:100B70002046FFF7EAFF2046FAF7C0F82C6801206C
:100B8000A542F1E710B5FAF703FF0446FAF708FFAC
:100B900074B1D4E904321B1A62EBE072B3F1004F76
:100BA00072F1000104DA002AACBF1846002010BD23
:100BB0006FF00040FBE708B5FBF79AF808BDB3F10A
:100BC000FF3F08BFB2F1FF3F70B504461D46164611
:100BD00013D01A4315D06FF001024FF0FF33921B70
:100BE00063EB0501002904DAFBF782F8821941EB77
:100BF0000501C4E90021204670BD4FF0FF321146C7
:100C0000F7E70022FBE7B3F1FF3F08BFB2F1FF3F78
:100C1000F8B5074616461C4610D054EA020311D018
:100C2000FBF766F8B0420A46A14103460AD2F31A1E
:100C300064EB0204C7E900343846F8BD4FF0FF33D7
:100C40001C46F7E70023FBE72DE9F04184680546E1
:100C50000E46ECB16378012B25D114F8533C9A076A
:100C600014D5A4F160073846FFF76FFF082E0CBFBC
:100C70006FF003030023E36114F8533CDB0605D156
:100C800054F8483C13B93846FAF738F80023237073
:100C90000020EB68A860C3F38632164366F39433F2
:100CA000EB60BDE8F081022BF0D12378002BEDD072
:100CB00054F8048CB8F1000FE8D004F11400FAF7EE
:100CC0003FFF0023A4F1140739464046E362F9F7D9
:100CD00027FADBE720B1011F50F8040CF8F70CBB32
:100CE000704701460420FBF7EDB80A44431E9142C9
:100CF00000D1704710B511F8014B914203F8014F34
:100D0000F9D110BD884210B501EB020402D984422A
:100D1000234607D8431EA14208D011F8012B03F83F
:100D2000012FF8E7024401468A4200D110BD13F8B2
:100D3000014D02F8014DF7E702440346934200D10A
:100D4000704703F8011BF9E70139024410B59042DE
:100D500001D1002005E0037811F8014FA34201D032
:100D6000181B10BD0130F2E710B56AB101398418C3
:100D700010F8012B11F8013F9A4203D1A04201D093
:100D8000002AF5D1D01A10BD1046FCE710B5013984
:100D9000044632B111F8013F013A00F8013B002B43
:100DA000F7D10021FFF7C8FF204610BD02460144DD
:100DB00010B58A42134603D01C780132002CF8D1BA
:100DC000181A10BDF0B5C3F13707044603F01F032E
:100DD0001046FFB2082BE6B232D0102B3DD065088A
:100DE000A40845EAC17544EA81748A082D1942EBCA
:100DF0005102290941EA02716D1842EB1212290AC7
:100E000041EA02616D1842EB1222290C41EA0241CB
:100E10006D1842EB1242AD1842F10002EC0844EAB0
:100E20004274D10804EB8402A6EB4205EDB2092D11
:100E30000CD90134A5F10A0541F10001EDB212E02F
:100E4000E40806F0070544EA4174C908303554EA5D
:100E5000010200F8015BBDD1F0BD240906F00F05C9
:100E600044EA01740909092D84BFED19EDB2EDE7DB
:100E7000D1E9043293421EBF5A1C0A6118707047B0
:0C0E80000148006870470000B492002098
:080E8C00CC72FE7F01000000A2
:100E940073DA010000000000D1B800000000000077
:100EA400B163010000000000899800000000000008
:100EB400DD4701006C0F0200B19101000000000049
:100EC4007D93010000000000F1540100940F020022
:100ED400F1540100800F0200FFF80100A80F020086
:100EE4001FF90100BC0F0200C95C0100D00F020011
:100EF4001D4B0100000000007560010000000000AF
:100F0400EDB9000000000000D1B7000000000000AF
:100F1400D5B10000000000006D580100E40F02008C
:100F240057FC010000000000A19C0100000000002B
:100F3400954F0100F80F0200FBD301000C100200D2
:100F44000000000020100200415301003410020090
:100F5400D9BD000000000000E1FB0100000000001A
:080F6400EBFB0100000000009E
:100F6C005C5302002C1C0200F4120200E9840020E5
:100F7C004C9500203D570200D81C0200B012020014
:100F8C00F38400202096002049570200F01C020038
:100F9C00B0120200F58400202C960020965302001B
:100FAC000000000070120200EB8400200000000022
:100FBC00A55302000000000078120200ED8400200E
:100FCC000000000095580200081D020010130200DA
:100FDC00F9840020C09600204F580200CC830020DA
:100FEC00D4120200F784002038960020025602002A
:100FFC00641C020098120200EF84002094830020ED
:10100C00EC5202008C810020B4160200E584002012
:10101C0070870020E552020000000000E812020078
:10102C00E784002054830020815602000000000059
:0C103C0080120200F1840020000000007F
:101048000000000029D901000000000029D9010092
:101058000000000029D901000000000029D9010082
:101068000000000029D90100816E0100CBFC0100BD
:101078000000000029D901000000000029D9010062
:10108800D00F020085FB01000000000029D90100F3
:101098000000000029D901000000000029D9010042
:1010A8000000000029D901000000000029D9010032
:1010B8000000000029D901000000000029D9010022
:1010C8000000000029D901000000000029D9010012
:1010D8000000000029D901000000000029D9010002
:1010E8000000000029D90100000000006D5E010029
:1010F8000000000029D901000000000029D90100E2
:101108000000000029D901000000000029D90100D1
:101118000000000029D901000000000029D90100C1
:101128000000000029D901000000000029D90100B1
:101138000000000029D901000000000029D90100A1
:101148000000000029D901000000000029D9010091
:101158000000000029D901000000000029D9010081
:101168000000000029D901000000000029D9010071
:101178000000000029D901000000000029D9010061
:101188000000000029D901000000000029D9010051
:101198007D790100CBFC0100DD820100CBFC010060
:1011A8000000000029D901000000000029D9010031
:1011B8000000000029D9010091760100CBFC010054
:1011C8000000000029D901000000000029D9010011
:1011D8000000000029D901000000000029D9010001
:1011E8000000000029D901000000000029D90100F1
:1011F8000000000029D901000000000029D90100E1
:101208000000000029D901000000000029D90100D0
:101218000000000029D901000000000029D90100C0
:101228000000000029D901000000000029D90100B0
:101238000000000029D901000000000029D90100A0
:101248000000000029D901000000000029D9010090
:101258000000000029D901000000000029D9010080
:081268000000000029D901007B
:1012700003F90100000000000BF90100000000006C
:10128000F9520100ED53010069530100F1520100D0
:101290006BFA0100E1520100514E0100354D010091
:1012A000A55101007D4B0100F1F901006D4B0100DA
:1012B000755601009FFA0100ABFA0100BFFA010068
:1012C000C9FA0100D3FA01009155010071540100DF
:0412D000000000001A
:1012D40001590100E7FA010003FB010007FB0100CB
:0412E4003D5901006F
:0C12E800014601007D460100A143010009
:1012F40041480100F9F80100B5F8010000000000C0
:0C1304000947010000000000000000008C
:0C1310003FFB0100155C010031FB0100F7
:10131C0005000000D5FA00000000000006000000E7
:10132C00B12A01000000000004000000ED010100E2
:04133C0000000000AD
:101340008587000005870000000000000000000005
:10135000000000000000000000000000000000008D
:10136000541A020008000000F41A020007000000EE
:1013700018160200070000000C170200060000000B
:10138000C13902000300000099440200030000007C
:101390005B2C020003000000074002000300000075
:1013A000B54F020003000000622C020003000000A1
:1013B0005C3C0200030000002E4A02000300000013
:1013C0005F36020003000000FC5202000300000030
:1013D0000A53020003000000A13A020003000000CB
:1013E0001E390200030000009D4F020003000000B0
:1013F000F2410200030000008A2302000300000003
:10140000C52A020003000000062C020003000000B1
:10141000A94E020003000000E71F020003000000C5
:1014200088530200030000003A5902000300000044
:101430006459020003000000CC22020003000000F7
:101440009856020003000000BF21020003000000C4
:1014500064220200030000005A580200030000004A
:10146000B2280200030000009929020003000000D6
:10147000CD290200030000003E60020003000000CE
:101480000F56020003000000092C020003000000B8
:10149000DC290200030000009F5802000300000046
:1014A000032C02000000000000000000C5BA00008C
:1014B00041BD0000000000006C4802000100000077
:1014C000000000003BEE01000000000000000000F2
:1014D000224A02000100000000000000A5170100E0
:1014E00000000000000000001A4A02000100000095
:1014F0000000000099110100F51F0100000000002C
:10150000954F020001000000000000005140010062
:10151000553E010000000000284A020001000000C2
:1015200000000000F5140100511701000000000048
:101530000000000001000000A0000000F00000001A
:101540000000000011850100060000006435020063
:10155000693502006D3502007135020075350200F3
:10156000793502007D3502008135020085350200A3
:10157000893502008D350200913502009535020053
:10158000993502009D350200FF000000FF000000B9
:10159000FF000000FF000000FF000000FF0000004F
:1015A000FF000000FF000000FF000000FF0000003F
:1015B000FF000000FF000000000200000002000029
:1015C0000000000016610200000100001800280061
:1015D00000002A0001030062746C65000000000036
:1015E00000000000000000000000000000000000FB
:1015F00000000000000000000000000000000000EB
:1016000000000000000000000001000000000000D9
:101610000338FDD870470000CC1D020043F00100E4
:1016200000000000D384002000000100C81D02005B
:1016300037F101000000000080810020000001005F
:10164000C284002000000000D586000000000000D9
:1016500000000200C41D0200A5F10100000000000E
:10166000731F020000000100C01D020037F10100DD
:10167000000000007881002000000100B1840020FB
:1016800000000000A586000000000000000002002D
:10169000BC1D0200A5F1010000000000801F020037
:1016A0000000010001010000B0840020090E0000CC
:1016B0008D1F020009990000B3D40100E99A0000CF
:1016C000359B0000219C000091D2010005D3010050
:1016D00099D20100CBD20100B5D201009FD2010006
:1016E0000000000000000000E3D50100D5D5010096
:1016F000DFD50100D3D5010000000000000000008C
:101700000000000000000000C3D50100DC1D020045
:1017100043F00100000000007923020000000100F6
:10172000D81D020037F1010000000000F481002004
:101730000000010057230200E1A3000000000000A8
:101740004998002000000100D41D020015F001009E
:10175000211A0100DC81002000000300D01D0200DE
:1017600037F1010000000000D481002000000100DA
:101770003523020000000000A5A3000000000000C7
:101780000000020007000000000000000000000050
:101790000080000034100200010000000000000082
:1017A00000800000341002000200000000800000F1
:1017B00000400F0034100200030000000080000011
:1017C00000400F00341002000400000000C00F00B1
:1017D00000200000341002000500000000C00F00CF
:1017E00000200000341002000600000000E00F009E
:1017F00000200000341002000080002000000000E3
:1018000006000100020000000C18020000000000A9
:101810006029020002000000E0FF0F0000800020AD
:101820006829020021000000E0FF0620008200205D
:1018300065B2000000000000FFD90100E1B800001F
:10184000BDB800000000000030180200541802006B
:101850004700000030D90020301802006418020050
:101860004A00000010DD0020301802007418020049
:101870002E000000E4DD0020301802008418020071
:1018800002010000C4DE0020A1350200BF350200C5
:10189000DA350200EA350200F735020000360200B0
:1018A000073602000E360200153602001D36020011
:1018B000F735020025360200373602004C360200AA
:1018C0000E0300009DD400000F040000F1D40000BE
:1018D0001A01000049C0000005040000A1C000007A
:1018E00013010000B1C60000FF01000071C3000039
:1018F0003E01000051C3000005040000EDC00000DF
:1019000008040000F1C800003003000071C80000A6
:101910001001000081C100000112000021D400006C
:101920000A1E0000EBDD010003090000A5C5000050
:10193000040B0000B5C30000060A0000E5CD00005E
:10194000070A000055C100000C05000029C1000075
:10195000050C0000EDCC00003018020064190200F4
:1019600047000000E4DF0020863F0200933F0200B2
:10197000B33F0200A73F0200BE3F0200D53F020076
:10198000E53F0200893F0200F93F020030180200E3
:101990009819020000000000C4E300203018020083
:1019A000A81902004A000000ECE300207FE40100D7
:1019B00081E40100000000000000000000000000C1
:1019C000E1FD000000000000000000000000000039
:1019D0000000000002020100CBEC01000404010041
:1019E000B90D010006060100F90C01000804010010
:1019F000E50B01000A020100B3EC01000C04010038
:101A00009BEC01000E040100B90A01002004010052
:101A10001D0A0100100401002D090100120201003D
:101A20004FEC0100160401005DE601001801010001
:101A300097E901001E0004001FED010052020000A2
:101A400075EC010030180200501A02004C00000032
:101A500044E500200C1E020043F0010000000000DD
:101A6000081E020000000100041E020037F1010000
:101A700000000000F882002000000100FC1D0200B0
:101A80000000000000000000000000000000000056
:101A9000F81D020015F00100211A0100008300204A
:101AA00000000300F41D020037F1010000000000F7
:101AB000F082002000000100EC1D02007BF001001C
:101AC0000D1601000000000000000300E81D0200E8
:101AD00037F1010000000000E88200200000010052
:101AE000E01D0200091F01000000000000000000CE
:101AF00000000100381E020043F001000000000059
:101B0000341E020000000100301E020037F1010007
:101B1000000000002883002000000100281E0200B1
:101B2000ABF0010000000000000000000000010018
:101B3000241E020037F10100000000002083002075
:101B4000000001001C1E0200D5F001000000000092
:101B50000000000000000100181E020037F1010023
:101B6000000000001883002000000100101E020089
:101B700059190100000000000000000000000100F1
:101B8000E5310100CDF60100093B01000000000035
:101B900000000000413801000000000000000000CB
:101BA0000000000000000000000000000000000035
:101BB0008132010006000000C7F4010006000000A9
:101BC000712F010010000000F12B01001000000037
:101BD000B13A01000100000063F3010010000000B1
:101BE000C3F401000A000000912B01001000000066
:101BF0001539010007000000CBF4010010000000BF
:101C0000CBF3010001000000293101004000000079
:101C100067F4010010000000E3F301000100000080
:101C2000CD460100B54701000000000071490100E8
:101C30007D48010067530200DBF80100EDF8010068
:101C40006D530200D5F80100E7F80100735302005C
:101C5000CFF80100E1F801007D530200040000000C
:101C600000FF000000000000000000000000000075
:101C70000000000000000000000000000000000064
:101C8000040300000000000BF4010000000101004B
:101C900000008000C22817009C1C020000B0024017
:101CA000A81C020001000000B01C02000600000099
:101CB0001118001D0D18001F0E1800200F1800210C
:101CC000101800221218001E00080000001000006A
:101CD0000400000000FF0000FFFF00000028844017
:101CE000000000000100000000F0024000000000C1
:101CF000FFFFFFFF002584400000000000000000FF
:101D000000F00240000000000080004001000000E0
:101D1000000000002C1D02000000D60100000000A1
:101D2000000000009399002092990020008000405C
:101D3000381D020001000000401D020004000000E8
:101D4000140000001300000216060001150600032F
:101D5000940F02001C000100940F02001D000100FE
:101D6000940F02001E000100940F02001F000101E9
:101D7000DE5D0200F15D0200045E0200175E0200FB
:101D80002A5E02003D5E0200505E0200635E0200B9
:101D9000CE5F0200DC5F0200F05F0200FF5F020026
:101DA0000B600200940E0200940E0200FC0E020072
:101DB0000C0F02006C0F02006C0F020000000129E2
:101DC000000003280000012900000328000000286B
:101DD000000003280000022900000328000000285A
:101DE00000002A2B00002A2B000003280000292BCA
:101DF0000000292B00000328000002290000052A0A
:101E00000000052A00000328000001180000002837
:101E10000000042A0000042A000003280000012A10
:101E20000000012A000003280000002A0000002A08
:101E30000000032800000018000000280401000131
:101E40002401200102000100000200014C4544343D
:101E5000204F4E0A004C454434204F46460A004C61
:101E6000454433204F4E0A004C454433204F4646EC
:101E70000A00446973636F6E6E656374656420283D
:101E8000726561736F6E202575290A00426C756555
:101E9000746F6F746820696E6974206661696C651F
:101EA000642028657272202564290A00426C7565D9
:101EB000746F6F746820696E697469616C697A65A2
:101EC000640A004164766572746973696E6720669E
:101ED00061696C656420746F20737461727420286A
:101EE000657272202564290A0041647665727469FE
:101EF00073696E67207375636365737366756C6C65
:101F00007920737461727465640A00436F6E6E6544
:101F10006374696F6E206661696C65642028657200
:101F200072202575290A00436F6E6E6563746564BF
:101F30000A005374617274696E672054776F204C85
:101F4000454420436F6E74726F6C204170706C69F1
:101F5000636174696F6E0A004C45447320696E6951
:101F600074206661696C656420286572722025643E
:101F7000290A004C45443320436F6E74726F6C0025
:101F80004C45443420436F6E74726F6C004E6F7218
:101F90006469635F54776F4C4544730000070E0912
:101FA0001C1B1215383F363124232A2D5745535414
:101FB0005F544F504449522F7A65706879722F6C84
:101FC00069622F686561702F686561702E630041DA
:101FD0005353455254494F4E204641494C204020CE
:101FE00025733A25640A0063627072696E74665FD5
:101FF0007061636B61676500574553545F544F5080
:102000004449522F7A65706879722F6C69622F7516
:1020100074696C732F6F6E6F66662E63005745533D
:10202000545F544F504449522F7A65706879722F2B
:10203000696E636C7564652F7A65706879722F7349
:1020400070696E6C6F636B2E6800574553545F5414
:102050004F504449522F7A65706879722F6C6962CB
:102060002F7574696C732F6E6F746966792E6300B7
:1020700025633A204E5653206E6F7420696E697442
:1020800069616C697A65640A0025633A20436F755B
:102090006C64206E6F74206F627461696E20666C70
:1020A00061736820706172616D65746572730A0096
:1020B00025633A20556E737570706F727465642075
:1020C000777269746520626C6F636B2073697A65DF
:1020D0000A0025633A20556E61626C6520746F209A
:1020E000676574207061676520696E666F0A0025F8
:1020F000633A20496E76616C696420736563746F1E
:10210000722073697A650A0025633A20436F6E6610
:10211000696775726174696F6E206572726F722083
:102120002D20736563746F7220636F756E740A007F
:1021300025633A20256420536563746F7273206FA2
:10214000662025642062797465730A0025633A204D
:10215000616C6C6F63207772613A2025642C2025B6
:10216000780A0025633A2064617461207772613ACD
:102170002025642C2025780A0025633A204E6F2004
:10218000474320446F6E65206D61726B65722066F7
:102190006F756E643A2072657374617274696E67EC
:1021A0002067630A0025633A20474320446F6E6529
:1021B000206D61726B657220666F756E640A0066D1
:1021C000735F6E76730025633A20496E76616C69A1
:1021D0006420696E7374616E63650A0025633A203A
:1021E000496E76616C6964206261636B656E642020
:1021F000636F6E66696775726174696F6E0A002538
:10220000633A20496E76616C696420696E7374610B
:102210006E63652C20656E64706F696E74206F72DA
:1022200020636F6E66696775726174696F6E0A000C
:1022300025633A20496E76616C696420656E64702E
:102240006F696E740A0025633A20456E64706F6989
:102250006E74206E6F742072656769737465726541
:10226000640A0A006970635F73657276696365006A
:10227000574553545F544F504449522F7A65706804
:1022800079722F7375627379732F73657474696EC5
:1022900067732F7372632F73657474696E67732E1F
:1022A000630025633A207365742D76616C75652033
:1022B0006661696C7572652E206B65793A202573AD
:1022C000206572726F72282564290A00666C61733A
:1022D00068002A2A2A20426F6F74696E67206E5246
:1022E0004620436F6E6E6563742053444B207633F3
:1022F0002E302E312D3965623536313564613636F2
:1023000062202A2A2A0A002A2A2A205573696E671F
:10231000205A6570687972204F532076342E302E03
:1023200039392D37376638363562386638643020AB
:102330002A2A2A0A000223D1BCEA5F782315DEEF9D
:102340001212251500000223D1BCEA5F782315DEA6
:10235000EF1212251500000223D1BCEA5F78231585
:10236000DEEF1212241500000223D1BCEA5F7823AD
:1023700015DEEF1212241500000223D1BCEA5F78AB
:102380002315DEEF12122315000062745F6C627376
:102390000025633A2072302F61313A2020307825B1
:1023A000303878202072312F61323A202030782561
:1023B000303878202072322F61333A20203078254F
:1023C0003038780A0025633A2072332F61343A207E
:1023D00020307825303878207231322F69703A20D9
:1023E00020307825303878207231342F6C723A20C2
:1023F000203078253038780A0025633A202078701C
:1024000073723A20203078253038780A0025633AF4
:10241000204661756C74696E6720696E737472759D
:102420006374696F6E2061646472657373202872CF
:1024300031352F7063293A203078253038780A00FA
:1024400025633A20556E68616E646C65642049525C
:10245000516E3A2025640A0025633A202A2A2A2A46
:102460002A205553414745204641554C54202A2A9D
:102470002A2A2A0A0025633A2020204469766973B3
:10248000696F6E206279207A65726F0A0025633A5F
:10249000202020556E616C69676E6564206D656DE6
:1024A0006F7279206163636573730A0025633A2054
:1024B0002020537461636B206F766572666C6F7752
:1024C0002028636F6E746578742061726561206E78
:1024D0006F742076616C6964290A0025633A2020B4
:1024E000204E6F20636F70726F636573736F72201D
:1024F000696E737472756374696F6E730A00256315
:102500003A202020496C6C6567616C206C6F6164B7
:10251000206F66204558435F52455455524E2069FE
:102520006E746F2050430A0025633A202020496CC6
:102530006C6567616C20757365206F6620746865D3
:1025400020455053520A0025633A202020417474DC
:10255000656D707420746F2065786563757465208F
:10256000756E646566696E656420696E73747275F4
:102570006374696F6E0A0025633A202A2A2A2A2A80
:1025800020425553204641554C54202A2A2A2A2AB3
:102590000A0025633A202020537461636B696E67DB
:1025A000206572726F720A0025633A202020556EF2
:1025B000737461636B696E67206572726F720A0073
:1025C00025633A2020205072656369736520646139
:1025D000746120627573206572726F720A002563E0
:1025E0003A20202042464152204164647265737350
:1025F0003A20307825780A0025633A202020496D5A
:1026000070726563697365206461746120627573BB
:10261000206572726F720A0025633A202020496E8D
:10262000737472756374696F6E206275732065725E
:10263000726F720A0025633A202020466C6F617425
:10264000696E672D706F696E74206C617A79207382
:102650007461746520707265736572766174696FF8
:102660006E206572726F720A0025633A202A2A2A48
:102670002A2A204D5055204641554C54202A2A2ABA
:102680002A2A0A0025633A202020537461636B696B
:102690006E67206572726F722028636F6E74657842
:1026A000742061726561206D6967687420626520BD
:1026B0006E6F742076616C6964290A0025633A2084
:1026C00020204461746120416363657373205669FF
:1026D0006F6C6174696F6E0A0025633A2020204D8B
:1026E0004D46415220416464726573733A203078DC
:1026F00025780A0025633A202020496E737472758C
:102700006374696F6E204163636573732056696FEC
:102710006C6174696F6E0A00574553545F544F5093
:102720004449522F7A65706879722F617263682FFD
:1027300061726D2F636F72652F636F727465785F5E
:102740006D2F6661756C742E6300526573657276C9
:10275000656420457863657074696F6E2028005346
:10276000707572696F757320696E746572727570B9
:10277000742028495251200025633A20457863652A
:102780007074696F6E206F6363757272656420691F
:102790006E205365637572652053746174650A0019
:1027A00025633A202A2A2A2A2A20484152442046D0
:1027B00041554C54202A2A2A2A2A0A0025633A2005
:1027C0002020427573206661756C74206F6E2076D0
:1027D0006563746F72207461626C652072656164F8
:1027E0000A0025633A2020204465627567206576DB
:1027F000656E740A0025633A2020204661756C746A
:1028000020657363616C6174696F6E202873656500
:102810002062656C6F77290A0025633A2041524394
:10282000485F455843455054207769746820726565
:1028300061736F6E2025780A0A0025633A202A2AE0
:102840002A2A2A204465627567206D6F6E69746F4D
:102850007220657863657074696F6E202A2A2A2A4F
:102860002A0A0025633A202A2A2A2A2A20257320A8
:10287000256429202A2A2A2A2A0A00574553545F08
:10288000544F504449522F7A65706879722F6172A3
:1028900063682F61726D2F636F72652F636F72743F
:1028A00065785F6D2F6972715F6D616E6167652E0E
:1028B00063006D70750025633A204661696C65643C
:1028C00020746F20616C6C6F63617465206E657736
:1028D000204D505520726567696F6E2025750A0A74
:1028E0000025633A20506172746974696F6E202507
:1028F000753A2073616E69747920636865636B2033
:102900006661696C65642E0A0025633A20496E761B
:10291000616C696420756E6465726C79696E67209C
:10292000726567696F6E20696E6465782025750A27
:1029300000574553545F544F504449522F7A6570A5
:102940006879722F617263682F61726D2F636F7285
:10295000652F6D70752F61726D5F6D70752E6300E0
:10296000464C4153485F30005352414D5F30006543
:1029700078697400574553545F544F504449522F5F
:102980007A65706879722F6C69622F6E65745F6208
:1029900075662F6275662E63006E65745F6275667C
:1029A00000574553545F544F504449522F7A657035
:1029B0006879722F6C69622F6E65745F6275662F1D
:1029C0006275665F73696D706C652E63006E657409
:1029D0005F6275665F73696D706C6500736F63002D
:1029E000574553545F544F504449522F7A6570688D
:1029F00079722F736F632F6E6F726469632F6E72BB
:102A00006635332F6E726635335F6370756E65742D
:102A10005F6D676D742E63000000000157455354CD
:102A20005F544F504449522F7A65706879722F7302
:102A30006F632F6E6F726469632F636F6D6D6F6E5E
:102A40002F736F635F7365637572652E630000FF9C
:102A5000FFFFFFFFFF00000000000000FFFFFFFF7F
:102A6000FFFF0000000000007075626C6963007277
:102A7000616E646F6D007075626C69632D696400CE
:102A800072616E646F6D2D69640030782530327824
:102A900000253032583A253032583A253032583AEB
:102AA000253032583A253032583A253032582028CD
:102AB0002573290030313233343536373839616285
:102AC000636465660062745F7270610025633A201A
:102AD000496E73756666696369656E74206E756D9F
:102AE000626572206F6620617267756D656E7473C2
:102AF0000A0025633A2049676E6F72696E67206924
:102B000064656E7469746965732073746F7265644B
:102B100020696E20666C6173680A0025633A20495B
:102B20006E76616C6964206C656E677468204944D8
:102B3000206164647265737320696E2073746F72B0
:102B40006167650A0062742F25732F25303278255E
:102B50003032782530327825303278253032782579
:102B600030327825752F25730062742F25732F2539
:102B70003032782530327825303278253032782559
:102B80003032782530327825750025633A20736518
:102B90007474696E67735F7375627379735F696E5E
:102BA0006974206661696C656420286572722025ED
:102BB00064290A0062742F25730025633A20466158
:102BC000696C656420746F207361766520494420C8
:102BD00028657272202564290A0025633A20556E03
:102BE00061626C6520746F20736574757020616E0E
:102BF000206964656E7469747920616464726573B8
:102C0000730A0062740062745F73657474696E673E
:102C100073004254204C572057510002FB349B5FF5
:102C20008000008000100000000000005745535451
:102C30005F544F504449522F7A65706879722F73F0
:102C400075627379732F626C7565746F6F74682F1A
:102C5000686F73742F6275662E630062745F6275AD
:102C6000660062745F646174610025633A204461A8
:102C7000746120627566666572206F766572666C37
:102C80006F7720286C696E6B2074797065203078BE
:102C900025303278290A0025633A20546F6F20735B
:102CA0006D616C6C2028257520627974657329200C
:102CB0006576656E74203078253032780A00256399
:102CC0003A20556E61626C6520746F206C6F6F6B7B
:102CD00020757020636F6E6E20776974682068615C
:102CE0006E646C652025750A0025633A20556E6177
:102CF000626C6520746F206C6F6F6B757020636FF2
:102D00006E6E20666F722068616E646C652025753A
:102D10000A0025633A204861726477617265206514
:102D200072726F722C2068617264776172652063C1
:102D30006F64653A2025640A0025633A20436F7565
:102D40006C64206E6F74207375626D697420727884
:102D50005F776F726B3A2025640A0025633A20552D
:102D60006E68616E646C6564206576656E74203093
:102D70007825303278206C656E2025753A202573D1
:102D80000A0025633A20496E76616C6964204843E5
:102D9000492041434C207061636B65742073697AEC
:102DA0006520282575290A0025633A2041434C20D7
:102DB00064617461206C656E677468206D69736D01
:102DC000617463682028257520213D202575290A16
:102DD0000025633A20556E61626C6520746F206631
:102DE000696E6420636F6E6E20666F722068616E1C
:102DF000646C652025750A0025633A20496E76616A
:102E00006C696420484349206576656E7420736957
:102E10007A6520282575290A00574553545F544F79
:102E2000504449522F7A65706879722F73756273B6
:102E300079732F626C7565746F6F74682F686F7328
:102E4000742F6863695F636F72652E630025633A50
:102E500020556E6B6E6F776E206275662074797088
:102E6000652025750A0025633A20556E68616E64F9
:102E70006C65642076656E646F722D73706563692E
:102E8000666963206576656E742030782530327807
:102E9000206C656E2025753A2025730A0025633A5B
:102EA000204E6F2070656E64696E67207065726970
:102EB00070686572616C20636F6E6E656374696FB4
:102EC0006E0A0025633A20556E65787065637465F7
:102ED00064207374617475732030782530327820E3
:102EE00025730A0025633A204E6F20636F6D6D6174
:102EF0006E642073656E7420666F7220636D64204B
:102F0000636F6D706C657465203078253034780A95
:102F10000025633A204F70436F6465203078253078
:102F2000347820636F6D706C6574656420696E73AE
:102F300074656164206F662065787065637465648C
:102F4000203078253034780A0025633A20696E7481
:102F5000657276616C20657863656564732074685A
:102F6000652076616C69642072616E6765203078D7
:102F7000253034780A0025633A206C6174656E63ED
:102F8000792065786365656473207468652076616F
:102F90006C69642072616E67652030782530347802
:102FA0000A0025633A20737570765F74696D656FEA
:102FB0007574206578636565647320746865207630
:102FC000616C69642072616E6765203078253034E9
:102FD000780A0025633A20657674206E756D5F6807
:102FE000616E646C657320283D25752920746F6FB0
:102FF000206C6172676520282575203E2025752983
:103000000A0025633A204E6F20636F6E6E6563740D
:10301000696F6E20666F722068616E646C65202532
:10302000750A0025633A207061636B6574732063D1
:103030006F756E74206D69736D617463680A002525
:10304000633A204661696C656420746F207365740F
:103050002072657175697265642073656375726944
:103060007479206C6576656C0A0025633A204E6F92
:10307000206368616E676520746F20656E63727986
:103080007074696F6E2073746174652028656E6357
:103090007279707420307825303278290A00756E84
:1030A0006B6E6F776E0025633A20496E76616C69AE
:1030B000642062756620747970652025750A005B4E
:1030C000305D0025633A204964656E746974792522
:1030D000733A2025730A0025633A204964656E74AB
:1030E0006974795B25645D3A2025730A0025633A8B
:1030F000204843493A2076657273696F6E202573C4
:1031000020283078253032782920726576697369F5
:103110006F6E203078253034782C206D616E7566A6
:1031200061637475726572203078253034780A00D6
:1031300025633A204C4D503A2076657273696F6E64
:103140002025732028307825303278292073756245
:10315000766572203078253034780A004E6F7264BC
:1031600069635F4C42530025633A20556E61626C7F
:103170006520746F2073656E6420746F20647269BB
:103180007665722028657272202564290A002563FD
:103190003A20556E61626C6520746F206C6F6F6BA6
:1031A00020757020636F6E6E207769746820696E79
:1031B000646578203078253032780A0025633A201B
:1031C0004E6F74207265706F7274696E67207061E3
:1031D000636B657420666F72206E6F6E2D636F6E09
:1031E0006E656374656420636F6E6E0A0025633AD2
:1031F000204F7574206F6620636F6D6D616E642063
:10320000627566666572730A0025633A20556E61C1
:10321000626C6520746F20616C6C6F6361746520F3
:103220006275666665720A0025633A20556E636CA6
:1032300065617265642070656E64696E6720736590
:103240006E745F636D640A0025633A206F70636F6C
:103250006465203078253034782073746174757318
:10326000203078253032782025730A0025633A20F3
:103270004661696C656420746F20726561642044E6
:103280004C45206D61782064617461206C656E0A24
:103290000025633A2074785F6F63746574732065EA
:1032A000786365656473207468652076616C696411
:1032B0002072616E67652025750A0025633A2074C7
:1032C000785F74696D6520657863656564732074E3
:1032D00068652076616C69642072616E676520257F
:1032E000750A0025633A20436F6E74726F6C6C65CB
:1032F0007220746F20686F737420666C6F77206320
:103300006F6E74726F6C206E6F7420737570706F57
:10331000727465640A0025633A204E6F6E2D4C4529
:103320002063617061626C6520636F6E74726F6C94
:103330006C6572206465746563746564210A002598
:10334000633A2041434C2042522F4544522062753B
:103350006666657273206E6F7420696E6974696148
:103360006C697A65640A0025633A2056656E646F5D
:10337000722048434920657874656E73696F6E7377
:10338000206E6F7420617661696C61626C650A0001
:1033900025633A20485720506C6174666F726D3A0D
:1033A0002025732028307825303478290A002563B9
:1033B0003A2048572056617269616E743A2025732D
:1033C0002028307825303478290A0025633A2046B1
:1033D00069726D776172653A2025732028307825EF
:1033E000303278292056657273696F6E2025752EEC
:1033F0002575204275696C642025750A0025633A9D
:10340000204661696C656420746F20726561642078
:10341000737570706F727465642076656E646F7218
:1034200020636F6D6D616E64730A0025633A2046F8
:1034300061696C656420746F2072656164207375C6
:1034400070706F727465642076656E646F7220664A
:10345000656174757265730A0025633A204E6F20AA
:10346000494420616464726573732E20417070203A
:103470006D7573742063616C6C2073657474696E10
:1034800067735F6C6F616428290A0025633A2048DE
:10349000434920647269766572206973206E6F7487
:1034A0002072656164790A004254205258205751B5
:1034B0000025633A2048434920647269766572208A
:1034C0006F70656E206661696C65642028256429CB
:1034D0000A0025633A204E6F2070656E64696E673E
:1034E00020636F6E6E20666F722070656572202596
:1034F000730A0025633A20556E65787065637465BC
:103500006420484F53545F4E554D5F434F4D504CD0
:10351000455445445F5041434B4554532C207374EC
:1035200061747573203078253032782025730A0055
:1035300091FBFBF3F4FBFBFBFBEA00090909090122
:1035400002090909090909090909090907090909F4
:1035500009090609090909090909090909090909DE
:1035600009090905312E306200312E3100312E3229
:1035700000322E3000322E3100332E3000342E3007
:1035800000342E3100342E3200352E3000352E31ED
:1035900000352E3200352E3300352E3400362E30D5
:1035A000005374616E6461726420426C7565746F5F
:1035B0006F746820636F6E74726F6C6C6572005606
:1035C000656E646F722073706563696669632063FA
:1035D0006F6E74726F6C6C6572004669726D7761A4
:1035E0007265206C6F616465720052657363756506
:1035F00020696D6167650072657365727665640048
:103600006E5246353178006E5246353278006E5231
:1036100046353378006E524635344878006E52464F
:1036200035344C7800496E74656C20436F72706F4E
:10363000726174696F6E004E6F72646963205365C6
:103640006D69636F6E647563746F72004E585020BD
:1036500053656D69636F6E647563746F7273006236
:10366000745F6863695F636F72650025633A206306
:103670006D6420646973616C6C6F7765640A0057D0
:103680004553545F544F504449522F7A65706879BE
:10369000722F7375627379732F626C7565746F6FB7
:1036A00074682F686F73742F69642E630025633A02
:1036B000204661696C656420746F2064697361627F
:1036C0006C652061646472657373207265736F6CDE
:1036D0007574696F6E0A0025633A205265736F6CCA
:1036E00076696E67206C6973742073697A652065EA
:1036F000786365656465642E2053776974636869CF
:103700006E6720746F20686F73742E0A0025633A09
:10371000204661696C656420746F20636C6561721A
:10372000207265736F6C7574696F6E206C69737449
:103730000A0025633A204661696C656420746F2035
:103740006164642049524B20746F20636F6E747201
:103750006F6C6C65720A0025633A205365742070A3
:10376000726976616379206D6F646520636F6D6D3A
:10377000616E64206973206E6F7420737570706F52
:10378000727465640A0025633A204661696C656459
:1037900020746F207365742070726976616379207C
:1037A0006D6F64650A0025633A2044697361626C39
:1037B000696E672061646472657373207265736FEC
:1037C0006C7574696F6E206661696C65642028652C
:1037D0007272202564290A0025633A204661696CCB
:1037E000656420746F2072656D6F76652049524B59
:1037F0002066726F6D20636F6E74726F6C6C657291
:103800000A0025633A204F6E6C792072616E646FF6
:103810006D20737461746963206964656E74697482
:1038200079206164647265737320737570706F7250
:103830007465640A0025633A20496E76616C696498
:1038400020696E70757420706172616D6574657247
:10385000730A0025633A204661696C656420746FC1
:103860002072656164207075626C696320616464B4
:10387000726573730A0025633A20526561642053B0
:103880007461746963204164647265737365732045
:10389000636F6D6D616E64206E6F74206176616917
:1038A0006C61626C650A0025633A204661696C654B
:1038B0006420746F2072656164207374617469633D
:1038C000206164647265737365730A0025633A202E
:1038D0004E6F2073746174696320616464726573F0
:1038E0007365732073746F72656420696E20636FF3
:1038F0006E74726F6C6C65720A0025633A204361C6
:103900006E27742073657420626F74682049444583
:103910004E544954592026204E5250410A00627498
:103920005F69640025633A20546F6F2062696720E5
:103930006164766572746973696E6720646174612D
:103940000A0025633A204661696C656420746F2023
:1039500073746172742061647665727469736572E0
:103960000A0025633A204661696C656420746F2003
:1039700073746F70206164766572746973696E67C1
:103980003A2025640A0025633A20436F6E74726FF3
:103990006C6C65722063616E6E6F742072657375F6
:1039A0006D6520636F6E6E65637461626C65206126
:1039B00064766572746973696E6720282564290AC4
:1039C0000062745F61647600574553545F544F50F2
:1039D0004449522F7A65706879722F696E636C75ED
:1039E00064652F7A65706879722F7379732F6279A5
:1039F00074656F726465722E680025633A20707377
:103A0000615F63727970746F5F696E6974282920D1
:103A10006661696C65642025640A0025633A20703C
:103A200073615F67656E65726174655F72616E6414
:103A30006F6D2829206661696C65642025640A0021
:103A400025633A204661696C656420746F20696D56
:103A5000706F727420414553206B65792025640A8C
:103A60000025633A2041455320656E637279707476
:103A7000696F6E206661696C65642025640A0025A3
:103A8000633A204661696C656420746F20646573D5
:103A900074726F7920414553206B65792025640A43
:103AA0000062745F686F73745F63727970746F0023
:103AB00025633A204661696C656420746F206765F0
:103AC0006E657261746520454343206B65792025DE
:103AD000640A0025633A204661696C656420746F4E
:103AE000206578706F727420454343207075626C56
:103AF0006963206B65792025640A0025633A2046B6
:103B000061696C656420746F206578706F727420D1
:103B10004543432070726976617465206B65792036
:103B200025640A0025633A204661696C6564207447
:103B30006F2064657374726F7920454343206B6511
:103B4000792049442025640A0025633A20466169AA
:103B50006C656420746F20696D706F727420746876
:103B6000652070726976617465206B657920666F77
:103B700072206B65792061677265656D656E742072
:103B800025640A0025633A20526177206B6579200D
:103B900061677265656D656E74206661696C6564E8
:103BA0002025640A0025633A204661696C6564201B
:103BB000746F2064657374726F7920746865206B0C
:103BC00065792025640A0025633A207073615F6976
:103BD0006D706F72745F6B657928292072657475DA
:103BE000726E6564207374617475732025640A00B5
:103BF00025633A204275737920706572666F726D25
:103C0000696E6720616E6F74686572204543444831
:103C1000206F7065726174696F6E0A00E69D350EE3
:103C2000480103CCDBFDF4AC1191F4EFB9A5F9E93F
:103C3000A7832C5E2CBE97F2D203B0208BD28915BD
:103C4000D08E1C742430ED8FC24563765C15525AB9
:103C5000BF9A32636DEB2A65499C80DC62745F65B4
:103C6000636300574553545F544F504449522F7A71
:103C700065706879722F7375627379732F626C75D2
:103C800065746F6F74682F686F73742F636F6E6ED7
:103C90002E630025633A204661696C656420726575
:103CA00061642072656D6F746520666561747572FC
:103CB000657320282564290A0025633A2046616936
:103CC0006C6564204C452053657420504859202869
:103CD0002564290A0025633A204661696C656420E1
:103CE000746F207365742064617461206C656E204C
:103CF000282564290A0025633A20556E6578706589
:103D000063746564206669727374204C3243415059
:103D1000206672616D650A0025633A20556E6578EC
:103D2000706563746564204C3243415020636F6E4C
:103D300074696E756174696F6E0A0025633A204E6E
:103D40006F7420656E6F7567682062756666657250
:103D500020737061636520666F72204C324341505E
:103D600020646174610A0025633A20556E6578709D
:103D700065637465642041434C20666C6167732001
:103D800028307825303278290A0025633A204143CB
:103D90004C206C656E206D69736D617463682028BA
:103DA0002575203E202575290A0028756E6B6E6FDB
:103DB000776E290025633A206E6F207472616E73EE
:103DC0006974696F6E2025730A0025633A20496E75
:103DD00076616C69642028257529206F6C642073D6
:103DE000746174650A0025633A20636F6E6E202546
:103DF00070206661696C656420746F2065737461FE
:103E0000626C6973682E205246206E6F6973653F3D
:103E10000A0025633A206E6F2076616C6964202861
:103E2000257529207374617465207761732073652B
:103E3000740A0025633A20696E636F6D706174695E
:103E4000626C652068616E646C652025750A0025CA
:103E5000633A2054696D656F75742064697363619A
:103E6000726465642E204E6F20626C6F636B696EA6
:103E70006720696E2073797377712E0A0025633A83
:103E800020556E61626C6520746F20616C6C6F638D
:103E90006174652062756666657220776974686909
:103EA0006E2074696D656F75740A0025633A20632E
:103EB0006F6E6E2025703A206E6F7420636F6E6E89
:103EC00065637465640A0025633A20466174616C19
:103ED000206572726F7220282564292E2044697330
:103EE000636F6E6E656374696E672025700A0025C6
:103EF000633A20466F756E642076616C6964206356
:103F00006F6E6E656374696F6E2028257029207747
:103F10006974682061646472657373202573206915
:103F20006E202573207374617465200A0025633A3E
:103F30002053656E64204C4520706172616D207560
:103F40007064617465206661696C656420286572BF
:103F500072202564290A0025633A2053656E642087
:103F60006175746F204C4520706172616D207570B1
:103F700064617465206661696C656420286572728D
:103F8000202564290A00646973636F6E6E6563742B
:103F9000656400646973636F6E6E6563742D636F2F
:103FA0006D706C657465007363616E2D6265666F1C
:103FB00072652D696E6974696174696E6700696EF6
:103FC0006974696174696E672D66696C7465722DB8
:103FD0006C697374006164762D636F6E6E656374D3
:103FE00061626C65006164762D6469722D636F6E29
:103FF0006E65637461626C6500646973636F6E6E95
:10400000656374696E670062745F636F6E6E00252E
:10401000633A204E6F20617661696C61626C652045
:104020004C3243415020636F6E7465787420666F24
:104030007220636F6E6E2025700A00574553545FDF
:10404000544F504449522F7A65706879722F7375B6
:10405000627379732F626C7565746F6F74682F6803
:104060006F73742F6C326361702E630025633A2086
:10407000556E61626C6520746F20616C6C6F63615A
:1040800074652062756666657220666F72206F7057
:10409000203078253032780A0025633A2045787040
:1040A000656374696E6720757020746F20256420C5
:1040B000726566732C20676F742025640A0025637F
:1040C0003A20616C7265616479206861766520765A
:1040D000696577206F6E2025700A0025633A2054A9
:1040E0006F6F20736D616C6C204C324341502073B4
:1040F00069676E616C696E67205044550A002563DC
:104100003A204C32434150206C656E677468206DD4
:1041100069736D617463682028257520213D202511
:1041200075290A0025633A20496E76616C6964201E
:104130006964656E742076616C756520696E204CCB
:1041400032434150205044550A0025633A20546FB1
:104150006F20736D616C6C204C4520636F6E6E2018
:10416000706172616D207273700A0025633A20528B
:10417000656A656374696E6720756E6B6E6F776EC6
:10418000204C324341502050445520636F646520D9
:104190003078253032780A0025633A20546F6F203A
:1041A000736D616C6C204C3243415020504455205B
:1041B00072656365697665640A0025633A2049671C
:1041C0006E6F72696E67206461746120666F722021
:1041D000756E6B6E6F776E206368616E6E656C20B6
:1041E0004944203078253034780A00636F6E666960
:1041F000670062745F6C326361700025633A20551A
:104200006E61626C6520746F2063726561746520F5
:10421000555549443A2073697A652025750A002569
:10422000633A20556E61626C6520746F206372651D
:1042300061746520555549443A2073697A65202593
:10424000640A0025633A204E6F20617661696C61D3
:10425000626C652041545420636F6E7465787420DD
:10426000666F7220636F6E6E2025700A0025633AB8
:10427000204E6F20617661696C61626C65204154EB
:1042800054206368616E6E656C20666F7220636F88
:104290006E6E2025700A0025633A204E6F742063ED
:1042A0006F6E6E65637465640A0025633A20556E0F
:1042B00061626C6520746F2066696E64204154549D
:1042C000206368616E6E656C0A0025633A20415474
:1042D00054206368616E6E656C206E6F7420636F2E
:1042E0006E6E65637465640A00574553545F544F9E
:1042F000504449522F7A65706879722F73756273D2
:1043000079732F626C7565746F6F74682F686F7343
:10431000742F6174742E630025633A204572726FA6
:1043200072207369676E696E6720646174610A0048
:1043300025633A2052616E206F7574206F66205499
:10434000582062756666657273206F7220636F6EA7
:1043500074657874732E0A0025633A20476F7420C1
:104360006572722025642C206E6F742063616C6C02
:10437000696E67204154542063620A0025633A2025
:10438000415454204D5455206578636565646564D7
:104390002C206D61782025752C2077616E74656402
:1043A00020257A750A0025633A20546F6F20736DBB
:1043B000616C6C20415454205044552072656365F3
:1043C000697665640A0025633A20556E68616E64FB
:1043D0006C65642041545420636F646520307825F7
:1043E0003032780A0025633A20496E76616C696440
:1043F000206C656E20257520666F7220636F646582
:10440000203078253032780A0025633A204E6F201C
:10441000415454206368616E6E656C20666F722033
:104420004D545520257A750A0025633A204E6F2099
:1044300070656E64696E67204154542072657175B1
:104440006573740A0025633A204154542054696D01
:10445000656F757420666F72206465766963652088
:1044600025732E20446973636F6E6E656374696E85
:10447000672E2E2E0A0025633A20446973636F6EFF
:104480006E656374696E67206661696C6564202877
:10449000657272202564290A0062745F6174740079
:1044A00025633A20434D4143207570646174652053
:1044B0006661696C65642025640A0025633A2046BC
:1044C00061696C656420746F206465636F64652046
:1044D00076616C7565202865727220257A64290AD8
:1044E0000025633A204661696C656420746F20730F
:1044F000617665204461746162617365204861730F
:10450000682028657272202564290A005745535493
:104510005F544F504449522F7A65706879722F73F7
:1045200075627379732F626C7565746F6F74682F21
:10453000686F73742F676174742E630025633A206B
:104540006661696C656420746F2073746F72652096
:1045500053432028657272202564290A0025633A96
:1045600020756E61626C6520746F207361766520C2
:1045700053433A206E6F20636667206C6566740A49
:104580000025633A20556E61626C6520746F20646B
:1045900065636F646520616464726573732025735D
:1045A0000A0025633A20496E76616C6964206C6F5D
:1045B00063616C206964656E7469747920256C751B
:1045C0000A0025633A20556E61626C6520746F2085
:1045D000726573746F72652053433A206E6F206367
:1045E0006667206C6566740A0025633A20546F6F15
:1045F000206D616E7920436C69656E74204368613B
:10460000726163746572697374696320436F6E6667
:10461000696775726174696F6E2E205365652043FA
:104620004F4E4649475F42545F53455454494E47A5
:10463000535F4343435F53544F52455F4D41580AC4
:104640000A0025633A204E6F207370616365207401
:104650006F2073746F726520436C69656E742053AC
:104660007570706F727465642046656174757265EB
:10467000730A0025633A20556E61626C6520746F81
:1046800020726573746F72652043463A206E6F2006
:10469000636667206C6566740A0025633A20436888
:1046A000616E67652D6177617265207374617475E1
:1046B00073206E6F7420666F756E6420696E207350
:1046C000657474696E67732C2064656661756C74BB
:1046D000696E6720706565722073746174757320EC
:1046E000746F206368616E67652D756E61776172A6
:1046F000650A0025633A2052656164206261636B3C
:1047000020626164206368616E67652D6177617204
:10471000652076616C75653A20307825782C2064A8
:10472000656661756C74696E67207065657220736B
:10473000746174757320746F206368616E67652D92
:10474000756E61776172650A0025633A206661695A
:104750006C656420746F2064656C657465205343D8
:104760002028657272202564290A0025633A2046B4
:1047700061696C656420746F20636C65617220539D
:10478000432025640A0025633A2076616C75655FD5
:104790006C656E206F662025752070726F76696477
:1047A000656420666F72204E554C4C2076616C75A6
:1047B000650A0025633A204E6F207370616365209F
:1047C000746F2073746F7265204343432063666780
:1047D0000A0025633A204661696C656420746F2085
:1047E00073746F726520436C69656E7420466561F1
:1047F00074757265732028657272202564290A0019
:1048000025633A20556E61626C6520746F20696D76
:10481000706F727420746865206B657920666F72A2
:104820002041455320434D41432025640A00256320
:104830003A20434D4143206F7065726174696F6E19
:1048400020696E6974206661696C65642025640A5C
:104850000025633A20434D41432066696E697368C1
:10486000206661696C65642025640A0062742F63A8
:1048700063630025633A20496E76616C6964206B3E
:1048800065790A0025633A2052656164206D65747C
:10489000686F64206E6F74207365740A0025633A34
:1048A000204661696C656420746F207265616420C4
:1048B0006174747269627574652025702028657250
:1048C0007220257A64290A0025633A20496E7661B0
:1048D0006C69642072656164206C656E6774683A07
:1048E00020257A640A0025633A204C696E6B2069A2
:1048F00073206E6F7420656E637279707465640ADC
:104900000025633A20446576696365206973206EEB
:104910006F74207375627363726962656420746F6B
:104920002063686172616374657269737469630A94
:104930000025633A204E6F206275666665722061BD
:104940007661696C61626C6520746F2073656E645A
:1049500020696E6469636174696F6E0A0025633A49
:1049600020434343202570206E6F74207772697452
:1049700061626C650A0025633A20534320726573B7
:10498000746F726520696E6469636174696F6E200B
:104990006661696C65640A0025633A204E6F206287
:1049A000756666657220617661696C61626C65200E
:1049B000746F2073656E64206E6F746966696361DD
:1049C00074696F6E0A0025633A204661696C6564FC
:1049D00020746F20736574207365637572697479D0
:1049E00020666F7220626F6E646564207065657208
:1049F00020282564290A0025633A204661696C65F0
:104A00006420746F2073746F726520434343732076
:104A100028657272202564290A0062742F68617308
:104A2000680062742F63660062742F73630062749F
:104A30005F676174740025633A20556E61626C652E
:104A400020746F2066696E6420534D502063686146
:104A50006E6E656C0A0025633A204E6F20617661A8
:104A6000696C61626C6520534D5020636F6E746594
:104A7000787420666F7220636F6E6E2025700A0056
:104A800025633A204661696C656420746F20676510
:104A90006E65726174652044484B65790A00256330
:104AA0003A20556E61626C6520746F2067657420D2
:104AB0006B65797320666F722025730A0025633A4F
:104AC0002043616C63756C61746520636F6E666909
:104AD000726D206661696C65640A0025633A205531
:104AE0006E6B6E6F776E2070616972696E67206D94
:104AF0006574686F6420282575290A0025633A20AB
:104B000043616C63756C617465204C544B20666125
:104B1000696C65640A0025633A2043616C63756CB7
:104B2000617465206C6F63616C2044484B6579202B
:104B3000636865636B206661696C65640A00256360
:104B40003A2043616C63756C6174652072656D6FAA
:104B500074652044484B657920636865636B206603
:104B600061696C65640A0025633A2052656D6F7453
:104B700065207075626C6963206B65792072656A67
:104B800065637465640A0025633A2052656D6F742D
:104B900065206973207573696E6720446562756767
:104BA000205075626C6963206B65790A0025633A51
:104BB00020526563656976656420696E76616C690B
:104BC00064207075626C6963206B65790A005745D3
:104BD00053545F544F504449522F7A65706879722C
:104BE0002F7375627379732F626C7565746F6F7450
:104BF000682F686F73742F736D702E630025633A8E
:104C0000205075626C6963206B65792072652D6731
:104C1000656E65726174696F6E207265717565731A
:104C200074206661696C656420282564290A002562
:104C3000633A205075626C6963206B657920676503
:104C40006E65726174696F6E2074696D656F7574DD
:104C50000A0025633A2054686520696E2D70726FD2
:104C600067726573732070616972696E672068612D
:104C700073206265656E2064656C65746564210AE5
:104C80000025633A20534D5020646F6573206E6F8A
:104C90007420616C6C6F7720612070616972696E3D
:104CA00067206661696C757265206174207468693B
:104CB0007320706F696E742E204B6E6F776E206953
:104CC000737375652E20446973636F6E6E656374CC
:104CD000696E6720696E73746561642E0A002563CE
:104CE0003A205075626C6963206B6579206E6F7431
:104CF00020617661696C61626C650A0025633A2007
:104D0000546F6F20736D616C6C20534D5020504474
:104D1000552072656365697665640A0025633A20EB
:104D2000534D5020636F6D6D616E642028636F6416
:104D30006520307825303278292072656365697680
:104D400065642061667465722074696D656F757441
:104D50000A0025633A2052656365697665642072AE
:104D60006573657276656420534D5020636F64658A
:104D7000203078253032780A0025633A20556E6855
:104D8000616E646C656420534D5020636F646520D0
:104D90003078253032780A0025633A20556E6578E0
:104DA00070656374656420534D5020636F646520A3
:104DB0003078253032780A0025633A20496E7661D2
:104DC0006C6964206964656E746974792025730A5E
:104DD0000025633A2020666F722025730A00256340
:104DE0003A205265667573696E67206E657720702C
:104DF000616972696E672E20546865206F6C64204B
:104E0000626F6E64206D75737420626520756E70BC
:104E100061697265642066697273742E0A00256385
:104E20003A2070616972696E67206661696C6564B9
:104E300020287065657220726561736F6E2030780E
:104E40002578290A0025633A204E6F206B65797317
:104E500020737061636520666F722025730A0025D8
:104E6000633A20534D502054696D656F75740A0084
:104E70000005061F1F2918120308020305080A006F
:104E800008010304010504050906070101060608D7
:104E90000000010001000301000302020100020002
:104EA00000000000020301000362745F736D700074
:104EB000574553545F544F504449522F7A65706898
:104EC00079722F7375627379732F626C7565746F65
:104ED0006F74682F686F73742F6B6579732E63001E
:104EE00025633A204661696C656420746F207265A1
:104EF00061642076616C7565202865727220257A60
:104F000064290A0025633A20556E61626C6520743D
:104F10006F2066696E642064656C65746564206BDF
:104F200065797320666F722025730A0025633A2025
:104F30004661696C656420746F20616C6C6F63619D
:104F40007465206B65797320666F722025730A0083
:104F500025633A20496E76616C6964206B6579201F
:104F60006C656E67746820257A6420213D20257A5F
:104F7000750A0025633A204661696C656420746F88
:104F80002073617665206B657973202865727220C5
:104F90002564290A0062742F6B6579730062745F5F
:104FA0006B657973006C888391AAF5A53860370B1F
:104FB000DB5A6083BE62745F63727970746F002520
:104FC000633A204661696C656420746F20636F6D7D
:104FD00070757465204D41432025640A0025633AAD
:104FE00020556E6B6E6F776E207479706520257515
:104FF0000A0025633A204661696C656420746F205D
:1050000073656E642028657272202564290A002564
:10501000633A204E6F7420656E6F75676820646117
:10502000746120666F72206576656E7420686561B4
:105030006465720A0025633A204576656E742070B7
:1050400061796C6F6164206C656E67746820697348
:10505000206E6F7420636F72726563740A0025633B
:105060003A20436F756C646E277420616C6C6F63BB
:105070006174652061206275666665722061667480
:1050800065722077616974696E67203130207365BD
:10509000636F6E64732E0A0025633A204E6F74208E
:1050A000656E6F75676820737061636520696E2037
:1050B00062756666657220257A752F257A750A00F5
:1050C00025633A204E6F7420656E6F7567682064A3
:1050D00061746120666F722041434C206865616491
:1050E00065720A0025633A204E6F20617661696C13
:1050F00061626C652041434C20627566666572731F
:10510000210A0025633A2041434C207061796C6F7D
:105110006164206C656E677468206973206E6F74BB
:1051200020636F72726563740A0025633A204E6FC4
:105130007420656E6F756768206461746120666FA6
:10514000722049534F206865616465720A002563C7
:105150003A204E6F20617661696C61626C6520490E
:10516000534F20627566666572732028257A75290B
:10517000210A0025633A2049534F207061796C6FF2
:105180006164206C656E677468206973206E6F744B
:1051900020636F72726563740A0025633A20556E4E
:1051A0006B6E6F776E2048434920747970652025B7
:1051B000750A0025633A20484349207472616E7372
:1051C000706F7274207365747570206661696C65A8
:1051D0006420776974683A2025640A0A0025633AD6
:1051E00020495043207365727669636520696E7348
:1051F00074616E636520696E697469616C697A6156
:1052000074696F6E206661696C65643A2025640A72
:105210000A0025633A205265676973746572696E86
:105220006720656E64706F696E74206661696C6575
:105230006420776974682025640A0025633A204554
:105240006E64706F696E742062696E64696E672047
:105250006661696C656420776974682025640A005A
:1052600025633A2044657265676973746572696E77
:10527000672048434920656E64706F696E742066CC
:1052800061696C656420776974683A2025640A0056
:1052900025633A20436C6F73696E67204950432041
:1052A00073657276696365206661696C65642077F1
:1052B0006974683A2025640A0025633A2048434906
:1052C000207472616E73706F7274207465617264A1
:1052D0006F776E206661696C656420776974683ADF
:1052E0002025640A0062745F6863695F69706330D7
:1052F000006E72665F62745F6863690062745F6803
:1053000063695F6472697665720062745F6863697D
:105310005F6E726635335F737570706F72740057AD
:105320004553545F544F504449522F7A6570687901
:10533000722F647269766572732F636C6F636B5F33
:10534000636F6E74726F6C2F636C6F636B5F636FF0
:105350006E74726F6C5F6E72662E6300636C6F6347
:105360006B4035303030006866636C6B006C666390
:105370006C6B006866636C6B3139326D0068666314
:105380006C6B617564696F00636C6F636B5F636FF7
:105390006E74726F6C00656E74726F70795F627498
:1053A0005F686369007073612D726E670025633AF0
:1053B000206E52463533343020616E6F6D616C79EA
:1053C0002031353920636F6E646974696F6E7320A4
:1053D00064657465637465640A0025633A205365E7
:1053E00074207468652043505520636C6F636B2094
:1053F000746F203634204D487A206265666F72657E
:10540000207374617274696E672051535049206F24
:105410007065726174696F6E0A0025633A20636972
:105420006E7374722025303278207472616E7366E8
:10543000657220746F6F206C6F6E673A20257A75E5
:105440000A0025633A207772697465206572726F6D
:10545000723A2061646472657373206F722073699D
:105460007A65206578636565647320657870656327
:105470007465642076616C7565732E416464723A5C
:10548000203078256C782073697A6520257A750A32
:105490000025633A2072656164206572726F723A0A
:1054A0002061646472657373206F722073697A651A
:1054B00020657863656564732065787065637465DD
:1054C000642076616C7565732E416464723A203095
:1054D00078256C782073697A6520257A750A0073BF
:1054E000657400636C6561720025633A204A454427
:1054F0004543206964205B2530327820253032789E
:1055000020253032785D20657870656374205B25D6
:10551000303278202530327820253032785D0A000C
:1055200025633A2052445352206661696C65643A9F
:105530002025640A0025633A205145202573206602
:1055400061696C65643A2025640A0025633A206528
:1055500072617365206572726F723A206164647261
:10556000657373206F722073697A6520657863654F
:105570006564732065787065637465642076616C1A
:105580007565732E416464723A203078256C7820FA
:1055900073697A6520257A750A0025633A20756E4D
:1055A000737570706F727465642061742030782533
:1055B0006C782073697A6520257A750A0025633A2C
:1055C0002077616974206572726F72206174203077
:1055D00078256C782073697A6520257A750A00250C
:1055E000633A206572617365206572726F72206123
:1055F00074203078256C782073697A6520257A7557
:105600000A006D78323572363433356640300071B9
:105610007370695F6E6F720025633A20696E766100
:105620006C696420616464726573733A2030782514
:1056300030386C783A257A750A0025633A20756E01
:10564000616C69676E656420616464726573733A46
:105650002030782530386C783A257A750A00256331
:105660003A206E6F7420776F72642D616C69676E7B
:1056700065643A2030782530386C783A257A750A96
:1056800000666C6173682D636F6E74726F6C6C650D
:105690007240333930303000666C6173685F6E720F
:1056A0006600574553545F544F504449522F7A6512
:1056B000706879722F696E636C7564652F7A657096
:1056C0006879722F647269766572732F6770696F7B
:1056D0002F6770696F5F7574696C732E680057452A
:1056E00053545F544F504449522F6D6F64756C652D
:1056F000732F68616C2F6E6F726469632F6E7266B0
:10570000782F68616C2F6E72665F6770696F2E68A4
:1057100000574553545F544F504449522F7A657097
:105720006879722F647269766572732F6770696F1A
:105730002F6770696F5F6E7266782E63006770699D
:105740006F40383432383030006770696F40383419
:10575000323530300025633A2074785F6D61736BA9
:1057600020746F6F2062696720286F722049504350
:105770005F434F4E465F4E554D20746F6F20736DE3
:10578000616C6C290A0025633A2072785F6D617341
:105790006B20746F6F2062696720286F72204950F8
:1057A000435F434F4E465F4E554D20746F6F2073DD
:1057B0006D616C6C290A0025633A2053656E64693B
:1057C0006E672064617461206E6F742073757070F1
:1057D0006F727465640A0025633A20456E61626CDD
:1057E000696E67206368616E6E656C2077697468A6
:1057F0006F75742061207265676973746572656482
:105800002063616C6C6261636B0A0A0025633A2055
:105810005258206576656E74206F6E20696C6C65D9
:1058200067616C206368616E6E656C0A0025633A7F
:10583000205258206576656E74206F6E20646973FF
:1058400061626C6564206368616E6E656C0A006DF0
:10585000626F78403261303030006D626F785F6E19
:105860007266785F69706300000102030405060731
:105870000B25633A204661696C656420746F206172
:105880006C6C6F6361746520505049204368616E91
:105890006E656C0A00756172744038303030007586
:1058A0006172745F6E7266785F75617274650057BD
:1058B0004553545F544F504449522F7A657068796C
:1058C000722F696E636C7564652F7A657068797282
:1058D0002F647269766572732F6770696F2E680026
:1058E00025633A2043616E6E6F7420777269746528
:1058F000204C4544206770696F0A0025633A2043B5
:10590000616E6E6F7420636F6E6669677572652075
:105910004C4544206770696F0A0025633A204C4566
:105920004420696E646578206F7574206F662074FA
:1059300068652072616E67650A00646B5F627574EA
:10594000746F6E735F616E645F6C65647300256372
:105950003A20526573657474696E67207379737445
:10596000656D0A00666174616C5F6572726F7200CA
:1059700025633A2054462D4D206E6F6E2D7365635E
:105980007572652063616C6C6261636B20696E691E
:105990007469616C697A6174696F6E206661696CA3
:1059A00065642C206572726F723A2025640A0025A6
:1059B000633A202A2A2A2A2A205345435552452051
:1059C0004641554C54202A2A2A2A2A0A0025633A9D
:1059D000202020416464726573733A203078257802
:1059E0000A0025633A202020496E76616C696420A4
:1059F000656E74727920706F696E740A0025633A5F
:105A0000202020496E76616C696420696E74656738
:105A100072697479207369676E61747572650A00C2
:105A200025633A202020496E76616C696420657890
:105A300063657074696F6E2072657475726E0A00AA
:105A400025633A2020204174747269627574696F0D
:105A50006E20756E69742076696F6C6174696F6E03
:105A60000A0025633A202020496E76616C69642023
:105A70007472616E736974696F6E0A0025633A20EF
:105A800020204C617A79207374617465207072658E
:105A9000736572766174696F6E0A0025633A20201F
:105AA000204C617A79207374617465206572726F1D
:105AB000720A0025633A202A2A2A2A2A205350559E
:105AC00020494E54455252555054202A2A2A2A2AF7
:105AD0000A0025633A202020536563757269747942
:105AE0002076696F6C6174696F6E20666F722074C6
:105AF000686520666C617368206D656D6F727920D2
:105B000073706163650A0025633A20202053656342
:105B100075726974792076696F6C6174696F6E2033
:105B2000666F72207468652052414D206D656D6FFF
:105B300072792073706163650A0025633A20202022
:105B400053656375726974792076696F6C617469E5
:105B50006F6E206F6E206F6E65206F72207365769A
:105B60006572616C207065726970686572616C73D2
:105B70002E0A00574553545F544F504449522F6EDC
:105B800072662F6D6F64756C65732F7472757374A4
:105B900065642D6669726D776172652D6D2F666122
:105BA000756C742E6300574553545F544F504449ED
:105BB000522F6D6F64756C65732F68616C2F6E6FFB
:105BC000726469632F6E7266782F68616C2F6E72D3
:105BD000665F647070692E6800574553545F544F78
:105BE000504449522F6D6F64756C65732F68616CFA
:105BF0002F6E6F726469632F6E7266782F68656CA2
:105C0000706572732F6E7266785F677070695F641B
:105C10007070692E6300574553545F544F50444988
:105C2000522F6D6F64756C65732F68616C2F6E6F8A
:105C3000726469632F6E7266782F6472697665721A
:105C4000732F7372632F6E7266785F636C6F636B12
:105C50002E63000C04241C574553545F544F50448A
:105C600049522F6D6F64756C65732F68616C2F6E70
:105C70006F726469632F6E7266782F68616C2F6E25
:105C800072665F6770696F74652E6800574553547C
:105C90005F544F504449522F6D6F64756C65732F7C
:105CA00068616C2F6E6F726469632F6E7266782FF5
:105CB000647269766572732F7372632F6E72667881
:105CC0005F6770696F74652E63000020303030307C
:105CD00030303030303030303030000157455354A0
:105CE0005F544F504449522F6D6F64756C65732F2C
:105CF00068616C2F6E6F726469632F6E7266782FA5
:105D0000647269766572732F7372632F6E72667830
:105D10005F6970632E6300574553545F544F50447E
:105D200049522F6D6F64756C65732F68616C2F6EAF
:105D30006F726469632F6E7266782F68616C2F6E64
:105D400072665F6970632E6800574553545F544F05
:105D5000504449522F6D6F64756C65732F68616C88
:105D60002F6E6F726469632F6E7266782F6472692A
:105D7000766572732F7372632F6E7266785F6E76BC
:105D80006D632E6300574553545F544F504449523E
:105D90002F6D6F64756C65732F68616C2F6E6F72F9
:105DA0006469632F6E7266782F64726976657273A8
:105DB0002F7372632F6E7266785F717370692E63D2
:105DC00000756E726567697374657265642025730A
:105DD000206275730A0067656E65726963006D65A0
:105DE00074616C3A20656D657267656E63793A20FF
:105DF000006D6574616C3A20616C6572743A2020A4
:105E0000202020006D6574616C3A206372697469AA
:105E100063616C3A2020006D6574616C3A20657294
:105E2000726F723A2020202020006D6574616C3AF8
:105E3000207761726E696E673A202020006D65746C
:105E4000616C3A206E6F746963653A2020202000EF
:105E50006D6574616C3A20696E666F3A202020206F
:105E60002020006D6574616C3A2064656275673A44
:105E700020202020200025733A2066726565696E17
:105E800067206E6F6E2D656D7074792076697274FF
:105E900071756575650D0A00756E6578706563745A
:105EA0006564206275666665722068656C6420634F
:105EB0006F756E7465720D0A00574553545F544FE9
:105EC000504449522F6D6F64756C65732F6C696215
:105ED0002F6F70656E2D616D702F6F70656E2D6107
:105EE0006D702F6C69622F72706D73672F72706D99
:105EF00073675F76697274696F2E630072785F767C
:105F0000710074785F7671004E5300574553545FAB
:105F1000544F504449522F7A65706879722F6B65DF
:105F2000726E656C2F6465766963652E6300556ECD
:105F30006B6E6F776E206572726F720025633A2008
:105F40003E3E3E205A455048595220464154414C0D
:105F5000204552524F522025643A202573206F6EFF
:105F6000204350552025640A0025633A2046617578
:105F70006C7420647572696E6720696E74657272E4
:105F80007570742068616E646C696E670A0A00251A
:105F9000633A2043757272656E742074687265612D
:105FA000643A20257020282573290A005745535448
:105FB0005F544F504449522F7A65706879722F6B45
:105FC00065726E656C2F666174616C2E6300435060
:105FD0005520657863657074696F6E00556E6861F1
:105FE0006E646C656420696E74657272757074009D
:105FF000537461636B206F766572666C6F77004BCC
:1060000065726E656C206F6F7073004B65726E65A4
:106010006C2070616E696300574553545F544F5054
:106020004449522F7A65706879722F6B65726E657C
:106030006C2F696E69742E63006D61696E006F73F9
:1060400000574553545F544F504449522F7A65705E
:106050006879722F6B65726E656C2F6B6865617005
:106060002E6300574553545F544F504449522F7A82
:1060700065706879722F6B65726E656C2F6D656DDA
:106080005F736C61622E6300574553545F544F50E9
:106090004449522F7A65706879722F6B65726E650C
:1060A0006C2F696E636C7564652F6B7363686564D0
:1060B0002E6800574553545F544F504449522F7A2D
:1060C00065706879722F6B65726E656C2F69646C90
:1060D000652E6300574553545F544F504449522F27
:1060E0007A65706879722F6B65726E656C2F6D754D
:1060F0007465782E6300574553545F544F5044499C
:10610000522F7A65706879722F6B65726E656C2F8D
:1061100073656D2E6300737973776F726B710057BF
:106120004553545F544F504449522F7A65706879F3
:10613000722F6B65726E656C2F776F726B2E6300BA
:10614000574553545F544F504449522F7A657068F5
:1061500079722F6B65726E656C2F746872656164FD
:106160002E6300574553545F544F504449522F7A81
:1061700065706879722F6B65726E656C2F736368DA
:1061800065642E6300574553545F544F5044495241
:106190002F7A65706879722F6B65726E656C2F69E6
:1061A0006E636C7564652F6B7468726561642E68CC
:1061B00000574553545F544F504449522F7A6570ED
:1061C0006879722F6B65726E656C2F74696D65737B
:1061D0006C6963696E672E6300574553545F544F73
:1061E000504449522F7A65706879722F6B65726ED0
:1061F000656C2F74696D656F75742E630057455318
:10620000545F544F504449522F7A65706879722F09
:106210006B65726E656C2F706F6C6C2E63005745EA
:1062200053545F544F504449522F7A6570687972C5
:106230002F6B65726E656C2F6D656D706F6F6C2E58
:106240006300286E756C6C29002A666C6F61742A75
:04625000000000004A
:10625400000000000000000000000000000000003A
:10626400000000000000000000000000000000002A
:10627400000000000000000000000000000000001A
:10628400000000000000000000000000000000000A
:1062940000000000000000000000000000000000FA
:1062A40000000000000000000000000000000000EA
:1062B40000000000000000000000000000000000DA
:1062C40000000000000000000000000000000000CA
:1062D40000000000000000000000000000000000BA
:1062E40000000000000000000000000000000000AA
:1062F400000000000000000000000000000000009A
:106304000000000000000000000000000000000089
:10631400000000000000000089D10000000000001F
:106324000000000000000000000000000000000069
:106334000000000000000000000000000000000059
:106344000000000000000000000000000000000049
:106354000000000000000000000000000000000039
:106364000000000000000000000000000000000029
:106374000000000000000000000000000000000019
:106384000000000000000000000000000000000009
:1063940000000000000000000000000000000000F9
:1063A40000000000000000000000000000000000E9
:1063B40000000000000000000000000000000000D9
:1063C4002010020000000000B1840020000008003A
:1063D400C2840020000008001DCC01000000000061
:1063E4000000072000000100E40F0200000000008C
:1063F400E40F0200010000000200000000000000A1
:10640400000000000002000039A2000000000000AB
:1064140000000000000000008DD701000000000013
:1064240071D70100462302000000080000000000AC
:10643400000000000000000095A300000000000020
:106444000000000068230200000012008817020008
:1064540000000000F5D90100000000000000000069
:106464000000000029BC0000000000000000000043
:1064740000000000BBDE010000000000000000007E
:10648400000000002DC20000000000000000000019
:1064940000000000A9E5000000000000000000006A
:1064A4000000000075E4000000000000000000008F
:1064B400000000009DF1000000000000000000004A
:1064C4000000000085EA0000000000000000000059
:1064D4008082002080820020000000000000000074
:1064E400FD0001000D0F010029ED01000000000076
:1064F400000000000507010095EB0100C7EA010058
:1065040091FF0000000000000000000000000000F7
:106514000000000000000000000000002529010028
:10652400000000000000000041F301000000000032
:106534000000000000000000E41D02000000020052
:10654400F01D020000000A00001E020000002000EE
:106554000000000000000000000000000000000037
:10656400F7EF010000000000141E0200000002000A
:10657400201E0200000002002C1E02000000020087
:106584003083002030830020000000000000000061
:106594000E0000004483002044830020A93701003A
:1065A40000000000000000000000000000000000E7
:1065B400F15202000000000037F801001944010004
:1065C400000000002010020078830020788300205F
:1065D4000000000001000000888300208883002060
:1065E4000C1002009483002094830020010000001A
:1065F40001000000A4830020A4830020AC830020B9
:10660400AC8300200000000001000000BC830020D7
:10661400BC8300200000000000000000FFFF000019
:10662400FFFF0000DFFB0100DBFB01000090D00353
:106634000070014000000000FFFFFFFF3F0000006A
:10664400FFFFFFFF3F00000000000000000000000B
:106654000000000000000000000000000000000036
:106664000000000000000000000000000000000026
:106674000000000000000000000000000000000016
:106684000000000000000000000000000000000006
:1066940000000000000000000000000000000000F6
:1066A40000000000000000000000000000000000E6
:1066B400000000000000000008000000FF000000CF
:1066C400000000000300000000000000D65D02008E
:1066D40000000000718301000000000000000000C1
:1066E40000000000000000000000000000000000A6
:1066F4000000000000000000A8840020A8840020FE
:1067040006027A563412F0DEBC9A78563412785661
:1067140034120279563412F0DEBC9A785634127868
:106724005634120278563412F0DEBC9A785634127B
:0567340078563412014B
:106739000000000000000000000000000000000050
:066749000000000000004A
:10675000FC840020FC84002000000000A0E6002053
:1067600000000000010000003000000000000000F8
:106770001C8500201C8500200000000038AF002090
:106780000000000001000000B80000000000000050
:106790003C8500203C85002000000000D0E6002061
:1067A00000000000030000001C00000000000000CA
:1067B0000000000030C900200010000000000000B0
:0867C0000000000000000000D1
:1067C800748500207485002000000000000000008F
:1067D8000E00000088850020888500200000000049
:0867E800000000000E0000009B
:1067F0009C8500209C85002000000000FFFFFFFF1B
:08680000AC850020AC850020EE
:10680800000000000000000000000000C08500201B
:0C681800C0850020C8850020C885002035
:10682400000000000000000000000000DC850020E3
:10683400DC850020E4850020E485002000000000C1
:10684400020002000600000059DC01005818020092
:10685400A4DD002000000000000000000000000093
:10686400108600201086002018860020188600203C
:1068740000000000030003001000000000000000FE
:106884009C190200CCE4002000000000000000007D
:106894000000000044860020448600204C8600202E
:1068A4004C860020000000000300030010000000DC
:1068B40045050100441A020028E6002000000000FB
:1068C4000000000000000000788600207886002088
:1068D4008086002080860020000000000300030062
:1068E40001000000000000006818020070DE0020B3
:1068F400000000000000000000000000AC86002042
:10690400AC860020B4860020B4860020000000007D
:106914000A000A000100000099DC01004818020086
:10692400F8DB002000000000000000000000000070
:10693400E0860020E0860020E8860020E88600202B
:1069440000000000010001001000000069E80000E0
:106954008C190200C4E300200000000000000000C5
:106964000000000014870020148700201C870020EA
:106974001C870020000000000A000A00010000003B
:106984000000000058190200ACE2002000000000E2
:106994000000000000000000488700204887002015
:1069A40050870020508700200000000001000100F3
:1069B400010000000000000078180200C8DF002079
:0469C40015E015E0E5
:040000030000A9ADA3
:00000001FF
