:10800000F8C0002025A900006372010011A900003A
:1080100011A9000011A9000011A9000011A9000078
:1080200000000000000000000000000091AA000015
:1080300011A900000000000021AA000011A9000001
:108040001DAC00001DAC00001DAC00001DAC00000C
:108050001DAC00001DAC00001DAC00001DAC0000FC
:108060001DAC00001DAC00001DAC00001DAC0000EC
:108070001DAC00001DAC00001DAC00001DAC0000DC
:108080001DAC00001DAC00001DAC00001DAC0000CC
:108090001DAC00001DAC00001DAC00001DAC0000BC
:1080A0001DAC00001DAC00001DAC00001DAC0000AC
:1080B0001DAC00001DAC00001DAC00001DAC00009C
:1080C0001DAC00001DAC00001DAC00001DAC00008C
:1080D0001DAC00001DAC00001DAC00001DAC00007C
:1080E0001DAC00001DAC00001DAC00001DAC00006C
:1080F0001DAC00001DAC00001DAC00001DAC00005C
:108100001DAC00001DAC00001DAC00001DAC00004B
:108110001DAC00001DAC00001DAC00001DAC00003B
:108120001DAC00001DAC00001DAC00001DAC00002B
:108130001DAC00001DAC00001DAC00001DAC00001B
:108140001DAC00001DAC00001DAC00001DAC00000B
:048150001DAC000062
:1081580053B94AB9002908BF00281CBF4FF0FF31A6
:108168004FF0FF3000F00CB8ADF1080C6DE904CE0B
:1081780000F022F8DDF804E0DDE9022304B07047DE
:10818800704700BF10F8012B11F8013B012A28BFE6
:108198009A42F7D0D01A7047034611F8012B03F81A
:1081A800012B002AF9D17047034613F8012B002A46
:1081B800FBD1181A013870472DE9F04786468C46DE
:1081C8000846089E154674461946002B40F0C180A3
:1081D8008542B2FA82F245D94AB1C2F1200300FAC7
:1081E80002FC954094402EFA03F343EA0C0C4FEA44
:1081F800154EA8B2230CBCFBFEF80EFB18CC08FBEE
:1082080000F943EA0C43994528D9EB1808F1FF37E0
:1082180004D2994502D9A8F102072B44A3EB09031C
:10822800A4B2B3FBFEFC0EFB1C330CFB00F044EACB
:108238000344A04214D92C190CF1FF3304D2A042F4
:1082480002D9ACF102032C44241A43EA07401EB1B8
:10825800D440002334607360BDE8F0874746DDE70B
:108268006346F1E792BB431B01214FEA154EAFB2BB
:10827800200CB3FBFEFC0EFB1C330CFB07F840EA9A
:108288000343984561D9EB180CF1FF3004D29845A7
:1082980002D9ACF102002B44A3EB0803A4B2B3FB50
:1082A800FEFC0EFB1C330CFB07F744EA0344A74211
:1082B8004DD92C190CF1FF3304D2A74202D9ACF1E5
:1082C80002032C44E41B43EA0040C0E7C2F1200348
:1082D8009540944020FA03F12EFA03F34FEA154E25
:1082E8009040AFB20343B1FBFEFC0EFB1C10190C0F
:1082F8000CFB07F841EA0041884522D969180CF1BE
:10830800FF3004D2884502D9ACF102002944A1EB20
:1083180008019BB2B1FBFEFC0EFB1C110CFB07F71E
:1083280043EA01439F420ED9EB180CF1FF3104D206
:108338009F4202D9ACF102012B44DB1B41EA004108
:1083480093E76046E3E76146F7E76046A4E76346DC
:10835800B8E7834206D916B9002108467CE7C6E982
:1083680000E0F9E7B3FA83F78FB9834201D3724586
:1083780008D8BEEB020460EB030301209C461EB93B
:10838800002169E73846FAE7C6E9004CF8E7C7F183
:10839800200CBB400EFA07F522FA0CF42EFA0CF169
:1083A800BA401C4320FA0CF3B8404FEA1449014381
:1083B8001FFA84FEB3FBF9F809FB18300B0C08FB15
:1083C8000EFA43EA00439A4540D9E31808F1FF3012
:1083D80004D29A4502D9A8F102002344A3EB0A0368
:1083E80089B2B3FBF9F809FB183308FB0EFE41EA22
:1083F80003418E452CD9611808F1FF3304D28E450C
:1084080002D9A8F10203214443EA0040A1EB0E017E
:10841800A0FB02984145CE46434602D306D14D45BE
:1084280004D20138B9EB020E68EB0403002EA7D082
:10843800B5EB0E0261EB030101FA0CFC22FA07F31B
:10844800F9404CEA0303C6E9003199E74046C5E71D
:108458004346D9E7000000002DE9F04F87B00546F4
:1084680016460391836804AA5B689847002833DBA3
:10847800DDE9044A4FF47A73A4FB03B203FB0A2331
:108488004FF0FF390293584619A3D3E90023029904
:10849800FFF75EFEDFF86080029BD94578EB0303A7
:1084A80007461CD312A3D3E90023A6FB04B406FB9A
:1084B8000A4458462146FFF74BFED94578EB040499
:1084C80003460CD38742AA680CD301210091146893
:1084D80028463A460399A04707B0BDE8F08F6FF0E9
:1084E8008500F9E76FF01500F6E700BFAFF30080ED
:1084F80000CA9A3B00000000FFC99A3B0B46024A9B
:10850800032102480DF0C3BCBCB5010010AD010049
:1085180003460121014A02480DF0B9BCE5B5010046
:1085280010AD0100084609B1FFF7F2BF0321024A66
:1085380002480EF0C1BD00BF00B6010010AD010039
:10854800012B73B51C462ED11578642D2B4608D9FE
:1085580016480221164A0DF09AFC6FF0120002B07C
:1085680070BD4FF47A760321124A10480DF08FFC43
:1085780064237543B5FBF3F50F4B2A46186821466B
:10858800FFF76AFF034628B121460C4A07480DF059
:108598007EFC06E003212B46094A044800960EF0AB
:1085A8009EFD2046DBE70221064AEFE710AD0100F9
:1085B80018B6010041B60100309400205FB60100F2
:1085C80086B60100C6B60100012B73B51D462ED133
:1085D8001478642C234608D916480221164A0DF04F
:1085E80056FC6FF0120002B070BD4FF47A7603218A
:1085F800124A10480DF04BFC64237443B4FBF3F4A7
:108608000F4B224618680021FFF726FF034628B1C2
:1086180029460C4A07480DF03AFC06E00321234698
:10862800094A044800960EF05AFD2846DBE7022165
:10863800064AEFE710AD0100EEB6010017B70100DA
:108648003094002035B701005CB701009CB70100E9
:1086580070B588B00321274A27480EF02DFD27481A
:10866800274B186011F068FB40B90121254A2248C0
:108678000EF022FD4FF0FF3008B070BD0321224AF2
:108688001D480EF019FD002004F06EFA064630B1C0
:1086980003461E4A012118480DF0F9FBEAE70321B9
:1086A8001B4A15481B4D0EF007FD03AC1A4805F090
:1086B80083FF0FCD0FC42B6802222360174933466E
:1086C800009603A805F0A6F8034608B1144AE1E7A6
:1086D8000321144A08480EF0EFFC0321124A064809
:1086E8000EF0EAFC4FF0FF314FF0FF3011F0A3FE1F
:1086F800F8E700BFC4B7010010AD01000CAA0100E3
:1087080030940020FEB7010013B801002AB8010018
:1087180053B8010010AE01007081002088AE01003E
:1087280069B801008EB80100A2B801002DE9F04F28
:1087380091B0009302F004030293C2F3C203013321
:10874800840705460E46DDF868800392059340F0DD
:10875800BB81041D30B1072909D86FF01B0011B087
:10876800BDE8F08F01F007063444C6F10806009B07
:108778004FF000094FF0040A591E4FF0FF334F46DF
:108788000193CB465346CDF810900DB1009A226064
:108798000598002800F3E8809848009A824203D39D
:1087A80097488242C0F0E080039AA4EB050E920736
:1087B8004FEA9E0000F103810F2F00F2B180002DD7
:1087C80000F0058107F140020DEB020C019A0CF84C
:1087D800200C0CF8102C049801300490E7E07A285B
:1087E8005DD84B280ED8472859D829282DD82528B0
:1087F80052D054D820287AD02338D0F1000B4BEB34
:10880800000B74E04C382E2849D8DFE800F0704897
:10881800484848484848484848484B4848484848CD
:1088280048484859484B4B595959704B6D487048FE
:10883800184B184848827F4B48484B487F00002017
:108848004FF0000B4FF0040A38E001222A38C0B27A
:1088580002FA00F010EA0E0F49D110F0625C2FD135
:1088680010EA020B43D06046013C5444B4FBFAF4CE
:108878000AFB04F4002D61D0A3EB050CA444B44515
:108888003FF66BAF002868D1042B47D158F8043B5A
:108898002360042304342AE0019A013A01924FF03C
:1088A800000B24E011F8010C6C2834D1002011F8D9
:1088B800023C83466C2BC5D14FF0080A5346D3E7D8
:1088C80008F1070828F00708073424F00704F8E837
:1088D80002AB35B106982044B0423FF63EAFC4E93A
:1088E80000AB4FF0000B08344FF0080A534611F85C
:1088F800010F002878D0BBF1000F7FF470AF252856
:10890800F5D14FF0010B019B013301934FF0040A9D
:10891800ECE7584694E700208346A5E7082B02D0E9
:108928006FF015001BE708F1070828F00708F8E8BA
:108938000223C4E9002308230834D8E768B9042BC4
:1089480002D108F10408A4E7082BE9D108F10708C7
:1089580028F0070808F10808EDE7059A013A05929A
:1089680058F8042B009210E7039A900720D54FF08F
:10897800010CA4EB050E4FEA9E00BEF5007FCFD296
:108988000F2FCDD8F5B107F140020DEB020E019A79
:10899800C0B20EF8200C0EF8102CBCF1000F3FF4FA
:1089A8001AAF60F07F000EF8200C09F101090137B9
:1089B800C5F108024FF6DA7E0434069297E74FF0C5
:1089C800000CDAE7BCF1000F01D00136EFE702989E
:1089D80002360028EBD10098CDE90631FFF7E4FB19
:1089E800DDE906310644E2E7631BB3F5806F97D2F1
:1089F80045B9A6F10804E018B1E600BF80A8010057
:108A0800CCDE0100029A9B0828602B709DF810307C
:108A1800C2B1EB7085F80290B9F1000F05D00022C1
:108A280008A8C5F1010C97420ED14FF0000AC5F114
:108A380001030DF1200801930DF1300B574512D1B8
:108A4800601B8CE66B70E5E710F8013B190608D54A
:108A58000CEB040EB64503F07F033FF67EAE04F838
:108A6800013B0132DFE7B9F1000F03D098F900208C
:108A7800002A17DB029BD3B11AF80B2004F8012B4C
:108A88000022019B18191044B0423FF666AE98F8D0
:108A98000000009904F8010B2046039211F031FE02
:108AA800039A14440AF1010A08F10108C6E798F884
:108AB800002055F822300093029B009845F8223098
:108AC800FFF772FB421CDCE76FF00D0047E600BFC2
:108AD8002DE9F04F97B000AFD7F880B03B62CBF3E9
:108AE800C0030446894690F802A0FA62BB6141B906
:108AF800457800780AEB800020444D4517D8A0EB54
:108B08000409E378FB61BAF1000F02D01BF0010FF2
:108B180016D1FB6953BBFB6A1BB1494620463A6A2A
:108B280098474D4628465C37BD46BDE8F08F461C41
:108B38003046FFF739FB0130304409F10109DCE721
:108B4800626823787A62FA6A9900796104EB830192
:108B5800002A40F001810E464FF000084D4601EB17
:108B68000A094E454CD101EB0A0610E01BF0020F32
:108B7800D1D023789A007A61626804EB83017A6223
:108B8800FA6A002A77D14D46904601EB0A061BF097
:108B9800050F0CBF02230123FB62FB6906EB430AA6
:108BA8000BF00203BB625645BCD016F8021B16F840
:108BB800013C54F82390994B994502D3984B994519
:108BC80036D3BB69002B40D0786A0DF040FC0028F2
:108BD8003BD0E9468AB06A46924B53617B6AC2E948
:108BE80006314FF4007313848F4B42F8103F002373
:108BF8004FF412518D4801F0ABF8023DCD46D2E753
:108C080016F8013BF96254F82300FFF7CDFAD7F8BC
:108C18008430F96A01304BB1D7F8883098453EBFA7
:108C2800D7F8843023F8180008F10108054498E7BC
:108C3800BB6923B1786A0DF00AFC0028C9D11BF082
:108C4800010F05D1FB6AED1AADE7BB6A002BAAD06C
:108C58004846FFF7A9FAD7F8843053B1D7F88830D7
:108C680098453FBFD7F88420431C22F8183008F1F4
:108C78000108054497E7BAF1000F73D01BF004060A
:108C880073D0D046002607F1480052463B61B962CE
:108C980011F037FDB96A3B6901EB0A02BA62FA6959
:108CA800F9695200FA60BA6A02EB41023A610BF0C4
:108CB8000202BA603A69B96A8A4258D162781BF0EE
:108CC800020F18BF00217A6208BF4FEA5801B21894
:108CD8001BF0010FD2B240F09F801BF0040F14BFAD
:108CE80040460020BB616270A070E17020463A6A7D
:108CF8007969FB6A9847051EFFF614AFBB694146C0
:108D080023707B6A3A6A6370FB6984F802A0E37097
:108D180007F14800FB6A9847B0F10008C0F2BA8032
:108D28007B69A9EB0A01C91AFB683A6AC91AD7E92B
:108D38000A0398470028C0F2AF804FF0000BA84400
:108D480008EB000507F1380AB34571D300213A6AE8
:108D58000846FB6A9847E5E656464FF0000807F1D3
:108D6800380092E75646D04696E7B04694E7BA6A86
:108D780012F8021B12F8015CBA6254F82500274A5F
:108D8800904202D3264A90421ED3BA6932B1786A19
:108D98007B600DF05CFB7B6800288BD1BA6802BB56
:108DA80008F1280207F1300C08F10100944407F19A
:108DB800580208F1020852FA80F00CF8101C5FFA09
:108DC80088F800F8105C75E7BA693AB1786A7B6090
:108DD8000DF03DFB7B6800287FF46CAF1BF0010FA2
:108DE80009D006F1280207F13000711C161806F8A0
:108DF800205CCEB25EE71BF0040F3FF45BAF08F1D6
:108E0800280207F1300008F1010102EB000808F818
:108E1800105C5FFA81F84DE7002063E780A8010045
:108E2800CCDE010032B901000400000188AD010068
:108E38001BF80A3054F8239087F83730D7F8843075
:108E48002BB3D7F888309B4521D2D7F8843033F834
:108E58001B8001213A6AFB6A07F13700984700280E
:108E68001ADB0544B8F1000F06D14846FFF79CF914
:108E780000F101081FFA88F8414648463A6AFB6A39
:108E88009847002808DB05440BF1010B5CE74FF01D
:108E98000008DEE7454645E6054643E6014B18600F
:108EA800704700BF9881002080B505460E461746DA
:108EB80098460CF065F8034611F0D4FC0446DFF838
:108EC8001890424649F8003039463046A84754F8C9
:108ED800090001F08BFD00BF080000002DE9F047F4
:108EE800058B04462807904611D4022905F007058A
:108EF80040F0CC8020460DF050FD78B10138218B30
:108F0800042811D8DFE800F0C2106D85950001290A
:108F18000CBF45F0100545F02005258388F311881E
:108F2800BFF36F8FBDE8F08701F0070AAA4500F08C
:108F3800A5800027B9463E46A368002B00F0BC80F8
:108F480041F00801218388F31188BFF36F8FA1686E
:108F5800002900F0BA800D68002900F0B680334679
:108F680052462046D1F80480C047002D76D02B68A1
:108F780029461D46F0E701F007035A1F012A1BD8AE
:108F8800002221F00701062B276889B2C4E90022D4
:108F980009D13B4603E0628B013262831B68002BD8
:108FA800F9D141F00201204621830DF0F6FC00289A
:108FB8007AD041F0200176E0042B0AD121F0070194
:108FC80089B2204621830DF0E8FC10B141F0200160
:108FD8002183218B01F0070AAA454FD00027B94603
:108FE800AAE7236921F0070141F00601062DD3F80D
:108FF800009021832DD1B9F1000F3FD041F0080135
:10900800218388F31188BFF36F8F20463949C847F9
:1090180029E021F00701236941F0040189B2042DF8
:10902800D3F804902183E6D000274FF0040A3E4687
:1090380082E721F00701236941F0050189B2052D76
:10904800D3F808902183D6D000274FF0050A3E4672
:1090580072E700274FF0060A3E466DE72B4687E782
:10906800B9F1000FD1D1EFF31188202383F31288CF
:10907800BFF36F8F238B23F008032383258BEA0626
:109088002ED525F01003238305F007056669218B8B
:10909800002EBFF670AF00232768C4E9003321F023
:1090A800070141F001012183218B4FF0000901F0F4
:1090B800070AAA457FF440AF002F9CD041F0080171
:1090C800218388F31188BFF36F8F002FC8D03D68C4
:1090D80039463346524620460DF08BFC2F46F4E7BE
:1090E800AB067FF51BAF25F02003238305F00705AA
:1090F80000E700BF276A010010B530B90B480C49DA
:109108000DF056FD6FF0150010BD836833B90748A0
:1091180008490DF04DFD6FF00400F5E71B6813B129
:10912800BDE8104018471846EEE700BFA0AD0100A3
:10913800E6B90100F7B9010010B530B90B480C4980
:109148000DF036FD6FF0150010BD836833B9074880
:1091580008490DF02DFD6FF00400F5E75B6813B1C9
:10916800BDE8104018471846EEE700BFA0AD010063
:10917800E6B90100F7B9010070B508B101B132B91B
:109188000B480C490DF014FD6FF0150070BD846894
:109198000CB1E56835B9064807490DF009FD6FF0CF
:1091A8000400F3E741F8040BE368BDE87040184792
:1091B800A0AD010015BA0100F7B9010010B50446C9
:1091C80030B9104810490DF0F3FC6FF0150010BDD0
:1091D800006830B90B480D490DF0EAFC6FF001004A
:1091E800F5E783680BB11B6933B9064808490DF0E8
:1091F800DFFC6FF00400EAE7616898470028E6D1D1
:109208002060E4E7A0AD010041BA010052BA0100B4
:10921800F7B9010070B51346044630B91048114932
:109228000DF0C6FC6FF0150070BD006830B90C4831
:109238000D490DF0BDFC6FF00100F5E782680AB139
:10924800956835B9064809490DF0B2FC6FF004007D
:10925800EAE70A46AC466168BDE87040604700BF6F
:10926800A0AD010041BA010052BA0100F7B90100EE
:10927800034A13680BB9526813600020704700BF97
:109288009C81002030B50C460E4985B00291D0F87B
:10929800D4110546CDE9003100F1F0014FF0FF335C
:1092A80020460AF065FB50B9012384F86C30D5F8E4
:1092B800D03123B1204605B0BDE83040184705B08D
:1092C80030BD00BFB16C010038B50C4611460546EB
:1092D8000DF0ECFC034638B9284604490DF0E6FCCD
:1092E80003460020236038BD0120FBE7B3DD010001
:1092F8002DE9F04F012381460569466887B005F5D9
:109308005F77D7E8EF2F002A03D1C7E8E13F0029AC
:10931800F7D10CBF1A46002240F0B080B368B16A9A
:1093280005F5F8781C1F10460DF047FD84426ED8ED
:10933800013A00F09D80B2FA82F24FF00044D44026
:1093480072682046073222F00302C5F83C22B16A4F
:109358000DF033FDC5F84002B36A4046634303335A
:1093680023F0030302EB4302230103EB4403093315
:1093780023F0030303EBC403C5F834221A4408326C
:10938800C5F830227368C5F83842C5F82C323D4B11
:10939800C5E9AD63316800F0E5F90446002834D129
:1093A800D9F810B0D9F804A0D9F800300BF5347901
:1093B800059004934846DAE90734012B08BF103CAE
:1093C80010F02DFFDAF824002F4904AB01EB8021BF
:1093D8004FF480624846009323460BF01DFA2B4950
:1093E8000BF5307010F0D4FEDAE9050183685C688B
:1093F8004CB15B46264AA047044630B9DAE9050174
:1094080083681B692BB96FF05704002129E00132EA
:1094180089E70122984704460028F6D11D4B2846C3
:10942800C5F8D0311C4BC5F8D4311C4B0393D5F883
:1094380040320293D5F83C32CDE9008305F511732B
:10944800B26AD5F8781300F055F904460028DCD143
:1094580005F1F0000AF032FB0028C5F880030ADBAA
:10946800022138460DF056FC204607B0BDE8F08FC3
:109478006FF00B04C9E76FF01504C6E76FF07704C7
:10948800F2E700BF076D0100509C0020ED6C010061
:10949800E16C0100A9940000996E01004D6D010076
:1094A80013B5044640B100230122CDE90032074B31
:1094B800D0E909120AF030FA236F1B6823B1606FF4
:1094C80002B0BDE81040184702B010BDB3DD01007E
:1094D80013B504460846216901F55F71D1E8AF1F4D
:1094E800022910D193B1A0B10121CDE90031134671
:1094F800D0E909120AF010FA074B984208BF6FF03A
:109508000B0002B010BD6FF00F00FAE76FF04C00CF
:10951800F7E76FF00100F4E72EF8FFFF2DE9F347B6
:1095280089461546066906F55F73D3E8AF3F022BF7
:1095380064D1136823B96FF0150002B0BDE8F08755
:109548001B78002BF7D0D6F878A3BAF1000F36D1E4
:1095580006F5EC774FF0FF324FF0FF3338460AF04C
:109568008DFE30462A6801A9FFF7AEFE019C8046B1
:109578001CB938460DF0CCFBDDE705F1080323677D
:109588006B6984F86CA06367646460B138460DF059
:10959800BFFB21463046A36E2A68FFF773FE002002
:1095A800C9F80040C9E71F22296804F1480011F0F2
:1095B800DFF8384684F867800DF0AAFBEFE73046FD
:1095C80010490DF073FB04460028B4D0002705F1BC
:1095D800080303676B6980F86C70436740641F2257
:1095E8002968483011F0C4F822460121304684F831
:1095F800677000F061F80028D1D09CE76FF00F0089
:109608009BE700BFB3DD010010B50C46006900F50B
:109618005F73D3E8AF3F022B0FD189B10A4900F538
:10962800307010F0E1FD204610F0B0F878220021EB
:10963800204611F073F8002010BD6FF00F00FBE713
:109648006FF00100F8E700BF349400202DE9F04FD7
:1096580005460E4690460027D0F8C4A085B0AAF566
:10966800BE7421463046FEF78DFDE0B9114BA4F1DA
:10967800480B0293DAF810303246CDE900832946C8
:109688004FF0FF335846AAF5E2790AF071F960B94C
:109698007823012203FB079383F86C20DAF80C3057
:1096A8000BB158469847783417B105B0BDE8F08F2C
:1096B8000127D6E7C76E01001FB5144690B18AB1DD
:1096C800012912D10A4B00F1F0010293D0F8D431EC
:1096D800483201934FF0FF33204600930AF048F9CF
:1096E80004B010BD6FF01500FAE70020F8E700BFDE
:1096F800C76E01002DE9F04387B00E46DDE90E8103
:109708001446DDE910251F4630B329B3DFF850C0F1
:1097180000F1F009002D08BF65469EB9CDE9034464
:1097280000F5E2742046059610F0C8FA03ABCDE9BF
:1097380000432A463B46414648460AF039FA07B0F4
:10974800BDE8F083002241460E9248462A4607B0FB
:10975800BDE8F0430AF07CBB6FF01500EFE700BFEF
:1097680055960000F0B504462B4A87B004AB0E4668
:1097780092E8030083E80300002C49D0184609F05A
:10978800D1FF0546B0B94FF0FF33E16C04F154073F
:10979800A163CDE9010000933846236D04F1380236
:1097A8000FF0A6FCA06C0DF0B9FBC4F8BC0020B902
:1097B8006FF00B05284607B0F0BDA06C0DF0AEFBAE
:1097C800C4F8C0000028F3D0236CD4F8BC10C4F847
:1097D80090300423C4F89430C4F8AC300223E36218
:1097E8000E4BB4F84820C4F88C10616C236204F165
:1097F8008C03C4F8A070A4F89820C4F8B870C4F812
:10980800A810A4F8B020C4F8A400A6612363D1E787
:109818006FF01505CEE700BF24AE010028AF0100A8
:109828002DE9F047044607464FF00109DFF850805C
:1098380014B93846BDE8F08794FAA4F5B5FA85F569
:1098480009FA05F32E0108EB05156FEA030A24EA65
:1098580003042B7B002BEBD058F806301B694BB95F
:109868004644736804222846196807EA0A0700F084
:109878005BFADDE7284698470028D9D1F0E700BF12
:1098880000AE010030B5002289B00F490F4810F032
:1098980092FE002200230024CDE906230E230C4D5E
:1098A800CDE903344FF440722846CDE90144094B11
:1098B800094900940BF0CCF80849284610F00AFD35
:1098C800204609B030BD00BFE9980000988E0020FE
:1098D800088A0020D59B000050A0002077BA01001C
:1098E80001480AF0C5BD00BFD88400202DE9F04723
:1098F80080461F480F460DF05DFB0646002830D015
:1099080000252846BDE8F087237B6BB12368DB6818
:109918000BB12046984723681B69D3B963680422B2
:109928002046196800F000FA013610344C45EBD394
:10993800B8F1000FE5D0002DE2D02846FFF770FF00
:109948000546002FF7D000214FF4A47010F073FDE6
:10995800F1E7204698470028E0D00AFA06F31D43AD
:10996800E2E705464FF0010A024CDFF80C90DDE70C
:109978006C94002000AE010010AE0100014B53F8BA
:109988002000704768AF010008B5034608462BB1B0
:10999800044A136000F072FC002008BD6FF0150047
:1099A800FBE700BFC881002010B5044C237813B929
:1099B80003480AF05DFD0123237010BD9C99002027
:1099C800D884002010B5044609480DF0F3FA3CB1DC
:1099D800084BD3E8EF1F0139C3E8E21F002AF8D18A
:1099E800054810F0F4FDBDE8104004480AF040BDF9
:1099F8006494002068940020988E0020D884002069
:109A080000200146034BD3E8EF0FC3E8E21F002A0A
:109A1800F9D170476494002070B5FFF7F1FF05464F
:109A2800074C084EB44200D370BD63685B792BB114
:109A380023685B6813B12946204698471034F1E73C
:109A480000AE010010AE010010B5044C04492046D8
:109A58000CF03CFE034B1C6010BD00BF18840020B6
:109A680054AF01005C94002008B50023074A4FF466
:109A780000411370064A07481360074A1360FFF74E
:109A880083FFBDE80840FFF7DFBF00BF9D990020B6
:109A980064940020B96F01006894002001460022F8
:109AA800002301480CF033BE1884002001480CF054
:109AB800CCBE00BF18840020024B014618680CF089
:109AC80018BF00BF5C94002001480CF04DBF00BFD8
:109AD8001884002070B5264B1878002847D0FFF767
:109AE800E5FF054670B1234BD3E8EF1F0139C3E802
:109AF800E21F002AF8D1204C204EB4422DD328462C
:109B0800FFF7DAFF1E4B1F4C1B68002B19DD10F006
:109B18000BFD4FF47A72A0FB020302FB0131C30B69
:109B280043EA4143D4E900209B1A40F2E9324FEA64
:109B3800D13161EB0001934271F1000101D3FFF7CC
:109B48006BFFD4E9003213F57A7342F10002C4E9DD
:109B58000032BDE87040FFF7B7BF63685B7923B197
:109B68002368294620461B6898471034C5E770BD0E
:109B78009C9900206894002000AE010010AE0100FE
:109B880064940020908E002070B50D4D297861B93D
:109B98000120FFF7ABFE0B4C0B4EB44206D3FFF788
:109BA80099FF0028FBD101232B7070BD63685B7996
:109BB8001BB1236820469B6898471034EDE700BF27
:109BC8009D99002000AE010010AE010000212DE992
:109BD800F0470846FFF78AFE044658B340F2676824
:109BE8004FF0000910F03EFE1B4B1C4A1B58136037
:109BF80033B11B4B1B68092B02DD1A480AF038FCED
:109C08000025194FDFF85CA044B12046FFF708FE95
:109C1800044618B94FF0FF384FF0FF39FFF75AFFE5
:109C2800064628B9B5B942464B4650460AF054FC98
:109C38003546E9E74FF0FF384FF0FF39D2E72B6898
:109C48009B691BB100222846114698471035BD4232
:109C5800F5D3E8E7054DFAE7080000006094002016
:109C680068940020D884002010AE010000AE0100E6
:109C780013B518480DF09EF9174B1B7873B1EFF325
:109C88001184202383F31288BFF36F8FFFF722FF1D
:109C980084F31188BFF36F8F02B010BD0F4B1B68A0
:109CA800002BF9D050B9002200230D48CDE900233C
:109CB8004FF4004200230BF031FCEDE70928EBD10B
:109CC800074810F084FC074802B0BDE810400AF0CD
:109CD800CFBB00BF689400209D99002060940020AD
:109CE800988E0020D884002010B5064B04461B68C7
:109CF80098472146A06004480CF088FDBDE8104054
:109D0800FFF7B6BFC881002018840020044A054B1D
:109D18009B1AB1EBD30F34BF52F8310000207047C3
:109D280010AD010000AE0100084B10B4C31A44681E
:109D38001B110133237143689A710122436819602A
:109D480043685A7110BCFFF72FBE00BF00AE010078
:109D58002DE9F04F8FB0C1F34A2804AF0D46914664
:109D6800B8607B600C0DB8F1000F63D000264FF08F
:109D7800040B4FF00A0A07F11403C7F80C80C7E96F
:109D880007667E620193CDF808B0CDF800A007F110
:109D98001C0332464846F968FEF79AFEB0F5006F94
:109DA80003461CD36C468AB0D9F8041004AB264885
:109DB8001A46C3E9050140F2FF71D9614FF40071F9
:109DC8001984224B42F8103F4FF412513346204871
:109DD800FFF7BEFFA5462C37BD46BDE8F08FC0F3A0
:109DE8000A0804F11700184420F0070080083B60B7
:109DF800FFF754FE68F35325044690B13B6800F121
:109E08001001C7E9083607F11403F961CDE900A389
:109E1800CDF808B048460F4AF96807F11C03FEF769
:109E280057FE68F353252A4620467B68B9680DF02B
:109E3800F3F8D0E704F1170020F007008008FFF7D7
:109E48002DFE0446EDE700BF8CBA010004000001B6
:109E5800A8AD0100F56F01002DE9F04F87B0044669
:109E6800DDE9105ADDE91279934698460391BFB1AE
:109E78003B46524610210020CDF80090CDF81490B2
:109E8800FEF754FCB0F5006F06460AD340F2FF73A4
:109E98000221174A174807B0BDE8F04F0DF015B971
:109EA8003E4605F11700304420F007008008FFF710
:109EB800F5FD04F007040BF0070BE40044EA8B14EB
:109EC80044EA462444EA0554054640B13FB13B46BE
:109ED80052463146CDF800901030FEF727FC434635
:109EE80022462846039907B0BDE8F04F0DF094B814
:109EF800CBBA0100A8AD0100406820B1034BC01ADD
:109F080040F3CF0070474FF0FF30704710AD0100AD
:109F18000EB403B503AB53F8042B01460448019370
:109F280001F098F802B05DF804EB03B0704700BF89
:109F380035710100CA0605D48B064CBF0249034996
:109F4800FFF7E6BF704700BFB2DD0100B1DD0100D9
:109F58002DE9F04F89B09B46149B9DF84CA00693C1
:109F6800159B04460593169B0D469046179E049331
:109F7800BAF1000F00F09D8006F4807307930DF08E
:109F880033F806F00209024600283ED020469149DF
:109F9800FFF7BEFF0746B9F1000F08D016F0440FCF
:109FA80035D12A4620468C49FFF7B2FF074406F010
:109FB800010353B1894B204653F82A20884B89491D
:109FC800002A08BF1A46FFF7A3FF06F48073002B88
:109FD80049D006F00803002B63D1B8F1000F66D012
:109FE800424620468049FFF793FF0546069B3D44BD
:109FF800002B6DD1049B002B73D1F30700F1E48093
:10A0080031462046FFF796FFD8E00746C3E7774B6F
:10A0180018680028CAD0764B4FF47A791B684FF03D
:10A028003C0CB5FBF3F5B5FBF0F14FF4616300FBB5
:10A03800115509FB05F5B1FBF3F2B5FBF0FE03FB87
:10A04800121100FB1E55B1FBFCF309FB05F5B5FB2E
:10A05800F0F50CFB131120460091CDE901E56549A7
:10A06800FFF756FFA2E706F00803EBB1624B204664
:10A0780053F82A206149FFF74BFF0546B8F1000F56
:10A0880005D0424620465849FFF742FF0544BBF138
:10A09800000FABD05A4620465949FFF739FF05440F
:10A0A800A4E74FF0000BE1E706F00805E6E74546B0
:10A0B8009CE7BBF1010F069B06D1002B64D1049BE2
:10A0C800002B7BD000250CE0002BF8D04D485CE03D
:10A0D8004D48069B22464D490CF088F9049B002BFD
:10A0E80068D0DFF82C81DFF82C91049F3146102FBF
:10A0F800204628BF10274FF0000BFFF71BFF5D45D8
:10A1080045DC059B494620461A78FFF701FF4FF0CA
:10A11800010B1BF0070F03D141462046FFF7F8FE5D
:10A128005F453BD9059B4946204613F80B20FFF7AE
:10A13800EFFE0BF1010BBBF1100FEAD14FF0000B52
:10A1480020463549FFF7E4FE5A46059B20469A5CAF
:10A15800A2F120015F2928BF2E223049FFF7D8FE3F
:10A168000BF1010BBBF1100F1DD01BF0070F03D132
:10A1780041462046FFF7CCFE5F455A46E5D84146A2
:10A188002046FFF7C5FEEBE71F485546A1E74146C5
:10A198002046FFF7BDFE0BF1010BB0E72046204932
:10A1A800FFF7B6FEC5E7059B3B440593049BDB1B05
:10A1B80004939AD1BAF1000F7FF41FAF204609B07B
:10A1C800BDE8F04F0CF0A5BF2046054A0549FFF74A
:10A1D8009FFE15E708BB01000CBB010078AF01002A
:10A1E80003BB0100D3C5010031BB010074940020FA
:10A1F8007094002015BB01008CAF010035BB010035
:10A208003BBB010063710100357101005DB00000C6
:10A218007DDD010040BB010046BB010048BB0100D9
:10A228007BDD010042F20F7373B58B4228BF0B46EA
:10A2380005680446052168460D4A0BF08BFB064667
:10A24800636828460B225B680A490CF054FF636870
:10A258003246694628465B680CF04DFF63681B224E
:10A2680028465B6804490CF046FF02B070BD00BF89
:10A2780059B7010067BB01004BBB01000021012356
:10A28800064A904206D8064A01B901231360054BD5
:10A2980018607047012140085B00F2E740420F0058
:10A2A8007094002074940020F8B50D460446064FBB
:10A2B8004618B44201D12846F8BD14F8011BBB6802
:10A2C80001485B689847F4E7BCA90100014B0360AB
:10A2D80000207047D4AF010008B504480CF0E0F83E
:10A2E800BDE8084002480CF0DBB800BFADBB010078
:10A2F800E2BB01004B1E59425941014B197070478E
:10A30800A099002008B5012BBDF808100CD171B92F
:10A318000A4B1B680BB9012008BD1078012809D821
:10A3280000F001009847F6E76FF00C00F4E76FF0D3
:10A338000600F1E76FF01200EEE700BFA4940020DA
:10A348002DE9FF411F460D4B054658680C46164639
:10A3580080B1D1F80C808047094B32461870012330
:10A36800CDE90183BDF828302146009328463B46B5
:10A378000EF0E8FA04B0BDE8F08100BFA494002014
:10A388009F9900202DE9F04706460C4600AF0029AA
:10A3980036D0D1E90012E9468AB06D46A3684FF07D
:10A3A800050AA8461F48C5E90723C5E9050148F875
:10A3B80010AF002342464FF421511B48FFF7C8FC59
:10A3C800D4E90312CD466369AD461848C5E90723A9
:10A3D800C5E90501C5F810A0002342464FF42151F4
:10A3E8001148FFF7B5FCCD46E3690121104A0E4834
:10A3F8000CF06BFEA36901210E4A0B480CF065FEB8
:10A40800012E07D1EFF305830B4A31460648103B6E
:10A418000CF05BFE2146304609F040FDBD46BDE824
:10A42800F08700BF6CBC0100E0AD01009BBC0100DF
:10A43800CABC0100D9BC010007BD010030BFFFF74D
:10A44800FDBF00BF2DE9F04105460B4EDFF82C801B
:10A45800324606EB0807CC1B2046094910F051F993
:10A46800A01942460021083C10F058F96C6707F122
:10A478000800BDE8F08100BF0000000004000000F3
:10A4880010AE0100074A936893F90E10002907DB04
:10A49800526993421FBF044A536843F08053536084
:10A4A800704700BF3499002000ED00E070B52A4CD9
:10A4B80006460D4629482A490CF0D6FEA36ADB0653
:10A4C80047D5264827490CF0CFFE1120A36A1C0760
:10A4D80004D5224824490CF0C7FE12201E4CA36A5A
:10A4E800990712D521491D480CF0BEFE636BA26A7C
:10A4F800120609D501211E4A18480CF0E6FD1EB1C6
:10A50800A36A23F08003A3621320134CA36ADE0717
:10A5180004D5124817490CF0A7FE1420A36A9C061C
:10A5280004D50E4814490CF09FFE15200A4B9A6A70
:10A53800D10658BF9A6A9A6A920642BF5A6A22F4AA
:10A5480000525A629A6A42F0FF029A6200232B7004
:10A5580070BD1020BAE700BF00ED00E0E0AD0100DB
:10A568001ABD010030BD010063BD010076BD0100C8
:10A578008EBD0100A4BD0100C3BD010010B5244C6F
:10A58800244925480CF070FEA36A99013ED522485B
:10A5980022490CF069FE1E20A36ADA0104D51E4880
:10A5A8001F490CF061FE1F20194CA36ADB0204D579
:10A5B80019481C490CF058FE0220A36A1C0304D554
:10A5C800154819490CF050FE2120114CA36A590373
:10A5D80004D5114815490CF047FE2220A36A9A03B6
:10A5E80004D50D4812490CF03FFE2320084CA36AFD
:10A5F800DB0304D508480F490CF036FE2420A36A73
:10A608006FEA03436FEA1343A36210BD1D20C3E73B
:10A6180000ED00E0F2BD0100E0AD01000ABE01005E
:10A628001DBE010037BE010061BE01007FBE0100F2
:10A63800A4BE0100BEBE010070B5294C06460D46F9
:10A64800284829490CF010FEA36AD9043CD52548AE
:10A6580026490CF009FE1720A36A1A0504D52148DB
:10A6680023490CF001FE18201D4CA36A9B0512D546
:10A678001C4820490CF0F8FDA36BA26A100409D508
:10A6880001211D4A17480CF020FD1EB1A36A23F4CE
:10A698000043A3621920124CA36A590504D5114836
:10A6A80016490CF0E1FD1A20A36ADA050ED50D480B
:10A6B80013490CF0D9FD1B20094A936A43F47F43E0
:10A6C800936200232B7070BD1620C5E7A36A9B0414
:10A6D800F2D504480B490CF0C7FD1C20ECE700BF7D
:10A6E80000ED00E0E0AD0100E9BE0100FFBE0100A1
:10A6F80063BD010010BF010029BF01003EBF01007A
:10A7080059BF0100C3BD01002DE9F0478AB0694B6C
:10A718000446D3F804A089461646002500AFCAF3BC
:10A72800080885F31188BFF36F8F02F07F43B3F1F8
:10A738007F4F1ED1D3071CD4500603D4110708D469
:10A74800012508E05C495D480CF08EFD16F0040612
:10A7580000D04C4600250023FB71A8F10303092B08
:10A7680000F28680DFE803F0077C7F7884848484A5
:10A7780084822C46EFE7524950480CF075FD0023BF
:10A788004C4EFB71F36A9A0705D54E494B480CF0BD
:10A798006BFD002329E0F36A002B01DA4A49F5E74B
:10A7A800F36A5B00F5D5494944480CF05DFD7369CF
:10A7B800A26943F480737361BFF34F8FBFF36F8F48
:10A7C800736932F8022C23F480737361BFF34F8FDF
:10A7D800BFF36F8F4DF602739A4228D12368012187
:10A7E8003B4A36480CF071FC2368FA79DAB907F16C
:10A7F800080604F1200C324620686168083403C258
:10A8080064451646F7D17A6A002D4ED0C2F3080186
:10A8180021B96FEA52226FEA42227A62184607F19A
:10A828000801FFF7AFFD2837BD46BDE8F087B36ADA
:10A83800DBB223B10120F91DFFF738FE0EE0B36A41
:10A8480013F47F4F04D00120F91DFFF7F5FE05E052
:10A85800B36AB3F5803F9CD3FFF790FE0346C4E785
:10A868000020F91DE8E70020F91DEEE719498DE7FA
:10A87800194A6E461AF4F87F8AB0184B18BF134667
:10A888006A461749C2E90513A8F11003D3614FF4CA
:10A8980000731384134B42F8103F00234FF41151F7
:10A8A8000648FFF755FAB54673E722F4FF7222F01F
:10A8B8000102B2E700ED00E09FBF0100E0AD01003A
:10A8C800C2BF0100D9BF0100FABF010008C00100E2
:10A8D80027C0010043C0010086BF010071BF01000D
:10A8E80067C0010004000001064B5A6942F01002DB
:10A8F8005A615A6942F480625A615A6922F0080220
:10A908005A61704700ED00E0EFF30880EFF309812A
:10A9180001B57246FFF7F8FE01BD00BF002080F3C5
:10A928001488BFF36F8F002080F30A8880F30B88A8
:10A938000F4880F308880EF0E0FA00200D490860FF
:10A94800BFF34F8F00F02CF8202080F311880A48BD
:10A958004FF40061401880F30988EFF31480022156
:10A96800084380F31488BFF36F8F00F0E5F8000008
:10A97800F8C0002094ED00E0B8AF0020002318468E
:10A988000649D1F89020C2F30722934200DB7047B2
:10A99800C1F89830C1F8A0000133F6E700ED00E0F7
:10A9A80010B572B6002484F31388FFF7E7FF234637
:10A9B8004FF0FF300C4A03F120010133102B42F80D
:10A9C8002100F8D100234FF0FF30074A03F160015E
:10A9D8000133102B42F82100F8D162B6BFF34F8F34
:10A9E800BFF36F8F10BD00BF00E100E0084B9B680C
:10A9F80083420BD1EFF3058343B1064B5A6842F00B
:10AA080080525A605A6A22F400425A620AF0BEBA68
:10AA18003499002000ED00E018498A6882F881E046
:10AA28004FF030001044EFF3098C80E8F01F20202D
:10AA380080F31288BFF36F8F114F4FF000664A6999
:10AA48008A603E604FF07404141920680D4C206031
:10AA580092F981E0906F0023936780F3118802F1E7
:10AA6800300090E8F01F8CF3098802F1000004B56B
:10AA78000CF004FCBDE80440704700003499002045
:10AA880004ED00E0AC9400201EF0040F0CBFEFF3BF
:10AA98000880EFF30980816911F8021C0229FFD0B0
:10AAA80001B572460CF0D5FB01BD00BF40B20028CD
:10AAB80007DB01234109034A00F01F00834042F8E5
:10AAC8002130704700E100E040B200280CDB012291
:10AAD8000649430900F01F008240203341F8232033
:10AAE800BFF34F8FBFF36F8F704700BF00E100E0E7
:10AAF800054B420953F82220012300F01F0003FAF6
:10AB080000F01040704700BF00E100E040B20028AC
:10AB180001F10101ACBF00F16040064B4FEA411161
:10AB2800C9B2ABBF00F5614000F00F0080F8001318
:10AB38001954704714ED00E00B4A08B50B4B22F08E
:10AB48007F029A60BFF34F8FBFF36F8FD3F88820CF
:10AB580022F47002C3F8882009F08CFA0AF038FB56
:10AB680000F04CF809F0C6FA0080000000ED00E0A3
:10AB780042F8203C009B0D4942F81C3C019B21F007
:10AB8800010142F8183C029B42F8081C42F8143CA8
:10AB98004FF0807342F8043C002383674FF43C4332
:10ABA800203A0265C0F88030704700BFB18E0000BF
:10ABB80000B50B4B15469860426F0A4B0E461A605B
:10ABC800436E83F30B882C4686F309880020064BD6
:10ABD80098472046002100220023044C204700BF4C
:10ABE80034990020AC9400208D720100B18E0000D1
:10ABF8001022014B1A61704700ED00E0002320216C
:10AC08000348C2180133452B82F80013F9D1704765
:10AC180000E100E008B5EFF30583064A103B02EBBC
:10AC2800C30152F8330049688847BDE80840FFF778
:10AC380029BC00BF20AA01001FB5094C094A2346B8
:10AC48000121094800F012F900230393074B012161
:10AC5800E41A01A80193029400F012F904B010BD9F
:10AC680000000720008000204CB0010080860020F2
:10AC780010B50C7A0B6804F01F0223F01F031A4367
:10AC8800CB68640923F01F03054943EA440343F0F2
:10AC98000103C1F89800C1F89C20C1F8A03010BD8C
:10ACA80000ED00E010B50A4BD3F89030C3F307234A
:10ACB800013B984208D901210346064A06480CF090
:10ACC80004FA6FF0150010BDFFF7D2FFFBE700BFD5
:10ACD80000ED00E07EC00100C8AD01002DE9F04F95
:10ACE8008946144606464FF00008514D85B0C845C0
:10ACF80027DAD6F804A0BAF1000F44D0BAF11F0F32
:10AD080017D91AF01F0F14D1D6F800B01BF01F0F77
:10AD18000FD158460CF0F2FA07460AEB0B0001383F
:10AD28000CF0ECFA874210D06FF01507414A3B4609
:10AD380001E04346404A012140480CF0C6F96FF053
:10AD48001504204605B0BDE8F08F17F1160FEDD0B9
:10AD5800BC42EBDDC5F89870D5F89C10C5F8987022
:10AD6800D5F8A03021F01F0143F01F0BD6E90032BF
:10AD78001A44994202F1FF3A1DD1D34507D1314611
:10AD8800F8B20CF0C4FA08F101080C36AFE7314606
:10AD9800C5F89870D5F89C3022F01F0203F01F0305
:10ADA8001343C5F89C30E0B20CF0B1FA10F1160F5D
:10ADB800C5D0441CE7E7C5F89870D5F8A020013B3A
:10ADC80023F01F0302F01F021343D3453146E0B2BC
:10ADD800C5F8A030E8D00CF09AFA10F1160FAED0F2
:10ADE800C5F89870D5F89C209DF808300BF1FF3B0A
:10ADF80062F304038DF80830D5F8A0309DF80820D8
:10AE08005B0863F347128DF80820D6E90032134433
:10AE1800009323F01F035B44A3EB0A03013023F0E4
:10AE28001F036946C0B20393FFF73CFFBEE700BFAC
:10AE380000ED00E0C7C00100A4C00100C8AD0100DA
:10AE48000522044BC3F89420BFF34F8FBFF36F8FD5
:10AE5800704700BF00ED00E0BFF35F8F0022024B98
:10AE6800C3F89420704700BF00ED00E010B5034C14
:10AE78002278FFF733FF207010BD00BFA199002092
:10AE88002DE9F74F294D8A4606464FF00008AB4694
:10AE9800274FD0451BDAD6F80490B9F1000F3FD000
:10AEA8003168084601910CF029FA0199044609EB2A
:10AEB800010001380CF022FA84424FF014021D4BB5
:10AEC80008D002FB08F36FF015024BF8032003B01B
:10AED800BDE8F08F14F1160F2C60F8D01978A14254
:10AEE800F5DD02FB08B0C7F89840C7F89840D7F8D6
:10AEF8009C4000F10801007B64F304000871D7F856
:10AF0800A0000C79400860F347140C71D7F89C1026
:10AF180021F01F016960D7F8A01021F01F012961F5
:10AF280008F1010814350C36B3E700BFB0940020CF
:10AF380000ED00E0A1990020F0B54149414CD1F85D
:10AF480090302568C3F307239D4287B075D8002049
:10AF5800FFF782FF3C4BC1F8C030854216D13B4C0D
:10AF680001A82570FFF7B2F900250646384FAE4212
:10AF780013D1002023783249D1F89020C2F3072258
:10AF8800934254DBFFF75CFF00202FE0616801EB80
:10AF98000011FFF76DFE0130DFE70199280101EB91
:10AFA8000513DA683A40B2F5001F21D0B2F5800FD8
:10AFB8002BD0B2F5801F38D15A689B680958013BDD
:10AFC80022F01F0003440120844623F01F0340EAB7
:10AFD8004C10CDE902218DF8100002A920780593C4
:10AFE800FFF760FE00281DDA6FF0150007B0F0BD0E
:10AFF8005A689B680958013B22F01F0003444FF030
:10B00800020C012023F01F03E1E75A689B680958E6
:10B01800013B22F01F0003444FF0000C062023F0F0
:10B028001F03D4E723780133237001359FE7C1F864
:10B038009830C1F8A00001339EE74FF0FF30D5E704
:10B0480000ED00E058B00100AAFF4400A1990020DB
:10B058000000F0FFF0B587B007460E461446002101
:10B06800102268461D460FF059FB02238DF8023066
:10B07800054B2A4621466846CDE9047601930AF035
:10B0880095FC07B0F0BD00BF4973010008B5024840
:10B098000AF040FCFEE700BFF9C0010008B5024B0A
:10B0A8001B689847002008BDC4940020034B044A3D
:10B0B8001860937843F0020393707047C49400209B
:10B0C800FC81002008B50649064821F00701C1F1B6
:10B0D800005202F5E0220BF031F9002008BD00BF54
:10B0E8007BE50020C894002070B541690446867A43
:10B0F8000A4D59B1437ADB0706D42C2303FB0653C8
:10B108005B6A1B689B689847002363612C20214673
:10B1180006FB0050BDE870400EF0A9BF2085002056
:10B128002C22024B02FB0030704700BF2085002014
:10B138002C21827A054B01FB02339A6A1B7F801A05
:10B148001B3323F00303B0FBF3F070472085002086
:10B1580038B52C24827A064B04FB02335B6AD3E9A8
:10B1680001240C601568FFF7E3FF04FB005038BDAD
:10B17800208500202DE9F04385B0054668469046B5
:10B188001C4603910FF0D2F9DDE90067EFF311894E
:10B19800202383F31288BFF36F8F6B8B002B41D072
:10B1A8002A8B9A4225D900220023284609F02EF935
:10B1B8000446F0B189F31188BFF36F8F039B002B0E
:10B1C80041D032463B4668460FF0D4F92C21A27A8A
:10B1D800254B204601FB02335B6A03A91B681D68E7
:10B1E800DDE90023A847606170BB2046FFF77CFFBC
:10B1F80024E0698B4B1E6B8389F31188BFF36F8F33
:10B208002B7F2A8BAC6A1B3323F00303521A02FBF1
:10B218000344154B154AEB1A9B105343A3722B7F1B
:10B22800E372CBE789F31188BFF36F8F2346424659
:10B23800284609F0EBF804460028BFD10024204630
:10B2480005B0BDE8F0836361012300252381039BDA
:10B2580029466382E27A656004F118000FF05EFA0D
:10B2680063692582E360EAE720850020A38B2EBA74
:10B2780070B52C250B4C00B970BD037A4668013BAC
:10B28800DBB20372002BF7D1C3604360837A05FBFE
:10B2980003431B6A13B198473046ECE7FFF724FFD6
:10B2A800FAE700BF2085002007B50DF1070007F079
:10B2B8009BFA114B98421CD14FF480620F4B1049F6
:10B2C800C3F8B8254FF40062C3F83C259DF8070081
:10B2D8000DF01CFE0B499DF807000DF012FE012031
:10B2E8009DF80730984007F079FA002003B05DF820
:10B2F80004FB6FF00B00F9E70000AD0B00A0024063
:10B308002CA0024028A10240052370B5144D154E0B
:10B318002C780134B4FBF3F303EB8303E41A0DF048
:10B3280089FD114A137823B156F82430C01A07282A
:10B3380013D90E4BD3F8141141B10021C3F81411DD
:10B34800D3F814312C700CB9012313702C780DF03C
:10B3580071FD46F82400012070BD0020FCE700BF05
:10B36800A3990020D4940020A29900200050004006
:10B3780048B1054B054A1B68B3FBF2F35843044B2D
:10B3880043F00103184770471C83002040420F0018
:10B3980080AE01000B460121024AC2F814160021B2
:10B3A800184700BF00500040014902480BF044BB59
:10B3B80090B00100E89400202DE9F047174B0546AE
:10B3C800D3F830210C46072AD3F8343121D1023B77
:10B3D800032B02D8124AD35CDBB14FF001080026D8
:10B3E8004FF050290F4F0520C9F81886C7F8146682
:10B3F8000DF085FD4046C7F814860DF080FDC7F8AE
:10B408001466C9F8186628462346BDE8F0470021A7
:10B4180018470022034BC3F81426F4E700F007206E
:10B4280019C10100005000401FB578B100230193F5
:10B43800039301236946084802930BF010FB029B13
:10B448009B0700D1039B05B05DF804FB024805B0DB
:10B458005DF804EB0BF05ABBE894002008B50448EB
:10B468000EF06AFC00280CBF6FF01200002008BD27
:10B47800A8A901000E4B402928BF402170B51D46E0
:10B488000C4C4618B04203F1020304D1002305F81E
:10B498001130074870BD02781209A25C03F8022C2B
:10B4A80010F8012B02F00F02A25C03F8012CE9E767
:10B4B800C29900207CC1010030B503788BB00446E6
:10B4C80007AD032B21D8DFE803F0021A1C1E12492E
:10B4D8002846FCF761FE059563781E210493A3783E
:10B4E8000E4A0393E3780E48029323790193637914
:10B4F8000093A3790AF02EFA09480BB030BD094928
:10B50800E6E70949E4E70949E2E70A212846084A43
:10B518000AF020FADFE700BF37C1010059C1010076
:10B52800A49900203EC1010045C101004FC101009E
:10B5380087D2010030B50024094D0A4B85B0284652
:10B54800029303940EF06BFE02AB284600934FF46F
:10B55800E1620A23044909F05FF9204605B030BDCD
:10B56800D08E00208DC1010050A300200146014863
:10B5780009F0CCB9D08E0020037830B5012B13D058
:10B58800022B27D07BB90A46184B03F1100453F855
:10B59800045BA34242F8045BF9D11B78137043881B
:10B5A8004B731B0A8B7330BD0A46104B03F1100412
:10B5B80053F8045BA34242F8045BF9D11B7813707B
:10B5C8004368C3F307224B731B0CCB731B0A8A73A4
:10B5D8000B74E8E700F1100350F8042B984241F887
:10B5E800042BF9D103780B70DDE700BF96C1010089
:10B5F80010B5044609F0CAFB044B1B680BB1204682
:10B608009847BDE8104009F0D5BB00BF049500205D
:10B61800022838B505460CBF064807480BF0A1FEBE
:10B62800044620B101210C300BF0F0FE25762046AF
:10B6380038BD00BFD0850020208500200F2810B518
:10B648000ED80D280ED90B480BF08BFE044628B1F6
:10B6580001210C300BF0DAFE02232376204610BDC0
:10B668001328F0D009B10448EEE70220BDE81040E5
:10B67800FFF7CEBF54860020A4850020C3680221AE
:10B688001B78024A02480CF029B800BFB6C1010075
:10B6980048AD010070B5C6683378B6F8014083B983
:10B6A8000F21204602F05AFDF378054650B90A4AA0
:10B6B800118831B96FEA04506FEA10501080074AB8
:10B6C800137070BD4372012102F066FC2846BDE884
:10B6D800704002F03BBC00BF80990020439A0020D4
:10B6E80070B5C3681D78BDB9B3F801600F21304645
:10B6F80002F034FD044638B93346BDE870400121F4
:10B70800064A07480BF0EABF294602F045FC2046E6
:10B71800BDE8704002F01ABC70BD00BFDEC1010078
:10B7280048AD010010B5C3680121B3F801402046B7
:10B7380002F014FD38B92346BDE810400121044A3F
:10B7480004480BF0CBBFBDE8104002F0FFBB00BFC0
:10B7580004C2010048AD0100012110B50C300BF006
:10B7680090FEBDE8104003780121024A02480BF020
:10B77800B5BF00BF28C2010048AD0100014610B5A1
:10B7880008480BF0F2FD084908480EF01DFD031E9D
:10B7980006DABDE810400121054A06480BF09EBFB5
:10B7A80010BD00BF4C8100201C820020788F002033
:10B7B8004AC2010048AD010010B5084C01460622F6
:10B7C80094F86F0002F08CFF38B994F86F000522E6
:10B7D800BDE81040024902F083BF10BD0080002080
:10B7E8001DC101000121024A02480BF075BF00BFCC
:10B7F80067C2010048AD01000B46B0B50D8A00AF25
:10B8080004462946D868FFF735FE8AB06A46094BD0
:10B81800C2E90750C2E9053440F202439384064B5B
:10B828004FF43251054842F8103F0BF064FFBD4613
:10B83800B0BD00BF81C201000500000148AD010094
:10B8480070B5C5680121B5F80160304602F086FC84
:10B85800044638B93346BDE8704001210B4A0C480C
:10B868000BF03CBF2B783BB9D5F80330C0F89530C6
:10B87800D5F80730C0F89930201D4FF480310BF00F
:10B888002FFF2046BDE8704002F060BB04C20100F3
:10B8980048AD0100B0B53C28044600AF1AD101F00C
:10B8A80079FE6FF0800110300BF028FF0020FFF7C1
:10B8B80083FF054630B90121114A12480BF00CFFED
:10B8C800BD46B0BD4472002102F066FB284602F076
:10B8D8003DFBF5E76D468AB06A460B4B4FF41251B3
:10B8E800C2E90530094B0748D36140F2013313849C
:10B8F800074B42F8103F0BF0FEFEAD46E0E700BFF5
:10B90800A3C2010048AD0100C4C20100B3DD0100BB
:10B918000400000137B50446084602EBC3039A4207
:10B9280002D16FF05E0010E0114611F8085BA542E5
:10B9380011D1038A5178994209D908480121084A46
:10B9480000940BF0CCFB6FF0150003B030BD5368CA
:10B9580098470020F9E70A46E1E700BF48AD010033
:10B96800E0C2010073B53D480BF014FD0446002801
:10B9780072D0017E022948D008296AD1038A032B94
:10B9880005D8374A012137480BF0A8FE13E00421F7
:10B998000C300BF076FDFF23428806886376238AF5
:10B9A800C6F30B009A42A08309D0012100922D48CA
:10B9B8002D4A0BF094FB2046FFF75AFC12E00F21AA
:10B9C80002F0CCFB054610B9A38B284ADAE702F04F
:10B9D80005FC21466076320B284602F08BF9284692
:10B9E80002F0B4FA224BD3F84C31002B34D0214961
:10B9F80021480EF0E9FB031E2EDA01211F4A1948DF
:10BA080002B0BDE870400BF069BE038A012B01D873
:10BA18001B4AB7E70C300BF034FD054600780BF0F5
:10BA280049FE10F002060DD140F6CE33154A1649EC
:10BA380016480AF042FD86F31188BFF36F8F03237F
:10BA4800184602DF04232146114A28780BF05EFECF
:10BA5800B1E70B460F4A95E702B070BD4C81002054
:10BA680002C3010048AD010023C3010047C3010020
:10BA7800008000201C820020788F00204AC201002C
:10BA880069C3010085C30100B9C30100E7C3010010
:10BA98003CB1010004C4010010B5012104460C307A
:10BAA8000BF0EFFC2146BDE810400623014A007860
:10BAB8000BF02CBE5CB10100F8B50121044600AFC3
:10BAC8000C300BF0DEFC0678002321463046104A85
:10BAD800FFF720FF5F3018D1258AE0682946FFF775
:10BAE800C9FC6C468AB06A460A4BC2E90750C2E9EB
:10BAF800053640F202439384074B4FF4325107480E
:10BB080042F8103F0BF0F7FDA546BD46F8BD00BF53
:10BB18008CB1010018C401000500000148AD010006
:10BB28002DE9F74F0023804689461746DFF814A110
:10BB3800DAE8EF4FCAE8E23F002AF9D1264644B9CD
:10BB480043460121404A414803B0BDE8F04F0BF09D
:10BB5800C5BD2046FFF7ECFA4FF00C0B3C4D0BFB34
:10BB68000050438843451BD02046FFF7E1FA0BFB02
:10BB78000050438801210093364A434633480BF06E
:10BB8800AEFADAE8EF3FCAE8E26F002AF9D1002BF3
:10BB980054D01E46304603B0BDE8F04FFFF768BBEF
:10BBA800A7420FD020460BF0D7FB022304F10C0864
:10BBB8000121404623760BF029FC40463A8AF96871
:10BBC8000BF035FC2046FFF7B3FA0C2707FB0050B3
:10BBD8004368ABB1B9F1000F12D12046FFF7A8FABC
:10BBE800012107FB00504268D2E90003127A03F0F2
:10BBF8001F07B9405B09DAB100EB83000BF070FD59
:10BC08002046FFF795FA0C2707FB00508368002BA6
:10BC1800C0D02046FFF78CFA784305F800902046FC
:10BC2800FFF786FA07FB0055A86808F021FCB1E782
:10BC3800C94300EB83000BF061FDE1E703B0BDE809
:10BC4800F08F00BF488100204AC4010048AD0100C0
:10BC58000895002072C401002DE9F84F0123D0F89F
:10BC68000C80018A98F8004000AF03EB84038B42F4
:10BC78005BD96D468AB06A46C2E9073105232D486B
:10BC88004FF42151C2E905042B4842F8103F0BF04C
:10BC980032FDAD46BD46BDE8F88F4B460121274A27
:10BCA80025480BF01BFD013598F800309D42F1DA6C
:10BCB80008EB8503B3F801900F214846B3F80360F9
:10BCC80002F04CFA04460028E7D000F1C0095EB142
:10BCD800204601F0B3FF08F0CBFB636943B95A462D
:10BCE800012115480BF0F8FC204602F02FF9DAE79D
:10BCF800A1691A688B42626108BFA261C3F800A0FB
:10BD0800226A7AB9C4E90733D9E8EF3F013BC9E8A9
:10BD1800E23F002AF8D100212046013E01F09AFFB7
:10BD2800B6B2D4E713602362EEE70025DFF810B05F
:10BD3800AA46B9E7A5C4010048AD0100CFC4010077
:10BD4800EBC4010073B5C5680121B5F80160304640
:10BD580002F004FA044640B9334601213A4A3B4806
:10BD680002B0BDE870400BF0B9BC2B78061D1A2B49
:10BD780019D1C378012B4ED14FF4804130460BF0D6
:10BD8800AFFC42040FD4D4F8883069460093D4F845
:10BD980090302046019302F073FF204602B0BDE8C0
:10BDA800704002F0D3B82B78ABBB40F67A41B5F8B7
:10BDB8000320A4F8862093B2B5F80520A4F88C20B7
:10BDC800B5F80720A4F88E209A1F92B28A4204D9A7
:10BDD80002211F4A1D480BF081FCB4F88C30B3F5E2
:10BDE800FA7F04D302211B4A18480BF077FC40F66F
:10BDF8007641B4F88E30A3F10A0292B28A4204D98D
:10BE08000221154A11480BF069FC6FF48051304645
:10BE18000BF074FC14E0D6E8AF3FDB04F5D52B78C3
:10BE2800202BF2D194F89430002BEED0013B84F80B
:10BE380094304FF42032002304F1400008F090FDC4
:10BE4800204602F037FBA8E704C2010048AD010014
:10BE580002C501002AC5010051C50100054BD3E800
:10BE6800AF2F02F00902D3E8EF1FC3E8E02F002844
:10BE7800F9D17047D480002010B5C1E900239DF89E
:10BE880008300C460B72FFF753F90C22024B02FBE9
:10BE980000335C6010BD00BF089500202DE9F04715
:10BEA8004FF0FF3206464FF0FF33184888460BF034
:10BEB80058FA044638B300F10C07012138460BF054
:10BEC800A5FA012320462376FFF732F94FF00C0933
:10BED8000F4D4FF0000A09FB005046802046FFF73F
:10BEE80027F909FB0050C0F808A02046FFF720F901
:10BEF80009FB005503213846C5F804A00BF091FA58
:10BF0800068080F802802046BDE8F0872886002059
:10BF18000895002070B5064690B00B4D01AC0FCDCA
:10BF28000FC40FCD0FC40FCD0FC495E8070084E8E8
:10BF380007000E2E9DBF10AB03EB860656F83C0C8F
:10BF4800024810B070BD00BF2CAE01007DC50100D5
:10BF5800034B0146D3F86C0182689268104700BF12
:10BF6800008000202DE9F843044600F10C06304615
:10BF78000BF097FAB4F810800546B8F1010F0AD80B
:10BF880043460121194A1A480BF0A8FB2046BDE890
:10BF9800F843FFF76DB9304602210BF072FA0746F5
:10BFA80000780BF087FB10F0010906460DD140F62A
:10BFB800EE73104A104911480AF07FFA89F3118884
:10BFC800BFF36F8F0323184602DF052321460C4A6F
:10BFD80038780BF09BFBB307D8D56369A4F81080B9
:10BFE80013FA85F5E560BDE8F88300BF69C3010071
:10BFF80048AD010085C3010085C50100E7C3010004
:10C0080014B1010038B50C4608F0C0FE237E022B9F
:10C0180005D0082B14D12046FFF7B0FB0BE0E368EE
:10C0280018780BF047FBC207054602D52046FFF7F4
:10C0380099FFAB07EFD4002408F0BCFE204638BDBA
:10C048000121054A05480BF049FB2046FFF710F986
:10C058006FF01504F0E700BF9EC5010048AD010070
:10C068002DE9F84F3D4C00AF04213D480BF038FB5B
:10C078003C4DE2793C4B2046012A88BF1D466E465E
:10C08800FFF71AFA8AB06A46384BA346C2E9053563
:10C098000125374BD0611362364B4FF42351364894
:10C0A80042F8103F0BF027FBDFF8D080B546DFF8E9
:10C0B800C890334EE3790BF1070B9D4238DB94F8B7
:10C0C80070506E462846FFF725FF8CB06A46B4F8D4
:10C0D8007210B4F87630C2E907514FF40075536214
:10C0E800DFF8A0C0284BC2E905C015854FF45351AD
:10C0F80042F8103F20480BF0FEFAB54694F87160FC
:10C108003046FFF707FF8AB06A46B4F874301F4913
:10C11800C2E907631E4BC2E9051095844FF43351F9
:10C12800154842F8103F0BF0E6FABD46BDE8F88F17
:10C138005846FFF7C1F9EA468AB06A4640F2013329
:10C14800C2E90565D06113844FF41351484642F89B
:10C15800108F0BF0D0FA0135D546ABE700800020F0
:10C16800D4800020B3DD0100B2C50100B6C50100CE
:10C17800000201030400000248AD010004000001B0
:10C18800C5C50100D6C501000600000114C601009E
:10C1980005000001004870473BC60100014808F04F
:10C1A80035BB00BF0C82002038B505460C4619B9CE
:10C1B800FFF774FE0446D8B140F635439D420FD1CF
:10C1C8002046FFF7C5FE054640B1034601210A484F
:10C1D8000A4A0BF083FA2046FFF74AF8284638BD8A
:10C1E800214607480DF038FF0025FFF7D7FFF5E790
:10C1F8006FF06805F2E700BF48AD01004EC60100C8
:10C2080054810020F8B50521054640F63540FFF772
:10C2180045FE044678B9FB231C4A1D491D480AF00F
:10C228004CF91D480AF049F984F31188BFF36F8F60
:10C238000323184602DF04F10C07012138460BF0EE
:10C24800F0F801260421067038460BF0EAF805805C
:10C25800002521468670C57040F63540FFF7A4FFDB
:10C26800044688B140F20513084A0C4909480AF007
:10C2780024F921460A480AF020F985F31188BFF30A
:10C288006F8F0323184602DFF8BD00BF85C3010086
:10C29800AAC10100E7C3010070C601008FC60100F2
:10C2A80098C601002DE9F0410446868B477E807AC6
:10C2B800FEF736FF6169054649B1637ADA0704D4A7
:10C2C800436A20461B689B689847002363612146A0
:10C2D80028460DF0CCFEA37E33BB144B93F88A306E
:10C2E8009B0621D5384602F0D1FA044638B93B46B8
:10C2F800BDE8F04102210E4A0E480BF0EFB9837AEF
:10C30800073B012B09D90B4802210B4A0BF0E4F932
:10C318002046BDE8F04101F019BE01F017FE304695
:10C32800BDE8F041FFF76EBFBDE8F0810080002056
:10C33800BBC6010048AD0100E4C6010073B5C3687F
:10C34800D9789A781E8842EA0122ADF800205979F6
:10C358001A79B4B242EA0122ADF80220D9799A7961
:10C36800204642EA0122ADF804201A7A5B7A0121BC
:10C3780042EA0323ADF8063001F0F0FE054658B94D
:10C3880001211C4823461C4A0BF0A8F9022120462B
:10C398000BF0F1F902B070BD694602F0D1F838B976
:10C3A8001E2120460BF0E7F9284601F0CFFDF1E702
:10C3B8000E2142F22000FFF771FD04460028F3D059
:10C3C8000E210C300BF02DF800230680C0F80A303F
:10C3D800BDF8003021464380BDF802308380BDF8A7
:10C3E8000430C380BDF80630038142F22000FFF715
:10C3F800DBFED9E748AD010004C2010038B50246AA
:10C408000B462B4DD5F8541109B9002038BD05F558
:10C41800987008F061F80028F7D10022002305F58C
:10C42800AA7007F0F3FF044668B940F6DD33214AE5
:10C43800214922480AF041F884F31188BFF36F8F2D
:10C448000323184602DFD5F848315BB101211C4AA5
:10C458001C480BF041F9D5F84801FEF709FF002305
:10C46800C5F8483120460AF0ABFFC5F84801204618
:10C47800FFF76EFD0346C8B10121134A11480BF0BE
:10C488002DF9124807F0F4FF2046FEF751FE0C2262
:10C498000F4B02FB0033588818B122461F21FFF7C3
:10C4A8003FFB2046FEF7E4FEFFF778FE0120ADE7EC
:10C4B8000080002085C30100AAC10100E7C3010074
:10C4C80010C7010048AD01004EC6010030810020B0
:10C4D800089500202DE9F04F87B0054616460C4612
:10C4E80000AF31B9FFF7DAFC044648B96FF06800CD
:10C4F80092E0887AFEF714FE534B834240F09E8008
:10C508000122002138460DF0C0FD2046FEF710FE3E
:10C518000C23DFF838A103FB00A0876020460AF04F
:10C528004FFF01464A480DF097FDFFF737FE0EF022
:10C5380099F9484B1A58484B9A4220D1DFF81CB158
:10C5480043480DF09EFD002181464FF4A020FFF7DF
:10C5580055FF804688B94FF4D8735946404A414838
:10C5680009F0ABFF2946404809F0A7FF88F3118876
:10C57800BFF36F8F0323184602DF4C45E0D14FF419
:10C58800A0220023384607F0A7FF804698B14FF451
:10C59800DB73334A3549334809F08FFF4246294651
:10C5A800334809F08AFF002383F31188BFF36F8FA4
:10C5B8000323184602DF2046FEF7BAFD0C23584332
:10C5C8001AF80080B8F1000F30D06E468AB06A467B
:10C5D800284BC2F81C80C2E90535274B4FF432516D
:10C5E800136240F202439384244B254842F8103FDB
:10C5F8000BF081F82046B546A8F10908FEF738FE89
:10C60800B8F1090F0FD8DFE808F01C0E0E0B050E65
:10C618000E0E0E196FF00B001C37BD46BDE8F08FEB
:10C628006FF00C00F8E76FF00400F5E716B134601E
:10C638000020F1E72046FEF71BFEF9E76FF0150032
:10C64800EAE76FF06E00E7E72886002008950020EB
:10C658005481002008000000E09200202BC7010050
:10C6680085C30100E7C3010033C701008FC601007D
:10C6780053C7010098C70100B3DD010005000001A0
:10C6880048AD01000022F0B583B0114640F60340E2
:10C6980000AFFFF71FFF0446002840F0A180FFF716
:10C6A800DDFB214641F203003A1DFFF713FF044664
:10C6B800002840F095807A68B04DD16805F178037C
:10C6C800D1F80100D1F8051003C31046FEF7D0FDDC
:10C6D800214641F201003A1DFFF7FCFE04460028FE
:10C6E8007ED17868C3685A7885F870205A88A5F88A
:10C6F80072201A7985F87120B3F80720A5F87420FC
:10C70800B3F80530A5F87630FEF7B2FD214641F2C0
:10C7180002003A1DFFF7DEFE0446002860D1D7F874
:10C7280004C005F18006DCF80C20531C4132344665
:10C7380018685968083303C493422646F7D16046FF
:10C74800FEF796FD01F056F90446002848D195F801
:10C758008A309E0610D40221894A8A480AF0BCFF12
:10C7680095F87C3058063FD40121874A85480AF05D
:10C77800B3FF6FF0120433E0072140F63340FFF7B0
:10C788008DFB0646002800F0EC8007210C300AF0EB
:10C7980048FE1B2303700223C0F8024084714470D2
:10C7A80004712246C370314640F63340FFF792FECB
:10C7B8000446A8B9012140F63140FFF76FFB064651
:10C7C800002800F0CE8001210C300AF039FE224604
:10C7D800314640F63140FFF77DFE04460028BFD0C1
:10C7E80020460C37BD46F0BD002142F203003A1D39
:10C7F800FFF770FE04460028F2D17B68634EDA68C2
:10C80800D2F80100D2F8051003C61846FEF730FD2D
:10C81800214642F202003A1DFFF75CFE044600285A
:10C82800DED17C68E368B3F8012091B249B1D978C8
:10C8380039B1A5F80421DA78114606F128000DF07F
:10C8480024FC2046FEF714FD1F2395F87C60A5F80C
:10C85800203116F0200617D1022140F66D40FFF76F
:10C868001DFB044600287CD002210C300AF0D9FDBB
:10C878000123214603704670324640F66D40FFF7AB
:10C8880029FE04460028ABD195F89C30190712D52B
:10C89800002142F21C003A1DFFF71CFE0446002846
:10C8A8009ED17868C368D3F80120D3F80530C5E96C
:10C8B8003823FEF7DDFC082142F20100FFF7EEFA0B
:10C8C800044600284DD008210C300AF0AAFD95F83E
:10C8D800D83095F8D92013F0020F14BF2F230F2357
:10C8E80012F0090F4FF0000218BF43F40063037001
:10C8F8001B0A214643708270C270027142718271B4
:10C90800C27142F20100FFF7E5FD044600287FF4FA
:10C9180067AF95F87C30B5F804119A0624D4C9B9E4
:10C9280041F205003A1DFFF7D5FD044600287FF4C3
:10C9380057AFB5F804317C684BB9E368B3F8012008
:10C94800A5F804219A88124811460DF09EFB20464E
:10C95800FEF78EFC082140F60140FFF79FFA0446D7
:10C96800D0B96FF068043BE70029F3D10121094AE7
:10C9780004480AF0B1FE6FF0040431E7008000209B
:10C98800B7C7010048AD0100E5C70100D880002005
:10C998000881002009C8010008210C300AF041FD77
:10C9A8001023037088230022437002262023214687
:10C9B8008270C670027142718271C37140F6014083
:10C9C800FFF788FD044600287FF40AAF01463A1DA8
:10C9D8004FF60140FFF77EFD98B1504A02215048BA
:10C9E8000AF07AFE00F0C6FC044600287FF4F8AE90
:10C9F80001F054FF044600287FF4F2AEFFF730FB45
:10CA0800EEE67B686E46DC688AB0B4F80130032B2A
:10CA180096BF444A444952F823106A46D3614FF4FA
:10CA2800007342481384424BC2E9050142F8103FA3
:10CA38004FF413513A480AF05EFEB4F80120B546A7
:10CA4800022AB4F8033049D1052B47D8394A52F89D
:10CA580023106E468AB06A46D3614FF40073364895
:10CA68001384334BC2E9050142F8103F4FF41351C8
:10CA78002B480AF040FEB546637994F806C0032BAC
:10CA880098BF2E4AB4F80760D4F809006C468CB0F9
:10CA980094BF52F8231024496A46C2E9073C4FF470
:10CAA8000073DFF89CE09385264BC2E905E1C2E9F3
:10CAB80009604FF4735142F8103F19480AF01BFE01
:10CAC800A5467868FEF7D4FB00214FF602403A1DD0
:10CAD800FFF700FD044618B11B4A7FE71249B8E783
:10CAE8007868C368B3F80130A5F8C130FEF7C0FB19
:10CAF80095F8C1305B077FF575AF21464FF60340C7
:10CB08003A1DFFF7E7FC08B1104A67E77868C36881
:10CB18005B7885F8C030FEF7ABFB63E72CC80100F3
:10CB280048AD010004B101007DC5010050C80100F5
:10CB380004000001ECB0010069C80100DCB001008C
:10CB480081C8010007000001AEC80100D7C8010074
:10CB580010B5FFF797FD034B1B6813B1BDE81040F4
:10CB6800184710BD8095002073B52A4D0646D5F8A4
:10CB78006C010DF0E1F848B90121274A27480AF06D
:10CB8800ABFD6FF01204204602B070BD6FF00201D9
:10CB980005F1D4000AF0B2FD01210AF0A1FD10EA66
:10CBA800010434D11E4B1E600A4605F598700DF03D
:10CBB8006CFA05F5AA700DF043FA1A480DF02FFB30
:10CBC8006FF007034FF4966217491648009407F070
:10CBD80023FE164913480DF07DFBD5F86C01144966
:10CBE80083681B689847044630B103460121114AFF
:10CBF8000A480AF073FDC6E726B902B0BDE87040DE
:10CC0800FFF740BD05F1C40007F000FEBBE76FF079
:10CC18007704B8E70080002000C9010048AD010092
:10CC280080950020788F002058AA002018C901009C
:10CC38000DC0000021C90100F7B5144B054693F952
:10CC48009B300C46002B1DDA14B9204603B0F0BD0A
:10CC5800082C4FF0000142F2180001AA264628BF0E
:10CC68000826FFF737FC0028F0D1019F3246F96803
:10CC7800284601310DF045FD3846FEF7F9FA3544EE
:10CC8800A41BE1E76FF08500E0E700BF008000200B
:10CC98002DE9F04F85B00026624BB0F80190198855
:10CCA80049F47042914204BF1E805F4B00F10408B2
:10CCB80008BF1E78C3780546012B08BF5B4B40466A
:10CCC80000AF14BF002493F86F400AF083FC41467C
:10CCD80068B34FF0010A07F108000AF070FCD5F8B4
:10CCE8001130C7F80130B5F81530A7F80530EB78E2
:10CCF800012B31D04046FEF7DFFB6C4688B06A4610
:10CD08004B4B4FF4E251C2E905304FF40073938363
:10CD1800484B494842F8103F0AF0EDFC1321A5465C
:10CD280048460AF043FD1437BD46BDE8F08F20465B
:10CD38000AF0B9FD0346006895F804A0B8609A881F
:10CD48009B796868BA81BB73B8F8042098F80630F4
:10CD58003860BA80BB71CAE707F10800FEF72CFDFE
:10CD6800EB780446012B0AD100F014FC83466FF0DF
:10CD7800800110300AF0C2FC58460AF093FE002CDD
:10CD8800B8D02346B5F8012023F8702BBA7BB868D1
:10CD9800B98920679A7100229980B5F81730A4F8EC
:10CDA8008630B5F81930A4F88C30B5F81B30A4F8E3
:10CDB8008E30EB786272012BE37022D187F800A0E5
:10CDC800BA88BB793868A4F87B2084F87D30C4F829
:10CDD800770000F0DFFB237A144AC3EBC3039918EA
:10CDE800D358C4F87E308B88A4F882308B7984F8C5
:10CDF8008430D2E9381303F03F03194301D000F01F
:10CE080089FD0721204601F0C7F826B101212046F7
:10CE1800667201F0C1F8204601F022FA204601F0BE
:10CE280095F880E780990020439A00200080002030
:10CE38003DC901000300000148AD010000B5C36809
:10CE480089B0187820B109B05DF804EBFEF722BD6F
:10CE5800B3F801208DF80000ADF80120DA788DF8DC
:10CE68000320B3F80B20ADF81720B3F80D20ADF868
:10CE78001920B3F80F20ADF81B205A7C8DF81D201F
:10CE8800586801901A899B7AADF808208DF80A3005
:10CE9800084B68461A689B88CDF80B20ADF80F3010
:10CEA800CDF81120ADF81530FFF7F2FE09B05DF8A6
:10CEB80004FB00BF31C1010038B5042104460C3021
:10CEC8000AF0DFFA034640885D7818B122461978DF
:10CED800FEF726FE35B1044807F0CAFABDE8384027
:10CEE800FFF75CB938BD00BF30810020B0B50446FB
:10CEF800032100AF0C300AF0C4FAE368057819780A
:10CF080040F63543B0F80100984215D16C468AB016
:10CF18006A460F4B0F48C2E905310F4B4FF41251C7
:10CF2800D36140F2013313840C4B42F8103F0AF0EE
:10CF3800E2FBA546BD46B0BD10B12246FEF7F0FDA6
:10CF4800002DF7D0064807F093FAFFF727F9F1E725
:10CF580059C9010048AD0100B3DD0100040000011A
:10CF680030810020F8B506460024094DEF79E3B278
:10CF78009F4202D86FF0010007E0294630460AF0C8
:10CF880088FC0735631C08B12046F8BD1C46EEE74F
:10CF98000080002070B5194E0622314605460DF076
:10CFA800C5FB30B3062142F20500FEF777FF0446C1
:10CFB80008B3062229460C300AF039FA2146002225
:10CFC80042F20500FFF786FA044648B110F10D0F4A
:10CFD80004D102210A4A0B480AF063FC204670BDBE
:10CFE80033462A6843F86929AA88B280012283F85F
:10CFF80068200024F2E76FF06804EFE769800020FA
:10D0080098CA010068AD010037B504460D4689B1DC
:10D01800284618490AF03DFC60B9174A2968C4EB4C
:10D02800C4041151A318AA889A80AA799A71002079
:10D0380003B030BD68460AF0B4FA0028F8D1684653
:10D04800FFF790FF0028F5DA0B4A0098C4EBC404F8
:10D0580010519DF80610BDF80400A3189880997126
:10D06800002DE4D012592A609A88AA809B79AB7166
:10D07800DDE700BF24C101000080002070B5044630
:10D08800B1B9C0B11F490AF004FCA0B92046FFF7A6
:10D0980069FF00282FDA2378012B04D1A37903F044
:10D0A800C003C02B07D00121174A18480AF0F9FB22
:10D0B8006FF0150070BD164DEB79012B1ED005F1F0
:10D0C800D403D3E8AF3FDB0707D4002CF0D02046C9
:10D0D8000C490AF0DEFB0028EAD1EE792146731CE0
:10D0E8003046EB71FFF790FF08B93046E2E7EB797D
:10D0F800013BEB71DEE76FF07700DBE76FF00B00C9
:10D10800D8E700BF24C10100A7CA010068AD01002B
:10D11800008000202DE9F341044640B91A4A022153
:10D128001A480AF0BEFB002002B0BDE8F0810021D9
:10D1380041F2090001AAFFF7CDF9054608B1144AE2
:10D14800EDE7019E0622D6F80C80124908F1010786
:10D1580038460DF0EBFA28B1062238460E490DF094
:10D16800E5FA18B93046FEF783F8DCE7D8F801305D
:10D178003046C4F80130BB882570A4F80530FEF7A6
:10D1880077F80120D0E700BFD5CA010068AD0100DB
:10D19800EECA010031C101002BC1010007B5684684
:10D1A800FFF7B8FF044BD87118B169460020FFF7A4
:10D1B8002BFF03B05DF804FB00800020F0B5304D74
:10D1C80089B0EC79002C53D195F8C26016F00106AD
:10D1D80010D12C4A02212C480AF063FBEC71162668
:10D1E80000240127EB79E0B298422CD3002B3FD0E2
:10D1F80000203BE06A4621464FF60940FFF76AF9EE
:10D2080008B1224AE6E7DDF800C0DCF80C104B78DC
:10D2180023B96046FEF72CF81D4ADBE78B1C02AAEF
:10D2280001F11204174618685968083303C7A34266
:10D238003A46F7D11868344638609B886046BB8008
:10D24800FEF716F8CAE708AB06FB003353F8182CAC
:10D2580033F8143C6946CDF80120ADF805308DF857
:10D268000070FFF7D1FE01340028BBD009B0F0BD33
:10D278000021084609B0BDE8F040FFF7FFBE00BF37
:10D28800008000200CCB010068AD010038CB010004
:10D2980058CB01002DE9F0410D4617461C460646BD
:10D2A80050B14BB10A03037811D56D0708D5012198
:10D2B8002D4A2E480AF0F5FA6FF01500BDE8F08106
:10D2C8000AF0FEFA0028F9D101232370F6E7E907EE
:10D2D8002ED527480FB1AA0608D4C3EBC302825C37
:10D2E800012A13D002B922700020E7E790F8D8206D
:10D2F800510635D5C3EBC302825C012A06D002B9B8
:10D308002270237843F002032370EDE74FF0010801
:10D31800072111FB0381014430460AF0C9FA0028AD
:10D32800CCD184F80080002FDED0AB06DCD5E8E74E
:10D338006A0712D50E49C3EBC3028E5C012E09D1D0
:10D34800072212FB036319440AF0B2FA0028B5D188
:10D358002670EAE7002EE8D1FAE70AF0B1FAB3E757
:10D368006FF08500AAE700BF81CB010068AD01001E
:10D378000080002038B5104DEB7913B10024204609
:10D3880038BDFFF70BFF044628B10C4A01210C48B1
:10D398000AF087FAF3E7EB79002BEFD1FFF70EFFDE
:10D3A80004460028F1D1681CFFF7F4FD0446002864
:10D3B800E5D0044AEAE700BF00800020A0CB0100C6
:10D3C80068AD0100BFCB01002DE9F74F0C462021C5
:10D3D80092460090FEF762FD0546002855D02021B0
:10D3E8000C300AF01EF82022814600210DF096F933
:10D3F800002609F1010B04EBCA0A0023D4F80080C7
:10D40800626893420CD30834A245F6D1002229461B
:10D41800009889F8006003B0BDE8F04FFFF75AB8EC
:10D4280098F80120B01C81181F2998F800C015D958
:10D43800BCF1090FC0F11F0201D1002A0CDC012147
:10D44800134A144809F038FE2846FDF711FF6FF01B
:10D45800150003B0BDE8F08F4FF0080CD7B2791C67
:10D468000BF80610711CC9B20BF801C0D8F80410EB
:10D478005BFA80F0019302370DF043F9019B3744C2
:10D48800FEB2013308F10808BAE76FF06800E0E778
:10D49800E2CB010018AD0100072208B503490930A5
:10D4A8000DF044F9003818BF012008BD24C101005F
:10D4B800F8B5154B067804460D4683F86F60FFF7FC
:10D4C800EBFF70B93046114901F08EF8044610B9E7
:10D4D8006FF00B00F8BD052100F05EFD00202C6008
:10D4E800F8E704F109073946304601F0C1F840B9B8
:10D4F8002078394601F078F804460028E8D006215B
:10D50800EAE76FF01500E5E7008000201DC1010083
:10D51800F8B545680646690535D4046914B115F0AF
:10D52800010330D0194F3078FB7983422BD9C0EBF7
:10D53800C0000722164938440DF0F8F8A8B115F0D4
:10D54800010306D197F87020082A02D8B2689F2AEA
:10D5580019D915F0300F09D0ACB1EA060AD405F490
:10D568006035B5F5603018BF0120F8BDEB0601D471
:10D57800002CF4D1D6E902239A4204D81F2A02D9F2
:10D58800B3F5804FEBD90020EFE700BF0080002003
:10D5980024C1010000487047188000202DE9F04F91
:10D5A8009A460023D1F810908DB0B9EB03060546D2
:10D5B800934818BF0126059207930AF0ABF90C4669
:10D5C800410740F112812046FFF7A2FF28B96FF00A
:10D5D800150B58460DB0BDE8F08F20460AF087F9C4
:10D5E80080460028F3D005F1100738460AF092F972
:10D5F8000206C0F3C01300F1FB80CDE90933CDF872
:10D608002B30A3686068ADF82030E3686FF4807150
:10D61800ADF822300AF06FF98DF82D0078480AF03D
:10D628007CF92378774A2B7082F86F302846324687
:10D6380061680DF12503FFF72DFE83460028C8D148
:10D6480005F10902B9F1000F18D021690868C5F879
:10D658000900888890808979204691710AF0EDF94F
:10D6680062680646D0071BD4920503D4169B0BB9F3
:10D67800022E5CD102238DF8243023E0624B204631
:10D688001968C5F8091099889B79918093710AF0F7
:10D69800D4F962680646D107E6D58DF8249011E0E2
:10D6A80012F0100F0CBF01220422D8468DF8242056
:10D6B80022691168CDF826109188ADF82A10927960
:10D6C8008DF82C200F2142F20600FEF7E7FB834677
:10D6D800002800F090800F2208A90C3009F0A7FE5E
:10D6E8000022594642F20600FEF7F4FE002840F0F8
:10D6F8008580B9F1000F20D06368DB072BD40121A6
:10D7080028460AF0AAF98346002866D001213F4A34
:10D718003F4809F0D1FC079C002C3FF45AAF204643
:10D72800002100F039FC204600F010FC51E70323EB
:10D73800DDF858808DF82430C4E7179B52460093D3
:10D748002846CDE90186169B05990AF004F9834617
:10D758000028D1D03DE7284607A9FFF7A9FE834650
:10D768000028CCD010F10C0F7FF433AFB9F1000FC3
:10D778007FF42FAF626890073FF52BAF636883F0A3
:10D788000203C3F3400B0BF001020E2138460AF0E6
:10D79800CFF8731E5A425A41082138460AF0C8F891
:10D7A800B11E4A424A41384609210AF0C1F8626866
:10D7B8000A21384602F001020AF0BAF842460B2163
:10D7C80038460AF0B5F862680D213846C2F380027F
:10D7D8000AF0AEF84FF0000BFBE6079808B100F02E
:10D7E800B5FBB9F1000FCED1C8E76FF00A0BF0E630
:10D7F8006FF0770BEDE66FF0680BEAE68346E8E634
:10D80800D48000200080002024C10100FBCB01004F
:10D8180018AD010073B51546069A0C46CDE90032DD
:10D828002B460A4601461148FFF7B8FE2146064630
:10D83800002340F201109D4202D1304602B070BD73
:10D848000A88824204D14A6812B11278D20702D4F7
:10D8580001330831EFE7064906480CF0E6FC4FF4BF
:10D8680070220023034807F0AFF8E6E7188000208D
:10D87800F9D800003080002010B519480AF012F9D4
:10D888006FF4804117480AF048F816480AF042F841
:10D8980003461A06C0F3C01021D512480AF03AF818
:10D8A800430513D50E48FFF7F7FD03460E49087EDA
:10D8B80093B905220D4900F013FF044630B1002149
:10D8C800417200F069FB204600F040FBBDE81040C3
:10D8D800002103480AF0C1B806222131EBE710BD48
:10D8E8001880002028800020008000201DC1010031
:10D8F80010B5FFF7C1FF034630B1BDE81040022163
:10D90800024A034809F0E1BB10BD00BF16CC010074
:10D9180018AD010073B5334809F0FCFF10F4804FCF
:10D92800304C38D0204609F0F5FF030633D42046A2
:10D9380009F0F0FF46052ED501A9A4F11000FFF764
:10D94800B7FD40BBA4F11000FFF7A6FD0246204634
:10D9580009F0E0FFC0F38031204609F0DBFF81F0D9
:10D96800010145054FEA41011E4848BF41F0010148
:10D9780009F0D0FF800448BF41F004011A480DF1B6
:10D988000303FFF787FC054638B101210346174A10
:10D99800174809F09AFB02B070BD012112480AF03D
:10D9A8005CF8019E28B9304602B0BDE8704000F02E
:10D9B800CDBA2946304600F0EFFA6FF480410948A5
:10D9C80009F0ABFF0546304600F0C0FA6B04E2D51B
:10D9D800D4E8EF3F43F48043C4E8E23F002ADAD0BA
:10D9E800F6E700BF288000201880002035CC010011
:10D9F80018AD010008B50BF065FA38B101210346EE
:10DA0800034A044809F061FB6FF0040008BD00BF39
:10DA180072CC010060AD010008B504F065FE38B1B4
:10DA280001210346034A044809F04FFB6FF0040044
:10DA380008BD00BF8ECC010060AD010070B5054681
:10DA48000B4B1C6844B154F8143C143C13B12846E1
:10DA5800697A98476469F5E7064C074EB44200D3E3
:10DA680070BD236813B12846697A98471834F5E7DA
:10DA7800B8950020F0AC0100F0AC010010B50446E8
:10DA8800FDF756FB044901EB0011204609F0F3FDB0
:10DA9800BDE81040FEF782BB84950020002270B5D7
:10DAA8000446D1E901560748C1E901220CF0D4FA2D
:10DAB8003DB1314620462B46BDE870406FF06D02FF
:10DAC800184770BD0885002070B5002205460E462F
:10DAD800002300210848FDF74DFB044658B1FDF727
:10DAE80027FB064B3246294603EB00132046BDE8C8
:10DAF800704009F09BBD70BDFC8500208495002016
:10DB080070B50546002200230E4806F0E5FCB8B9BA
:10DB18000D4B1C6834B154F80C3C143C03B19847C5
:10DB28006469F7E7094C0A4EB44204D32846BDE8B5
:10DB3800704006F06BBEA36803B198471834F3E74A
:10DB480070BD00BFF0840020B8950020F0AC010043
:10DB5800F0AC01002DE9F843044620270025DFF842
:10DB68005080EFF3118387F31288BFF36F8FE16959
:10DB780029B983F31188BFF36F8FBDE8F883206A52
:10DB88000A68814208BF2262E26183F31188BFF309
:10DB98006F8FD1E901694046C1E901550CF05CFA83
:10DBA8001EB1002249462046B047FEF7F7FAD8E7EB
:10DBB8000885002037B504460430D0E8EF3F43F429
:10DBC8008062C0E8E12F0029F7D159052BD409F06C
:10DBD8007DFF10F4803F154D14D095F8D930DA0741
:10DBE80021D5022300211A462046009109F01BFE88
:10DBF8000346C0B101210E4A0E4803B0BDE83040CB
:10DC080009F063BA95F8D8301B07E6D5204609F025
:10DC1800F0FD034620B10121074A064809F055FAEC
:10DC2800A37A072BD9D003B030BD00BF00800020F5
:10DC3800DECC010030AD0100BDCC01000448B0F8D5
:10DC4800043100F58470002B08BF0020704700BF26
:10DC58000080002030B504460CF004FE0D460C4947
:10DC68000C4A09588BB0914205D120460BB0BDE84B
:10DC78003040FFF76FBF2434214610460CF0A4FA59
:10DC88001DB1694620460CF0AFFA0BB030BD00BF9D
:10DC980008000000E092002038B5002204468A42BD
:10DCA80002D10024204638BD012004F1C803D3E87E
:10DCB800EF5F002D04D1C3E8EC0FBCF1000FF6D1E3
:10DCC80002D0D0340244EAE7002CEAD0C82200216E
:10DCD80020460CF023FD04F1400004490CF0A5FA9D
:10DCE800034904F124000CF053FADBE795E7000040
:10DCF800097B0100F7B50D46164601210446FFF7DA
:10DD0800A9FF0021284609F00FFD012E1BD0022E85
:10DD180045D123693BB136480121364A09F0CCF98F
:10DD2800204609F011FF284609F04AFB20612269C4
:10DD3800138A012B3AD82088FEF764FA0121284675
:10DD480009F0F2FC0CE0206940B92B4A314628481A
:10DD580009F0B2F9204609F0F7FE01E02F8A2FB941
:10DD6800284603B0BDE8F040FDF782BA0C3009F050
:10DD78009CFB87420CD9214A31461D4809F09CF981
:10DD880000222046216900F04FFF00232361E7E7C6
:10DD980020692A8AE9680C3009F049FBC7E70121A4
:10DDA8003346174A124809F090F9D3E7D268168823
:10DDB8000436B6B2B342BED32846FDF759FA2169F4
:10DDC8000B8A9E420BD201210E4A0948009609F09F
:10DDD80086F9204603B0BDE8F04009F0B5BE00233F
:10DDE80001222046236103B0BDE8F04000F01CBFCB
:10DDF80030AD0100F5CC010012CD010030CD01009D
:10DE080057CD010075CD010038B50122044600F157
:10DE1800BC03D3E8EF5FC3E8E12F0029F9D17DB94E
:10DE280009F09BFE06F0B2FF094BC4F8B850D3F8CE
:10DE3800281104F1B80239B9C3E9492206F0BAFF3A
:10DE4800BDE83840FEF7AAB90A60C3F82821F5E70B
:10DE58000080002070B53A4B5A8B32B1394DD5F855
:10DE6800244134B90024204670BD1B68002BF5D12D
:10DE7800F8E754F8B83903B1B83B0026324901E055
:10DE88001C461346B5F80421002A56D0D5F81021AF
:10DE98004AB904F1B806002BE4D0D3F8B820002A18
:10DEA800EED0B83AECE70A68002AF2D0D4F8A420F9
:10DEB800002AEED0D4F8A820002AEAD0D4F8AC2062
:10DEC800002AE6D0A37A072B0DD12046904750B1FF
:10DED80004F1C00009F0FAFD022804DC2046BDE880
:10DEE800704009F03ABED4F8B83004F1B802E6B987
:10DEF800D5F82811C5F824318A4201D1C5F828314E
:10DF0800002204F1BC03C4F8B820D3E8EF1FC3E82B
:10DF1800E02F0028F9D12046D4F8AC3098470028E3
:10DF2800A1D02046FFF770FF9DE73360D5F8283170
:10DF38009A4208BFC5F82861E2E79368FFDE00BF90
:10DF4800FC850020008000200885002037B5C830F7
:10DF580010F8C65C10F8C54CD0E8EF3F5A1EC0E870
:10DF6800E12F0029F8D101A8019309F0AFFD01289C
:10DF78000BD1074806F07CFA064806F047FC012D4D
:10DF880003D1012C01D1FFF7C5FC03B030BD00BFA0
:10DF9800F08400203C820020F8B5867A04468E4240
:10DFA8000D4600AF1BD1082E98BF624B6C4688B057
:10DFB80094BF53F82630604B6A466049C2E905139E
:10DFC8004FF4007393835E4B42F8103F00234FF4E5
:10DFD800E4515C48FBF7BCFEA546BD46F8BD81721E
:10DFE80026B98378082B01D009F0B7FDA37A082B4E
:10DFF80000F29D8001A252F823F000BF61E000000A
:10E00800DDE00000E3DF0000E3DF0000E3DF000005
:10E01800E3DF0000E3DF000029E00000E3DF0000A9
:10E02800A378042BD9D00021474807F0B1FA002380
:10E03800C4E90D33E378012BCFD1A3784FF4203214
:10E04800012B08BF032304F1400008BF84F8943073
:10E05800002306F085FCC0E7A378042B03D12046F3
:10E06800FFF774FFB9E7082EB7D801A353F826F0D5
:10E07800CFE000009DE00000C1E0000067E0000084
:10E0880067E0000067E00000C1E00000CFE00000AA
:10E09800CFE0000004F1400528460CF0D2F8012139
:10E0A8002046FFF7D7FD204609F04EFD0022002349
:10E0B800284606F089FC90E7637A002BCFD02046EB
:10E0C800FFF7BCFCCBE72B46204A02211D4808F08D
:10E0D800FCFF82E7637A3E2B0FD16D4688B06A4613
:10E0E8001B4BC2E90534032342F8103F00234FF4C9
:10E0F800C4511448FBF72CFEAD46164D05F5847641
:10E10800616911B9FEF74AF867E7A2690B6891429D
:10E1180008BFA36120466361FFF7C0FCB5F804316E
:10E12800002B14BF3046002006F0A2F9E8E70A4A9F
:10E138002B46CAE79CB1010090CD01009ACD0100A1
:10E148000300000130AD01004C820020ABCD01007E
:10E15800C2CD010000800020E9CD010070B5024663
:10E1680005460E460A48012109F00EFD044610B97D
:10E178000024204670BD83781E42FAD102212B4626
:10E18800044A054808F0A1FF2046FFF7DFFEEFE745
:10E198002090002005CE010030AD0100F8B50746FB
:10E1A80009480D46164609F0D8FC044650B1837854
:10E1B8001F4203D1BDE8F840FFF7C8BE3146A84763
:10E1C8002046F7E7F8BD00BF20900020002201207C
:10E1D8000149FFF7E3BF00BF457B0100034BC01AAD
:10E1E800034B00115843C0B2704700BF2090002075
:10E1F800C54EECC470B51C46144305460E460BD0FC
:10E208000CF030FB104908581049884206D1022109
:10E218000F4A104808F050FF002213460E49002DFF
:10E2280014BF2846084609F09CF8044630B9022174
:10E238000A4A084808F040FF204670BD711D0C309E
:10E2480009F0E4F8F8E700BF08000000E0920020B9
:10E258001CCE010030AD01004C85002045CE0100E8
:10E2680010B50446054806F0D1FA204600F06CFBCC
:10E278002046BDE81040FFF7E1BB00BF2C8200201C
:10E288002DE9F04F002587B000AFFD607D61FFF7F5
:10E29800E1FD0446F8B1837A072B26D06E4688B094
:10E2A8006A467D4BC2E90530032342F8103F4FF41C
:10E2B800C4512B467948FBF74BFDB5464FF0FF316B
:10E2C8002046D4F8A43007F110029847014630B927
:10E2D8002046FFF73BFE1C37BD46BDE8F08F2046C1
:10E2E8007B69FA6809F0F5FBE8E7DFF8B481D0F854
:10E2F800A430B8F8041107F1100298470646002820
:10E30800E6D0B8F804213B699A4208D30146D4F80C
:10E31800A850204607F1140307F10C02A847D7E9D3
:10E3280003BA7B697B60338A002B00F0B2803046E9
:10E3380009F0B7F98146E8B16FF004036D4688B07B
:10E348006A465849D461C2E90513042342F8103FCC
:10E3580000234FF401515148FBF7FAFC314620469F
:10E36800AD467B69FA6809F0B4FB1321204609F031
:10E378002DFCADE7B8F804314B48002B08BF00204E
:10E388000022002306F0A8F810B16FF00B03D5E7C0
:10E3980000220023454806F039F805460028F4D045
:10E3A8007B68C0F804B08360B8F804B1338ADA45F2
:10E3B80098BF1FFA8AFB5B4541D9304609F000F83F
:10E3C8005946FFF781FBB8F804218346924588BF78
:10E3D8004FF0010994F8C43004F1C00A9CBF02331D
:10E3E800DBB284F8C490DAE8EF2F0132CAE8E12FF3
:10E3F8000029F8D100222A60A2691ABBC4E9055590
:10E40800A278012A21D104210BF10C007B6009F0CC
:10E418001FF87B68228803F0FD0342EA0333038078
:10E42800BBF81030043B4380042358468BF818305F
:10E43800FDF78EFD814650B9FDF7B0FE48E7594615
:10E448003046BEE71560A561DAE76FF01509DAE82E
:10E45800EF3F013BCAE8E23F002AF8D1294604F120
:10E46800140009F050FB124A4B4601210B4808F0F2
:10E478002CFE5846FCF7FCFE20462946FFF70EFB0B
:10E48800B8F804310848002B08BF002005F0F0FF59
:10E4980052E76FF0790351E76ECE010030AD01000D
:10E4A8000080002085CE010008810020088500201A
:10E4B8004EC60100F8B5031D0446184609F006FBD0
:10E4C800820415D5B4F88620B4F8881091420FD884
:10E4D800B4F88A1091420BD3D4E92312914207D1A0
:10E4E800D3E8EF1F21F40051C3E8E21F002AF7D157
:10E4F800104B1D686DB155F8046C143D3EB12046B3
:10E50800B4F88E30B4F88C20B4F88610B0476D6932
:10E51800F0E7094D094FBD4200D3F8BD2E693EB161
:10E528002046B4F88E30B4F88C20B4F88610B04782
:10E538001835F0E7B8950020F0AC0100F0AC010008
:10E548002DE9F041074608460D4609F0EFF8064662
:10E5580018B900263046BDE8F081144B1C6884B118
:10E5680054F8083C143C0BB96469F8E72946384666
:10E5780098470028EDD0284609F0D8F80028F3D1AC
:10E58800E7E70B4CDFF82C804445E3D2E3680BB98E
:10E598001834F9E72946384698470028D9D028463C
:10E5A80009F0C4F80028F3D1D3E700BFB8950020DC
:10E5B800F0AC0100F0AC01000A4B00F1140219683C
:10E5C80031B94161596839B9C3E90022002070475F
:10E5D8008A4204D00968F3E70A605A60F6E76FF0E8
:10E5E80010007047B895002038B505460C460E480F
:10E5F8000121FFF751FBB0B1057223680367A388B7
:10E60800A0F87430A37980F8763001238370074B23
:10E61800C0F8A430064BC0F8A830064BC0F8AC30A0
:10E62800054BC0F8883038BD2090002075EA0000FE
:10E63800BF7A0100B37A01001800280070B50546BA
:10E648000A480E4609F089FA044620B18378012B5E
:10E6580004D0FFF77BFC0024204670BD32462946D3
:10E6680009F0D4FA0028F7D12046F2E720900020DC
:10E67800B0B500AF0D46FFF7E1FF044610B32846DA
:10E68800FCF71AFFA37A6D46082B98BF0E4A8AB08A
:10E6980094BF52F823300D4B6A46C2E907030C4B6E
:10E6A8000C4953620C4BC2E9051442F8103F002391
:10E6B8004FF442510948FBF74BFB2046AD46FFF7A4
:10E6C80045FC0120BD46B0BD9CB1010090CD0100C4
:10E6D80001030204A8CE01000500000230AD0100CC
:10E6E800F8B505460E480E46174609F036FA0446B0
:10E6F80020B18378012B03D0FFF728FC00240DE01C
:10E7080036B13246294609F081FA08B92046F3E7BE
:10E71800A37ABB42FAD1237AAB42F7D12046F8BD9F
:10E728002090002038B5044608460D4608F0FEFF44
:10E7380038B3154B93F8D830990707D4E37873B1F9
:10E7480029462046BDE8384000F09ABA94F895303A
:10E758009A07F3D5201D09F0B9F94304EED42946E8
:10E76800204609F075FA58B92B88A4F888306B88C8
:10E77800A4F88A30AB88A4F89030EB88A4F89230DB
:10E7880038BD6FF01500FBE700800020F7B510F8E2
:10E79800363C0446A0F140060BBB304609F0FEFAB1
:10E7A800334B1D684DB155F8103C143D1BB1304634
:10E7B80014F8371C98476D69F4E72E4D2E4FBD426B
:10E7C80005D3304603B0BDE8F040FFF7BFBB6B6828
:10E7D8001BB1304614F8371C98471835EFE710F886
:10E7E8003E3C012B25D1A0F13C05D5E8EF3F23F4B1
:10E7F8000052C5E8E12F0029F7D1990421D5A36C6F
:10E8080069460093236D30460193FFF78BFF03465B
:10E8180088B9D5E8EF3F23F48053C5E8E23F002AE2
:10E82800F7D1D5E8EF3F43F40063C5E8E23F002A9B
:10E83800F7D103B0F0BD114A0221114808F045FC98
:10E84800EFE74FF428130F4A69463046CDE9002315
:10E85800FFF768FF034640B9D5E8EF3F43F480531C
:10E86800C5E8E23F002ADCD0F6E7074AE4E700BF44
:10E87800B8950020F0AC0100F0AC0100E1CE010039
:10E8880030AD01001800280006CF010010B9024879
:10E8980009F063B9002070472090002010B50C489B
:10E8A8000BF0CEFB0B490A480BF0D6FB0A49084887
:10E8B8000BF0D2FB094906480BF0CEFB09F055FED8
:10E8C8000AF033F9044608B909F0CBFA204610BD1E
:10E8D8000885002094950020A0950020AC95002084
:10E8E80008B503460121034A034808F0EEFB00205F
:10E8F80008BD00BFB9CF010070AD010080B500AF01
:10E9080088B06A46074BC2E90530032342F8103F36
:10E9180000234FF4C2510448FBF71AFA6FF00B00BA
:10E92800BD4680BDE1CF010070AD0100044B1A68FF
:10E938000AB1FFF7E3BF0348586010460B60704701
:10E94800C0950020E0B10100F7B504460026224D2D
:10E95800224FBD4201D303B0F0BD20466B6801A928
:10E968009847002833DB019B2A889A829A84A868F2
:10E9780003F11002D2E8EF1FC2E8EC6FBCF1000F00
:10E98800F8D1C3E913669E649E60A16B03F1080287
:10E99800F9B9C4E90D221C60D86003F130000BF00E
:10E9A8004FFB019843681B6803B19847019B1033DC
:10E9B800D3E8EF1F41F00101C3E8E21F002AF7D1B5
:10E9C80001984368DB6913B100F1100198470C35D1
:10E9D800BFE70A60A263DEE7CCAC0100F0AC01003F
:10E9E80030B5044652EA030008D00BF03BFF064D51
:10E9F8002D580648854204BF002213462046BDE82C
:10EA080030400431FFF7F6BB08000000E092002018
:10EA180073B5054618462B680BB39B7A072B1ED196
:10EA2800002A14BF022301230E7A9E4209DD012128
:10EA38000C4A0D48009608F052FB6FF0150002B022
:10EA480070BDCB7A072BF8D9C8618A6105F130000F
:10EA58000BF002FB284609F025F90020EFE76FF0DC
:10EA68007F00ECE708D0010070AD01002DE9F04708
:10EA78000E469146D0F8B04000AF4CB1483C236BED
:10EA88006BB104F1300A50460BF0FBFA054658B951
:10EA9800FDF784FB00252846BD46BDE8F0872046E3
:10EAA80009F01CF9A46CE8E708F0FBFD80B16C469E
:10EAB80088B06A46294BC2E90535032342F8103F5E
:10EAC80000234FF4C2512648FBF742F9A546E1E777
:10EAD800236DB3B9A38CB5F81080403B9BB23F2B94
:10EAE80003D8238D984528BF9846042105F10C00CA
:10EAF80008F0AEFCA0F80080A38C438008F1040362
:10EB08002365236D2A8AB3420ED8934215D0A38C6D
:10EB1800403B9BB23F2B1ED9204609F0DFF8236B00
:10EB280013B1204609F0BEF8236D9E422CBF002683
:10EB38009E1BC9F800302665ADE700220023504629
:10EB480005F064FCA38CA3F140023F2AE4D8054AEF
:10EB5800AA61EB61E0E700221346F9E728D001003B
:10EB680070AD01001D7E010073B50D4606460421F7
:10EB780005F10C0008F085FC2B8A428804469A426D
:10EB880007D0012100921A481A4A08F0A8FA02B0E0
:10EB980070BD43783BB9184A0121154802B0BDE859
:10EBA800704008F089BA0378012BF0D0132B03D1F9
:10EBB800012AECD8114AEFE70221114A0C4808F063
:10EBC80084FA617802220120356809F0FFF80446CA
:10EBD8000028DCD002210C3008F023FC0023214659
:10EBE80003704370284602B0BDE8704009F01FB9B1
:10EBF80070AD010040D0010061D0010082D0010059
:10EC08009ED0010008B50B8A032B06D80121044ABF
:10EC1800044808F051FA002008BDFFF7A5FFFAE7FD
:10EC2800C6D0010070AD010038B50B8A0546032B2C
:10EC38000C4609D801210F4A0F4808F03DFA204632
:10EC4800BDE83840FCF714BB042104F10C0008F0BF
:10EC580018FC4188284609F0FBF830B9074A0B46EA
:10EC68000548022108F031FAE9E7436821465B6963
:10EC78009847E4E7E4D0010070AD010001D101003C
:10EC880070B5124B0C46197805460131C9B20129F5
:10EC980038BF012108221220197009F097F806469A
:10ECA80088B108210C3008F0BCFB2288314602806C
:10ECB80062884280A2888280E288C2802846BDE8B5
:10ECC800704009F0B4B86FF00B0070BD449A002092
:10ECD80023281FD81A2804D8431E182B0ED906201B
:10ECE8007047A0F11B03082B1ED8DFE803F0051DB1
:10ECF8001B231D19251D05000320704701230F4AFA
:10ED080083401A40C2B90E4A1A40002A14BF012093
:10ED18000620704700F07F03522B05D10020704772
:10ED2800012070470520704710F0400F0CBF0620E7
:10ED3800002070470420704702207047AAAA8A0260
:10ED480054554501011F01480BF0A5B878840020EF
:10ED580010B5044600F15403D3E8EF1F41F0010158
:10ED6800C3E8E21F002AF7D1201F09F039F904F19E
:10ED7800740004490BF059FA2068BDE8104001F00E
:10ED8800D3BE00BF5DFD00002DE9FF414FF0000834
:10ED98004FF4205305460E46006802A9144617682A
:10EDA8008DF80880ADF80A3008F0ADFBA0B142F646
:10EDB8000103286803A98DF80C80ADF80E3008F01F
:10EDC800A2FB48B123691BB15A88B24200D25E80C7
:10EDD800012004B0BDE8F0816168286808F093FB61
:10EDE80010B100232361F3E7E368A0681A786AB1D9
:10EDF800B7F81AC0798D038A8C4594BFC3EB0C030E
:10EE0800C3EB0103934201DA0020E2E704210C304E
:10EE180008F007FB20610680236929465E80074BBE
:10EE28000194009338460023A26809F01CF90028D1
:10EE3800EADB2069003818BF0120CAE74F800100CB
:10EE48002DE9F04182B000AF044688460022002335
:10EE580039463B4805F0E4F90546B0B16D4688B03F
:10EE68006A46384BC2E90534032342F8103F0023B1
:10EE78004FF4C2513448FAF76BFFAD466FF00B06FA
:10EE880030460837BD46BDE8F0810BF0EBFC2F4B50
:10EE98003E681A582E4B29461A60301D28220BF05E
:10EEA8003DFC34603C6800220023C4E90155C4E9F4
:10EEB80009552848391D7D6005F0B2F9064688B124
:10EEC80023686C4688B06A462349C2E905130323C0
:10EED80042F8103F4FF4C4512B461B48FAF738FF4D
:10EEE800A546CBE77B680146B02218460BF016FC16
:10EEF8001A4A826060300BF0A3F87B685833D3E875
:10EF0800EF2FC3E8E16F0029F9D17B681C60636AC1
:10EF18007D681BB904F10C000BF092F8626A05F1E8
:10EF2800A803C5F8A820A26A636202B9A3621722DF
:10EF38007B685A855A830433C8F80030A0E700BFBD
:10EF48005C8400203DD1010020AD010008000000D4
:10EF58005C9600207884002062D101005C82002049
:10EF68002DE9F74317680546884600685168144636
:10EF78007E6808F0C8FA8146002842D130469522BA
:10EF8800294609F050FD0646207540B1E3681B7814
:10EF98000BB184F81490002003B0BDE8F083A0689A
:10EFA80008F012FA02210C3008F03BFA164B2061E7
:10EFB800A0F8008000930194334629463846A26899
:10EFC80009F051F8002807DA10F1FF0F32BF0E20C0
:10EFD8004042C0B22075DEE72369002BDBD0A06871
:10EFE80008F04AFF7B8B7A8D9A4294BFC0EB0200EF
:10EFF800C0EB0300E3681B78984294BF002001200F
:10F00800CAE70120C8E700BF917E010073B50D462D
:10F01800438D418B01328B4228BF0B469A420646EC
:10F0280009D9022100921F481F4A08F058F8002405
:10F03800204602B070BD2846FFF74AFE022810D0CD
:10F0480004280ED00BF00EFC184B1958184B994297
:10F0580017D0184B1B685A1A18BF4FF0FF321346C7
:10F0680002E04FF47022002300211348FFF7B8FC98
:10F07800044640B901212B46104A0A4808F025F8F1
:10F08800D5E70022EBE7FCF753F818220C4B0121D7
:10F0980002FB003304F10C009E6008F0C2F9057011
:10F0A800C6E700BF20AD010087D1010008000000BD
:10F0B800E09200205C96002078850020B9CF0100FE
:10F0C800149600202DE9F04F42F60103002591B077
:10F0D800166880460F4600680BA9D6F804901446B7
:10F0E8008DF82C50ADF82E3008F00DFA002870D0AD
:10F0F8004FF42053D8F800000BA98DF82C50ADF828
:10F108002E3008F000FA38B1A3681BB15A88BA4209
:10F1180000D25F8001200EE06168084608F0ACFE6E
:10F12800728D738B9A4294BFC0EB0200C0EB030050
:10F13800032803D8002011B0BDE8F08F084608F076
:10F1480043F90546606808F097FE728B738D05F1E8
:10F158000C0B9A4294BFC0EB020AC0EB030A584654
:10F1680008F0A3F9824537D2606808F085FE728DF1
:10F17800738B9A4294BFC0EB0200C0EB030070B9D6
:10F188006368987AFBF7CCFF0022002308F0E9F8BF
:10F1980005460028CED00146606808F026F900230D
:10F1A8000093D8F8046010234146484602AAB047A5
:10F1B800061E0EDB227CE068B2422BD001460BA86B
:10F1C80008F0CFF960B9237C144A0221144807F0EB
:10F1D8007CFF0023A3609DE7584608F066F9CEE758
:10F1E800F2B202A906A808F0BCF910B90D4A3346D4
:10F1F800EBE706A90BA808F086F90028E9D1002357
:10F208000421637405F10C0008F00BF9A060078075
:10F21800A3687EE702A90BF089FAEEE7ACD10100FA
:10F2280020AD0100CBD101002DE9F84F0746084673
:10F238000C46FBF77DFF18234343DFF8B8800646EA
:10F2480008EB0302D2F808A0E16807F15800D0E8FB
:10F25800AF0FC00709D40121274A284808F026FE25
:10F268006FF015052846BDE8F88FE0680078107142
:10F27800002248F803200B78D22B0FD13B68214697
:10F28800186809F04FFC054640B101211C4A1B488B
:10F2980008F00CFE2046FBF7EBFFE3E704F10C0057
:10F2A80008F0FFF8182303FB0683B4F810B09F603A
:10F2B800002381461A462146381DFFF7A9FB05465B
:10F2C8000028CFD010F1690F04D101210D4A0B4855
:10F2D80008F0ECFD6369A4F810B013FA89F3E36051
:10F2E80018235E4308EB0603C3F808A048F8065045
:10F2F800B8E700BF14960020EAD1010020AD010054
:10F3080004D2010017D201002DE9F14F0546FBF7A1
:10F318000FFF182202FB00F33A49C81851F803A05E
:10F328000021D0E902460779B0F80680D0F810909D
:10F338000BF0F4F9A87AFBF7F3FE6969834651B13B
:10F348006B7AD80705D4DBF8243028461B689B68FD
:10F35800984700236B61294658460AF088FE002F1B
:10F3680042D0002C40D02368002B3DD01B68002BD6
:10F378003AD0BAF1000F08D001215346224A234857
:10F3880001B0BDE8F04F07F0A0BE201D09F02AF833
:10F398003846FFF79DFC052826D8DFE800F01D0356
:10F3A800251D250304F15803D3E8AF3FDA0707D436
:10F3B8000121174A154801B0BDE8F04F08F076BDA5
:10F3C800E36D8BB14FF47022002304F1780001B093
:10F3D800BDE8F04F05F0F8BA54F8583B1D68D4E87A
:10F3E800AF3FDB07E4D556B901B0BDE8F08F494619
:10F3F8002846B0470134A3B29845F8D8F4E700246A
:10F40800F9E700BF149600203AD2010020AD0100B0
:10F41800EAD10100F7B50B8A04460D4607683BB9E7
:10F428000121294A294808F041FD002003B0F0BD18
:10F43800012105F10C0008F024F8BB7A0646072BD9
:10F44800F3D154F8043C002BEFD000220378204875
:10F45800043C10F8327000EBC2019F420FD12A8A97
:10F4680048788F78904222D9012100931748134693
:10F47800184A07F034FE012FD7D1042320E00132C7
:10F488000E2AE6D102211148134A07F01EFE3178F0
:10F498000846FFF71DFC0028C7D00528C5D000295D
:10F4A800C3D006230022204608F0DCFFBDE74B68E6
:10F4B800204629469847012F0346B6D10028B4D0E4
:10F4C80031780029B1D0EDE759D2010020AD010013
:10F4D80008B201008ED2010074D20100F0B51E46B8
:10F4E80003680D460039044618BF012187B0186823
:10F4F800174609F0B6FA40B904F1580008F075FE4D
:10F50800002844D0002007B0F0BD002E41D01822BA
:10F51800002168460BF002F947BB236831461B6897
:10F52800304600930023ADF812300C9B1A4A03931F
:10F53800BDF834308DF80850ADF8103001238DF83F
:10F5480014306B4608F0E5FC9DF81430C3B1002F69
:10F55800D8D00198FBF78CFE9DF81430002DD1D03F
:10F5680032462946204608F07DFFCBE7002239467F
:10F578002046FFF74BFD01900028CED11120C2E7AD
:10F5880001990029BED0204608F05EFFBAE7122094
:10F59800B9E70120B7E700BFB97E010008B5837A53
:10F5A800072B06D002210C4A0C4808F07FFC0020EB
:10F5B80008BD042108F04CFC10B9094A0121F3E701
:10F5C80000F15403D3E8AF3FDB0701D4054AF5E760
:10F5D80050F8040CECE700BFADD2010020AD0100EB
:10F5E800BBD20100EAD10100F8B50F461646FFF775
:10F5F800D5FFB0B1446A20461CB150F8A84904B1FF
:10F60800A83C731C194638B1428D458BAA4228BFC5
:10F618002A469A4207D264B902210A4A0A4807F0E0
:10F6280054FD0020F8BD32463946BDE8F840FFF7E2
:10F63800EDBCD4F8A85005B1A83D20460B462C4691
:10F64800E2E700BFD6D2010020AD0100F8B54FF4C3
:10F6580070220746002311480D4607F082FE044633
:10F6680038B901212B460E4A0E4807F02EFD2046D8
:10F67800F8BD00F10C060921304607F0C7FE204608
:10F68800FBF756FD1822084B012102FB00333046D8
:10F698009F6007F0C6FE0570E9E700BF7885002087
:10F6A800B9CF010020AD0100149600202DE9F041EA
:10F6B8000E8A0446043EF6B2022E08468CB001D0EB
:10F6C800102E64D104210C3007F0DBFE0DF1080880
:10F6D80005884788011D3246404607F042FF00284A
:10F6E80057D09DB3002687B3AF422FD34FF4205392
:10F6F800404601A98DF80460ADF8063007F003FF15
:10F7080040BB1422002107A80BF008F8112120465D
:10F71800FFF79CFF0990002837D001210C30CDE974
:10F72800074807F07EFE00230A90394603701A4AFC
:10F738000B93284607AB08F0ECFB0A9B1B78FBB938
:10F748000998FBF795FD0A2301E03D4601232A4667
:10F7580010210EE042F60103404607A98DF81C600F
:10F76800ADF81E3007F0CFFE0028CAD010232A4675
:10F778001946204608F076FE00200CB0BDE8F0815E
:10F788002046099908F060FEF6E71120F5E7042005
:10F79800F3E70E20F1E700BF91ED00002DE9F043FB
:10F7A800036804460D4685B00121186809F059F927
:10F7B80040B904F1580008F018FDB0BB122005B09C
:10F7C800BDE8F0831022002168460AF0A7FF212136
:10F7D8002046FFF73BFF029048B34FF00108DFF8DF
:10F7E8005490009405F10C072B8A012B04D820466D
:10F7F800029908F029FE18E0384607F04AFE6B46E1
:10F808004A46014606468DF80C8008F082FB9DF8B2
:10F818000C30002BE8D00298FBF72AFD3246202155
:10F8280020469DF80C3008F01DFE0020C7E7112087
:10F83800C5E700BF4F8201002DE9F0430368044685
:10F848000D4685B00121186809F00BF940B904F19B
:10F85800580008F0CAFCB0BB122005B0BDE8F08320
:10F868001022002168460AF059FF0F212046FFF7B1
:10F87800EDFE029048B34FF00108DFF85490009471
:10F8880005F10C072B8A012B04D82046029908F0B1
:10F89800DBFD18E0384607F0FCFD6B464A4601469A
:10F8A80006468DF80C8008F034FB9DF80C30002BD0
:10F8B800E8D00298FBF7DCFC32460E2120469DF882
:10F8C8000C3008F0CFFD0020C7E71120C5E700BFC6
:10F8D80009820100F0B51D46036804460E4685B04E
:10F8E80001211868174609F0BCF838B904F1580026
:10F8F80008F07BFC48BB122005B0F0BD65B31022B0
:10F90800002168460AF00AFF39462046FFF79EFEA6
:10F91800029018B3BDF828302946ADF80430012309
:10F9280028468DF80C300E4A6B46009408F0F1FA20
:10F938009DF80C305BB10298FBF79AFC2A463146D9
:10F9480020469DF80C3008F08DFD0020D4E72046B5
:10F95800029908F079FDF8E70120CDE71120CBE7FF
:10F96800098201002DE9F0410E8A0446043EF6B2F0
:10F97800022E08468CB001D0102E76D104210C300E
:10F9880007F07FFD0DF1040805884788011D324600
:10F99800404607F0E6FD002869D085B377B3BD423D
:10F9A8002DD80121606809F05CF8064678BB42F65C
:10F9B80002038DF8000069464046ADF8023007F0B2
:10F9C800A2FD20B342F60303404606A98DF818604D
:10F9D800ADF81A3007F097FDC8B1012D03D14FF6E5
:10F9E800FF739F4213D004F1580008F0FEFB002873
:10F9F80014BF002012200CB0BDE8F0813D46012361
:10FA08002A460821204608F02DFD0020F3E7182299
:10FA180000210DEB02000AF081FE09212046FFF7C4
:10FA280015FE0890F8B101210C30CDE9064807F021
:10FA3800F8FC0023099003700A2339468DF82C300E
:10FA4800284606AB0B4A08F064FA9DF82C302BB117
:10FA58000898FBF70DFC9DF82C30D1E72046089953
:10FA680008F0F2FCD1E71120C5E70420C3E70E2017
:10FA7800C1E700BF69EF00002DE9F0430F460446D7
:10FA8800062187B007F10C0007F0FBFC0588B0F8E9
:10FA980002808288D7F80C90C5B10023B8F1000F16
:10FAA80013D0454512D88DF800308DF804304FF446
:10FAB8002053684601A9ADF80220ADF8063007F0DA
:10FAC80022FD064660B10A2301E0454601232A4685
:10FAD8000621204608F0C6FC002007B0BDE8F083E8
:10FAE8000146142201A83F7C0AF018FE072120468F
:10FAF800FFF7ACFD0290D8B10A2341468DF81530C6
:10FB0800284601AB0B4ACDE9036901948DF81470BE
:10FB180008F0FFF99DF815302BB10298FBF7A8FB08
:10FB28009DF81530D3E72046029908F08DFCD3E7FD
:10FB38001120D2E7CDF000007FB5CB6804461D88C0
:10FB48005E8885B176B1B5420DD81022002168468D
:10FB58000AF0E4FD05212046FFF778FD019058B929
:10FB6800112007E0354601232A460421204608F0E3
:10FB780079FC002004B070BD6B4631462846084A1F
:10FB8800009408F0C6F9029B23B90198FBF770FBB3
:10FB98000A23E9E72046019908F056FCE9E700BF87
:10FBA800317F010013B50B46002102460AF05AFEC8
:10FBB80001910D490C680D4909580D488C4208BF40
:10FBC800002201A908BF134604F02AFB014640B9E8
:10FBD800019B102218460AF0A1FD0346184602B000
:10FBE80010BD0023FAE700BF5C9600200800000063
:10FBF8009484002010B50446806818B1FBF738FBE0
:10FC08000023A3602146BDE8104001480AF043B92B
:10FC1800948400202DE9F347044678300E461746B1
:10FC28001D460AF00EFBE06D58B90221164A174826
:10FC380008F03CF9206808F08DFB002002B0BDE810
:10FC4800F087134B4FF00008984202D1C4F85C804B
:10FC5800F0E7D0F80490C0F80480E06DD0F80CA06C
:10FC6800FFF7C8FF2068C4F85C8008F073FBB9F19F
:10FC7800000FE2D02068CDF800A03B463246294666
:10FC88000068C847D9E700BFF1D2010020AD0100E4
:10FC980060960020F7B550F8044C0546002C55D066
:10FCA80000F1A40104F1240008F084FA2E1F05F1E4
:10FCB8005C0700220023384604F0A8FB024658BB24
:10FCC800AB6D2BB101466FF067033046FFF7A2FF1B
:10FCD800002345F8043C05F15403D3E8EF1F21F055
:10FCE8000101C3E8E21F002AF7D1636A73BB04F17C
:10FCF8000C0600220023304604F088FB78B96668B9
:10FD080086B92146124826600AF0C5F8286803B06B
:10FD1800BDE8F04000F02CBFFBF7AAFAC9E7FBF7F3
:10FD2800A7FAE6E7A26833689642636008BFA36053
:10FD380077683FB1F3686FF067010093002320688C
:10FD48001A46B8473046FFF755FFD8E703B0F0BD6D
:10FD58005C8400202DE9F04192B050F8783C06AF61
:10FD68000646186807F072FF037804463D1D032B0A
:10FD780047D8DFE803F00240424425492846F8F70F
:10FD88000BFAA3790595627807F110080492A27816
:10FD98001E210392E278404602922279019262790A
:10FDA8006C4600921B4A05F0D5FD88B006AA1A4B8E
:10FDB800C2E905384FF400739383184B42F8103F9B
:10FDC80000234FF4E2511648F9F7C2FFA6F1740078
:10FDD800A546FFF75FFF132156F8740C07F0F6FEEF
:10FDE800034620B101210F4A0D4807F06EF930375C
:10FDF800BD46BDE8F0810C49C0E70C49BEE70C4997
:10FE0800BCE70A2128460B4A05F0A4FDB9E700BF64
:10FE180037C1010059C1010008D3010003000001E6
:10FE280020AD010034D301003EC1010045C10100ED
:10FE38004FC1010087D20100F8B51D460F4616468E
:10FE4800FBF776F91823044C03FB00400123C0E9B3
:10FE58000376C3800575F8BD1496002008B502F036
:10FE6800F3FB38B101210346034A044807F02DF992
:10FE78006FF0040008BD00BF59D3010040AD010078
:10FE880008B530B90749084808F052FC38B10748A6
:10FE980008BD054A12F8011C07F0B8FEF6E7002075
:10FEA800F6E700BF24C1010089960020889600204B
:10FEB80010B5074C2378834207D1601C08F038FC42
:10FEC800002814BF2046002010BD0020FCE700BF1A
:10FED8008699002010B54A1C0C4638B1097807F0FD
:10FEE80095FE08B1204610BD0020FCE710460249E7
:10FEF80008F01EFCF5E700BF24C101002DE9F84316
:10FF08001E46BDF8203081460F46D1F80C80002BE4
:10FF180045D1731E012B45D8012E4146157818BFCF
:10FF28001588FFF7D7FF0446C0B915B93046BDE8B4
:10FF3800F8834146FFF7CEFF044638B91B48022133
:10FF48001B4A08F008FC6FF01000F0E709F1700197
:10FF5800013008F002FC99F808302370D8F8103006
:10FF68008BB92581B8F80A30AB4203D041463846F0
:10FF780008F0FAFB002DD9D10E49601C08F0EDFB02
:10FF880025702581D2E72A463946484698470028F1
:10FF9800CDDB01380128E4D96FF00D00C7E76FF019
:10FFA8000600C4E76FF00C00C1E700BF40AD0100D8
:10FFB8006FD3010024C10100024608B5074901308A
:10FFC80008F0CBFB00230C3202F8043CD2E8EF1F08
:10FFD800C2E8E03F0028F9D108BD00BF24C10100F4
:10FFE8002DE9F04180460F4616461D46FFF760FF93
:08FFF800044680B90F49FFF730
:020000021000EC
:100000005BFF044630B9BDE8F04101210C4A0D48C0
:1000100008F0A5BB394600F8018B08F0A2FB228945
:1000200063891AB92BB92681658104E0964238BFED
:1000300026819D42F8D8BDE8F08100BF24C10100AF
:1000400089D3010040AD010008B503460221034AEF
:10005000034807F03EF86FF00D0008BDA8D301007B
:1000600040AD01001FB519464FF428131046064A4B
:10007000CDE902230823BDF8182000936B4408F053
:100080008FFB05B05DF804FB180028002DE9F04156
:10009000234B1546826807469A4202D1C468638999
:1000A00033BB0120BDE8F081FDF754FF0021E36878
:1000B0006181002BF5D038469847F2E705F17008CA
:1000C0004146287A07F059FB68B9164B9C4202D189
:1000D000284608F0F4FB3046134908F042FB0023A1
:1000E00023702381E2E74146304608F03AFBDDE722
:1000F0002389002BDAD0264616F8011B2846324603
:1001000007F088FD0028D9D131462078FEF79AFA09
:100110000028CBD0837A072BC6D1FDF71BFFC0E7A1
:1001200005FF00009C82002024C101002DE9F04160
:100130001F46BDF818300646012B904634D83B4484
:10014000012B3D4633DCFFF79FFE044668B9FFF7FD
:100150009BFE044648B90221184A194808F0FFFAE4
:100160006FF010052846BDE8F08197B10023217A91
:1001700098F8002021FA03F0C70703D522FA03F00C
:10018000C00717D50133032BF4D102F00702114346
:100190002172601C06F1700108F0E3FA337A204600
:1001A000237008F0B7FBDDE76FF00605DAE76FF0C4
:1001B0000C05D7E76FF01205D4E700BFD0D30100DC
:1001C00040AD010010B504461048D0E8EF3F23F0E1
:1001D0000203C0E8E23F002AF7D1D0E8AF3FDA07D8
:1001E00004D500220023303804F0F2FB204608F04A
:1001F00011FA50B12046FFF747FE30B1037ADB0712
:1002000003D5BDE8104008F085BB10BDA8910020C3
:10021000012110B5144808F097FAC30723D402212E
:10022000114808F091FA084007D11049104A0B888C
:10023000104CA24211D300B10B800F490F4809F0B6
:10024000F8FF4FF4A47200230C48FBF793F9BDE8C4
:1002500010400B490B4809F0ECBF506808320344CA
:100260009BB20120E5E710BD9896002092990020EE
:10027000F0AC010010AD0100C504010000910020A8
:10028000350801007891002003462DE9F04148B17E
:10029000008A38B901244FF0140C1149DFF844E00A
:1002A000714501D3BDE8F081D1E90076BB4204D3AA
:1002B0000CFB0672143A93420ED93444A2B214468F
:1002C0000831EDE70CFB0578434507D0013562198D
:1002D000B54292B2F6D1F2E70025F8E71046E1E721
:1002E000F0AC010010AD01002DE9F74F99464FF633
:1002F000FF73BDF830500746002D08BF1D46244B44
:1003000090461B88009183423CD203B0BDE8F08F39
:1003100073682344BB4232D29CB208361D4B9E42C6
:10032000F6D3F2E740468958019307F0F0F8019BB5
:1003300090B101340AF1010AA4B273685345ECD9B3
:10034000009B9C42E1D8BC423168F2D30BFB0AF21D
:100350008B18B8F1000FE5D1B9F1000F0BD1013DB9
:100360001846ADB221460E9A0D9B9847002DCCD071
:100370000028DED1C9E7DA689145DAD1EFE74FF01E
:10038000000ADAE701244FF0140B034EC6E700BF62
:100390009299002010AD0100F0AC0100002110B5D1
:1003A0008EB0182208A8CDE90311CDE905110AF095
:1003B000B9F94FF41053ADF81C308023ADF81E305E
:1003C0004FF480631E4C1022CDE9093403A901AB20
:1003D00007A802F0EBF8034630B11A4A01211A4887
:1003E00006F077FE0EB010BD0090224668460199D7
:1003F00002F008F9034608B1144AEFE76B464FF6DE
:10040000FF710120124A08F007FB07AB1022684673
:10041000104902F03FF9034608B10F4ADEE71946DA
:100420000C4A02F11000137810F8014D013108292F
:1004300002F8014B0370F6D1084808F085F9D1E7BE
:100440000002C003FCD3010040AD010025D401002F
:1004500095860100F090002043D40100A89100206F
:100460002DE9F04114490646A1F1300014461D461D
:10047000BDF8187009F0FCFE104BD3E8AF3F190728
:1004800001D4FFF78BFF3046FFF7FEFC50B1037A33
:10049000DA0707D50C30D0E8AF3FDB0702D40221E2
:1004A00008F052F910233A46069329462046BDE843
:1004B000F041034B08F074B930910020A89100205E
:1004C000F0900020034BD3E8AF3F1B0701D4FFF7A8
:1004D00065BF7047A8910020002307B50193FFF77F
:1004E000D3FE411C89B20846034A01AB08F094FAD6
:1004F000019803B05DF804FB598601002DE9F04333
:1005000087B0837A8046072B0C46164602AF40F030
:10051000A58000233B7342F603032068FB8107F1AB
:100520000C0106F0F4FF0546002834D1D4F80490FD
:10053000B9F1000F05D101214B4A4C4808F00FF9E1
:100540008CE001232146009007F10802C847031EF2
:1005500011DA6E4688B002AAD36104234449C2E985
:10056000051442F8103F4FF401512B463F48F9F76C
:10057000F3FBB54672E0012B05D001213D4A3B4813
:1005800006F0A7FD6AE03B7A13F0300F66D02046F4
:10059000FFF7A2FF0446002320683B7342F60213D4
:1005A00007F10C01FB8106F0B2FF18B12046FFF7FE
:1005B00093FF0446002542F60219206839463D7033
:1005C000A7F8029006F0A3FF10BB002320683B733E
:1005D00042F6021307F10C01FB8106F098FF054675
:1005E00000283BD1D4F80490B9F1000FA3D0022326
:1005F00000902146404607F10C02C847031EA8DBC5
:10060000022BBAD1BB891E4214BF0120002026E074
:1006100042F603032068391D3D71FB8006F077FF29
:100620000028D2D04FF42053206807F108013D7212
:100630007B8106F06CFF0028C7D042F601032068DA
:1006400007F10C013D73FB8106F061FF0028BCD06F
:100650002046FFF741FF04460028AED100201437A2
:10066000BD46BDE8F08300BF59D4010040AD010094
:100670006DD4010093D401002DE9F84389465168F7
:100680000746B1F81280154618F0940809D00221E7
:10069000274A284808F063F84FF0FF352846BDE8A0
:1006A000F8830222FFF72AFF38B90221224A2148A3
:1006B00008F055F86FF01505F0E74FF470200021B1
:1006C000AE8AFFF773FA0236044688B11B4B3246F6
:1006D0004360C5601D213846FEF78AFF064650B9C3
:1006E00014480221164A08F03AF82046FFF786FA25
:1006F0006FF00B05D2E7012342464146FFF7A0FB0E
:10070000A98A06F10C00023106F08FFE20F8029B48
:10071000AA8A296909F0F9FF21463846A66007F040
:100720005CFF05460028B9D02046FFF767FAB5E719
:10073000ACD4010040AD0100C2D401005F860100CD
:10074000EDD4010030B504460D468BB0364BD3E8EE
:10075000AF3F5A0761D510B1837A072B60D1686823
:100760000590FFF791FD2A68ADF818003AB305A986
:1007700002912E4900230191012100914FF6FF7152
:100780000593FFF7B1FD059B1BB96FF001000BB09E
:1007900030BD6B60059B04A9186800238DF81030EC
:1007A00042F60303ADF8123006F0B1FE70B90598B9
:1007B000C3689B799B0605D46FF01500E7E7002816
:1007C000E8D1E2E708F0E1F8ADF81800BDF818004C
:1007D0003CB1012301462A462046AB75FFF74CFF8A
:1007E000D5E76FF07F0307930223ADF8203042F680
:1007F0000213ADF8123005ABAC7502930C4B4FF6FB
:10080000FF710193012304AA0093234609958DF8F3
:100810001040FFF769FD0798B9E76FF00A00B6E7E7
:100820006FF07F00B3E700BFD48000208D86010009
:10083000210A0100034613B550F8082CA0F120014D
:10084000019200F13004D4E8EF2F22F00102C4E855
:10085000E02F0028F7D10D4A002043F81C2C0C4A49
:1008600023F8080C43F8182C01AA43F8102C042292
:1008700023F8060C23F80C2CFFF764FF18B90221AB
:10088000204607F061FF02B010BD00BFB0B201000A
:10089000C5010100F8B5334B1568826804469A42D9
:1008A00000AF1FD1C6683389721CDBB1284631788E
:1008B00007F0B0F9B0B14FF495722146284608F020
:1008C000B6F8032811D16D4688B06A46264BC2E9B6
:1008D000053442F8100F00234FF4C4512348F9F7B0
:1008E0003BFAAD460120BD46F8BD3146204607F033
:1008F0003FFF1F4B9E42F5D1287A05F17001FFF7AB
:10090000DBFA04460028EDD0038913B94389002B94
:10091000E8D02846FDF766FC2389164A618922F84B
:10092000203002EB8003598018231349134C03FB3A
:10093000001300B202EB80021A61042200EB4000B7
:100940005C600F4C01EBC00128469C609A82FFF767
:10095000F9FE0028C6D001210A4A044807F0FFFE2C
:10096000C0E700BF05FF000014D5010040AD010045
:100970009C8200208299002070960020B0B2010075
:100980001D89010028D50100F8B50F4651680646BB
:100990004B8A144603F094033BB11D4802211D4AC3
:1009A00007F0DDFE4FF0FF30F8BD0122FFF7A6FD96
:1009B00038B917480221184A07F0D1FE6FF0150028
:1009C000F2E7A2891B2130460232FEF711FE0546EE
:1009D00038B90F480221114A07F0C1FE6FF00B0031
:1009E000E2E7A1890C30023106F01FFD20F8027BFE
:1009F000A289A16809F089FED4E9041228460123DE
:100A0000FFF71EFA29463046BDE8F84007F0B8BDAA
:100A100040AD0100ACD40100C2D4010045D50100B5
:100A2000F8B514463C4B826807469A4201D0012033
:100A3000F8BDC668394B9E4255D03289A389711CD6
:100A40009A42F4D13078FDF7FDFD05460028EED03E
:100A5000837A072B05D0FDF77DFAE8E7FDF77AFAF0
:100A6000EBE7736923B13946984708B92846F2E79E
:100A70007B8A13F0940705D00221294A294807F000
:100A80006EFEF3E7A389022B14D1338913F002061B
:100A900004D12846FDF75EFAA660C8E72846226919
:100AA000A188FFF7E9FD0646A8B92269937D0133C5
:100AB0009375EEE7012B04D02846FDF74BFAA760AB
:100AC000B5E7338913F00106E3D028462269A188EF
:100AD000FFF75AFF06462846FDF73CFA002EA660AF
:100AE000A5DA0020A4E7104D1049284607F024FE9F
:100AF0000028A2D10722294615F8010CFDF7F4FDC4
:100B00000028ABD1236929461A6915F8010C5388CE
:100B10001288FFF769FA90E705FF00009C82002029
:100B2000ACD4010040AD01008799002024C1010030
:100B300007B5009001206B464FF6FF71034A8DF810
:100B4000040007F069FF03B05DF804FB950801009D
:100B5000F8B505460E461746064B1C684CB154F8CE
:100B6000043C043C1BB13A46314628469847646829
:100B7000F4E7F8BD9C96002070B5044603464FF696
:100B8000FF7101200D4A07F047FF2046FFF77CF96F
:100B9000054688B104F170063146207A06F0EDFD75
:100BA00020B92846BDE87040FFF70ABA3146681CF4
:100BB000BDE8704007F0D5BD70BD00BF8D000100DD
:100BC00080B500AF88B06A46074BC2E90530032301
:100BD00042F8103F00234FF4C2510448F9F7BCF823
:100BE0006FF00B00BD4680BD7DD5010080AD0100DA
:100BF000044B1A680AB1FFF7E3BF03485860104678
:100C00000B607047A4960020B4B30100F8B50A7ECB
:100C10000D46042A07690ED0102A28D0012A0BD0CD
:100C20001649174807F08BFF6FF022042846FAF7A1
:100C300023FB2046F8BD02221146042605F10C00D4
:100C400006F012FC374438462A8AE968F8F7E6FAD3
:100C500010F10C0F04460CD14B2009F06CF8013E4A
:100C6000F1D122460749064807F069FFDEE7052271
:100C7000E2E70028F5DB0024D8E700BFA9D5010092
:100C800050AD0100B9D501002DE9F04F9046D2F8E2
:100C9000109002780646042A0C4687B001F1FF3313
:100CA00009D0052A00F08980022A40F0C480032B75
:100CB00062D8644A02E0012B07D8634A01216348E5
:100CC00007B0BDE8F04F06F0FBB943783E2B31D1B9
:100CD000C778BB1E5F425F41B6F80130033CB4EBFE
:100CE000132FADF814302AD137B300220023CDE9F9
:100CF0000223DFF85CB1DFF854A13946DDE90223B5
:100D00009DF81400FAF79EFC054600B300F10C07AD
:100D1000022205A9384606F08EFB384606F0C9FBCC
:100D200084421CD90121009023464A4A474806F0D4
:100D3000DAF93CE00027CFE74FF4A022D6E7012103
:100D4000454A424806F0BCF907B0BDE8F08F002FD5
:100D5000FAD102215A46504606F0B2F9CDE72246B2
:100D6000F11C384606F067FB29464046D9F80030AA
:100D700007B0BDE8F04F1847002200230820FAF71B
:100D80004BFC0546B8B1D6F8013000F10C0704223F
:100D9000384605A9059306F04EFBBDF81630053C14
:100DA0009C423FD02D4A0121284806F089F9284667
:100DB000FAF762FAC8E72A4A80E7032B01D8294AE2
:100DC0007CE7002200232020FAF726FCDFF898A019
:100DD0000546A8B1D6F8013000F10C0704223846C8
:100DE00005A9059306F027FB0023CAF80030BDF8DB
:100DF0001630053CC3F30D039C4213D01B4AD2E7C7
:100E00006421DAF80020B2FBF1F301FB13231BB9D4
:100E100017490E4807F093FEDAF800300133CAF89C
:100E2000003091E7384606F044FB84423FF67AAF43
:100E30002246711D95E70F49044807B0BDE8F04F01
:100E400007F07DBE6ED60100D1D5010050AD010086
:100E500016D601004BD60100F2D50100A7D601003D
:100E60008DD60100C9D60100F896002008D70100F0
:100E7000E8D601002AD7010070B5056900200E46AA
:100E800007F068FE044630B102461549154807F0E0
:100E900056FE204670BDE86BF8F732F9044628B1DB
:100EA00010F1780F02D002460F49EFE7E86B05F129
:100EB0000C02291DF8F764F9044610B102460B49EB
:100EC000E4E74FF48032002305F1240003F008FB2F
:100ED000044610B102460649D8E72E60D9E700BFA4
:100EE0003ED7010050AD010063D7010093D7010048
:100EF000B7D7010038B50569281DF8F763F904462E
:100F000030B102460B490C4807F019FE204638BDA7
:100F1000E86BF8F715F9044610B102460749F2E705
:100F200007F012FE044610B102460549EBE72860BF
:100F3000ECE700BFD7D7010050AD010002D8010097
:100F400026D80100084B70B5C31A0D4607499B10FF
:100F5000044659434022064807F00BFE2B46014643
:100F60002046BDE87040184710970020B76DDBB6EB
:100F700058A90100402373B50B4C0093041B0B468A
:100F80000D460A49A41061430646094A094807F07C
:100F90001BFE011E05DA30462B4602B0BDE870404C
:100FA000184702B070BD00BF10970020B76DDBB6C8
:100FB000318C010058A9010010B5EFF311842023F2
:100FC00083F31288BFF36F8F074A136823F002017F
:100FD000DB07116002D4012007F0A8FF84F3118819
:100FE000BFF36F8F10BD00BFB09700202DE9F8430D
:100FF0000022012106460520F9F78CFD114801F079
:101000007BFC114B984219D101F086FC00244FF073
:101010001C090C27DFF834803569414609FB045070
:1010200005F00EFD002807DB012307FB04551C44D7
:10103000042CAB67F0D10020BDE8F8836FF004000A
:10104000FAE700BF551101000000AD0BDCB3010051
:101050007FB500220123CDE9022304ABCDE904339F
:10106000094A6B46CDF800D0CDF804D007F0D9FD81
:10107000002805DB4FF480420023684603F030FA75
:1010800007B05DF804FB00BF678C01000C22104B19
:10109000014602FB0033002030B4D3E91C5218672C
:1010A000EFF31180202484F31288BFF36F8F9C6FBD
:1010B00004F0C00444F002049C6780F31188BFF37D
:1010C0006F8F1DB12B4630BC0248184730BC7047AB
:1010D0001097002058A9010010B4EFF311822023CB
:1010E00083F31288BFF36F8F1748016841F0020441
:1010F0000460C80707D482F31188BFF36F8F012003
:1011000010BC01F021BC1149D1F80C04D1F80C1429
:10111000C907F0D5EFF3118083F31288BFF36F8F07
:101120000B498B6F03F0C00343F002038B6780F31E
:101130001188BFF36F8F82F31188BFF36F8F002088
:1011400010BCFFF7A3BF00BFB097002000500040C5
:1011500010970020092813D8DFE800F005101212BC
:10116000121212120E0C074B986F10F0070007D1E5
:10117000FFF78CBF0220FBE70320F9E70120F7E728
:10118000704700BF109700202DE9F041012207466B
:101190003449D1E8EF3FC1E8E02F0028F9D133B955
:1011A000314932484B60CB608A6005F05CFC7B1EA5
:1011B000012B28D8012F06D12D4BD3F81C3403F076
:1011C0000303022B1FD009F083F80546E8B9294B29
:1011D0001B78D3B102220646254BC3F80823244CC2
:1011E000DFF89480D4F81824D4F81834D20315D535
:1011F00003F00303022B01D0012F0FD16DB386F34F
:101200001188BFF36F8FBDE8F081EFF311862023C3
:1012100083F31288BFF36F8F0125E0E7C5B1304635
:1012200006F054F8D4F81835DBB2012BDAD1D4F833
:101230000421002AD6D00022C4F80421D4F80421C5
:101240000222C4F818252022C8F88021A360C9E72B
:101250000021212009F0F3F8E4E70222044BC3F84F
:101260000423D0E70C970020FC9600202C97002048
:1012700000500040479C002000E100E008B507480E
:1012800008F05EFD38B10648F9F714FF0448F7F797
:1012900009FE002008BD6FF01200FBE7BCA90100A9
:1012A000A51201000A2838B50446074D04D1AB68E1
:1012B0000D2128465B689847AB6803485B68E1B23C
:1012C0009847204638BD00BFBCA90100F0B5406872
:1012D00001F01F04057B87B044EA45140569002D21
:1012E00063D0B2F5001F00F1100506D12146284653
:1012F00007F09CFE002007B0F0BD0027B2F5800F7C
:1013000001AE0197776039D1B3F1007F14BF052397
:1013100004238DF804300023CDE90463039383682C
:1013200023FA01F111F001011AD1B2F1A07F17D116
:1013300004F01F03620903F180032AD0012A3AD185
:101340001E4A52F82330DB070AD40DF10306324659
:101350002146284601F004FE194B98421BD0029604
:101360002146284603AA01F0B7FC164B98421FD12C
:1013700001222146284601F055FEBBE7B3F1C06FBC
:1013800005D0B3F1007F14BF01230223C1E703237B
:10139000BFE70D4AD5E73146284601F03DFE094B2F
:1013A0009842DCD06FF00B00A5E76FF08500A2E754
:1013B0006FF015009FE751F82330FFDE00288440CE
:1013C0000400AD0B0000AD0B0025844038B5456826
:1013D0002B69B3B11035284601F00EFE044680B9E2
:1013E0000146284601F0D6FD084B98420BD1224613
:1013F0002846074901F0AEFD224605212F20F9F7C6
:1014000089FB002038BD6FF00400FBE70000AD0B46
:10141000151401004209034670B502D0012A17D005
:1014200070BD0D4E326951680029F9D0012503F0D5
:101430001F030C689D400029F2D08A682A4002D020
:1014400030464B6898472CB1236821461C46F2E78A
:10145000024EE7E72346F8E780A901006CA90100E6
:101460002DE9F04340F206354668D00648BF032018
:10147000337B02EA050558BFC2F3401087B001F084
:101480001F07B5F5837F144647EA43178DF803001D
:1014900044D00FD8062D18D007D8B5B1022D3FD0B3
:1014A0006FF0150007B0BDE8F083B5F5807FF7D188
:1014B00001250AE040F20222954233D0B5F5407F83
:1014C00032D0B5F5007FEBD102250123220303FAC8
:1014D00001F12BD573689960326972BB07F01F0365
:1014E0007F0928D0012F75D13C4A02EB830284F496
:1014F0008033D2F80012C3F30043C4F3404444EAFB
:10150000430421F4706144EA800421F00F0144EAAD
:1015100005230B43C2F800320020C3E70725D4E7B8
:101520000425D2E70525D0E70325CEE7630344BFB2
:101530007368D960D0E72A4AD7E710363946304673
:101540000DF1020201F00CFD14F4403F80460CD175
:101550003946304607F068FD224B9845DCD13046CD
:101560009DF8021001F052FDD6E74FF0000901ABE3
:101570003946304603AACDE90439CDE90199CDF8C1
:101580000C9001F0A9FB174B984289D114F4003359
:1015900015D09DF8033084F48034C4F300448DF8F2
:1015A0000E3039464B46304603AA8DF80C508DF864
:1015B0000D4001F04DFC0B4B9842CDD070E7CDE9CA
:1015C000043339460DF10303304603AA039301F0B7
:1015D00083FBF0E7803352F82330FFDE002884409D
:1015E000002584400000AD0B10B504460269A2B08E
:1015F000C2F880001F49002001F046FE00220121B0
:101600002A20F9F787FA64688422002101A809F0EA
:1016100089F86368B3F5803F04D30221164A17485E
:1016200005F04EFD2368B3F5803F04D30221144A30
:10163000124805F045FD00230120219301AA6168AD
:101640000432D940C90744BF00FA03F142F8041C30
:101650002168D940C90748BF00FA03F103F101032B
:1016600048BFD163102BEAD101A801F025FE00206C
:1016700022B010BD5D170100F0D80100C0AD01001F
:101680001CD9010038B50F290C4605693CD84368C0
:101690001B68CB40DB0737D5D5F88430CB4003F04F
:1016A00001031AB9EBB96FF077002CE0002BFAD1E7
:1016B00055F8213023B90221154A164805F000FDDE
:1016C000D5F8843013B92A20F9F7F4F90122D5F8B6
:1016D0008430A2401343C5F88430E0B201F00CFE20
:1016E0000AE0C8B201F010FE0122D5F88430A24011
:1016F00023EA0203C5F88430D5F8843013B92A20D0
:10170000F9F7E6F9002038BD6FF01500FBE700BFE0
:1017100048D90100C0AD010038B505460C4622B1DC
:1017200002210C4A0C4805F0CBFC0F2C0ED86B683C
:101730005B68E340DB0709D501230020A400E4B285
:1017400004F1804404F52834236038BD6FF015009F
:10175000FBE700BF78D90100C0AD010070B5D1F83A
:1017600080600F2804460D46736803D81B68C34089
:10177000DA0704D402210E4A0E4805F0A1FCD5F880
:101780008430E340DB0704D402210B4A094805F00A
:1017900097FC05EB840255F824503DB121463046B4
:1017A000AC46BDE870400023126C604770BD00BFBE
:1017B00093D90100C0AD0100AFD90100036803F067
:1017C0001F025B09026004D0012B034818BF0020F0
:1017D00070470248704700BF0028844000258440BD
:1017E0002DE9F04F1546834640F2FF18DFF8889147
:1017F000DFF888A185B000EB8101594503D10020B5
:1018000005B0BDE8F08FDBF80030C3F3C322082A2F
:10181000C3F3080400F2AA801B0E444508BF4FF032
:10182000FF3419F80270222B00F2A380DFE803F0E6
:1018300012191F22252B22A1A1A1A13A67A1A1A1C2
:10184000A1A1A1A1A1A16A7F8285A1A1A1888F9256
:1018500095989B00C5F80C45601C5DD10BF1040BFD
:10186000CBE7C5F81445621CF8D000265DE0C5F84A
:101870000845F1E7C5F81045F5E7631CC5F80845CC
:10188000ECD0002604E0661CC5F80C45E6D0012625
:1018900003A80394FFF792FF0122039B02FA03F3CC
:1018A000C36008E0C5F80845002FDCD1631CD5D023
:1018B000002606273246DBF80030039403F400408C
:1018C000002818BF002203A818BF01260193009228
:1018D000FFF774FF039C019B00EB8400D0F80042EB
:1018E000C3F3412C009A3B0243EA8C03134304EAFE
:1018F0000A04234343EA4603C0F80032AEE7C5F8C2
:101900000C45D1E7C5F86045601CDBF80030A5D078
:10191000C3F30043002BBAD0012603A80394FFF7BA
:101920004DFF039B06FA03F383603246C3E7C5F815
:101930006445E9E7C5F86845E6E7C5F86C45E3E7BF
:10194000C5F82445621C89D001260022B3E7C5F8FA
:10195000284581E7C5F83045F4E7C5F83445F1E797
:10196000C5F83845EEE7C5F83C4575E76FF015005A
:1019700046E76FF0850043E7E5D90100F0F0FCFF92
:10198000036803F01F025B09026004D0012B0348C7
:1019900018BF002070470248704700BF00288440ED
:1019A00000258440F0B5044683B0002201212120A7
:1019B00000AFF9F7AFF8606823692E4A00F108011B
:1019C00001F068FD2C4B984218D023686C4688B013
:1019D0006A462A49C2E905134FF400739383284BE2
:1019E00042F8103F274800234FF4E251F8F7B4F9CA
:1019F0006FF00F00A5460C37BD46F0BD65680021AD
:101A0000AE6B3A1D304607F0A8F9002805DB7B686D
:101A1000326819791868FFF7E3FE002631462B6813
:101A200001F5AC7253F82230002B0DDB7B60381DC2
:101A3000FFF7A6FF7A684368D34013F001031CBF89
:101A400001238B403343DEB201310429E7D1002367
:101A500001206268916A00FA03F232420CBF01224F
:101A60000022D20321F813200133042BF1D10020EE
:101A7000C1E700BF818D01000000AD0BEED9010070
:101A800003000001E8AD01002DE9F04F85B082466A
:101A900000AF1D463B8F032903F001030E4610469D
:101AA000DAF80480DAF810407B6006D90B465B4A0E
:101AB00001215B4805F00DFB17E0012198F81E306D
:101AC00001FA06F9012B04BF6D085008002D7CD0E7
:101AD000A8427DD9236898421DD0237933EA0903AF
:101AE00009D0504A4E4805F0EBFA6FF01500143754
:101AF000BD46BDE8F08F0246B2F5004F5DD22060D2
:101B00006371D8F8001098F81EC0C1F80C35C1F800
:101B100004C5C1F808254FF0010B637925FA03F3DA
:101B20009BB2DAF804207968926A81F0010143EAF5
:101B3000C13322F81630C7F800D08CB06A466379FA
:101B4000936207233849C2E9085051613749C2E915
:101B5000061642F8103F00234FF464513048F8F75E
:101B6000FBF85FFA89F9D7F800D0BBF1000F34D148
:101B7000D8F8003006F5AC7653F82630002B0DDB94
:101B80007A68002A3ED0002D3ED0FB6007F10C00A1
:101B9000FFF7F6FE0123FA689340C360217921EA3A
:101BA00009012171F1B1A37923BB10230122404621
:101BB00008F1280101F094FC1AE00133082B4FEAE8
:101BC000520299D11A4A034672E7AB462B46A8E760
:101BD0004FF0000B47F6FF73A3E7237949EA0303AD
:101BE0002371E0E7DAF8040001F0B8FC0123A371E7
:101BF00000207CE70023A371404607F07BFA002811
:101C0000FAD0D2E7002DC0D0FB6007F10C00FFF73F
:101C1000B7FE0123FA6893408360BFE70EDA010044
:101C2000E8AD010023DA010062DA010096DA010072
:101C300038DA01002DE9F04104460D46476808F006
:101C400047FB4FF0200888B9264B1B7873B16426F8
:101C5000606807F0B6F8F0B9012007F054F9013ECA
:101C6000F6D10021212008F0EAFBF0E7EFF311861E
:101C7000314688F31288BFF36F8F606807F0A1F8D0
:101C8000A8B986F31188BFF36F8FEFE786F3118849
:101C9000BFF36F8FE5E7EFF31186314688F31288C3
:101CA000BFF36F8F606807F08CF80028EED0FB69F7
:101CB00000201D706368FA691B68C3F8442501227F
:101CC000C3F84825C3F82001D3F82041C3F85801D0
:101CD000D3F858019A6081F31188BFF36F8FBDE884
:101CE000F08100BF479C0020F7B505460022012186
:101CF0000820F8F70FFF0820F8F7DCFE6B681A6978
:101D00001868C0F82425997D5A7D0A43198B1B7DDC
:101D10000B431343C0F86C356E68D6E9004313F0EB
:101D2000010350D02F6907F1080000F061FD334B2B
:101D3000984208D032480121324A05F0C1F96FF0CB
:101D4000040003B0F0BD387A04F10C0204F5907180
:101D500007F0E5F8387A012707FA00F000F042FDB5
:101D60000823C4F80035F369C4F844350023C4F8E7
:101D70004835A760D4F85831002BFBD00021C4F8B7
:101D800000156B6801AADC68204606F0E6FF002813
:101D900005DB019B226819791868FFF721FD0821EE
:101DA0006A681368C3F80015117A51B9126AC3F84A
:101DB00034250122C3F83825C3F81011D3F81011C7
:101DC0001A600020BDE70822C4F80025F269C4F8B3
:101DD0004425C4F848350123A360D4F82031002BF2
:101DE000FBD00023C4F82031D4F820310123E36074
:101DF0004FF48073C4F80433BCE700BF0000AD0BA0
:101E0000F8AD0100BDDA01000123834070B5DC4369
:101E10000B4AD2E8EF1F01EA0405C2E8E65F002E94
:101E2000F7D14FF4803282400648C0F80823BFF350
:101E30005F8FBFF36F8F0B4214BF0120002070BD76
:101E40006C9800200050014070B40E4922F07F468B
:101E5000D1E90034D01AC31844F10004C1E90034B8
:101E6000A6F50013B3F5400F09D2074B1B681A0AF9
:101E70001B069C19054B42F10005C3E9004570BCE7
:101E800003F06ABAC091002070980020C891002029
:101E9000D9B101230D4A8340D2E8EFCF4CEA030CBD
:101EA000C2E8E1CF0029F7D14FF48033084A8340DC
:101EB000C2F80433074BD3E8AF3FC340DB0742BF50
:101EC0004FF40012044BC3F8002170476C980020B7
:101ED000005001406898002000E100E00D4B1868B8
:101EE000010A0006BFF35F8F0B4BD3F804351818B7
:101EF00041F10001B3F5801F0AD2084BD3E900235A
:101F0000904271EB030303D210F1807041F10001A4
:101F1000704700BF7098002000500140C891002019
:101F20002DE9F04F85B016461F4604469DF840A0A7
:101F3000FFF76AFF0190FFF7D1FFB04271EB070393
:101F400052D23B4B301A67EB0101984271F100010C
:101F50004DD2384B03EB0413D3E902239F4208BF51
:101F6000964258D04FF48038334908FA04F8204696
:101F700026F07F4BC1F8488306F054FF4FF0030969
:101F8000584604F15005AD00ADB205F1804504F5A9
:101F9000A87305F5A8350293029A20F07F4341F813
:101FA0002230C1F84483D1F80435244AC01A0338DA
:101FB00020F07F4090422ED9286868B1D1F80435CE
:101FC000A3EB0B0020F07F40B0F5000F039322D964
:101FD000204606F027FF039BBAF1000F07D109EB5B
:101FE000030009F10109D7E7BAF1000F09D06FF03A
:101FF000150520460199FFF74BFF284605B0BDE8BF
:10200000F08F01230E4AA340D2E8EF0F1843C2E835
:10201000E10F0029F8D107490E982301C8500F9B02
:1020200001EB04120025C2E902675360E1E700BF3B
:1020300001008000B091002000500140FDFF7F00B2
:10204000689800207FB500254FF0FF304FF0FF313A
:10205000194C1A4B0226C4F80833C4F84833184BFD
:10206000C4F80855C3E902014FF480334FF400125D
:10207000C4F80433134B0121C4F804631520C3F8DA
:1020800080212A46F8F746FD1520F8F713FD0123B5
:102090000D4AA360236013600C4B0D4A0093284641
:1020A0000023CDE90155FFF73BFF3046FFF76CF801
:1020B000284604B070BD00BF0050014003000F006F
:1020C000B091002000E100E06C980020491E010062
:1020D000FFFF7F002DE9F7432E4BD3F80423900731
:1020E0000BD5D3F8042142B10022C3F804212A4AB7
:1020F000D3F80431136801331360264AD2F804334D
:10210000D90326D5254BD3E8EF1F21F00100C3E802
:10211000E40F002CF7D1CB0702D4D2F84031C3B181
:1021200000251C4CC4F84051D4F84031FFF7D6FECE
:10213000EFF31182202383F31288BFF36F8F184BC4
:10214000D3E90267B042B94106D282F31188BFF3E6
:102150006F8F03B0BDE8F0834FF0FF38D3E9001074
:102160004FF0FF391D60C3E902894FF48033C4F892
:102170004833C4F84051D4F8403182F31188BFF39A
:102180006F8F0029E5D0009032463B4628468847AD
:10219000DFE700BF005001407098002068980020E1
:1021A000B091002030B5431C124C85B005D084425C
:1021B000A8BF0446012CB8BF0124FFF78FFE0E4BC9
:1021C0000C4DD3E90013401AB0F5000F0FD22218BE
:1021D000AA4228BF2A46002052180849CDE901002A
:1021E000009143F10003FFF79BFE05B030BD2A4686
:1021F000F1E700BFFFFF7F00C0910020491E0100F2
:1022000008B5FFF76BFE024B1B68C01A08BD00BF84
:10221000C0910020024B1860024B002019607047EB
:1022200018830020148300204FF40071014803F04C
:1022300033BB00BF479A002010B50749074806F096
:102240001CFE044628B101210346054A054804F056
:1022500040FF204610BD00BFB52401007498002047
:102260000ADB0100E0AD01002DE9F041DFF8D48187
:102270000D46D8F8704000AF072C00F008065BD080
:10228000132C00F0A080052C40F0B980D8F85480C1
:102290006D496E4806F0EDFD18F4805F41D06C4941
:1022A0006A4806F0E6FD172418F4006F04D0694967
:1022B000664806F0DEFD182418F4007F0ED066494B
:1022C000624806F0D6FD654B18F4004F9B6B04D0B6
:1022D0000121634A5D4804F0FCFE192418F4806F64
:1022E00004D06049594806F0C4FD1A2418F4807FD0
:1022F00019D05D49554806F0BCFD1B24EB69002E42
:1023000040F09B80C3F3080222B96FEA53236FEABF
:102310004323EB6129462046F8F738F8BD46BDE86F
:10232000F0811624C0E718F4005FE7D04F49474812
:1023300006F09FFD1C24E1E7D8F85C4043484C4977
:1023400006F097FD600606D5D8F868300121494AA5
:102350003E4804F0BEFEE10705D547493B4806F07C
:1023600088FD2624CAE7A20705D54449374806F068
:1023700080FD2724C2E7630705D54149334806F0AD
:1023800078FD2824BAE7200705D53E492F4806F0F6
:1023900070FD2924B2E7E10605D53B492B4806F03C
:1023A00068FD2A24AAE7A20605D53849274806F081
:1023B00060FD2B24A2E723063DD53549234806F0CE
:1023C00058FD2C249AE7D8F86C8032491F4806F053
:1023D00050FD18F0020F03D02F491C4806F049FDAC
:1023E00018F0010F03D02D49184806F042FD18F0EF
:1023F000040F83D02A49154806F03BFD7EE7294AA1
:10240000294BE8468AB00F2CC8BF13466A462749B5
:10241000103CC2E905134FF400731384244BD461BC
:1024200042F8103F00234FF411510848F7F794FC8D
:102430000024C54662E7252460E723F4FF7323F0F8
:10244000010366E774980020E9BE0100E0AD0100D9
:10245000FFBE010063BD010010BF010000ED00E000
:1024600029BF01003EBF010059BF0100C3BD0100EB
:1024700044DB01005DDB01006DDB010083DB01005B
:10248000A1DB0100BCDB0100D9DB0100EEDB0100B8
:1024900008DC01001BDC010035DC010065DC01000B
:1024A00093DC010086BF010071BF010067C001001D
:1024B0000400000100B5104B89B05A6AD86C009234
:1024C0009A6A20F005000192DA6A694602921A6B54
:1024D00003925A6B04929A6B0592DA6B06921A6C0D
:1024E0001B6D07929B0748BF40F00400FFF7BCFE3E
:1024F00009B05DF804FB00BF749800202DE9F0419D
:10250000A2B005460E461746984607F0E1FE70B9A0
:10251000114B1B785BB14FF0FF324FF0FF330F4888
:1025200001F0B0FE044618B16FF0830510E00124FD
:10253000684604F0A1FE424639463046289BA8472B
:102540000546684604F099FE14B9044801F012FFEC
:10255000284622B0BDE8F081479C0020C4840020BA
:10256000002300B589B0CDE9063303AB04930423FF
:1025700003900593A9B10B6806934B680793022358
:10258000111E18BF01210848CDE9002140F2F531A4
:1025900004AA00F0D1F80028B8BF012009B05DF806
:1025A00004FB0123ECE700BF050100402DE9F041E9
:1025B0004FF040089AB01C460AAB07460E46154637
:1025C00000214246184608F0ADF81C23CDE9073635
:1025D00004230393012340F20322019302ABCDE9CC
:1025E0000408ADF8502000930021032304AA0448F6
:1025F00006970995029400F09FF81AB0BDE8F081A3
:102600000001004070B5044696B00E461546002104
:10261000342209A808F086F8236804AA089340F237
:102620000243ADF8403006AB02934023CDE90334BA
:1026300004230593012300920021019302AA034879
:10264000CDE9066500F078F816B070BD00010040D5
:10265000F0B54027064697B006AB0D46144600215C
:102660003A46184608F05EF832680021089240F2B7
:102670000442CDE90207ADF840200223CDE9001164
:1026800002AA0348CDE9045400F056F817B0F0BD93
:10269000000100402DE9F0414FF0400898B01D4680
:1026A00008AB04460F46164600214246184608F07D
:1026B00039F804232268CDE9053702230A9240F253
:1026C0000542019304ABCDE90208ADF84820009320
:1026D0000021012302AA05480494079600F02CF873
:1026E000079B2B6018B0BDE8F08100BF00010040DF
:1026F00070B5402696B006AB05460C463246002122
:10270000184608F00FF84FF48072CDE90206CDE9C3
:102710000454ADF8402054B1012304AA00920021D2
:102720000448019302AA00F007F816B070BD2046D5
:10273000FBE700BF0001004010B4B1F5004F029C60
:102740000ED2042B0CD8042C0AD8240444EA0364C7
:10275000134644EA0102014610BC0348FFF7CEBE0F
:102760006FF0800010BC7047217C000030B5046819
:10277000ACB1B4FA84F30122C3F11F03DBB29A4077
:1027800024EA0202D0E8EF5FA54204D1C0E8EC2FB2
:10279000BCF1000FF6D1EAD102480B7030BD0248FF
:1027A000FCE700BF0000AD0B0200AD0B10B50368E5
:1027B000CB40DB0710D401238B40026843EA0201BF
:1027C000D0E8EF4F944204D1C0E8EC1FBCF1000FF9
:1027D000F6D1F2D1014810BD0148FCE70000AD0B75
:1027E0000400AD0B014BC3F80405704700700140B5
:1027F0000146014800F04EB9208300200328F7B5B8
:10280000064631D8384B394933F810000025C1F855
:102810000803012142F21074354B364A33F8163062
:10282000925D03F1804302F1804203F5A04302F57B
:10283000A04211601D608E421B682C4F8DF807105E
:1028400008BF0DF10705022E32D0032E40D0012E15
:102850001CD0D7F8183403F480333DB923B10120DC
:1028600006F051FB013CF0D103B0F0BDD7F81824BD
:1028700002F003022A70002BF6D09DF80700012811
:10288000F2D106F040FB013CDDD1EDE7D7F80C3486
:1028900003F480333DB9002BE6D0012006F033FB72
:1028A000013CF3D1E0E7D7F80C2402F00102E1E7A4
:1028B000D7F85C3403F480333DB9002BD4D0012029
:1028C00006F021FB013CF3D1CEE7D7F85C24ECE71E
:1028D000D7F85434DB03C7D5002DCED1012006F044
:1028E00012FB013CF4D1BFE7B4B501000050004039
:1028F000ACB50100C7DC0100044B1A7922B90122F2
:1029000018601A710248704702487047E898002022
:102910000000AD0B0C00AD0B08B5094B1B6833B1C3
:102920000520F8F7E9F810B90520F8F7C3F80122F7
:10293000044BC3F81825C3F81425C3F8802508BD37
:10294000E89800200050004010B5032846D8DFE882
:1029500000F01B02565000224FF48073012100202A
:1029600003F1804303F5A04318601C68012402F1C1
:10297000804202F5A0421460274A1268002A44D01F
:10298000264BC3F8041329E0244BD3F81814D3F8CA
:102990001824C90311D502F00303022B05D0012B23
:1029A00002D00020FFF72AFF01231C4A0221C2F8AF
:1029B000183508224FF48273D1E7D3F81424D207D4
:1029C000F2D5D3F81C2402F00302013A012AE8D818
:1029D000114A12681AB10222C3F8042310BDD3F8B9
:1029E0000421002AFBD00022C3F80421D3F80431CB
:1029F000F4E718224FF490734FF48071AFE7202270
:102A00004FF492734FF40071A9E71A68002AFCD0C2
:102A100018601B68E2E700BFE89800200050004003
:102A2000F8B50126194C1A4FD4F8045305B9F8BD6E
:102A3000B5FA85F0C0F11F00830003F580739BB2E7
:102A400003F1804303F5A04306FA00F2196892B23D
:102A500025EA02050029E9D00021022A19601B6835
:102A6000C4F808230DD1D4F81834D4F8183403F07E
:102A70000303012B05D1C4F81825C4F80423A3606F
:102A8000D4E73B68C0B29847D0E700BF0050004091
:102A9000E89800200079024B03EB0010FFF766BEB8
:102AA00028830020036803F01F025B09026004D042
:102AB000012B034818BF002070470248704700BF31
:102AC0000028844000258440034A4309D35C00F079
:102AD0001F001844C0B27047CBDC010070B505463A
:102AE000FFF7F2FF0C4C083034F810300E46DA05D0
:102AF00008D5C3F3432304EBC302284654F833300C
:102B000052689847A3682BB131462846E268BDE871
:102B10007040184770BD00BF3883002008B5FFF72C
:102B2000D3FF034B083033F81000400B08BD00BF43
:102B30003883002008B5FFF7C7FF034B083033F890
:102B40001000C0F3400008BD3883002008B5FFF72F
:102B5000BBFF034B083033F81000C0F3401008BD32
:102B600038830020034611F0010010B5CCB20BD120
:102B7000A207C4F340000DD5074A106A58601062DE
:102B8000003818BF012005E004490A6A1A600A6289
:102B9000002AEDD010BD00BF0028844000258440ED
:102BA00010B5FFF791FF124A083032F81030D905FE
:102BB0001CD5C3F3432123F4F85322F8103000202E
:102BC00002F10E0434F8023F13F4807F03D0C3F304
:102BD000432399420AD001303028F3D1002342F830
:102BE00031300448BDE81040FFF7E0BD10BD00BF24
:102BF00038830020B0830020F0B505460020012670
:102C0000044607468C420BD1114BD3F87C2132B1DC
:102C10000022C3F87C21D3F87C3140F00040F0BDA5
:102C2000E3B29B0003F580729B0806FA03F31D4292
:102C30000BD002F1804202F53C32D2F800C0BCF168
:102C4000000F02D01760126818430134DAE700BFA2
:102C500000F00240F7B506460846FFF735FF1A4F69
:102C600000F1080537F815300C46DB072AD5304649
:102C700006F0B6F92046FFF769FF58B12046FFF786
:102C80004DFF0022316800B201EB8003C3F810252C
:102C9000C3F810252046FFF783FF002301A827F87B
:102CA00015300194FFF7FEFE019B00EB8300D0F886
:102CB0000022064B134043F00203C0F800320448E0
:102CC00003B0F0BD0348FBE738830020F0F0FCFFC1
:102CD0000000AD0B0400AD0B2DE9F0431646804615
:102CE00085B00846FFF7F0FE0D463168044609B38B
:102CF0002846FFF71FFF18B12846FFF727FF10BB34
:102D000000230DF10F02CDE900338DF80E308DF860
:102D10000F3028460B460DF10E0106F009F9484A1E
:102D200004F1080132F8113023F0020343F00103EB
:102D300022F8113073687BB328461F785968FFF773
:102D4000F9FE10B1E9B13F4829E03D4A04F108001D
:102D500032F8103023F02003DB04DB0C22F81030B3
:102D600079B1032FEFD87168D1F804E0D8F80010DA
:102D70009EF800C001EB8C01A7B9C1F81075C1F82D
:102D800010752F4A04F1080132F8113023F01C03AA
:102D900043EA870322F81130B3683BBB2A4805B0E9
:102DA000BDE8F083D1F810E543EA4C332EF0030E72
:102DB000C1F810E5D8F8001043F0200301EB8C0EA9
:102DC000DEF8101522F8103021F44F3121F4407153
:102DD000CEF810152902DEF8108501F47C5141EA85
:102DE000074141EA0801CEF81015CAE72846D3E9A1
:102DF0000067FFF7D5FE002ED0D0114DD5E9002396
:102E0000964203D19F4201D1002209E00F480DF103
:102E10000F01FFF7ABFC0C4B9842C0D19DF80F207F
:102E200005EBC20308345F6035F8143045F83260B2
:102E300043EA422343F4807325F81430AEE700BF21
:102E4000388300200400AD0B0000AD0BB0830020E0
:102E50002DE9F0430C46804685B0204611461D46BC
:102E6000FFF732FE064629B32046FFF763FE18B986
:102E70002046FFF76BFE18BB334F06F1080937F801
:102E8000193013F01C0F02D04B78012B18D00123FE
:102E90008DF80F3000234A1CCDE9001320468B1C0F
:102EA0000DF10F0106F044F837F8193043F0030331
:102EB00027F81930002D44D02046FFF73BFE18B903
:102EC000224805B0BDE8F083002295F800C0D8F88C
:102ED00000301D4F03EB8C03C3F81025C3F81025F9
:102EE00006F1080237F812104FEA8C0E21F020018B
:102EF000C904C90C27F812106E7816B3D8F8000070
:102F0000AD787044D0F81035360423F4991323F4C7
:102F1000F853C0F81035230203F47C5306F440360E
:102F20002D05D0F810E5334305F480152B4341EA15
:102F30004C3143EA0E0341F02001C0F8103527F868
:102F400012100348BDE700BF388300200400AD0B1A
:102F50000000AD0B014BC3E902127047388300201B
:102F600010B508461446FFF7F1FD50B10846FFF7CB
:102F7000ABFD054B083033F8103004485B0B237071
:102F800010BD0348FCE700BF388300200000AD0BF4
:102F90000400AD0B70B5154D064695F880401CBB7E
:102FA0002146602205F1100007F0BCFB2146306885
:102FB0002E6F8E420ED10023C0F87C31D0F87C31C8
:102FC00040F30730F7F776FD0123094885F8803094
:102FD000AB6770BDCBB29B0003F580727C2B04BF46
:102FE000845083580131E4E70248F2E73883002037
:102FF0000000AD0B0C00AD0B034B93F880000038C4
:1030000018BF0120704700BF388300200148FFF738
:10301000CDBB00BFAC8300200148FFF7A7BB00BFBA
:10302000AC83002073B503681646D3F80423054625
:10303000002AA8BF4FF000420846A8BFC3F80423E7
:103040000C46FFF783FD00B30846FFF773FD01460A
:10305000D8B92046FFF762FD04B2A40003462868F1
:1030600004F580728150296882582144D1F81025D6
:1030700042F00102C1F810252EB10122296802FA9E
:1030800003F3C1F8043302B070BD2046FFF71CFD06
:103090000E4B083033F81030C3F38203042B11D0E9
:1030A000052B11D001A80194FFF7FCFC019A0369DC
:1030B000D34003F00103991C204602B0BDE87040E4
:1030C00005F07FBF0321F7E70221F5E738830020F1
:1030D0002DE9F04F684BDFF8A481D3F80403D8F84A
:1030E0007010C0B289B040F00040FFF785FD051EAA
:1030F0002FDAC24600235AF87C1F06A8CDE9063312
:10310000FFF730FD4FF0000B5D4B0DF118090193F7
:10311000019A12F8013B0192DA081AF8022003F032
:10312000070322FA03F3DA071CD409F10409BBF1FF
:10313000000F14D0D8F870104FF00040FFF75CFD7E
:10314000D8F87C1006A8FFF70DFD0028DAD125F08D
:1031500000450124002D76D109B0BDE8F08F4FF075
:10316000010BD5E7474B5B440293D9F800100029C7
:10317000DBD091FAA1F1B1FA81F1029B1C7841EA0E
:1031800044142046FFF7A0FC083038F81070C80837
:10319000BB080393012319F8002001F0070103FA8B
:1031A00001F122EA010209F8002005A80594FFF7C1
:1031B00079FC059A039B803250F82220C7F38206DF
:1031C0005B073746C2F3014222D520463946D6B2C4
:1031D000FFF784FC05A80594FFF764FC059B80338A
:1031E00050F82330C3F301439E4207D1002120460B
:1031F00005F0E7FE3146204605F0E3FE05A80594FC
:10320000FFF750FC0122059B02FA03F30362ACE7CF
:10321000022A0CD10321204605F0D3FE06F0050357
:10322000012BEBD139462046FFF758FCE6E7022197
:103230002046039205F0C5FE032EF3D0039A032A1D
:10324000DCD1022EEDE795FAA5F3B3FA83F304FA85
:1032500003F29B0003F1804303F53C33D3F81005E0
:10326000D3F81015C0F30520C1F3014125EA02058A
:10327000FFF734FC6EE700BF00F002403883002007
:10328000DBDC0100DBDC010070B5084C0E46237965
:10329000154643B92A20F7F70DFC01230448237192
:1032A0002660A56070BD0348FCE700BFF0980020D1
:1032B0000000AD0B0C00AD0B002330B50D4A50F8EB
:1032C000234003F5A2710133102B42F82140F6D1BF
:1032D0000023084A00F13C0103F5B27451F8045F81
:1032E0000133102B42F82450F6D1D0F88030C2F8C8
:1032F000043330BD00A002400123024A8340C2F8DB
:103300000433704700A002400123024A8340C2F800
:103310000833704700A00240F8B5012600270B4B88
:103320000B4DD3F80C4304B9F8BD94FAA4F0B0FAED
:1033300080F006FA00F324EA0304064B82009F5053
:103340002B68002BEFD0A9689847ECE700A002405B
:10335000F098002000A10240036803F01F025B09FF
:10336000026004D0012B034818BF002070470248B8
:10337000704700BF0028844000258440142370B5A6
:1033800005790A4C6B43E618E35833B9022100680B
:1033900005F086FE08B101233372142303FB0544B4
:1033A000207A023818BF012070BD00BFFC980020B1
:1033B0002DE9F3470B7F044663BB0127DFF8D0906C
:1033C0000D1F01F1100601F10C0855F804AFBAF118
:1033D000FF3F1BD03378CDF804A001A8002B4FD0BD
:1033E000FFF7BAFF019B07FA03F3836001A8CDF84A
:1033F00004A0FFF7B1FF019B00EB8300D0F800327F
:1034000003EA090343F00303C0F80032A84506F1BC
:103410000106DAD191F81DC00D8B4F7D8E7D8A7E1D
:10342000C87E2368BCF1000F0BD1D1E9008ED1E931
:1034300002C1C3F86085C3F864E5C3F868C5C3F882
:103440006C1542EA0022C3F80C75C3F80465C3F892
:103450000855C3F8102500232068C0F81031D0F8B3
:103460001021C0F80831D0F80821C0F80C31D0F88C
:103470000C3140F3073002B0BDE8F047F7F71ABB54
:10348000FFF76AFF019B07FA03F3C360AEE700BFD3
:10349000F0F0FCFF2DE9F041142690F804800D4C6B
:1034A00006FB08F6A71997F808C0BCF1000F0ED16B
:1034B000A2517B6019B10B7F3B74FFF779FF142396
:1034C00003FB0844012304482372BDE8F08103484C
:1034D000FBE700BFFC9800200000AD0B0C00AD0B1B
:1034E00070B40C4615461A4601791B4B01EB81015D
:1034F000266803EB81010368C3F82065A688C3F83A
:103500002465A668C3F82865E668C3F82C650368D7
:103510002668C3F84065A688C3F84465A668C3F862
:103520004865E468C3F84C45046805F0010303EB03
:103530005505C4F81455D4070CD412F0020403D076
:10354000002B14BF082404240568C5F8004270BC91
:1035500005F06EBD1024F7E7FC980020002238B576
:1035600003680579C3F800220122036804465A6003
:1035700071B12046FFF702FF0028FAD0002223682D
:10358000C3F800251422054B02FB053301221A72F1
:103590002046BDE83840FFF7F1BE00BFFC98002090
:1035A000B22110B51A4805F07BFDC106044608D5C6
:1035B000184BDA68520704D51A6812B1012059680D
:1035C0009047A00608D5134BDA68110704D51A688E
:1035D00012B1022059689047220608D50D4BD868D1
:1035E00010F0100003D11A680AB159689047A30778
:1035F0000DD50022064BC3F800250122054B1A7297
:103600001A6822B1BDE8104003205968104710BD68
:1036100000100240FC9800202DE9F0410E461746AC
:103620000C4D55F81C4FAC4203D16FF01200BDE8B1
:10363000F081314654F8440CA4F14408F4F7A6FD97
:1036400030B9C7F800804046BDE8F04105F024BE1F
:103650002468E8E71099002010B5D0E909124A6003
:10366000416A00F124031160C0E90933436804464C
:1036700003B19847054A936833B11279062A03D9F2
:103680000720226802499847002010BD10990020A9
:10369000DDDC01002DE9F04107460D460B4E56F8E2
:1036A0000C4FB44202D16FF001000AE0394654F8E1
:1036B000240CA4F12408F4F769FD20B91DB1C5F864
:1036C0000080BDE8F0812468EBE700BF109900207E
:1036D00038B5044600B30068F0B10378E3B10021C7
:1036E000FFF7D8FFD8B104F11C03C4E907330D4B31
:1036F00004F12402196903F10C00A16260621A61ED
:103700000A609D6835B11B79062B03D90720226812
:103710000549A847002038BD6FF01500FBE76FF0A2
:103720001000F8E710990020DFDC010038B5114CDB
:103730000546216819B100200131216038BD2422DD
:10374000204606F0EFFF2B682846A3602B792371F3
:1037500004F10C03C4E9033304F11403C4E9053391
:1037600004F11C03C4E9073300F018F80028E5D180
:103770002168E0E71099002038B5074D2C68013C1E
:103780002C6044B900F012F821462846BDE83840C4
:10379000242206F0C7BF38BD1099002008B50248A2
:1037A000FFF796FF002008BDBC8300200148FFF70B
:1037B00053BF00BFBC8300200EB4431E062B33B59D
:1037C00088BF0020094B05AC54F8045B53F8201067
:1037D000074802F069FE21462846019402F062FE85
:1037E00002B0BDE8304003B0704700BFE8B401004C
:1037F000D3C501002DE9F04F87B017469B4604461C
:10380000DDF840A000284BD0056A35B12D6825B100
:10381000AC4607B0BDE8F04F6047E36A9F4242D82C
:103820000026BE4203D1002007B0BDE8F08F182368
:1038300003FB06F8D4F83090A26909EB08052B1DAC
:103840000593CAB9686969680368B5F80CC0C91AF4
:10385000AB680CF1030E5D1E05EB0C155B4205EB2E
:103860004E051D4005EBCC0385680633A94228BFF1
:103870004FF0FF3105F0DDFC59F808302046029387
:10388000236AB1B29B6A01935AF8263000935BF821
:103890002620059B05F01EFD0028C5D10136C0E796
:1038A0006FF01500C0E70148BEE700BF40F4FFFF1E
:1038B00010B5044690B1028D43899A4209D0084A56
:1038C000936833B11279032A03D942680549042069
:1038D00098472046BDE8104006F00CBF10BD00BF61
:1038E0001099002092DD010030B544898C4212D934
:1038F000436A013C5D882C4003EBC40359609A6025
:10390000BFF35B8F426A538801335380438D013389
:103910004385002030BD0148FCE700BF41F4FFFFB4
:1039200070B4039E144660B1006A50B14BB10134CB
:1039300007D0002E05DBD0F8844014B1A44670BC3B
:103940006047014870BC70472DF8FFFF70B4039EBC
:10395000144660B1006A50B14BB1013407D0002E5B
:1039600005DBD0F8944014B1A44670BC6047014810
:1039700070BC70472DF8FFFF2DE9FF47DDF834805C
:103980000E4691469A460546002876D0002974D006
:10399000B8F1000F71D001F16407384605F02AFE36
:1039A000BAF1FF3F49D1346E06F1500204F18000B4
:1039B000844204F01F0C07D2C4F3411152F82110C5
:1039C00021FA0CF1C90736D4012104F07F04600903
:1039D00052F8203004F5806A01FA0CF104F2014437
:1039E0000B4304F07F0442F8203034666B6C4A4687
:1039F00003930E9B2946CDE901830C9B304600932F
:103A0000534605F0A6FE384600F036FD2C7874B11A
:103A100096F8A4405CB1AB6A013330D1002128464E
:103A200005F027FE044610B1284605F0F8FD2046B3
:103A300004B0BDE8F0870134BAE7BAF5806FD5D39A
:103A4000AAF580637F2B06F150010FD8580951F871
:103A5000204003F01F0324FA03F2D2070BD4012203
:103A600002FA03F3234341F82030BFE7054C384600
:103A700000F002FDDBE7044CF9E7024CD7E7002435
:103A8000D5E700BF2DF8FFFF29F8FFFF08B58368D1
:103A90001A0C0AD1094A93682BB11279022A02D969
:103AA000032007499847002008BDA3F580338360B1
:103AB0001B0C0CBF01200020F6E700BF109900206E
:103AC000B4DD010038B50446E0B100F164052846D4
:103AD00005F090FED4F8B4309B6953B9D4F8A840EF
:103AE000103C002C00DC084C284605F081FE2046E6
:103AF00038BD012BF7D1D4F8BC0005F063FDA0F16F
:103B00001004EEE7014CF2E72EF8FFFF2DF8FFFF5F
:103B100038B50446E0B100F16405284605F06AFEB8
:103B2000D4F8B4309B6953B9D4F8AC40103C002CA5
:103B300000DC084C284605F05BFE204638BD012B12
:103B4000F7D1D4F8B80005F03DFDA0F11004EEE780
:103B5000014CF2E72EF8FFFF2DF8FFFF2DE9F043AF
:103B600085B00F46904603A90D9A0546994606F082
:103B700002F80446E0B10C9E039BD5F8C0009E42BB
:103B8000A8BF1E460168D0F808C0611A33464A46ED
:103B9000614528BF4FF0FF3105F011FB2346424637
:103BA00039462846009605F086FF05B0BDE8F0834B
:103BB0000048FAE72EF8FFFF2DE9F0478AB00D46DE
:103BC000DDE9129716469846044620B9924E3046D3
:103BD0000AB0BDE8F0870029F8D0002BF6D000210C
:103BE000A822C0F8D01006F09DFD012204F1640067
:103BF000114606F04EFA894BC4F8B450E667AC6241
:103C0000C4F88430864BC4F88830864BC4F88C30B6
:103C1000854BC4F89030854BC4F89430844BC4F87D
:103C20009830844BC4F89C30834BC4F8A030AB6907
:103C30003BB9002FCAD097E8070004F1A80383E836
:103C40000700AB69012B06D02B6ADBB96FF00506C4
:103C5000BDE74307F8D4D4F8B400002800F0D980B9
:103C6000036A002BF2D09B68002BEFD098474206E6
:103C7000EFD50021D4F8B40005F0AAFD06460028CF
:103C8000E9D0A4E71B69002BE0D028469847AB6930
:103C9000012B04BF0023286100F0010008BF6B6105
:103CA00084F8A400AB69DBB93B7A002B00F0838079
:103CB00009F10C03C4F8C430B9F1000F86D0D9F86B
:103CC0000820002A00F0A3809B68002B00F09F8052
:103CD0005A4B04935A4B05935A4B06935A4B0793EE
:103CE000AB69012B07D1564B0493544B0593564BAC
:103CF0000693544B0793002104F1C803C4E93233FF
:103D000006ABC4F8C080022200932846019104ABA0
:103D1000FFF770FD064600287FF459AFAB693BB949
:103D20002B6B1B68C4F8B8302B6B9B69C4F8BC3094
:103D3000AB69012B07D12B6B9B69C4F8B8302B6B97
:103D40001B68C4F8BC30D4F8BC0005F0D6FB2B6B64
:103D50001B68C3F82C802B6B9B69C3F82C80D5F8AB
:103D600018A0BAF1000F07D1D4F8AC300993D4F8F9
:103D7000B8305B89534520D894F8A430C4E9004496
:103D800063B100230293314B204601933523304A1F
:103D90000394009304F1080105F0DBFCAB69002BF0
:103DA0007FF415AF0421284605F012FD07460028D0
:103DB0003FF40DAF26E04B467CE74846D4F8AC1004
:103DC00005F0CAFE0746E0B1D8F800100890411A85
:103DD000D8F808000022814228BF4FF0FF31D4F804
:103DE000AC30404605F025FA009701230022D4F8B4
:103DF000B80008A905F09BFA074618B90AF1010AAC
:103E0000B5E7144F284605F0DCFC3E46DFE6114ED0
:103E1000DDE66FF01506DAE62DF8FFFF5D3B0100E9
:103E200049980100B7990100779B0100B79A0100FA
:103E300001980100113B0100C53A0100D5DD0100E8
:103E4000DBDD0100EB990100EF9701006D980100A7
:103E5000E1DD01002EF8FFFFF0B505460E461746DE
:103E600087B0074A03AC07CA84E807000C9A3146BA
:103E7000009228463A460194FFF79EFE07B0F0BD37
:103E800068AE010010B50446F5F782FE0348012133
:103E9000034A03F015F9204605F05DFFE0AD01008F
:103EA000E4DD01002DE9F84304460D4600AFEFF3D1
:103EB0001188202383F31288BFF36F8F0428294AC7
:103EC00098BF294BE9468AB09668117C98BF53F891
:103ED00020306A4688BF254BC2E9073140F20133E2
:103EE00023489384234BC2E9050442F8103F002382
:103EF0004FF431512048F5F72FFFCD4645B1EB691E
:103F0000C3F3080323B101211C4A1B4803F0D8F86E
:103F10002EB1304606F0E5F908B1037803B9184828
:103F2000E9468AB06A46174BD061C2E9053640F2CD
:103F300001331384144B42F8103F00234FF4115106
:103F40000D48F5F709FF2946CD462046FFF79AFFB1
:103F500088F31188BFF36F8F3046F6F74BFDBD46EF
:103F6000BDE8F8833499002008B50100F3DD0100B5
:103F700001DE010005000001E0AD010029DE0100C5
:103F80007DC501004ADE01000400000138B5094B7F
:103F900053F82040013053F82050A54200D838BDD6
:103FA000636823B1204605F0DEFE0834F5E7236898
:103FB0009847FAE71CB50100012270B52A4B03208F
:103FC00086B01A70FFF7E2FFF6F78AF905F0E7FE10
:103FD0000420FFF7DBFF254C254D2646AE4204F1B9
:103FE000300410D300F0D6FE204C224EAC4226D333
:103FF00000F0E4FEF4F730FB1F4A137B23F00103CB
:10400000137306B070BD54F80C3C059354F8103C83
:10401000049354F8143C039354F8183C029354F856
:104020001C3C019354F8203C009354E90A2354E9C2
:104030000C0100F0D3FC54F8303C5E65CDE7D4E9C8
:104040000A23B3F1FF3F08BFB2F1FF3F05D052EAA8
:104050000301206803D100F071FF3034C6E7314618
:10406000183001F003F9F8E7479C002048AC010044
:1040700048AC0100D5A301005892002008B50348C0
:10408000034A0021121A05F086FE08BD8086002032
:104090004C9C0020882370B5134E012203FB006660
:1040A000002386B0CDE904230F220193CDE902322B
:1040B00014234FF4A0720D4D0D4903FB0055044627
:1040C00002FB00110B4B3046009500F087FC737B20
:1040D0002C7423F004037373074B013403EBC423E4
:1040E000EE606B6006B070BDD09100203499002066
:1040F000B8B700200D9F0100B8AF0020BFB5002069
:10410000FFF744FF2E4B03F5006282F3088883F328
:104110000A880024E0232B4D2B4E85F82230EC77C3
:104120002C766C76AC7685F820406B6A274F43F48A
:10413000E0236B6285F82340F6F7DAFBF6F75CFDC7
:104140004FF0FF33AB62EB62F6F7FAFEF6F778FD5D
:10415000F5F78EFC40F201131D4D2846AB81C5E9F1
:10416000194401F049FAB56005F0E9FD0120FFF7B7
:104170000DFF0220174DFFF709FF00F053FE164B0D
:1041800075610593012315494FF40062CDE903439E
:1041900028463B46CDE90144009400F01FFC06464A
:1041A0006A7B284622F004026A7306F0D6F820469D
:1041B000FFF770FF3A4631462846F6F7FDFC00BF90
:1041C000B8AF002000ED00E034990020B93F0100B5
:1041D0008893002058920020ACDE0100F8B800203F
:1041E00038B5064C064DAC4201D3002038BD204600
:1041F000D4E9011205F0D4FD1434F4E7B0840020B2
:10420000C4840020002038B5054C064DAC4200D3D4
:1042100038BD204605F029FE0028F9DB1C34F5E7FF
:104220005C840020B084002073B50C46EFF311814C
:10423000202585F31288BFF36F8FC5685DB12560B7
:104240002B68C360836901338361002081F3118887
:10425000BFF36F8F11E052EA030603D16FF00B003A
:104260002560F3E7CDE900230246083000F0F2FCB8
:1042700018B9034B9B685B69236002B070BD00BF37
:10428000349900202DE9F341044617461E46EFF30A
:104290001188202383F31288BFF36F8FC368334ADA
:1042A0007BB180689168884219D057EA060318D11B
:1042B00088F31188BFF36F8F6FF00F0002B0BDE875
:1042C000F081916891F90E100133E36093682161E8
:1042D000A36088F31188BFF36F8F0020EEE7216998
:1042E000F2E791F90E1090F90E306FF07E029942CC
:1042F000A8BF19469142B8BF11468B422DDD05F08B
:1043000010FE054622464146CDE90076184800F0E9
:10431000A1FC0028E1D0EFF31186202383F312885B
:10432000BFF36F8FA068D0B1236821699C420AD087
:104330004BB193F90E309942A8BF19466FF07E0336
:104340009942B8BF194605F0ECFD40B13146084826
:1043500000F0FAFC6FF00A00B0E70025D2E7002D6C
:10436000F4D186F31188BFF36F8FF3E734990020FF
:10437000489C0020F8B583680546002B3FD0234AAF
:10438000926893423ED1C368012B03D9013BC360BD
:104390000020F8BDEFF31187202383F31288BFF3C9
:1043A0006F8F0169806805F0BCFD2C68AC4207D1B5
:1043B0000023C5E9023387F31188BFF36F8FE7E766
:1043C000002CF5D0D4E90032002613605A60637BDC
:1043D000C4E9006623F002036373A66004F11800C9
:1043E00006F081F8AC6094F90E3020462B61E66748
:1043F00005F0B3FF3946064800F0A6FCC8E76FF0A9
:104400001500C6E74FF0FF30C3E700BF3499002026
:10441000489C002037B51146EFF31185202282F326
:104420001288BFF36F8F04689CB12368426823F041
:1044300003039442036008BF43600121204605F056
:10444000F7FD044685F31188BFF36F8F204603B054
:1044500030BD51EA0302F5D000F10802CDE90013A6
:104460001046294600F0F6FB0028EFD1014B9B686F
:104470005C69EBE73499002070B5EFF311862023D7
:1044800083F31288BFF36F8F0468A0421AD0CCB1B7
:10449000D4E90032002513605A60637BC4E90055FB
:1044A00023F002036373A56004F1180006F01BF803
:1044B0002046E56705F051FF3146BDE870400748EA
:1044C00000F042BCD0E902329A4218BF0133022107
:1044D0008360103006F0E1F8EEE700BF489C002052
:1044E00013B5EFF31181202484F31288BFF36F8F8B
:1044F000846844B1013C846081F31188BFF36F8FFD
:10450000002002B010BD52EA030406D181F31188E5
:10451000BFF36F8F6FF00F00F3E7CDE90023024682
:10452000014800F097FBECE7489C00201FB5094AC2
:1045300002AB92E803004FF4006283E803000093AB
:1045400005494FF0FF33054800F06AF9002005B037
:104550005DF804FB74AE0100F8C00020E09200207A
:104560002DE9FF41044620274E4EEFF3118887F3D3
:104570001288BFF36F8FD4F88850F5B9022104F187
:10458000A00005F096FD002868D004F198050022EF
:104590000121284605F06CFF0028F8D100234FF0D8
:1045A000FF3202934FF0FF334146CDE900233E48EE
:1045B00004F1900200F078FDD7E7D4F88C202B6846
:1045C0009542C4F8883008BFC4F88C30D4F8A030C5
:1045D00043F00203C4F8A030EB6823F0040343F077
:1045E0000103EB606B6888F31188BFF36F8F284677
:1045F0009847EFF3118887F31288BFF36F8FEB684A
:10460000D80623F0010236D4EA60EB689A0716D583
:10461000306823F00203EB6088B10021036870B1B9
:104620004268954235D1036869BB72683360824243
:1046300000D17360002340F8083BFFF71DFFD4F85A
:10464000A03023F00203C4F8A03088F31188BFF330
:104650006F8FDB0589D400F0EDFB86E7D4F8A0303E
:10466000D9069BD5C4F8A00088F31188BFF36F8FDB
:1046700004B0BDE8F08123F01103EB6005F11000F8
:10468000FFF7FAFEC1E70B607368834208BF7160F1
:10469000D0E723B11A68014618461346BFE71A4609
:1046A000F9E700BF54990020489C002070B5C3680A
:1046B0000546C3F340069B070C460DD50122002199
:1046C00004F1080005F0E5FC00232360054B65605C
:1046D0005A681AB9C3E90044304670BD14605C6082
:1046E000FAE700BF54990020F8B5C36804469A075A
:1046F0000F46C3F340062CD45B071AD40B680BB9E2
:1047000083680B60E368DD0742BFA36802263B6055
:104710003D6858BF0126002D3AD01F4B9B68AB4225
:104720000AD0D5F8A030D807C3F3800214D46FF0B4
:10473000120600233B6025E005F0CAFDD5F8A03045
:104740000028F0D1D907C3F3C002F0D552B15B07FE
:1047500008D46FF00F06ECE7002AFAD1C3F3C003C8
:10476000002BF6D100232360D5F88C3063B9C5E95E
:104770002244284605F0B8FCE36843F00403E360F4
:104780003B68A3603046F8BD1C60C5F88C40F0E77C
:104790006FF01506CDE700BF34990020F8B5C36867
:1047A000064603F00503002B0C4614BF0127002723
:1047B0001CD085680122002104F1100005F069FC7D
:1047C0002046134905F0E8FCE36843F01003E3607A
:1047D000F3685B0712D5336823606BB9D5F88C306A
:1047E00033B9C5E92244284605F07EFC3846F8BDB9
:1047F0001C60C5F88C40F6E73460F4E7D5F88830E3
:104800002360D5F88C30C5F88840002BEBD1F0E759
:10481000C9A001000146014805F0DABCE092002081
:10482000F0B50446002089B0C4E922000E9D04F1D1
:104830009000C4E9240004F19800C4E926004DB3B7
:104840002879002840F2011008BF0120C4F8A00018
:1048500000204FF0FF364FF0FF37CDE90330CDE9B0
:104860000100CDE9066720460B4B009400F0F4F8F8
:1048700055B1296811B1204605F030FD6B791BB1A7
:10488000237B43F001032373204609B0BDE8F040C9
:1048900000F054BB0120D9E76145010030B50A465C
:1048A000044685B0EFF31185202383F31288BFF30C
:1048B0006F8FD0F8A03013F0060F1DD1B1B143F0C7
:1048C0000C03C4F8A030204605F00EFC00234FF086
:1048D000FF3202934FF0FF332946CDE900230C4805
:1048E00004F1980200F0E0FB05B030BDD0F888007C
:1048F00048B143F00403E4E743F00401C0F8A0101A
:10490000002AE0D0DBE785F31188BFF36F8FEBE778
:10491000489C002037B501900846EFF31184202110
:1049200081F31288BFF36F8FC16811F01E0F16D18B
:1049300053EA020508D101A9FFF7D6FE84F31188D6
:10494000BFF36F8F03B030BD41F00801C160019922
:1049500010308161034900F089FC0120EEE700205E
:10496000ECE700BF5DA1010001460148FFF7D2BF9F
:10497000E0920020F7B50C4616461D460190EFF375
:104980001187202383F31288BFF36F8F084605F049
:104990009CFB55EA060309D1204601A9FFF7A4FEB6
:1049A00087F31188BFF36F8F03B0F0BDE36804F1A4
:1049B000100043F00803E360019B3246A362034901
:1049C0002B4600F053FC0120EAE700BF5DA1010087
:1049D00001460148FFF7CEBFE09200202DE9F043E9
:1049E000984685B000F15803C0E91633109B0026A5
:1049F00003730423073222F0070543730F9B01EB77
:104A000005090F4683734946C0E906668660C6738A
:104A10000446F5F71BFD0E9B073020F00700E0660B
:104A2000C4E9197502930D9BA9EB000901930C9B36
:104A30004A460093394643462046F6F79DF8054B13
:104A400066659B6803B11B6F4846236705B0BDE8E8
:104A5000F08300BF34990020F0B5002587B005959C
:104A6000109DDDE9127604950F9D044603950E9D79
:104A700002950D9D01950C9D0095FFF7AFFFB6F1D6
:104A8000FF3F08BFB7F1FF3F05D056EA070305D146
:104A9000204600F053FA204607B0F0BD3A463346B0
:104AA000024904F1180000F0E1FBF4E7D5A301008E
:104AB0006FF00A01084A9368D967084998674B68FC
:104AC00043F080534B60002383F31188BFF36F8F53
:104AD0009368D86F704700BF3499002000ED00E064
:104AE00070B590F90D20437B002A39DBD90637D108
:104AF0008269002A34D11D4C63F07F032246437340
:104B000052F8183F93422CD1E169C0E900210860B6
:104B1000E06111E09942F8D01B68002BF5D090F9C4
:104B20000E5093F90E60B542F4D0AE42F2DD5968F2
:104B3000C0E9003108605860A569954200D005B908
:104B4000E568A3685A7BD20604D1DA897F2A01D9A5
:104B5000AA6942B1AB4202D0284600F0E5FA65618D
:104B600070BDE169D9E76361FAE700BF34990020BD
:104B700038B590F90D200146002A437B04DA03F092
:104B80007F03437305F0AFFB0D4D2A4652F8184FD3
:104B9000AB68944200D004B9EC688B4207D05A7BD2
:104BA000D20604D1DA897F2A01D9A2692AB1A342A7
:104BB00002D0204600F0B8FA23466B6138BD00BF32
:104BC0003499002070B590F90D200146002A437BEE
:104BD00004DA03F07F03437305F085FB1C4C4B7B29
:104BE000224663F07F034B7352F8183FE06993420B
:104BF00007D1C1E900200160E16111E09842F8D0DD
:104C00001B68002BF5D091F90E5093F90E60B54258
:104C1000F4D0AE42F2DD5868C1E90030016059605D
:104C2000A569A368954200D005B9E5688B4207D015
:104C30005A7BD20604D1DA897F2A01D9AA692AB11E
:104C4000AB4202D0284600F06FFA2B46636170BD7C
:104C500034990020F8B5124B0C46DDE90676114672
:104C60009868104A1060EFF31182202282F31288B4
:104C7000BFF36F8F9D68284605F047FBB6F1FF3FF5
:104C800008BFB7F1FF3F06D03A463346064905F163
:104C9000180000F0EBFA2046BDE8F840FFF708BF27
:104CA000349900205C990020D5A30100F8B5044692
:104CB000EFF31186202383F31288BFF36F8F437BBA
:104CC00049B2DA0617D18269AAB903F07F031D4DF4
:104CD000437305F008FB2A46437B817363F07F032F
:104CE000437352F8183F93422AD1E869C4E900207F
:104CF0000460EC6116E00020A17386F31188BFF315
:104D00006F8FF8BD8342F1D01B68002BEED093F972
:104D10000E70B942F6D08F42F4DD5968C4E9003113
:104D20000C605C60AC69944200D004B9EC68AB687C
:104D30009C4202D0204600F0F7F901206C61DCE7CC
:104D4000E869E2E73499002049B9EFF3058030B90A
:104D5000054B5A699B689A4201D0FFF7A9BE81F3BF
:104D60001188BFF36F8F704734990020034648B90C
:104D7000EFF3058232B9064A51699268914201D037
:104D8000FFF796BE83F31188BFF36F8F704700BFA4
:104D900034990020EFF31181202383F31288BFF3AD
:104DA0006F8F054B9A68D37B013BD37381F31188D6
:104DB000BFF36F8F704700BF3499002070B5EFF3D9
:104DC0001186202383F31288BFF36F8F144DAB68D5
:104DD000DA7B0132DA732A4652F8184F944200D037
:104DE00004B9EC685A7BD20604D1DA897F2A01D94A
:104DF000A2692AB1A34202D0204600F095F92346C9
:104E00006B6186F31188BFF36F8FEFF3118020235E
:104E100083F31288BFF36F8FBDE87040FFF7A6BF22
:104E200034990020024B03F11802C3E906227047AF
:104E30003499002070B5EFF31186202383F3128894
:104E4000BFF36F8F1B4CA168E0690B68814214BFF0
:104E50001A46002249680B605960A368E1692AB9C3
:104E6000154AC3E900210B60E3610CE093F90E00E1
:104E700092F90E50A84218D0854216DD5168C3E958
:104E800000210B605360A5690B4B9D4200D005B912
:104E9000E568A3689D4202D0284600F045F96561A7
:104EA0003046BDE87040FFF703BE8A42D8D0126892
:104EB000D5E700BF349900204C99002050EA010347
:104EC0002DE9F04105460E4604D1FFF7B3FF00205F
:104ED000BDE8F081831C71F1FF3324DB05F024FB76
:104EE0002C18EFF31188202383F31288BFF36F8F00
:104EF0000F4F104BB8681860FFF73AFEB8680E49BC
:104F00002A463346183000F0B1F9BA684046537B60
:104F100043F004035373FFF7CBFD05F005FB201AA4
:104F200020EAE070D4E76FF00104241AD9E700BF4B
:104F3000349900205C990020D5A3010038B50446BF
:104F4000183005F0D0FAEFF31185202383F312888F
:104F5000BFF36F8F637B5A0704D485F31188BFF3C7
:104F60006F8F38BD23F0040320466373FFF7B8FD4D
:104F7000EFF30583002BF0D12946BDE83840014806
:104F8000FFF7E2BE489C0020014B9868704700BFC5
:104F9000349900202DE9F8430446EFF311872023CC
:104FA00083F31288BFF36F8F067B16F001060DD0D6
:104FB00087F31188BFF36F8F002383F31188BFF34A
:104FC0006F8F0423184602DFBDE8F883437B1A077E
:104FD00004D587F31188BFF36F8FF5E7D90943F044
:104FE000080252D14273A36813B1204605F083F939
:104FF00004F1180005F077FAA56D04F15808A845EA
:1050000011D04FF0000975B1284605F074F905F18B
:10501000180005F068FA2846C5F87C90FFF760FD97
:10502000A56DA845EFD11D4DAB689C4204D1EFF3AF
:105030000586003E18BF0126D5F81880184A90450D
:1050400002D0B8F1000F01D1D5F80C80434502D051
:10505000404600F069F8C5F8148056B140F20113DB
:10506000104EB38100233046C6E9193300F0C4FA6C
:10507000AE60AB689C42ACD1EFF30583002BA8D1A6
:105080003846BDE8F843FFF713BD03F07F0343F054
:105090000803437305F027F9A5E700BF3499002002
:1050A0004C99002088930020D3B5DDE90667089C61
:1050B000CDE90067FFF7CEFD1CB1034B9B685B6930
:1050C000236002B0D0BD00BF349900200122044B00
:1050D000C01A044BC0105843034B1A54704700BF0A
:1050E00010940020ABAAAAAA489C0020C3897F2B59
:1050F00012D80A4B1B6863B1094B90F90E201B684C
:105100009A4209DB437BDB0606D1064BC31A18BF64
:10511000012303F0010070470023FAE7649900209F
:1051200060990020D091002070B50E4B0E4C1E7C73
:10513000054606EB460304EBC304204605F0D3F90D
:1051400000220A4B28469A55FFF7D0FF48B1084B7A
:105150002046BDE870401A680649013AD31700F0AE
:1051600085B870BD3499002010940020489C002020
:1051700064990020CD50010038B5EFF3118520234C
:1051800083F31288BFF36F8F104B114A9C6810682D
:10519000A04206D1FFF7C8FF85F31188BFF36F8FD8
:1051A00038BD00211B7C11600A4AD35C002BF3D070
:1051B0002046FFF79BFF0028EED0637BDB0602D181
:1051C0002046FFF7FFFC2046E4E700BF34990020AB
:1051D0005C990020489C0020074808B5074A084908
:1051E000121A04F0DAFDBDE808400648064A0749ED
:1051F000121A04F0D2BD00BF00800020808600207B
:10520000CCDE01000080002000800020CCDE010008
:10521000024B1868984208BF00207047E8830020BE
:10522000034B1B680BB9FCF7EBBF0020704700BFB6
:105230006899002030B570B10B4B5B6898420AD07A
:10524000036843B1D3E90421D0E90445121941EBC5
:105250000501C3E90421D0E9003213605A6000233C
:10526000C0E9003330BD00BFE8830020B3F1FF3F49
:1052700008BFB2F1FF3FF8B504461D4616465AD0A6
:105280008160EFF31187202383F31288BFF36F8FC0
:10529000013275F1FF3321DA6FF001032B49D1E9B7
:1052A00000209B1A4FF0FF3262EB00009E1B60EB68
:1052B0000500012E70F1000301DA01260020C4E987
:1052C0000460FFF7A5FF224E84467068BCF1000F12
:1052D0000DD1C4E90060046074601CE0FFF7A0FF1A
:1052E000013645F10005361845EBE070E7E7DCE9EB
:1052F0000425D4E90431934271EB050E1CDAD21A6D
:10530000DCF8043065EB0105CCE90425C4E900C3F1
:105310001C60CCF80440FFF77BFF844207D10D4BA3
:105320001C6824B905F0C6F82146FCF73BFF87F35B
:105330001188BFF36F8FF8BD9B1A61EB050184459F
:10534000C4E90431C5D0DCF800C0BFE728940020D0
:10535000E8830020689900202DE9F047EFF31185DC
:10536000202383F31288BFF36F8FDFF8A09000260D
:10537000C9F800000027FFF74BFFDFF89480D9F849
:105380000030D8E900ECD91750B1D0E90442A3426B
:1053900071EB020A1ADAE41A62EB0102C0E9044274
:1053A000002413EB0E034CEB0101C8E90031C9F8EE
:1053B000004005F07FF82146FCF7F4FE85F31188E4
:1053C000BFF36F8FBDE8F047FFF7D6BE14EB0E02B8
:1053D0004CEBE473C0E90467C8E90023FFF72AFF38
:1053E00085F31188BFF36F8F83689847EFF31185BA
:1053F000202383F31288BFF36F8FD9F800301B1B73
:10540000C9F80030FFF704FFB9E700BF6899002032
:105410002894002010B5EFF31184202383F3128821
:10542000BFF36F8FFFF7FCFE0346054AD2E9000188
:10543000181841EBE37184F31188BFF36F8F10BD2F
:1054400028940020F8B50446EFF31187202383F356
:105450001288BFF36F8F026822B187F31188BFF300
:105460006F8FF8BDD0E90A36581C46F100010228BA
:1054700071F1000127D3012B76F10001BCBF01239C
:1054800016465D1E46F1FF3605F052F8013041F137
:105490000001401946EB0101012871F1000139DBDF
:1054A00005F046F8013041F100016FF001024019AA
:1054B00046EB01034FF0FF31121A61EB0303204664
:1054C0001749FFF7D3FE236B01332363236A6BB1C4
:1054D00087F31188BFF36F8F2046236A9847EFF355
:1054E0001187202383F31288BFF36F8F54F8185F5E
:1054F000A542B2D0002DB0D0284604F03DFF0023D5
:10550000EB6787F31188BFF36F8F2846BDE8F8403B
:1055100004F023BF6FF001024FF0FF33CFE700BF6D
:10552000455401002DE9F04105461C4690461F46B2
:10553000EFF31186202383F31288BFF36F8FB4F14A
:10554000FF3F08BFB2F1FF3F05D186F31188BFF3DB
:105550006F8FBDE8F081531C74F1FF3309DB012A22
:1055600074F10003BCBF0122002412F1FF3844F1A2
:10557000FF37284604F0B7FFDDE906010023C5E93F
:105580000A012B6342463B4628460249FFF76EFE5E
:10559000DBE700BF4554010038B50346EFF3118542
:1055A000202282F31288BFF36F8FC16001218160D6
:1055B0000068834206D185F31188BFF36F8F002402
:1055C000204638BDD0E9003213605A600023C0E99C
:1055D000003305F01CF8294604460248FFF7B4FBE7
:1055E000EEE700BF499C00200A460146014805F04D
:1055F0006EB800BFB0840020014B0367704700BF46
:10560000B084002038B504460D4604F061FE20B990
:10561000064B9B681B6F0BB938BD054B2A462146CC
:105620001846BDE8384005F052B800BF3499002054
:10563000B084002001680E4A0346914215D1C16929
:10564000A2F11022A2F1EF1291420ED18268012A3A
:105650000BD8C26812B101698A4206D0586928B1D4
:105660009B691B1A5842584170470120704700BF80
:1056700055AA00FF70B50D4B9E68A6B13046FFF7E6
:10568000D9FF044678B9F3686BB935690DB920467E
:1056900070BD2846FFF7CEFF28B9EB68B34202D1B0
:1056A0002E462D69F2E70124F1E700BF6C99002036
:1056B000F8B5384D2B68EE68D3B1AB68C3B100289C
:1056C00060D000295ED001FB00F4B4FBF0F088420A
:1056D00058D1211D56D8A2070CD024F00302043261
:1056E000334603E0586890424ED29B69002BF9D1B3
:1056F0001846F8BD2246F3E7801A232803F1200656
:105700001CD801229A60D3E90512A9B18A619A696D
:105710000AB1596951610022C3E905222B69DB07EF
:1057200003D5FFF7A7FF002831D1224600213046DC
:1057300004F0F8FF0346DBE7EA60E8E702F1200C3B
:1057400003EB0C012038C1E90107CB601869124F47
:10575000086143F80C70A7F11027A7F1EF17CF618C
:1057600000B1C160586948619F698F6140B1816132
:10577000886900B1416101201961C3E90120CAE7CC
:10578000E960F5E70023B3E79F68002FB4D001205C
:1057900000F0B6F86C99002055AA00FF70B50546D8
:1057A000002840D03B4E3368002B3CD0B268002A22
:1057B00039D0834203D872681344984202D301203F
:1057C00000F09EF8A0F120042046FFF733FF0028E8
:1057D000F5D155F8183C012BF1D155F8143C45F89A
:1057E000180C0BB39A68FAB955F81C2C02F1200179
:1057F0005A680A445A6055E905321A6155F8145C32
:105800002B6903B1DD6020220021204604F08AFFCD
:10581000286908B183684BB333699B0703D5FFF749
:1058200029FF0028CBD170BD55F8100C00282AD0D4
:10583000836843BB42686368134420336360036931
:105840002361D4E905239AB9CBB9436963618269BD
:10585000A261B3B19C61A36903B15C61236903B127
:10586000DC602022002104F05DFFD5E72C46E1E753
:105870009361A369002BE8D062695A61E5E7F360A0
:10588000F7E7F460E7E7F36845F8083C03B15C61CB
:10589000F460C1E76C99002038B50C461422002151
:1058A0000546134804F03EFF12491348FCF7B2FCCA
:1058B000232C1CD915F003031FBF043CE418C3F1CB
:1058C0000403ED1822460021284604F02BFF084B64
:1058D0000A49C3E90054203C9D606C609A681160DD
:1058E0009A68A1F11021A1F1EF11D161DA6038BD00
:1058F0006C9900209D570100B156010055AA00FF88
:1059000008B5054B044613B10021AFF3008000F049
:10591000ABFA2046F5F7BEFB00000000F8B50E4BD1
:1059200006461D68AB789B0712D56F6816F8014BC9
:1059300029462CB90A20B847002805DB204609E093
:105940002046B8470028F1DAAB7843F00403AB7087
:105950004FF0FF30F8BD00BF80B001000CB430B58F
:1059600089B005460C461C22002101A804F0DAFE8D
:10597000022305958DF806300D4B029323462CB17A
:10598000B4F1004F28BF4FF00043013B1D440DAA66
:105990000C9901A80695009200F00CF814B1059B33
:1059A00000221A7009B0BDE8304002B0704700BF55
:1059B0005DA801002DE9F04F43688DB01546804683
:1059C000029383789A0740F10D8100240E78002E0F
:1059D00000F00A81252E0BD04B1C03930134414665
:1059E0003046029B98470028C0F2F6800399EDE705
:1059F0004E788B1C252E0393F0D00027B946BB466A
:105A0000BBF11F0F38D8A6F12003102B0AD8DFE80E
:105A100003F02A0909300909092109090928092D72
:105A200009091F00A6F13003092B33D92A2E37D1DB
:105A30001BF0400F55F8043B40F08280002BA7BFBD
:105A40004BF0200B9946C3F100094BF0280B01E005
:105A50004BF0010B039B13F8016B0393002ECFD186
:105A600030E04BF0020B4BF0040BF3E74BF0080B6C
:105A7000F0E74BF0100BEDE7BBF17F0F19D8A6F163
:105A80003003092BD2D81BF0400F03D00A2101FBB1
:105A90000737DFE70A214BF0200B01FB0939D9E773
:105AA0002E2E06D11BF0400F40F09E804BF0400B95
:105AB000D0E76C2E31D02BD8682E36D06A2E3CD051
:105AC0004C2E3AD0002F46F02003B8BF2BF04002F6
:105AD000A3F16501BCBF00271FFA82FB022901D98F
:105AE000612B2FD107350727DFF8ACA225F007057A
:105AF00008351BF0080F66D00AEB070B56465E45CB
:105B000063D1A4EB0A0AA9EB070906EB0A026FE1CD
:105B1000742E9FD07A2E9DD0D4E71BF0800F18BF33
:105B20004BF4007B4BF0800B94E71BF4807F18BF95
:105B30004BF4007B4BF4807B8CE74BF4207B89E7B4
:105B40001F4687E7A6F16301122900F2F080DFE823
:105B500011F013004F00EE00EE00EE00EE004F00DB
:105B6000EE00EE00EE00EE00EE00FE00E900EE00BA
:105B7000EE001B00EE00AF0055F8043B01270DF1CD
:105B8000180A8DF81830B4E755F804AB834BBAF116
:105B9000000F08BF9A461BF0400F504614BF39460D
:105BA0004FF0FF3104F0F8FD0746A2E74146202000
:105BB000029B984700280FDB013EB742F6D34C44C6
:105BC000B146A41B98E74E46F7E7414616F8010B8D
:105BD000029B9847002892DA98F8023043F00403B9
:105BE00088F802304FF0FF3420460DB0BDE8F08F4A
:105BF0001BF0800F34D01BF4007F2CD0073525F02C
:105C00000705AA4669685AF8080B2BF01005002909
:105C1000ADB237DA404245F4806561EB41010DF1E8
:105C2000180B0A235A4604F0C3FDA0EB0B030193A3
:105C30006B0662D5019B25F001019F4289B240F3BA
:105C4000A180002E00F0998015F0100240F09C8099
:105C5000BB460D4623E0AA465AF8040BC117D4E709
:105C6000AA461BF4807F5AF8041B01D10846F5E7C9
:105C70001BF4007F19BF48B241F3C01108B241F3D1
:105C8000C031C2E750EA0103C9D11BF0400FC6D0B2
:105C9000002FC4D12BF01102BB46019795B240F200
:105CA000064115EA01021CBF0BF1010B00222CE09A
:105CB0002BF010020A231FFA82FB1BF0800C49D044
:105CC0001BF4007115BF0735AA4625F007055AF8E1
:105CD000040B1EBFAA4669685AF8080B50EA010572
:105CE00045D12BF016051BF0400FADB242D0002F6E
:105CF00040D12BF01702019795B215F0100248D051
:105D0000019B002E42D103F1010B29075AD4EB0766
:105D100006D5D9456FDDA9EB0B030199CB465F187A
:105D20005B4649E04BF0100B10237826C5E7782B33
:105D300004D1C6F1780343F01003BEE741462520A5
:105D4000029B98470028FFF647AF023447E6082336
:105D50000026B2E7AA461BF480715AF8040BBDD0A6
:105D60001BF400711ABFC0B2614680B2B6E72BF0D7
:105D7000060295B20DF1180B54E725F01105BB464C
:105D8000ADB28CE70D46B8E73B460D4603F1020B7A
:105D9000BBE7DDF804B082E7C4DE0100BDDE010030
:105DA000CDE9043241462020029B98470028FFF6A7
:105DB00013AF049B059A01339945F1DCA4EB0B0169
:105DC0009B46CC180AB341463020029B98470028D6
:105DD000FFF602AF8EB901342744391B019B99426B
:105DE00024DC1D4655BB019AA9EB0B0955462244FC
:105DF0001446914433E0019F92E702344146304615
:105E0000029B98470028E7DAE6E640F206410D4299
:105E1000E2D015F0020F04F10104414614BF2B201B
:105E2000202015F4806F18BF2D20E9E7414630206F
:105E3000029B013498470028CFDACDE606AB013D3E
:105E40004146585D029B98470028CBDAC4E641469C
:105E50002020029B013498470028FFF6BDAEA9EB35
:105E60000403002BF3DCC1E538B5074D074C641B78
:105E7000A41024B9064B0BB1AFF3008038BD013C30
:105E800055F824309847F4E70000000000000000B7
:105E900000000000704701F01CB9836800EBC101ED
:105EA000B3F5004F2CBF51F8220031F812007047B3
:105EB00000EBC1018068B0F5004F2CBF41F82230E3
:105EC00021F812307047012208B5FFF7E6FFD040F5
:105ED00008BD836800EBC101B3F5004F08D34B68E0
:105EE0001AB143F001034B60704723F00103FAE756
:105EF0004B881AB143F001034B80704723F0010334
:105F0000FAE753000122FFF7D3BF8368B3F5004FD0
:105F100034BF04230823C91A081AC0087047B0F513
:105F2000004F34BF04230823481C0833A0EBD300E0
:105F3000B0FA80F0C0F11F0070472DE9F04117461C
:105F400003220E460446FFF7A8FF8642054607F1E6
:105F500004080AD10122E368BA4023EA0203E3609D
:105F6000002344F82830BDE8F08131460222204663
:105F7000FFF793FF06462B4601460322204644F8CE
:105F80002850FFF795FF334629462046BDE8F041EB
:105F90000222FFF78DBF70B50D4686680446FFF7F5
:105FA00092FFB6F5004F014601D3012809D03046D3
:105FB000FFF7B5FF294602462046BDE87040FFF7CF
:105FC000BCBF70BD2DE9F04705468068FFF7A7FF0D
:105FD00005EB800ADAF8109088460646B9F1000F02
:105FE0001BD00327DAF8104028462146FFF76BFF45
:105FF000404507D3324621462846FFF79EFF2046FC
:10600000BDE8F087032221462846FFF746FF013FFF
:10601000CAF8100001D08145E4D14FF0FF34EB689D
:106020000136B4401C40EAD094FAA4F2B2FA82F2EB
:10603000131D55F82340DEE72DE9F04114460E46C6
:106040000546FFF740FFA4EB0608371B074442460E
:1060500031462846FFF755FF3A4621462846FFF7C6
:1060600050FF4346002221462846FFF721FF2146E4
:106070002846FFF728FF3B46211800222846BDE8A6
:10608000F041FFF715BF2DE9F041164604460F46D3
:10609000FFF719FF314605462046FFF714FF054478
:1060A0002A4639462046FFF72CFF31462046FFF7A7
:1060B0000AFF2B46311800222046BDE8F041FFF7C9
:1060C000F7BE2DE9F0410D4686680446FFF7FBFE5A
:1060D000B6F5004F014601D3012832D03046FFF714
:1060E0001EFF04EB80010E6996B90122E36882402D
:1060F0001343E36002220D612B4629462046FFF739
:10610000D7FE032229462046BDE8F041FFF7D0BE66
:10611000022231462046FFF7C0FE074603462946C5
:106120002046FFF7C5FE0322334629462046FFF7E7
:10613000BFFE39462B462046FFF7BAFE0222314603
:10614000E1E7BDE8F081F8B50C460546FFF7BBFE78
:106150002618012231462846FFF79FFEC3070CD4BC
:1061600031462846FFF717FF21462846FFF7ABFECA
:10617000214622182846FFF786FF0022214628469E
:10618000FFF78BFE271A012239462846FFF785FEC6
:1061900010EA020613D139462846FFF7FCFE2146D5
:1061A00032462846FFF779FE2246211A2846FFF795
:1061B0006AFF214632462846FFF76FFE241A214621
:1061C0002846BDE8F840FFF77CBF38B571B10568D7
:1061D00000222846FFF799FE044601462846FFF7AD
:1061E00078FE2146BDE83840FFF7ADBF38BD70B539
:1061F000066809B9002070BDB368B3EBD10FF9D9B7
:10620000B3F5004F34BF04230823CC1D1C44E4081D
:1062100021463046FFF7D6FE05460028EAD0014663
:106220003046FFF750FEA04209D92C44294630469B
:106230002246FFF701FF21463046FFF742FF304676
:1062400001222946FFF745FEB368B3F5004F34BF7E
:106250000423082303EBC5031844CCE72DE9F843D6
:1062600006681446B26801F1FF39B2F5004F34BF39
:106270000423082319EA01090F460BD0494239408B
:106280008B424F4628BF0B46894654B90025284605
:10629000BDE8F8839942F8D82146BDE8F843FFF7F6
:1062A000A6BFB2EBD40FF1D9B2F5004F34BF042230
:1062B0000822E11D3944C91A11443046C908FFF7C4
:1062C00081FE80460028E1D0B36809EBC005B3F534
:1062D000004F34BF042308231D4435447B1E1D4456
:1062E000B5FBF7F57D43A5EB090529463046FFF7D9
:1062F0000CFE2C44073424F00704A41B80450746F9
:106300004FEAE40408D2024641463046FFF794FEC5
:1063100041463046FFF7D5FE39463046FFF7D3FDFC
:106320003844844208D2394630462246FFF784FE7C
:1063300021463046FFF7C5FE012239463046FFF7B9
:10634000C8FDA4E7B2F5802F2CBF082304232DE954
:10635000F0410026D21A8C18CD1D25F0070524F037
:106360000704641BE408056021462046AC60EE602B
:10637000FFF7D5FD421D9200013002F107074FEAF9
:10638000D7073146A2F1100205F11000B8BF32461E
:1063900004F0C8F93A4631462846FFF7B2FD3346C5
:1063A000324631462846FFF783FDA4EB070828460E
:1063B00031460122FFF78DFD42463946FFF7A1FD28
:1063C0003B46324639462846FFF772FD21462846AD
:1063D000FFF797FD4346324621462846FFF768FD02
:1063E000214628460122FFF774FD3946BDE8F041F9
:1063F000FFF767BE2DE9F04706460D46174698465B
:106400002BB34FF0000A98F8004093F80190DB7826
:10641000A40004EB430498F802301C444444CA45E9
:1064200009D339463046AC46D8F8042008F10803B1
:10643000BDE8F047604714F8013B0AF1010A204625
:1064400048F82340F1F7B4FE01300444E7E76FF069
:106450001500BDE8F08770B50025024628461446B1
:1064600014F8013B0BB9184609E098B18D4207D1E9
:10647000702B04D0A3F140023A2A0BD8002070BD43
:10648000A3F140063A2E05D853780135941C002B11
:10649000E9D00020252B224608BF80F00100DEE76E
:1064A0000020704700F093BD0FB407B504A951F860
:1064B000040B019100F08BFD03B05DF804EB04B018
:1064C00070470FB407B504A951F8040B0191FFF709
:1064D000E9FF03B05DF804EB04B0704710B5036941
:1064E000024613F0080009D11368D4689C429BBF90
:1064F0000120126AE31AD31A0B6010BD002318465C
:10650000FAE713B501A90446FFF7E8FF20B1019BA4
:10651000E268013B13440193206A019BC01A0138D1
:1065200002B010BD10B5044650182269236AD20784
:1065300002D5013B184010BD984228BFC01AFAE7A7
:1065400010B504460A46C168FFF7ECFF2369E06016
:1065500023F00803236110BD38B50D46C2698B00D6
:10656000016843F00203044642F8213001682A46DC
:10657000FFF7D8FFE3686168984208BF236920608D
:1065800008BF43F008032A46204608BF2361FFF7EF
:10659000C9FF606038BD2DE9F74FC768C6699B46E3
:1065A00016F82730044603F00303022B8846914671
:1065B0004FF0000306EB870A09D01360CBF80030D8
:1065C0002369990710D4002003B0BDE8F08F56F876
:1065D000271013608908CBF80030F1D0FFF7B0FF27
:1065E000E368A3600120EFE7A3695046984716F8D7
:1065F00027300546DA07E6D513F002031DD0B8F1BF
:10660000000F03D041462046FFF7A6FF61682A46E7
:106610002046FFF787FFD4E902319942606004D138
:106620002A462046FFF77EFFA060A3682360E36050
:10663000236943F008032361D4E701462046019310
:10664000FFF77EFFE268A260B8F1000F04D0216876
:10665000E269019B42F8213005EB0802CBF80020EB
:1066600021682046FFF75EFF2369206043F008039E
:10667000236116F827306FF3000306F82730C9F8B6
:1066800000A0AFE770B504461546FFF74BFF23683F
:10669000834205D12369216023F00803236170BD83
:1066A000E269AB0043F0020342F8213061682A46F8
:1066B0002046FFF737FF6060F1E738B5036904460D
:1066C0005B0706D5456AFFF71CFF85422CBF656254
:1066D000606238BD38B50D4604461C22002104F026
:1066E00021F80022EB68A361AB6863612B68E3616A
:1066F0006B68626223622A6923B1591E194208BF7E
:1067000042F001022261012204F128000021BDE8CB
:10671000384003F0BEBC2DE9F04F002587B0009350
:10672000036A04468B420E469246A9460395059598
:1067300039D3EFF3118B202383F31288BFF36F8FCC
:10674000059AD8462AB129462046FFF79BFF002329
:10675000059304A92046FFF7C1FE04990746B142FC
:106760002AD32268E369204613F8221003EB82093A
:1067700021F0030103F8221021683246FFF7D2FE10
:10678000E3682060984212D0002788F31188BFF395
:106790006F8F039929B162690AB12046904700239F
:1067A0000393002FC5D1484607B0BDE8F08F236999
:1067B00043F008032361E7E718B12046FFF7CCFE5A
:1067C000E3E7009B5AEA03021CD0019103F080FD2D
:1067D0000199B8B9BBF1000F14D187F31188BFF349
:1067E0006F8F5246009B04F12800FDF779FEEFF30E
:1067F0001188202383F31288BFF36F8FB0FA80F7DC
:106800007F09C2E7204605AB03AA2568FFF7C3FE50
:106810000746BAE770B50446836908460D469847AF
:106820000246EFF31186202383F31288BFF36F8FA4
:106830002B78204643F001032B706168FFF772FE4E
:1068400060602046FFF739FF86F31188BFF36F8F32
:1068500070BD2DE9F04104462027EFF3118687F340
:106860001288BFF36F8F236913F0080FA36802D15A
:106870006268934200D9226AD21AE16932B986F37A
:106880001188BFF36F8F4FF0000833E011F8232019
:1068900001EB830812F00300F1D0022803D151F874
:1068A0002350AD0805D1D00712D44046A3699847BC
:1068B0000546A1682A462046FFF734FE2946A06017
:1068C0002046FFF73DFE86F31188BFF36F8FC4E7C4
:1068D00042F0020201F82320A3694046A5689847C8
:1068E000294602462046FFF71DFEA06086F3118868
:1068F000BFF36F8F4046BDE8F081F8B50446836969
:1069000008460D4698470646EFF31187202383F388
:106910001288BFF36F8F2B786FF300032B702369FE
:106920009B0705D5E268E36903EB82039D421AD118
:106930002B786FF341032B70D4E90231994204D1D3
:1069400032462046FFF7EEFDA06031462046FFF7B5
:10695000F7FD87F31188BFF36F8F04F12800BDE8BE
:10696000F840FDF789BD2B6860F39F032B60F0E7CB
:10697000EFF31181202383F31288BFF36F8F036934
:1069800013F0080F836802D14268934200D9026A6B
:10699000D31A81F31188BFF36F8F181E18BF01201F
:1069A0007047038B13F0070305D10368002B0CBF5E
:1069B000002003207047022B05D1408BB0FA80F0F5
:1069C000400980007047012B05D10368002B0CBFE4
:1069D0000020052070470020704710B50C4600B11C
:1069E00011B96FF0150010BD081D00F0B7F80028B0
:1069F000F9D1A368032BF6D9F3E72DE9F0410D4651
:106A000007461946281D90461E4600F0BBF804466E
:106A100038B13346424629463846A446BDE8F041DF
:106A20006047BDE8F08110B4EFF31182202484F3B5
:106A30001288BFF36F8F416110BC0121F2F752BA87
:106A400038B50C46054658B151B10B6843B14B6897
:106A500033B11C22002103F065FE00202C6138BDFB
:106A60006FF01500FBE770B505460E46FFF7B5FF62
:106A7000041E14DBEFF31182202383F31288BFF38B
:106A80006F8F4FF6FF716B8B2C8B8B4204F00704DA
:106A900007D182F31188BFF36F8F6FF00A0420468D
:106AA00070BD022C0CD101336B8382F31188BFF3CC
:106AB0006F8F0023224631462846FFF79EFFEEE700
:106AC000062C14D8DFE804F004131313041A04008E
:106AD000002333606B683BB9C5E90066ACB902219D
:106AE0002846F2F7FFF9DAE71E606E60F6E782F3F8
:106AF0001188BFF36F8F6FF00404D0E782F3118821
:106B0000BFF36F8F6FF08504C9E782F31188BFF37D
:106B10006F8FC4E710B5EFF31182202383F312883F
:106B2000BFF36F8F048B04F00704022C0AD0012CF2
:106B30000CBF6FF004006FF0850082F31188BFF383
:106B40006F8F08E0438B013B9BB2438323B92146FF
:106B5000F2F7C8F9204610BD2046EEE7034640B1E3
:106B6000426802F00302022A06D0032A04D0012A56
:106B700005D06FF0150070471A68002AF9D0002080
:106B80009860704710B54268034602F00302022A7B
:106B90004FF00004816007D0032A02D05C6000201F
:106BA00001E018685C6010BD18685C600028F6D0D1
:106BB000FEF7F2FCF3E770470A46012100F080BAC5
:106BC0000369D3F8800370476FF08500704708466B
:106BD00008B5114618B102F06FFD002008BD6FF036
:106BE0000100FBE7084608B5114618B102F05BFD4D
:106BF000002008BD6FF00100FBE713B5044608460E
:106C0000216901F55F71D1E8AF1F022909D15BB19C
:106C100068B100931346D0E90912FCF797FE02B061
:106C200010BD6FF00F00FAE76FF04C00F7E76FF060
:106C30000100F4E72DE9F8431C46DDE90853164648
:106C400098460F46006939B34AB344B36A1C43F10E
:106C50000003022A73F1000324D2226842B1D0F863
:106C600080339A4204D96FF00B002360BDE8F883AB
:106C700005EA080909F101035A425A4121463846FA
:106C800002F023FD88B9B8F1FF3F08BFB5F1FF3F1F
:106C9000F0D06FF06800E9E76FF00100E6E76FF011
:106CA0001500E3E76FF08500E0E730600020DDE7E6
:106CB00002F070BD38B50D46044600F14801284683
:106CC000F1F764FA30B1284604F1C001F1F75EFA39
:106CD00020B90120782303FB004038BD0020FCE7E9
:106CE00002F5307102F5347003F072BAD0F8B830A2
:106CF000A0F53070003B18BF012300EB8300D0F8F3
:106D0000AC0202F071BCC86828B1096983681B68CD
:106D10000BB1002218477047FDF72CBBD0E8EF3FBE
:106D2000C0E8E21F002AF9D1704710B54368046932
:106D30001B68C4F8783304F5EC7003F0FAF800210E
:106D400004F55F70FFF7EAFF084610BD2DE9F74331
:106D500017460D4691B30B7883B3D0F8C440A4F521
:106D6000E27914344FF0FF324FF0FF332046FDF745
:106D700089FA2A46484601A9F2F7AAFA019E8046F6
:106D80002EB9204603B0BDE8F043FFF7C5BF58B1A8
:106D90002046FFF7C1FF3B462A463146484603B02E
:106DA000BDE8F043F2F772BA1F22294606F1480007
:106DB00003F0E2FC86F86780B766E2E703B0BDE85F
:106DC000F083030103EB4003093323F0030303EBD8
:106DD000C00348430330083320F003001844400048
:106DE00070472DE9F84306464FF001090569D0F8D0
:106DF000048005F55F77D7E8EF3F022B03D1C7E8A2
:106E0000E29F002AF7D141D195F86C30002B40D198
:106E100095F8E430002B3CD12846D5F8781300F0E3
:106E200054F8044680BB73683669D3E9050183686A
:106E30001B693BB322469847044628BB06F53476C7
:106E400049463046FDF72AFD304605F5F876F3F75A
:106E5000D1FD3046D8F8001000F072F8044698B919
:106E60000146D022304603F05DFC21464FF4F67215
:106E7000284603F057FC21463846FFF74FFF2046CF
:106E8000BDE8F8836FF057040221F5E76FF077044F
:106E9000F5E76FF00F04F2E710B50846029B1146C4
:106EA00052B993F86C202AB90122184683F86C2055
:106EB000F2F7FAFA002010BD1A6F5468002CF9D0CE
:106EC0005A6FA047F6E702F065BC38B50D46044698
:106ED00060B1F03002F0FDFE0DB1002038BDC4F805
:106EE000C451C4F8C851C4F8CC51F6E76FF015008E
:106EF000F4E70268D2F8C83013B1D2F8C4101847CA
:106F00007047704783690BB9C36B197070470120D4
:106F100070478369012B03D1C36B1878C0B27047E7
:106F20000420704738B5C41DE400204603F0E9FB97
:106F3000054618B12246002103F0F4FB284638BD6F
:106F400038B504463822002103F0ECFB182200215A
:106F500004F1A40003F0E6FB1822002104F18C00E8
:106F600003F0E0FBD4F8C000FCF7A2FCD4F8BC00AE
:106F7000FCF79EFCD4F8803004F154050BB1284690
:106F8000984738220021284603F0CCFBFCF7F4FB9D
:106F9000002038BD03785B075FBF03684288C3F3F6
:106FA0004A2303EB12105DBF173020F00700800862
:106FB000002070470020704701F040BF0346D3E82F
:106FC000EF0F421CC3E8E12F0029F8D170471FB52D
:106FD0000023CDE902011A4619461846CDE90033CF
:106FE000F2F73EFF05B05DF804FB0120F2F7EEBCBE
:106FF0000020704770B5D2E901369B1B8B420C46CE
:1070000015460AD313680A460146981903F07DFB1A
:107010002046AB682344AB6070BD6FF01B00FBE7FC
:1070200070B50E4615461946044618B9BDE87040BD
:10703000F2F7CCBC33B1C2F34A231030120D18441E
:1070400003F063FBC4E900562046BDE87040F2F748
:107050004FBE2DE9F3415F1C4FEA8708064608F151
:10706000170020F0070080080C461546F2F71AFDBD
:1070700000238DF80470ADF805308DF8073068B145
:107080000346019AA8F1040143F8102F2A46294427
:1070900052F8045B8A4243F8045FF9D10023314679
:1070A000A20102F4E07242EA482222F07F4222F476
:1070B000700222F03F0202B0BDE8F041FFF7B0BF1E
:1070C00007B50123019201AAFFF7C3FF03B05DF8E2
:1070D00004FB07B5CDE9002302236A46FFF7B9FF99
:1070E00003B05DF804FB1FB5CDE90123069B01AA9F
:1070F00003930323FFF7ADFF05B05DF804FBF8B57C
:1071000006460D4614461F4604B9F8BD21462846DA
:107110003A46B047241A0544F6E710B542680446DB
:10712000D2E9002381680068FFF7E9FF0022636865
:107130001A6010BD38B54B6805461A68CB680C4616
:107140009A4202D10846FFF7E8FF6368D3E8EF2FC1
:10715000511CC3E8E01F0028F8D1A36800209D540B
:1071600038BD0A2838B504460D4602D10D20FFF778
:10717000E1FF29462046FFF7DDFF002038BD2DE95D
:10718000F043054687B008460E8891F800900C46FB
:10719000D1F808801746F2F7B3FE011EC6F3821637
:1071A000C9F3C2091EDB4846F2F7B4FD0346214687
:1071B00051F8102B6088C2F34A22002A01EB020426
:1071C00008BF00210022C0F30B10CDE90407CDE970
:1071D00002142846414601960092F2F7BDFE07B020
:1071E000BDE8F0830023E2E7436800201B685B688A
:1071F0009961704743681B681A685268536070470A
:1072000001212DE9F04143681B685A6811771D6818
:107210002F68D5E90136D3E900481CB96B681C60BA
:10722000BDE8F081214630464246B847241A06445C
:10723000F3E743681B681868F2F7F8BF70B5436856
:107240000C461D686B689869F2F79CFB2146034663
:107250000F222868BDE87040184701460068F3F720
:1072600095B808B5F3F7EEF8BDE80840F3F70EB9A6
:107270000A460121FFF724BF704770470021012013
:10728000F3F784B8436E83F30B88704761B662B638
:1072900080F31188BFF36F8F704708B572B6002373
:1072A00083F31188BFF36F8FF4F732F850B1BFF357
:1072B0004F8F30BF00BF00BF00BF00BF00BF00BF87
:1072C00000BF00BF62B6BFF36F8F08BD10B50446A4
:1072D00072B6002383F31188BFF36F8FF4F718F8A9
:1072E00050B1BFF34F8F20BF00BF00BF00BF00BF32
:1072F00000BF00BF00BF00BF84F31188BFF36F8FD2
:1073000062B610BD40E800F313F4803FD8B208BF66
:107310006FF01500704730B50C684B6885B00A896E
:107320004D890094013B24F01F04234402F01F0206
:1073300042EA451223F01F0369468DF808200393A3
:10734000F3F7B4FC05B030BD08B5D1E90431984776
:10735000002008BD08B5F3F7A5FE002008BD704762
:10736000002303824369C3607047416A8968F3F769
:1073700005BFEFF31182202383F31288BFF36F8FD1
:1073800000230B60436833B9C0E9001182F3118810
:10739000BFF36F8F704719604160F7E7034610B580
:1073A000EFF31181202282F31288BFF36F8F006800
:1073B00028B15C680268A0421A6008BF5A6081F375
:1073C0001188BFF36F8F10BD027A013202727047CD
:1073D000034618465B68002BFBD17047426810B526
:1073E0002AB10B461C465B68002BFBD162604160F2
:1073F00010BD10B5044620B908460B7A01330B7254
:1074000010BD034618465B68002BFBD1FFF7E6FF73
:107410002046F5E783680B440360704703680B6000
:1074200043684B6083688B607047838802681944A7
:107430008180D018704730B484880568A318838091
:10744000281930BC03F061B910B5838802685C1C50
:107450008480D154D01810BD034600689A88401A21
:1074600011441860998070470268531E0360838836
:107470000133838002F8011C704703468288521A48
:1074800082800068084418607047034600689A8844
:10749000521A01449A801960704710B5036802219E
:1074A0001C88FFF7EAFF204610BD02688068101AAA
:1074B00070478388C2888168D21A03685B1AD01A21
:1074C000704710B54FF04023012402222146C3F833
:1074D000D0262120C3F80447C3F80449C3F8004B61
:1074E00000F00EF82146202000F00AF821460B207B
:1074F00000F006F821460A2000F002F8002010BD36
:1075000007B501AA01F0E4FC03B05DF804FB10B577
:107510000C46017822788AB08A420FD06946F4F787
:107520002FF8204605A9F4F72BF810220DF11501CC
:107530000DF1010003F0FEF80AB010BD012A06D0DB
:10754000022A07D072B940886388C01AF4E74068FD
:107550006368FAE71022611C01300AB0BDE81040F0
:1075600003F0E8B86FF01500E6E7042A0AD0102A05
:107570000DD0022A4FF0000315D103700B88438011
:1075800001207047012303700B684360F8E7022372
:1075900000F8013B01F1100351F8042B994240F827
:1075A000042BF9D1ECE718467047012310B50621EA
:1075B000044600F8013BF6F733FA18B9A37963F0F3
:1075C0003F03A37110BD0B6803608B8883808B79A8
:1075D0008371037823F00203037070470078C0F3CF
:1075E0004000704708B5F4F761FEBDE80840082088
:1075F000F4F702B838B50446807AF3F795FD61696F
:10760000054649B1637ADB0704D4436A20461B6808
:107610009B6898470023636121462846BDE83840AF
:1076200002F029BD08B5FFF7E5FFBDE808400220DC
:10763000F3F7E2BF2DE9F04101F10C080C460546D5
:1076400000F10C01404617461E46FFF7E7FE404694
:10765000FFF72BFF012310FA87F068826B7239461F
:1076600040462F82FFF709FFE36828467360002336
:10767000628AE360728163823460BDE8F08138B56C
:107680000C46D1E900320546DA600B684A895A8215
:107690000868F3F7F1FD20461022002103F042F8BC
:1076A0002846BDE83840FFF7A5BF438A23B9C06824
:1076B000B0FA80F040097047002070470F2807D8C3
:1076C0000D280BD8052808BF032018BF02207047DB
:1076D000132803D01A2808BF0120F6E701207047BD
:1076E000FFF7EEBCFFF7F5BC034610B5D3E8EF0F8C
:1076F00040EA0102C3E8E42F002CF7D110BD0023BB
:10770000F2F72ABBD0E8EF3F0B40C0E8E23F002A87
:10771000F8D1704738B504460D46F4F7FFF85F30EE
:1077200005D129462046BDE83840F4F769B838BD90
:107730008176704710B503884288934219D8052B8B
:1077400017D9B2F5486F14D88388B3F5FA7F10D2F1
:1077500040F67644C088A0F10A0189B2A14208D857
:1077600001339BB25343B3EB800F34BF01200020A1
:1077700010BD0020FCE7002070470020704770B566
:1077800006460D4642F221000321F4F78BFB044626
:1077900018B9BDE87040F4F729B803210C30FFF7A1
:1077A00044FE068085702146BDE8704042F221000B
:1077B000F4F7FEBC70B506460D4640F206400321C4
:1077C000F4F770FB044668B103210C30FFF72DFE7F
:1077D000068085702146BDE87040002240F20640D8
:1077E000F4F77CBE6FF0680070BDC368187808B10C
:1077F000F4F754B81846F5F74FBA38B502210546E4
:1078000042F21600F4F74EFB044668B102210C3038
:10781000FFF70BFE2B88214603800022BDE838408D
:1078200042F21600F4F75ABE6FF0680038BD2DE939
:10783000F0478146884642F23200072117461E462D
:107840009DF820A0F4F72EFB0546A0B107210C30CF
:10785000FFF7EBFDB9F8003080F802800380C770B5
:107860000671A0F805A02946BDE8F047002242F2C3
:107870003200F4F733BE6FF06800BDE8F08708B55A
:1078800000200021F4F7BEFD18B1BDE80840F4F770
:1078900089BCBDE80840F6F7F7BC072208B502F03E
:1078A00049FFB0FA80F0400908BDFFF709BC002885
:1078B0000CBF08460020704718B111B10846F5F713
:1078C0006DBB6FF01500704713B5044680B10621FB
:1078D0006846F6F7A5F848B99DF80530694603F003
:1078E0003F0320468DF80530FFF7E6FF02B010BDDC
:1078F0006FF01500FAE7003818BF01207047034603
:1079000010F4004F0CBF07200620DA0348BF00F038
:1079100005009B0348BF00F0FB007047D0E8AF0FA5
:107920007047034610B5D3E8EF0F00EA0102C3E841
:10793000E42F002CF7D110BD012310B403FA01F19C
:10794000044642B1D4E8EF3F0B43C4E8E23F002ACB
:10795000F8D110BC7047C94310BCFFF7E2BF2DE956
:10796000F04F87B09DF8486005460C4690460021D0
:10797000102202A81F46DDF840909DF844A002F0B6
:10798000D1FECEB9CDE90248012242F2080002A997
:10799000F5F71EFD044658B9BAF1000F3AD110357B
:1079A000D5E8EF3F43F00403C5E8E23F002AF7D1F2
:1079B000204607B0BDE8F08FF4F7F0FB8346E4B94A
:1079C00037BB5846F0F7F4FB0923012ECDE901B48B
:1079D0008DF800308DF80100CDF80C80D4D1022252
:1079E000CDF810D00596D0E714F83320083A012AD4
:1079F00024D901339845F7D1E2E70023FAE717F8D5
:107A00003320083A012A19D901339945F7D1D8E72B
:107A10000023FAE70122022E08BF059242F2090074
:107A200008BF324602A908BFCDF810D0CDE90279CF
:107A3000F5F7CEFC0028B2D00446B9E76FF0150484
:107A4000B6E7436813F008000AD05A0307D403F4DA
:107A5000C063B3F5806F14BF02200120704701207E
:107A6000704770B506460D4642F20A00012186B005
:107A7000F4F718FA0446B0B10C3095B10121FFF7C4
:107A8000E3FC204606F1100203A907230095F4F752
:107A9000F7F90022214642F20A00F4F71FFD06B072
:107AA00070BD2946EBE76FF06800F8E7183002F088
:107AB000CCBBD0F8B000003818BF01207047084692
:107AC000896918301160426800211A6010F80D2C85
:107AD00002F028BED0E8AF0F704773B504460D46DC
:107AE000CDE9003222B96B46D0F8A86001AAB047B0
:107AF0002846F3F7C1FB019B23B16FF06D022046CE
:107B00000099984702B070BD2438F6F727B80022D4
:107B100003680BB9184670478B4210D10B6842B905
:107B200042680360914200D14360002301200B6052
:107B3000704713604368994208BF4260F5E71A46F0
:107B40001B68E6E7837A072B01D1F6F737B8704751
:107B500010B50446006918B1F3F78EFB00232361CA
:107B600010BD034610B500F1C8021046FFF7B2FF82
:107B700060B1411CD2E8EF4F844204D1C2E8EC1F4F
:107B8000BCF1000FF6D1F0D1184610BD0346FBE75B
:107B90002DE9F84307460E46904600244FF0D009E1
:107BA000B44203D100231846BDE8F88309FB0470F2
:107BB000FFF7D7FF034658B1857A012D02D0073D64
:107BC000012D03D81A884245EDD01846F6F7C2F9C0
:107BD0000134E5E710B5837A0446023B062B16D83C
:107BE000DFE803F009041515150B090041720021A7
:107BF0002046F6F7D5F9002010BD0088FFF7DAFD22
:107C00000028F9D1A37A072BF5D10821F0E76FF00E
:107C10007F00F1E738B5037A04468B42154615D14B
:107C200000F170010722284602F084FD80B1E3785C
:107C3000072243B904F17E01284602F07BFDB0FA29
:107C400080F0400938BD04F17701F5E70020F9E73D
:107C50000120F7E770307047F8B507460D4642F24D
:107C600013000E21F4F71EF90646D0B10E210C3098
:107C7000FFF7DBFB04460E22002102F053FD3B8898
:107C8000314623802B88002263806B8842F21300E8
:107C9000A380AB88E380EB882381BDE8F840F4F74C
:107CA0001DBC6FF06800F8BD70477047012210B42A
:107CB00000F14C03D3E8EF1FC3E8E42F002CF9D107
:107CC00041B9034653F8482B8164D2F8B41029B95E
:107CD000C2E92C33006810BCF6F79AB80B60C2F802
:107CE000B430F7E710B50368D3F8B02042B1D3F849
:107CF000B4401168A242C3F8B01008BFC3F8B41072
:107D000000234C30D0E8EF2FC0E8E13F0029F9D143
:107D100010BD70B50446D0E900352BB30021D3F86F
:107D2000B02048306AB1904230D1A26C31BBD3F858
:107D3000B410C3F8B020884201D1C3F8B4200023A6
:107D4000A364002204F14C03D3E8EF1FC3E8E02F43
:107D50000028F9D104F13006236BD3B96B680BB15D
:107D60002046984700232360E3680BB120469847DC
:107D70002B6AB3B12046BDE8704018470A60D3F8BB
:107D8000B420904208BFC3F8B410D8E71146126877
:107D9000C8E7002200233046FCF73CFBF3F76CFAFF
:107DA000DAE770BD38B5406B30B150F8084904B11E
:107DB000083CFFF7AEFF04B938BDA5682DB12046D9
:107DC000083DFFF7A6FF2C46F7E72046BDE8384000
:107DD000FFF79FBFF8B50F46002105461646002362
:107DE0004FF480320846F6F7FFFD044620B92846D6
:107DF000BDE8F840F6F778BD04210C30FFF715FB1D
:107E00000570477046802046F8BD406B28B1838BD3
:107E100008388B4201D08068F8E7704710B54AB93E
:107E200089B2FFF7F2FF28B143689B6913B1BDE83F
:107E30001040184710BD38B50D460521FFF7E5FF86
:107E4000002329461A46F6F7E7FD044610B12846F6
:107E5000F3F712FA204638BD406B28B18389083801
:107E60008B4201D08068F8E770477047034600688E
:107E700028B15968026888421A6008BF5A60704782
:107E80000346002003B970471A8A5B681044F9E77B
:107E900010B5D4680231237813B92170012010BDC8
:107EA0008B42FBD0038A023B038200201061F6E77D
:107EB00006207047FFF704B973B51446014605461E
:107EC0004FF49572206800F0B2FD207500BB237A54
:107ED0002068ABB1A3F11802534253419B000193B8
:107EE000638A29460093AE68238AE268B047002877
:107EF00008DB238A98420ED100230120237508E075
:107F00000223ECE710F1FF0F05D34042C0B2207509
:107F1000002002B070BD0E20F9E71FB5CDE90123A6
:107F200000231A460093F8F7DFF905B05DF804FB6B
:107F3000F8B5936805460F461446166863B950684D
:107F400001210C30FFF771FAA0602B681B78002B21
:107F500014BF022301230370A3681B78012B03D0F5
:107F6000022B1FD000201CE02B681B78002BF9D1BE
:107F7000606804210C30FFF758FAE06007802A6837
:107F8000E36852885A806168728D738B088A9A42BE
:107F900094BFC0EB0200C0EB0300042894BF002094
:107FA0000120F8BD2B681B78022BDBD16068122101
:107FB0000C30FFF73AFAE06007802B68E268591C42
:107FC0000232113351F8040B994242F8040BF9D1F3
:107FD0006168728D738B088A9A4294BFC0EB02006D
:107FE000C0EB03001228D9E770B405686A6A52B37F
:107FF000136803B1A83BA2F1A8040022114600E0D7
:10800000A83B844207D0668D648BB14238BF3146AD
:10801000A24238BF22461C462BB1D3F8A830002B11
:10802000EED18442EFD1438D408B8B4201D89042F8
:108030000BD9824238BF02469942286838BF194698
:1080400070BCF8F785BD1146EDE770BC7047D0688D
:108050000431037813B90170012070478B42FBD0C3
:10806000002091680B8A043B0B82106170472DE958
:10807000F04F044685B0104690469946FFF700FF42
:10808000638B628D8B46934228BF1346834240F236
:108090009380636840460393FFF79AF94FF0000A14
:1080A00006464046FFF7ECFE628B638D06F10C0737
:1080B0009A4294BFC0EB0205C0EB03053846FFF7B8
:1080C000F8F9854217D24046FFF7DAFE628B638DDE
:1080D0009A4294BFC0EB0205C0EB03058DBB98F834
:1080E0000A00F3F721F800220023FFF73EF90646C5
:1080F00030B9574636E03846FFF7DBF90546EDE77D
:1081000001464046FFF775F94046FFF7B9FE628D1C
:10811000638B06F10C079A4294BFC0EB0205C0EBDB
:1081200003053846FFF7C5F985421FD24046FFF7E1
:10813000A7FE628D638B9A4294BFC0EB0205C0EB31
:108140000305F168328ACDF80090DBF804700A4428
:1081500003985946ABB2B847071E0CDABAF1000FC4
:1081600018BF5746384605B0BDE8F08F3846FFF7D0
:10817000A0F90546E5E70E9BB3B9394606F10C00B8
:10818000FFF753F94046FFF77BFE638D628BB944DE
:10819000934228BF13468342BA441FFA89F9A8D9EB
:1081A000AF423FF47EAFA4E7394630460F9A0E9BAC
:1081B00098470028E1D19CE70027D3E70022036815
:1081C00003B970478B420FD10B683AB9426803601C
:1081D000914200D1436000230B60704713604368F5
:1081E000994208BF4260F6E71A461B68E8E7062096
:1081F0007047D0E8EF3F43F00802C0E8E12F0029C4
:10820000F7D1C3F3C000704773B500230546166865
:108210001446706829461373952200F008FC2073F9
:1082200080B9CDE9000029463046A388A268FFF74F
:108230001EFF002809DA10F1FF0F32BF0E20404266
:10824000C0B22073002002B070BD0120FBE72DE911
:10825000F3410023074616681446706839461373C5
:10826000952200F0E4FB0546207308BBA068718DE1
:10827000728B038A914294BFC3EB0103C3EB0203E9
:10828000012B15DD02210C30FFF7CFF8CDE90055A9
:108290008046A38839463046A268FFF7E8FE031EF1
:1082A0000ADA13F1FF0F32BF0E235B42DBB22373F6
:1082B000002002B0BDE8F0810120A8F80030F8E706
:1082C0002DE9F04104468868FFF7DAFD638D628B83
:1082D0000D46934228BF134683421DD30027E16514
:1082E000D1F808808F60FCF755FD41462046F6F72F
:1082F0009FFF064638B1C5F80880E765FCF75EFDCC
:108300003046BDE8F081618D638B2846994228BFD5
:10831000194600F0E6FBF1E76FF07906F0E738B5B3
:108320000546D1E8AF3FDB0717D550F8040CA0B1E4
:10833000AB6D93B90430FFF799FD044668B101466F
:10834000281FFFF7BDFF002807DA55F8043C5A68DC
:1083500022609A685C6002B99C6038BD2DE9F041EA
:10836000446A07463CB354F8A86906B1A83E002306
:1083700007F104081D4601E034461646E26D9AB93D
:1083800005B98BB94046FFF771FD054658B1014666
:108390002046FFF795FF00280DDA7B682B60BB684D
:1083A0007D6003B9BD6023462EB1D6F8A820002A0F
:1083B000E2D0A83AE0E7BDE8F08170B504460E4689
:1083C000002200230846FCF725F8054658B101466F
:1083D0002046F6F72DFF044618B12946304601F035
:1083E0004AFE204670BD6FF00104FAE7F8B5054675
:1083F00050F8044C071F00F15403D3E8EF1F21F09D
:108400000401C3E8E21F002AF7D104B3AB6D8BB9B6
:1084100063687BB1201DFFF729FD014606463846FB
:10842000FFF74EFF002812DA63683360A3686660C6
:1084300003B9A660384605F15C01FFF7BEFF30B115
:10844000384604F10C01BDE8F840FFF7B6BFF8BDAF
:1084500038B504460D46F6F7EBFE30B1294604F177
:108460006000BDE8384001F0FBBD38BD2DE9F041AA
:10847000884617460121042205461E46F6F7CAFD26
:10848000044670B104210C30FEF7CFFF80F8008065
:10849000A0F80170C67021462846BDE8F041FFF7FC
:1084A000D7BFBDE8F08137B50C46054601F10C0099
:1084B000FEF7F3FF228A03460192E268122100923E
:1084C00028461322F7F70EF803B030BD37B50C4637
:1084D000054601F10C00FEF7E0FF228A03460192F7
:1084E000E2682846009200221146F6F7FBFF03B02F
:1084F00030BD07B5CA680C211388528800920D223E
:10850000F7F7ECF903B05DF804FB07B50022CB6880
:108510000A211B8800920B22F7F7E0F903B05DF8FF
:1085200004FB2DE9F041CB6805461F88BBB2162B32
:108530001BD90321F7F78EF80646C0B102210C3093
:10854000FEF773FF00244FF01708314680F80080D3
:1085500044702846FFF77CFF2846A5F81A806F85EF
:10856000FFF742FD2046BDE8F0810420FBE70E2026
:10857000F9E7F7F74DBE0A8A0023C968F7F74EBB43
:1085800070B50E46F7F70EF8044628B93046F2F7F4
:1085900073FE6FF07F0070BD00F10C052846314678
:1085A00001F05EFD606A38B150F8A84904B1A83CFA
:1085B0002946FFF702FF20B90020ECE71C466FF0C8
:1085C0000100002CF8D0D4F8A83023B90230F5D03F
:1085D00020461C46ECE7A83BF8E738B505460C46B4
:1085E000FCF7D8FB2846F6F7DDFF20B9FCF7E6FBE1
:1085F0006FF07F0038BD0023236083683BB9C0E97A
:108600000144FFF7ABFEFCF7D9FB0020F2E71C604A
:108610008460F6E70120704708B5F6F7C3FF78B12C
:10862000436A6BB1A83B03F15802D2E8EF0F20F088
:108630000800C2E8E10F0029F7D1D3F8A830F0E72D
:1086400008BD08B50421FFF707FC20B15430D0E87D
:10865000AF0FC0F3C00008BD10600020704710B518
:10866000029CA36833B1B1F5807F28BF0E21CAB246
:1086700021469847A37DE268013BDBB2A37522B196
:108680001BB92046BDE81040104710BD1060918016
:1086900000207047F0B5076806463D78144689B05B
:1086A000DDB97B88B3F5245F04D010D8A3F520533F
:1086B000032B12D8ADF80A10022220460DF10A0150
:1086C000F7F7D0FB68B16FF01502A26006E003F582
:1086D0005643FF339BB2042B1DD90125284609B010
:1086E000F0BD7B88022220460DF10A01ADF80A3068
:1086F000F7F7B8FB0028E6D1009003AA1323314610
:108700007768B847021EE0DB03A92046F7F7AAFB0B
:108710000028E2D0D7E7ADF80A10022220460DF17A
:108720000A01F7F79FFB0028CDD17B880222ADF824
:108730000A300DF10A01E8E7072208B501F0FAFF57
:10874000B0FA80F0400908BD034610B5D3E8EF0F3A
:1087500040EA0102C3E8E42F002CF7D110BDFEF778
:10876000AFBC0B6803608B8883808B798371704703
:1087700070B50D46064611F8010BF5F763FF044688
:1087800010B12C89F5F7E6FB6B89A34207D0EB68A3
:108790006C8123B121463046BDE87040184770BD5A
:1087A00038B5BDF810401546944211D374B123B9C1
:1087B0002046BDE83840F7F747BCA21A8A42A8BF56
:1087C0000A4694B22246591901F09FFF204638BD4F
:1087D0006FF00600FBE730B585B0C96814461D464A
:1087E000F7F77CFB00B100890223ADF80E0000937F
:1087F00029462046BDF820200DF10E03FFF7D0FFDB
:1088000005B030BD1FB50C461946E36810461C780C
:10881000BDF818203CB110240133069404B0BDE823
:108820001040FFF7BDBF5B88ADF80E300223009308
:108830000DF10E03FFF7B4FF04B010BD30B51D46B7
:10884000002385B014468DF80C30F7F71DFB10B1EE
:10885000037A8DF80C300123294600932046BDF899
:10886000202003ABFFF79CFF05B030BD2DE9F041A0
:1088700014461D46BDF81870F3F790FC0646EFF756
:1088800097FC80B2069033463A4629462046BDE81A
:10889000F041FFF785BF30B585B014461D46FEF7A1
:1088A0006AFF0223ADF80E00009329462046BDF86A
:1088B00020200DF10E03FFF773FF05B030BD70B53A
:1088C00000F1700605463146007AFEF756FF044671
:1088D0003146287A3CB1F7F7EFFA18B1002303606C
:1088E0004360836070BDF7F7E7FA0028FAD00460B0
:1088F00044608460F6E7022A10B508D1002300F135
:1089000070011A46007AF7F76FFB022010BDFFF7DF
:10891000D6FFFAE701210C30FFF716BF38B5044641
:108920001546FFF777FE40B12046F7F7ADFA20B1C4
:10893000037ADB0701D5FFF7EDFF35B9207A04F1A3
:108940007001F7F7B9FA00B1856038BD38B5BDF8E8
:108950001010BDF8184010468C421A46059D11D3E0
:1089600074B125B92046BDE83840F7F76DBB631AEE
:108970009A42A8BF1A4694B22246294401F0C5FE85
:10898000204638BD6FF00600FBE713B5044610B96A
:10899000002002B010BD00238DF8043042F603031E
:1089A000006801A9ADF80630FEF7B1FD0028EFD14F
:1089B000E36898880028ECD12046F7F765FC013081
:1089C00080B2E6E770B5CC681E46A37988B0084649
:1089D0008DF80C301546FFF7D8FFADF80D00246870
:1089E00023786BB96388ADF80F30052300933146C7
:1089F0002846BDF8302003ABFFF7D2FE08B070BDAB
:108A0000631C0DF10F02113453F8041BA34242F80A
:108A1000041BF9D11323E9E71FB5CDE90123002396
:108A20001A460093F7F760FC05B05DF804FB4B8A2B
:108A300012F0010FC3F30E0304D013F0950F10D002
:108A4000486870B112F0020F04D013F4957F0AD079
:108A5000896841B1134013F4DE7F14BF0520002064
:108A6000704702207047032070472DE9F04105460A
:108A70008846F7F709FA0446E0B1037ADA0719D510
:108A800000F10C06D6E8AF7F17F0010712D1B8F15C
:108A9000000F10D0D6E8EF3F23F00202C6E8E12F26
:108AA0000029F7D19B07284608D5FFF7B5FD2046DA
:108AB000FFF730FF01273846BDE8F081FFF7AAFD38
:108AC0000028F8D02846FFF7BCFD0028F3D0D6E8F0
:108AD000EF3F23F00203C6E8E23F002AF7D1284621
:108AE000E3E770470021F8B54FF0FF324FF0FF3356
:108AF00005460846F5F778FF00F10C07044601210A
:108B00003846FEF792FC0526012106703846FEF72E
:108B10008CFC002306701A4621462846F5F77CFF98
:108B200010B12046F2F7A8FB0020F8BD6FF08500D9
:108B300070470020704700692430FBF79DBC134646
:108B40000A460121FEF7C5BA08B50020F2F770FC0D
:108B5000002008BD08B50120F2F76AFC002008BD1E
:108B60000C220369C9B201FB0233986F00F00700C1
:108B7000704770B5C9B20369EFF31185202484F3FF
:108B80001288BFF36F8F0C2606FB0134A46F14F01C
:108B9000C00408D0A24206D085F31188BFF36F8FBE
:108BA0004FF0FF3070BD012271430B449A6785F38B
:108BB0001188BFF36F8F43680B445B6898470020B0
:108BC000F0E78022FFF7D5BFF8B5069F0469C9B268
:108BD000EFF31186202585F31288BFF36F8F0C25E4
:108BE00069430C44A56F05F0070CBCF1010F0BD1D4
:108BF000A76786F31188BFF36F8FC4E91C2343680E
:108C00005B5898470020F8BD05F0C005AF4286F3D9
:108C10001188BFF36F8F0CBF6FF077004FF0FF30FC
:108C2000F1E713B580240094FFF7CEFF02B010BD2A
:108C300010B41C240069CBB203FB0400002110BC5B
:108C400010470320F9F780BE0220F9F77DBE00200F
:108C5000F9F77ABE032000F069B9022000F066B986
:108C6000002000F063B91046FBF706BC00207047F7
:108C700008461146F3F7E4BF084608B51146F9F770
:108C800037FD002818BF6FF0040008BD08B500F0DC
:108C90001DF9002818BF6FF0040008BD43680020CC
:108CA0005B681B690B607047436802EA01005B6800
:108CB00021EA020198600020D960704743680020D3
:108CC0005B6899607047436800205B68D9607047B3
:108CD00043685A68536821EA03000B409060002003
:108CE000D360704710B503695868F8B1884219D14C
:108CF0009C680868A142586000D198600020086014
:108D00002AB15A680A609A68596002B999600020CD
:108D100010E0814206D10868206098688142EDD158
:108D20009C60EBE7044600680028F2D1002AE8D1F5
:108D30006FF0150010BD10B500690F299FBF00EB43
:108D4000810440F821202364002088BF6FF01500C3
:108D500010BD002070471020704730B54368136085
:108D6000057A446804EBC504A34202D36FF0010006
:108D700030BD5C798C4201D00833F0E70020F7E782
:108D8000704743680020DB6BC2E9003070474368DE
:108D90001B68D3F88004C3F88004704742681368E6
:108DA000D3F8100150B10020126A12780A70C3F88B
:108DB0001001D3F8102101221A6070474FF0FF30E4
:108DC000704702680346D2F8580140B95B68DB0778
:108DD00006D4D2F82001003818BF012070470120C6
:108DE000704743681B68D3F80423D20517D5D3F81E
:108DF0002021A2B1EFF31182202181F31288BFF369
:108E00006F8FD3F8201131B10021C3F82011D3F8AE
:108E100020110121D96082F31188BFF36F8FD3F83D
:108E200058317047002200F150039B009BB203F1C0
:108E3000804303F5A8331A601B68704708B5F9F73B
:108E40004DF808BD00207047704708B5F9F7ECF9F8
:108E5000002008BD08B500F039F848B1002383F3BD
:108E60001188BFF36F8F0423184602DF6FF00400F0
:108E700008BD0A460121FEF723B900B589B006AB4B
:108E800002930823039301AB049304230791CDE9D4
:108E9000053004AA184602A9F9F762FB0228019BD3
:108EA00009D003280AD060B9181E18BF012040421B
:108EB00009B05DF804FB6FF01500F9E76FF085006D
:108EC000F6E74FF0FF30F3E70020704700207047CF
:108ED000002310B588B0CDE9053005AB01930C2314
:108EE000029304231446079103AA0DEB0301022009
:108EF0000493CDF80CD0F9F733FB009B236008B046
:108F000010BD7047004700F016BF40F00040C1F8A8
:108F10008000704740F00040C1F88000704740F08A
:108F20000040C1F88000C2F880007047F9F766BCC5
:108F3000F7B51646DDE90847019001A81D46F9F787
:108F4000B1FD019BB6F1000C18BF4FF0010C00EB16
:108F500083000B1E18BF0123002D43EA4C0314BFEE
:108F60004FF00C0C4FF0000C002C43EA0C0314BF24
:108F70004FF4706C4FF0000C002F43EA0C0314BF49
:108F80004FF4403C4FF0000CD0F8002243EA0C03B1
:108F900022EA030301B109780EB13678760019434D
:108FA0000DB12D78AD0031430CB124782402294352
:108FB0000FB13F783F040C433C43C0F8004203B07C
:108FC000F0BD1FB50DF10F03019300238DF80F10B5
:108FD0001A4619460093FFF7ABFF05B05DF804FB96
:108FE00038B5054608460C46F9F7B0FDB0B108465D
:108FF000F9F7A0FD90B90846F9F790FD01232A681A
:109000008340C2F808332A6803B202EB8303D3F823
:10901000102522F00302C3F8102538BD2046BDE814
:1090200038400021FFF7CDBFF9F714BEFFF7D8BFD6
:1090300030B5022401250C72CA600468C4F80055DA
:10904000096879B112F0040F0CBF82219221150733
:1090500048BF41F02001D406046848BF21F08001D8
:10906000C4F80013016812F0800008BF01224FEA23
:10907000830303F108030CBFCA50C81830BD30B5D4
:109080000124A2F58075AD08AC400C4207D0815890
:1090900029B10021815082581A6822431A6030BDDC
:1090A000002313B50C4601934FF4887201ABFFF710
:1090B000E6FF21464FF48A72FFF7E1FF21464FF4A5
:1090C0008E72FFF7DCFF21464FF48272FFF7D7FF65
:1090D00021464FF48472FFF7D2FF21464FF4867287
:1090E000FFF7CDFF4FF48C722146FFF7C8FF0198C0
:1090F00002B010BDFAF742B92DE9F04389B0109ED5
:109100000446894690460021202268461F46129D4B
:1091100001F008FB1F2E97BF01234FF0FF33B34030
:1091200003F1FF332361119BC4E90098C4E902767F
:109130006361183445B10FCD0FC495E80F0084E882
:109140000F0009B0BDE8F0836D46F4E773B504681D
:10915000661C31D08568A9422ED264182CD05E18C6
:10916000AE4288BF6B1A056A35B100930523A84744
:109170000346184602B070BDBFF35B8F1946A41AB0
:10918000101919B140EA0205AD070AD103290DDC17
:10919000013811448A42ECD010F8014F02F8014B1B
:1091A000F8E70078013902F8010BE9E750F8044BC1
:1091B000043942F8044BE9E76FF02103D9E773B5AE
:1091C0000468651C32D08568A9422FD264182DD05E
:1091D0005E18AE4288BF6B1A456ACDB10093052375
:1091E000A84702B070BD12F8015B01390570154641
:1091F000A01819B140EA0206B607F4D103290ADC27
:10920000013D014488420CD1BFF35B8F1846E8E76B
:109210001946A41AEBE755F8042B043940F8042B3F
:10922000ECE715F8012F00F8012BEBE76FF02100B8
:10923000D7E773B51C46036815465A1C29D08268C7
:10924000914226D25B1824D066189642866A88BF5F
:10925000541A36B105232A460094B047204602B07E
:1092600070BD184622464AB9294601F05BFABFF3A1
:109270005B8FF3E700F8015B013AF4E78307F9D16C
:109280004FF001336B43032AEEDD40F8043B043A10
:10929000F9E76FF02100E2E70020704710B4046B9B
:1092A00002460B4684B9C1681F2998BF23FA01F40E
:1092B000416861B18068834209D21069184051F851
:1092C0002430184410BC7047234610BC18474FF098
:1092D000FF30F7E730B5059CC4E90002039A21810D
:1092E0001989E260049A618121856261D3E90025D0
:1092F00002EB0113C4E906128A1C236203EB42034A
:109300006A1C13446D422B406362836953B901396F
:10931000E2698B4202EB031206DB002393736FF0CA
:109320007F03D373002030BD0133D381F0E72DE9F3
:10933000F04FB0F830A004465546002685B002EB49
:10934000030891460E9A00EBCA031FFA88FB9A6342
:10935000A3F83CB008F1FF32C3690F1D0192B0457C
:109360001ADC238D2586A3EB0B032385236A6189F1
:109370005A8801390A4003EB4203A3F804A0BFF363
:109380005B8F0020226A538801335380638D013341
:10939000638505B0BDE8F08FE06A2A0157F8041C28
:1093A00003EB0515029303680392C91A8368083713
:1093B000994228BF4FF0FF31FFF770FFDDE902321D
:1093C000985000226A6057F8082CAA60019A9642C9
:1093D000ACBF00220122B145D8BF42F00202AA81EF
:1093E0000136ED89BBE7F0B550B3456A448E6B8812
:1093F000A34230D0631C43864389BFF35B8F013B9C
:109400001C4005EBC4056B689EB209B1AD680D60E8
:10941000D0F81CC09BB20CEB031100EBC3039D8F73
:10942000078D2F44013D07859D878D896F070ED5D8
:10943000058ECD8100210686986B996302B1148058
:10944000F0BD9D8FC989013D0CEB01119D878D8970
:10945000ED07F6D4ECE70020F2E7C36903EB011354
:109460009868704770B5C369C56A09015E586B6B2F
:10947000E3B92C69621C09BF6B6834401C68341B5B
:1094800021462846FFF70AFF864207D02B690133A1
:109490001C44AB689C42F3D34FF0FF342868431C54
:1094A00009D0AB68A34206D9204470BD3146284696
:1094B00098470446F2E70020F7E770B5BFF35B8FEB
:1094C0000D46016A1646838E4A8804469A4212D097
:1094D0005A1C82864289013A134001EB4301898874
:1094E000298089B2FFF7BEFF2A88E36903EB0213E4
:1094F0009B68336070BD0020FCE710B5026893697B
:109500001269920017D543B9438E026A8169448972
:10951000013B1B1B02EB4102938003689B69012BFB
:1095200008D1838E426A81694089013B1B1A02EB94
:10953000C102938010BD23B9026A138843F001036E
:10954000138003689B69012B01BF426A138843F0B3
:1095500001031380EEE710B5BFF35B8F0368044689
:109560001A699B6912F0005F1AD07BB9036A426ADC
:109570005B888169013B02EBC10292889B1A628D74
:109580009BB29A4214D80023638510BD012BFAD1F7
:10959000436A026A5B888169013B02EB4102ECE7A6
:1095A00063B9436A1B88DB4303F00103002BEAD055
:1095B0006369002BE7D020469847E4E7012BE2D10E
:1095C000036AEFE7036A828E598891420AD0418983
:1095D00001390A4003EB42039A88C36903EB021383
:1095E0009868704700207047BFF35B8FC36803B172
:1095F000184770474FF0FF324FF0FF33FAF770BF54
:1096000010B1C36A0133C362704738B1C26A013A0C
:10961000C2621AB9026B02B110470262704770B59C
:109620000446056A05F164063046FFF7E3FF636A06
:10963000A3F580637F2B0BD801225909503503F025
:109640001F039A4055F8213023EA020345F82130E0
:10965000D4E90F124A60E16B04F13C03116020462B
:10966000C4E90F33FFF7D1FF3046BDE87040FAF789
:1096700003BF10B5436A8CB00A9320230446024608
:109680000B9102A8194600F037FB28230122CDE9EF
:10969000003220463522616A02ABFAF741F900EA4E
:1096A000E0700CB010BD30B1006A20B119B1D0F833
:1096B000883003B11847704730B1006A20B119B142
:1096C000D0F88C3003B11847704730B1006A20B130
:1096D00019B1D0F8903003B11847002070472DE938
:1096E000F84306468846174699460468A64201D1C3
:1096F000002520E07A1CA4F13C0502D06B6ABB4235
:1097000019D0B8F1000F22D020224146284601F09E
:1097100021F8E0B9B9F1FF3F02D0AB6A4B450AD05E
:109720007B1C0BD02468B442E2D054F8183CA4F15E
:109730003C059F42E8D12846BDE8F883AB6A013377
:10974000F9D02468B442D3D0A4F13C05D9E7246809
:10975000CCE770B505460C461E46CAB1202320460C
:10976000194600F0C9FA0123E362049B6662A36212
:10977000059B25626363069BA363079B63646A681A
:1097800004F13C03C4E90F526B60226C136070BD9E
:109790000A70E8E710B5044690B1036A83B1027815
:1097A0004AB193F8A43033B1436AB3F5806F02D362
:1097B0000121FFF75EFF2046BDE81040FFF72FBFF5
:1097C00010BD20B1036A13B15B6803B1184770473D
:1097D00008B530B1036A3BB1DB682BB19847002074
:1097E00008BD6FF01500FBE76FF00500F8E7704764
:1097F000FAF742BE4FF0FF324FF0FF33FAF770BE78
:10980000F8B50C4600F164070546A4F11006384689
:10981000FFF7F0FF3046FAF739F980B154F8083C09
:1098200024F8083CD5F8CC3044F80C3C05F1C803CA
:1098300044F8103CC5F8CC6054F80C3C1E60384627
:10984000FFF7D6FF0020F8BD38B50D4600F16404DF
:109850002046FFF7CFFF55F8083C204603F580333C
:1098600045F8083CBDE83840FFF7C2BF2DE9F0419C
:1098700088B00E9C282A8846D4F8C0006ED10168B2
:109880008568A8EB0101A94228BF4FF0FF312023D2
:109890006A46FFF75BFC04F16406D8F82070304696
:1098A000FFF7A8FF3B464FF0FF3269462046FFF71F
:1098B00016FFD8F824300546E0B1D0F8308003F028
:1098C0000103B8F1000F02D0DBB9AF6230E0002B2A
:1098D000FBD04FF0FF3383623046FFF789FFAB6B5D
:1098E00083BBD4F88030002B38D03A4669462046F6
:1098F000984733E0DB071FD43046FFF779FFE36F6B
:10990000F1E74FF0FF338362FFF77AFE3046FFF74F
:109910006FFFAB6BA3B9D4F880301BB13A466946F0
:10992000204698473046FFF765FF2846FFF76DFE53
:109930003046FFF75DFF11E03046FFF759FFD0E7F3
:109940004FF0010828469847D4F880301BB13A46BA
:10995000694620469847B8F1000FE3D1002008B0CF
:10996000BDE8F081F0B504468E680D46B6B23146CA
:10997000D0F8B80085B0FFF770FDD4F8B4300746D2
:109980009A6942B90095CDE902500123D4F8B80094
:1099900002A9FFF7CCFCD4F8B4309B69012B08D1A5
:1099A0003A463146D4F8B80005B0BDE8F040F9F7C2
:1099B0009BBF05B0F0BD70B500F16406A1F11005C4
:1099C00004463046FFF716FF2846FAF75FF838B12D
:1099D00020462946FFF7C6FFD4F8B800FFF7BBFDC5
:1099E0003046BDE87040FFF703BF2DE9FF41036833
:1099F0009E6A06F164084046FFF7FCFED6F8B430D4
:109A00009B693BB1012B12D04046FFF7F1FE04B039
:109A1000BDE8F081D6F8B8000DF10A0203A9FFF7FE
:109A2000E2FCD6F8B43004469B69012B07D1D6F886
:109A3000B80003AA0DF10A01FFF73FFD0446002C10
:109A4000E2D0BDF80A3000216268A36030464FF0D2
:109A5000FF33FFF744FE0546FFF7D2FDA3684046FB
:109A600003F58033A360FFF7C3FE75B1AB6A696C81
:109A7000013308BF2368284608BFAB622368A28968
:109A800000916F6B04F11001B8474046FFF7B2FE3A
:109A90002846FFF7BAFD2046F9F7F8FF38B13046FF
:109AA0002146FFF75FFFD6F8B800FFF754FD4046A8
:109AB000FFF79EFE9FE72DE9F041A3F1100653F852
:109AC000085C002388B00693ADF81E3004461023CE
:109AD000CDE904120E9FD0F8C000ADF81C700168EB
:109AE000D0F808C0711A0DEB0302614528BF4FF092
:109AF000FF3104F16408FFF762FB4046FFF77AFE8E
:109B0000D4F8B430ADB29B69CBB9D4F8A820D4F85E
:109B1000B430D4F8BC009B69C3B9CDE902620096A9
:109B2000012202A9FFF703FCD4F8BC00FFF713FDE4
:109B30004046FFF75DFE384608B0BDE8F081294693
:109B4000D4F8BC00FFF789FC0246E0E7012BEBD11B
:109B50002946F9F7C9FEE7E710B548B149B14368AE
:109B60008B4206D382680468D21A5B1A4360A0183D
:109B700010BD0020FCE72DE9F3470546D0F8B400FE
:109B80000E46904618B9002002B0BDE8F087036A7F
:109B9000002BF8D09B68002BF5D098474307F2D5EF
:109BA00043F69823B8F1000F18BF984605F16407F3
:109BB00005F1C8093846FFF71DFED5F8C8404C45E9
:109BC0002BD054B3D4E90023536022681A60C4E94F
:109BD0000044D5F8B43021899B69ADF806107BB1FB
:109BE000012B14D03846FFF703FEBDF8063004F110
:109BF000100003F58033A3603368103B3360C3E784
:109C0000D5F8A8303360D5F8B4309B69E8E7D5F8CB
:109C1000BC00FFF722FC3060E4E7D5F8B430D3F89D
:109C200018A0BAF1000F36D13146D5F8BC000DF1BD
:109C30000602FFF7D8FB04460028D3D1D5F8BC3084
:109C40001B8DB3B93846FFF7D3FDB8F1000F9AD09A
:109C5000D5E92D32182112891B6B01FB0233D5F88F
:109C6000D02022BB2120002100F0E9FB08F1FF38C1
:109C7000A0E7D5F8A810D5F8C400FFF76DFF04469B
:109C8000D5F8A830ADF806A033603846FFF7B0FD30
:109C9000002CDAD0A9E7BAF1010FD3D13246D5F8BA
:109CA000BC000DF10601FFF708FC0446EDE7196959
:109CB000284690476FF4FB639842D3D000283FF4C6
:109CC00079AF60E720B119B112B1C0E9012201609A
:109CD000704710B5044618B910BD3C38FFF75AFD5F
:109CE00020688442F9D10023C4E92E33D4F8B400AB
:109CF000BDE81040FFF765BD70B505461C4699B13B
:109D00008B4228BF0C46661C013E05D012F8013B71
:109D100000F8013B002BF7D1A14207D9091B8A1992
:109D2000002100F0FFFCA11B084670BD00230D447C
:109D300005F8013CF7E708B1F1F71EBB7047704723
:109D400040B1C368587810F001001EBF1878B0FA0F
:109D500080F040097047EFF31183202383F31288CA
:109D6000BFF36F8FFEE710B5D0E9003433B90020A0
:109D7000E268537843F00103537010BD20469847C2
:109D80000028F4D00028B8BF4042FF28A8BFFF2019
:109D9000E3681870ECE700F0C5BC00F0B6BC704793
:109DA00010B400F10C04C0E9034410BCFCF7CABABB
:109DB0002DE9F04F054689B0DDE9126791463B4633
:109DC000324606A8059105F1140A00F0B3FBDDE95F
:109DD0000634CDE90234EFF311844FF0200888F304
:109DE0001288BFF36F8F05F10C0B4A462846059980
:109DF000FCF734FA30B184F31188BFF36F8F09B0E8
:109E0000BDE8F08F3E43F6D0DDE9022306A800F05E
:109E1000B5FBDDE906675A4621465046CDE90067A5
:109E2000FAF718FFEFF3118488F31288BFF36F8FEE
:109E3000DBE738B50446EFF31185202383F312885E
:109E4000BFF36F8FFCF7C1F904F10C0000F0E4FAE6
:109E500030B1294604F11400BDE83840FAF774BF68
:109E600085F31188BFF36F8F38BD4169836843EA7A
:109E7000010212F003020FD1C2600269013A01FB34
:109E8000023382689A4201D900207047C2681A6082
:109E90004269C3609B1AF4E76FF0150070472DE923
:109EA000F04105460F46EFF31188202383F3128813
:109EB000BFF36F8FC668F6B90468A0421BD0D4B157
:109EC000D4E9003213605A60637BC4E9006623F072
:109ED00002036373A66004F1180000F004FB20463F
:109EE000E667676100F039FA414605F10800BDE810
:109EF000F041FAF729BF3E60AB69EF60013BAB610F
:109F000088F31188BFF36F8FBDE8F081202408B576
:109F1000EFF3118384F31288BFF36F8FFDF7BDF960
:109F2000F6E790F90E308B4201D0FAF7BFBE002061
:109F3000704703460020C3E90033C3E902007047BD
:109F4000D0E9003213605A600023427BC0E900333D
:109F500022F002024273836070472DE9F843914674
:109F600004460D469DF8202000F10807EFF3118804
:109F7000202181F31288BFF36F8F02B14568A66874
:109F8000B74214D09EB13046FFF7DAFF06F1180051
:109F900000F0A9FA00233046F367C6F8149000F0E9
:109FA000DCF938464146FAF7CFFE00200BE0E3B17A
:109FB00008210020FBF726FB38B988F31188BFF38E
:109FC0006F8F6FF00B00BDE8F8830122C0F804909A
:109FD0000260016801F003015DB922680A43026072
:109FE000626820606AB960600BE04846C9F80030DA
:109FF000EFE72A68032A10D80160616839B9C4E91B
:10A000000000042104F1100000F047FBC9E70A68D2
:10A0100002F0030202430A60E5E722F003020A436A
:10A0200002602A6802F0030240EA02032B60E8E7BC
:10A0300010B5044630B10268930703D0446809B1F3
:10A0400000F058FB204610BD0023C0E9003300F1AA
:10A050000803C0E9023300F11003C0E9043370477C
:10A06000012307B5009300230A461946FFF775FF41
:10A0700003B05DF804FB002307B50A4600931946B8
:10A08000FFF76BFF03B05DF804FB00210068FFF7EA
:10A09000CFBF5AB18A4209D300F11003C0E90212BE
:10A0A000C0E90000C0E90433002070476FF01500DC
:10A0B0007047012302688B4022EA0303036022FAFF
:10A0C00001F000F001007047704710B5032104460D
:10A0D0000C30FFF7EEFF30B104F1100000F003FA8E
:10A0E000B0FA80F0400910BD20B100229030114636
:10A0F00000F0BEB9704770B5C3680446C3F34006AC
:10A100009B0716D4856802210C30FFF7D2FF80B17F
:10A11000D5F888206AB194421DD122689EB9D5F83D
:10A120008C30C5F888209C4201D1C5F88C200023D2
:10A130002360E36813F01F001EBF43F00203E360D7
:10A1400040F0020070BD3260D5F88C20944208BF08
:10A15000C5F88C60EBE716461268DBE773B504467A
:10A16000EFF31185202383F31288BFF36F8F002351
:10A17000A0F11006032104380193FFF79AFF28B1DC
:10A18000A369304601A90193FAF7AEFA85F3118865
:10A19000BFF36F8F02B070BD38B504460D46102274
:10A1A000002100F0BFFA656038BD13B50190084684
:10A1B000EFF31184202383F31288BFF36F8F01A97B
:10A1C000FAF792FA84F31188BFF36F8F02B010BDD3
:10A1D00010B5FFF7EAFF041E08DDEFF3118020231E
:10A1E00083F31288BFF36F8FFAF7C0FD204610BDCE
:10A1F00070B50D46EFF31186202383F31288BFF369
:10A200006F8FFAF7CBFA044686F31188BFF36F8F8E
:10A2100038B14FF0FF324FF0FF3305F11000FAF77D
:10A220005FF9204670BD08B5A822002100F07AFA37
:10A2300008BD38B530220D460021044600F072FA00
:10A240004FF480736560E36038BD38B50446EFF3C2
:10A250001185202383F31288BFF36F8FFFF735FF3B
:10A260002046FFF748FF85F31188BFF36F8F38BD95
:10A27000F8B504460D46EFF31186202383F31288C8
:10A28000BFF36F8FC36803F01F03002B14BF0127B8
:10A29000002705D186F31188BFF36F8F3846F8BDCC
:10A2A000FFF713FF2046FFF726FF29462046FAF75F
:10A2B000FDF986F31188BFF36F8F0028EED04FF0C1
:10A2C000FF324FF0FF3305F10800FAF709F9E5E72F
:10A2D000EFF30580003818BF012070476FF057007A
:10A2E000704700207047D0E9003213605A600023A5
:10A2F000C0E90033704708B5FFF7F5FF437B23F053
:10A30000020343730023836008BD38B504460D463D
:10A31000FAF72EFC637B43F002036373E5B1A5609B
:10A320002B689D4209D16B68C4E900531C606C60C6
:10A3300012E06A689A42F6D01B68002BF3D094F9B9
:10A340000E2093F90E108A42F3D09142F1DD5A6843
:10A35000C4E9003214605C6038BD10B5EFF31184BD
:10A36000202383F31288BFF36F8FFAF7B9FB84F3CE
:10A370001188BFF36F8F10BD08B5EFF31181202254
:10A3800082F31288BFF36F8F83680BB1FFF7B3FFBF
:10A3900081F31188BFF36F8F08BD014610B5EFF34D
:10A3A0001184202383F31288BFF36F8F437B13F054
:10A3B000280F0AD183680BB1FFF79DFF4B7B08463E
:10A3C00023F004034B73FAF78BFB84F31188BFF37C
:10A3D0006F8F10BD01211838FFF7DFBF08B50346A6
:10A3E000EFF31181202282F31288BFF36F8F006890
:10A3F000834207D008B1FFF77EFF81F31188BFF3D6
:10A400006F8F08BD0020F8E710B5FFF7B5FFBDE876
:10A410001040183000F067B838B5054604680020D1
:10A42000AC4200D138BD002CFCD02046FFF7ECFF39
:10A430002046FFF792FF2C680120A542F1E738B5CE
:10A440000C460546FAF73AFDB4F1FF3F08BFB5F1F7
:10A45000FF3F1FBF47F6FF7300224FF47A71C0FB26
:10A46000013216BFD80B4FF0FF3040EA424038BDF2
:10A4700038B5EFF31185202383F31288BFF36F8F74
:10A480000468A04212D09CB1E16762612046FFF7E8
:10A4900032FF04F1180000F026F82046FAF720FBFE
:10A4A000012085F31188BFF36F8F38BD0020F8E7D6
:10A4B0002046F6E710B5FAF7ABFE0446FAF7B0FE11
:10A4C00074B1D4E904321B1A62EBE072B3F1004FAD
:10A4D00072F1000104DA002AACBF1846002010BD5A
:10A4E0006FF00040FBE7024638B5EFF311852023FB
:10A4F00083F31288BFF36F8F036893B1FAF788FE76
:10A5000004461046FAF796FE844204D1FFF7D2FFC4
:10A510000021F7F747FE002085F31188BFF36F8F06
:10A5200038BD6FF01500F7E708B5FAF773FF08BDFF
:10A53000FAF770BFB3F1FF3F08BFB2F1FF3F70B54C
:10A5400004461D46164613D01A4315D06FF001027B
:10A550004FF0FF33921B63EB0501002904DAFAF791
:10A5600059FF821941EB0501C4E90021204670BD65
:10A570004FF0FF321146F7E70022FBE7B3F1FF3F50
:10A5800008BFB2F1FF3FF8B5074616461C4610D08B
:10A5900054EA020311D0FAF73DFFB0420A46A14146
:10A5A00003460AD2F31A64EB0204C7E900343846C2
:10A5B000F8BD4FF0FF331C46F7E70023FBE700230D
:10A5C000C0E9081200F11802C0E90622C0E9003310
:10A5D00003634363704710B50446FFF784FFA8B9CF
:10A5E000636A0BB12046984704F11800FFF7F6FEA6
:10A5F00060B1FFF7B2FEEFF31180202383F31288DE
:10A60000BFF36F8FBDE81040FAF7B0BB10BD2DE966
:10A61000F041846805460E46ECB16378012B25D1E4
:10A6200014F8533C9A0714D5A4F160073846FFF795
:10A63000EBFE082E0CBF6FF003030023E36114F858
:10A64000533CDB0605D154F8483C13B93846FFF7B4
:10A6500084FE002323700020EB68A860C3F38632D9
:10A66000164366F39433EB60BDE8F081022BF0D122
:10A670002378002BEDD054F8048CB8F1000FE8D00B
:10A6800004F11400FFF72FFF0023A4F1140739464B
:10A690004046E362FFF789FDDBE7034610B5EFF3C1
:10A6A0001184202282F31288BFF36F8F00688342E7
:10A6B00008D0D0E9003213605A600023C0E90033AB
:10A6C000FFF7A5FF84F31188BFF36F8F10BD04322D
:10A6D000D3B5044608D20026002741F00401CDE995
:10A6E0000067FFF765FB10B9002002B0D0BD40F84D
:10A6F000044BFAE720B1011F50F8040CFFF799BB97
:10A70000704701460420FAF76FBF0A44431E914286
:10A7100000D1704710B511F8014B914203F8014F79
:10A72000F9D110BD02440346934200D1704703F8AB
:10A73000011BF9E70139024410B5904201D1002014
:10A7400005E0037811F8014FA34201D0181B10BD9A
:10A750000130F2E710B56AB10139841810F8012B05
:10A7600011F8013F9A4203D1A04201D0002AF5D14D
:10A77000D01A10BD1046FCE710B50139044632B1BD
:10A7800011F8013F013A00F8013B002BF7D10021FD
:10A79000FFF7C8FF204610BD0246014410B58A42AB
:10A7A000134603D01C780132002CF8D1181A10BDC2
:10A7B000F0B5C3F13707044603F01F031046FFB29C
:10A7C000082BE6B232D0102B3DD06508A40845EA2C
:10A7D000C17544EA81748A082D1942EB5102290996
:10A7E00041EA02716D1842EB1212290A41EA026134
:10A7F0006D1842EB1222290C41EA02416D1842EB1E
:10A800001242AD1842F10002EC0844EA4274D10849
:10A8100004EB8402A6EB4205EDB2092D0CD90134FC
:10A82000A5F10A0541F10001EDB212E0E40806F0DD
:10A83000070544EA4174C908303554EA010200F8BA
:10A84000015BBDD1F0BD240906F00F0544EA017497
:10A850000909092D84BFED19EDB2EDE7D1E9043204
:10A8600093421EBF5A1C0A61187070470148006865
:08A8700070470000AC940020C9
:08A8780014D9FE7F010000006D
:10A88000C374010000000000B1B30000000000002C
:10A890003922010000000000799200000000000051
:10A8A000ED0F010058A90100E14101000000000086
:10A8B0000542010000000000CD13010080A9010045
:10A8C000CD1301006CA901006D8C010094A9010059
:10A8D0008D8C0100A8A90100E91C0100BCA90100A0
:10A8E0007D12010000000000452001000000000072
:10A8F00065B40000000000008D980000000000001A
:10A90000B1B2000000000000CDB000000000000067
:10A91000E9150100D0A90100C98E01000000000066
:10A920002D450100000000002B6D0100E4A901008D
:10A9300000000000F8A90100A51901000CAA0100FF
:10A940003DB50000000000004B8E0100000000003B
:08A95000558E0100000000001B
:10A9580087D80100E8B30100A4AC010005840020F9
:10A9680010970020D8D8010018B4010058AC010095
:10A978000B840020B4970020E4D8010030B4010013
:10A9880058AC01000D840020C0970020C1D80100F8
:10A998000000000048AC010007840020000000000F
:10A9A800D0D801000000000050AC0100098400204C
:10A9B80000000000DCDA0100A0B40100C0AC010016
:10A9C800138400205C980020CCD901000C8300205F
:10A9D8007CAC01000F840020CC97002054D80100E3
:10A9E8009C810020FCAE01000184002080860020AC
:10A9F8004DD801000000000098AC0100038400203D
:10AA0800CC820020AADA010048B4010090AC010011
:08AA1800118400205498002075
:10AA2000000000007D720100000000007D72010046
:10AA3000000000007D720100000000007D72010036
:10AA4000000000007D720100212A0100058F010035
:10AA5000000000007D720100000000007D72010016
:10AA6000BCA90100E38D0100000000007D7201001F
:10AA7000000000007D720100000000007D720100F6
:10AA8000000000007D720100000000007D720100E6
:10AA9000000000007D720100000000007D720100D6
:10AAA000000000007D720100000000007D720100C6
:10AAB000000000007D720100000000007D720100B6
:10AAC000000000007D72010000000000D5200100A0
:10AAD000000000007D720100000000007D72010096
:10AAE000000000007D720100000000007D72010086
:10AAF000000000007D720100000000007D72010076
:10AB0000000000007D720100000000007D72010065
:10AB1000000000007D720100000000007D72010055
:10AB2000000000007D720100A1350100058F0100C9
:10AB3000000000007D720100000000007D72010035
:10AB4000000000007D720100000000007D72010025
:10AB5000000000007D720100000000007D72010015
:10AB6000000000007D720100000000007D72010005
:10AB700019330100058F0100000000007D72010003
:10AB8000000000007D720100000000007D720100E5
:10AB9000000000007D720100D1300100058F01002E
:10ABA000000000007D720100000000007D720100C5
:10ABB000000000007D720100000000007D720100B5
:10ABC000000000007D720100000000007D720100A5
:10ABD000000000007D720100000000007D72010095
:10ABE000000000007D720100000000007D72010085
:10ABF000000000007D720100000000007D72010075
:10AC0000000000007D720100000000007D72010064
:10AC1000000000007D720100000000007D72010054
:10AC2000000000007D720100000000007D72010044
:10AC3000000000007D720100000000007D72010034
:08AC4000000000007D7201001C
:10AC4800718C010000000000798C010000000000F8
:10AC5800611401009D8C0100A98C0100BD8C0100CC
:10AC6800C78C0100D18C0100CD120100E58C0100D8
:04AC780000000000D8
:10AC7C0019170100378D0100538D0100578D01000C
:04AC8C008516010028
:08AC9000891A0100838D010007
:0CAC9800790E0100F50E01000D0C01000A
:10ACA40051100100C38B0100238C0100000000003F
:0CACB400618B01000000000000000000A7
:0CACC0009D8D0100351C01008F8D0100EE
:10ACCC000500000035E9000000000000060000004F
:10ACDC00F10B0100000000000400000049EE000030
:04ACEC000000000064
:10ACF00088B201000800000028B30100070000002E
:10AD0000D4AF01000600000098AE0100050000006D
:10AD100022B90100030000006BCC01000300000019
:10AD200052D3010003000000A7C10100030000008E
:10AD3000B1CF010003000000AEC10100030000001C
:10AD400075D50100030000008CCA0100030000005B
:10AD500064D801000300000072D801000300000065
:10AD6000AECC010003000000DCCB010003000000BA
:10AD700034D101000300000065BC010003000000A5
:10AD8000A2D5010003000000D5B9010003000000B6
:10AD9000B3D8010003000000F6DA01000300000050
:10ADA0006BBA0100030000007FBA0100030000003D
:10ADB00083BA010003000000A4BB010003000000EF
:10ADC000D7D90100030000007AC001000300000091
:10ADD000FEC001000300000006C1010003000000E6
:10ADE000B1DE010003000000B4DA0100040000003D
:10ADF00015C1010003000000E6DA010003000000B5
:10AE0000B8AF0100CC81002093BB0100010000001D
:10AE10000000000009000000A0000000F000000099
:10AE200000000000B93701000600000091C90100D0
:10AE300096C901009AC901009EC90100A2C901007A
:10AE4000A6C90100AAC90100AEC90100B2C901002A
:10AE5000B6C90100BAC90100BEC90100C2C90100DA
:10AE6000C6C90100CAC901000002000000020000BA
:10AE700000000000B4DE010000010000000000003E
:10AE80000338FDD870470000010100000084002055
:10AE900007100000F08300203CB501000588010088
:10AEA0000000000011B901000000010038B50100E8
:10AEB000C589010000000000908100200000010011
:10AEC000EFB8010000000000D18500000000000084
:10AED0000000020034B50100C58901000000000037
:10AEE0008881002000000100CDB8010000000000B2
:10AEF000498500000000000000000200F9920000F7
:10AF0000E36D0100D9940000259500001196000022
:10AF1000C16B0100356C0100C96B0100FB6B0100C6
:10AF2000E56B0100CF6B0100000000000000000095
:10AF3000136F0100056F01000F6F0100036F010027
:10AF40000000000000000000000000000000000001
:10AF5000F36E0100908A002000010000EB6F0100F9
:10AF6000956F0100020000007F71010000000000E9
:10AF700000000000000000000000000073BB0100A2
:10AF80007BBB01000000000000000000000000008A
:10AF900083BB010087BB01008BBB01008FBB01009D
:10AFA000A8AF010078940020B1A20000989400207E
:10AFB0009E990020010000003D72010033720100E3
:10AFC00001720100F571010000000000E97101004B
:10AFD000000000004CB501000588010000000000E1
:10AFE00054BC01000000010048B50100C589010002
:10AFF00000000000F48100200000010032BC0100CC
:10B0000049A30000000000009F99002000000100FB
:10B0100044B50100D787010005FF0000DC81002056
:10B020000000030040B50100C589010000000000D8
:10B03000D48100200000010010BC010000000000CD
:10B040000DA30000000000000000020000800020AE
:10B0500000000000060001000200000060B00100D6
:10B0600000000000EAC0010006000000E0FF0F0041
:10B0700000800020F2C0010021000000E0FF062057
:10B08000FC81002059B10000000000005F73010046
:10B09000C1B300009DB300000000000084B00100B7
:10B0A000A8B0010047000000F8D8002084B00100DB
:10B0B000B8B0010020000000D8DC002084B00100FE
:10B0C000C8B001002E00000058DD002084B001004F
:10B0D000D8B001000201000038DE0020CEC9010016
:10B0E000ECC9010007CA010017CA010024CA010007
:10B0F0002DCA010034CA01003BCA010042CA010046
:10B100004ACA010024CA010052CA010064CA0100EF
:10B1100079CA01000E030000F5CE00000F04000004
:10B12000C1CE00001A01000085B600000504000031
:10B130009DB600001301000061BC0000FF0100008B
:10B14000C1BA00003E010000A1BA000005040000E1
:10B15000E9B600001001000061B700000112000014
:10B1600045CE00000A1E0000EB7701000309000035
:10B170004DBD0000040B000049B80000060A0000A5
:10B1800045C300000C0500002DB7000084B001008D
:10B1900098B101004700000058DF002030CF0100C7
:10B1A0003DCF01005DCF010051CF010068CF01000C
:10B1B0007FCF01008FCF0100B1D20100A3CF0100EA
:10B1C00084B00100CCB101000000000038E3002091
:10B1D00084B00100DCB101002000000060E3002029
:10B1E000A97C0100AB7C0100000000000000000011
:10B1F000000000000DEC0000000000000000000056
:10B200000000000000000000020201002385010090
:10B210000404010041FB00000606010081FA000061
:10B22000080401006DF900000A0201000B8501000D
:10B230000C040100F38401000E04010041F8000039
:10B2400020040100A5F7000010040100B5F600007D
:10B2500012020100A784010016040100B17E010062
:10B2600018010100EF8101001E0004007785010034
:10B2700052020000CD84010084B0010084B20100BC
:10B280002200000038E400207CB5010005880100A0
:10B290000000000078B501000000010074B5010055
:10B2A000C589010000000000948200200000010018
:10B2B0006CB501000000000000000000000000006C
:10B2C0000000000068B50100D787010005FF0000FD
:10B2D0009C8200200000030064B50100C5890100C4
:10B2E000000000008C820020000001005CB501001D
:10B2F0003D8801002D010100000000000000030056
:10B3000058B50100C58901000000000084820020BA
:10B310000000010050B501006104010000000000C0
:10B320000000000000000100A8B501000588010030
:10B3300000000000A4B5010000000100A0B501005C
:10B34000C589010000000000C48200200000010047
:10B3500098B501006D8801000000000000000000A9
:10B360000000010094B50100C58901000000000043
:10B37000BC820020000001008CB50100978801000C
:10B3800000000000000000000000010088B501007E
:10B39000C589010000000000B48200200000010007
:10B3A00080B5010065000100000000000000000001
:10B3B000000001000000000000000000000000008C
:10B3C0000000000000000000E58A0100000000000D
:10B3D000000000000000000000000000750F0100E8
:10B3E000450F010000000000D9100100B90F010055
:10B3F00092D801004F8C0100618C010098D80100A7
:10B40000498C01005B8C01009ED80100438C010037
:10B41000558C0100A8D80100FFFF000000288440DF
:10B42000000000000100000000F0024000000000E9
:10B43000FFFFFFFF00258440000000000000000027
:10B4400000F0024000000000001002400000000078
:10B4500000000000000000000000000000000000EC
:10B460000000000000040000E803020101010000E8
:10B47000949900200400000000000000000000007B
:10B4800088B401000024F4000010024094B40100CC
:10B49000010000009CB40100010000001C00001627
:10B4A000008000400100000000000000C4B4010062
:10B4B0000000D6010000000000000000469A0020B5
:10B4C000459A002000800040D0B401000100000037
:10B4D000D8B40100040000001400000013000002B2
:10B4E0001606000115060003FADC01000DDD01005F
:10B4F00020DD010033DD010046DD010059DD0100E2
:10B500006CDD01007FDD010062DE010070DE010004
:10B5100084DE010093DE01009FDE010080A80100AF
:10B5200080A80100E8A80100F8A8010058A90100BE
:10B5300058A901000000032800000328000000288B
:10B540000000032800000229000003280000002852
:10B5500000002A2B00002A2B000003280000292BC2
:10B560000000292B00000328000002290000052A02
:10B570000000052A00000328000001180000002830
:10B580000000042A0000042A000003280000012A09
:10B590000000012A000003280000002A0000002A01
:10B5A000000003280000001800000028040100012A
:10B5B00024012001020001000002000144697363BC
:10B5C0006F6E6E65637465642066726F6D20424CA9
:10B5D00045206465766963652028726561736F6EC6
:10B5E00020256429004661696C656420746F2063BE
:10B5F0006F6E6E6563742028657272202564290061
:10B60000436F6E6E656374656420746F20424C45B1
:10B610002064657669636500526563656976656473
:10B620002076616C756520666F72204C454432202F
:10B630006F7574206F662072616E67653A202564AD
:10B640000052656365697665642076616C75652076
:10B65000666F72204C4544323A202564252500450A
:10B6600072726F722073657474696E672050574DE3
:10B6700020666F72204C454432202850302E3239DB
:10B68000293A2025640050574D2075706461746517
:10B690006420666F72204C454432202850302E3290
:10B6A00039293A2050756C73652077696474682075
:10B6B00073657420746F20257520286F7574206F52
:10B6C0006620257529005265636569766564207575
:10B6D0006E6578706563746564206C656E67746808
:10B6E00020666F72204C4544323A20256400526532
:10B6F0006365697665642076616C756520666F7236
:10B70000204C454431206F7574206F662072616E45
:10B7100067653A2025640052656365697665642033
:10B7200076616C756520666F72204C4544313A2015
:10B7300025642525004572726F72207365747469E3
:10B740006E672050574D20666F72204C4544312063
:10B750002850302E3238293A2025640050574D2089
:10B760007570646174656420666F72204C45443165
:10B77000202850302E3238293A2050756C736520BD
:10B7800077696474682073657420746F2025752050
:10B79000286F7574206F66202575290052656365D2
:10B7A0006976656420756E6578706563746564207C
:10B7B0006C656E67746820666F72204C4544313A40
:10B7C000202564005374617274696E672050574D70
:10B7D00020424C4520436F6E74726F6C206F6E2058
:10B7E0004C454431202850302E32382920616E6477
:10B7F000204C454432202850302E323929005057F1
:10B800004D20646576696365206E6F7420666F7580
:10B810006E640050574D2064657669636520696EDB
:10B82000697469616C697A656400426C7565746FEE
:10B830006F746820696E697469616C697A61746992
:10B840006F6E206661696C656420286572722025C0
:10B85000642900426C7565746F6F746820696E6945
:10B860007469616C697A65640041647665727469B3
:10B8700073696E67206661696C656420746F2073FC
:10B8800074617274202865727220256429004164F5
:10B89000766572746973696E67207374617274651A
:10B8A0006400424C45207365727669636520616E61
:10B8B000642063686172616374657269737469633B
:10B8C00020696E697469616C697A6564000202DEE0
:10B8D000BC9A7856341278563412785634120202D2
:10B8E000DEBC9A78563412785634127856341202E6
:10B8F00001DEBC9A785634127856341278563412D7
:10B900000201DEBC9A7856341278563412785634D6
:10B910001202F0DEBC9A78563412785634127856F9
:10B92000341250574D5F424C455F436F6E74726FD7
:10B930006C0028756E7369676E65642920636861A1
:10B9400072202A207573656420666F722025257029
:10B9500020617267756D656E742E2049742773209F
:10B960007265636F6D6D656E64656420746F2063CE
:10B9700061737420697420746F20766F6964202A63
:10B980002062656361757365206974206D6179203B
:10B990006361757365206D69736265686176696F4F
:10B9A0007220696E206365727461696E20636F6EC8
:10B9B00066696775726174696F6E732E2053747255
:10B9C000696E673A2225732220617267756D656E14
:10B9D000743A25640063627072696E74665F7061A8
:10B9E000636B61676500496E76616C696420696E9E
:10B9F0007374616E636500496E76616C6964206280
:10BA000061636B656E6420636F6E666967757261F2
:10BA100074696F6E00496E76616C696420696E733B
:10BA200074616E63652C20656E64706F696E74203E
:10BA30006F7220636F6E66696775726174696F6E8D
:10BA400000496E76616C696420656E64706F696E22
:10BA50007400456E64706F696E74206E6F7420722E
:10BA60006567697374657265640A006970635F7302
:10BA7000657276696365006C6F6767696E67006CF5
:10BA80006F67006C6F675F6D676D74004D657373F2
:10BA9000616765202822257322292064726F7070E7
:10BAA00065642062656361757365206974206578DB
:10BAB00063656564732073697A65206C696D697468
:10BAC0006174696F6E2028257529004D6573736157
:10BAD00067652064726F707065642062656361756C
:10BAE0007365206974206578636565647320736984
:10BAF0007A65206C696D69746174696F6E202825A0
:10BB00007529001B5B306D00257320005B253038E4
:10BB10006C755D20005B253032753A253032753A00
:10BB2000253032752E253033752C253033755D2048
:10BB30000025732F003C25733E200025733A20001A
:10BB40002530327820007C00256300206D657373FA
:10BB5000616765732064726F70706564202D2D2D90
:10BB60000D0A1B5B306D001B5B313B33316D2D2D9E
:10BB70002D20001B5B313B33316D001B5B313B33B0
:10BB8000336D006572720077726E00696E660064D4
:10BB90006267006C6F675F6261636B656E645F759F
:10BBA000617274006C6F675F75617274002A2A2A73
:10BBB00020426F6F74696E67206E524620436F6E2D
:10BBC0006E6563742053444B2076332E302E312D16
:10BBD000396562353631356461363662202A2A2A63
:10BBE0000A002A2A2A205573696E67205A657068F0
:10BBF0007972204F532076342E302E39392D373735
:10BC000066383635623866386430202A2A2A0A00B7
:10BC10000223D1BCEA5F782315DEEF12122515004E
:10BC2000000223D1BCEA5F782315DEEF121225153E
:10BC300000000223D1BCEA5F782315DEEF12122444
:10BC40001500000223D1BCEA5F782315DEEF121243
:10BC5000241500000223D1BCEA5F782315DEEF1221
:10BC6000122315000062745F6C62730072302F61E2
:10BC7000313A2020307825303878202072312F61F9
:10BC8000323A2020307825303878202072322F61E7
:10BC9000333A20203078253038780072332F6134E1
:10BCA0003A2020307825303878207231322F697070
:10BCB0003A2020307825303878207231342F6C7259
:10BCC0003A20203078253038780020787073723A26
:10BCD0002020307825303878004661756C74696EA4
:10BCE0006720696E737472756374696F6E20616426
:10BCF000647265737320287231352F7063293A207E
:10BD000030782530387800556E68616E646C6564F3
:10BD1000204952516E3A202564002A2A2A2A2A20D4
:10BD20004D5055204641554C54202A2A2A2A2A0093
:10BD30002020537461636B696E67206572726F7245
:10BD40002028636F6E746578742061726561206D60
:10BD500069676874206265206E6F742076616C6913
:10BD60006429002020556E737461636B696E6720CF
:10BD70006572726F720020204461746120416363B8
:10BD80006573732056696F6C6174696F6E00202053
:10BD90004D4D46415220416464726573733A2030C0
:10BDA000782578002020496E737472756374696F0A
:10BDB0006E204163636573732056696F6C617469AB
:10BDC0006F6E002020466C6F6174696E672D706F16
:10BDD000696E74206C617A79207374617465207067
:10BDE0007265736572766174696F6E206572726FC9
:10BDF00072002A2A2A2A2A205553414745204641C3
:10BE0000554C54202A2A2A2A2A002020446976697F
:10BE100073696F6E206279207A65726F00202055F9
:10BE20006E616C69676E6564206D656D6F727920F7
:10BE3000616363657373002020537461636B206FCB
:10BE4000766572666C6F772028636F6E74657874A0
:10BE50002061726561206E6F742076616C6964295F
:10BE60000020204E6F20636F70726F636573736F75
:10BE70007220696E737472756374696F6E730020DB
:10BE800020496C6C6567616C206C6F6164206F6623
:10BE9000204558435F52455455524E20696E746F89
:10BEA000205043002020496C6C6567616C207573DD
:10BEB00065206F662074686520455053520020202D
:10BEC000417474656D707420746F20657865637556
:10BED000746520756E646566696E656420696E734D
:10BEE0007472756374696F6E002A2A2A2A2A2042A6
:10BEF0005553204641554C54202A2A2A2A2A0020EC
:10BF000020537461636B696E67206572726F720093
:10BF100020205072656369736520646174612062DA
:10BF20007573206572726F72002020424641522064
:10BF3000416464726573733A20307825780020205C
:10BF4000496D707265636973652064617461206214
:10BF50007573206572726F72002020496E7374725F
:10BF6000756374696F6E20627573206572726F728B
:10BF700000526573657276656420457863657074F8
:10BF8000696F6E20280053707572696F7573206930
:10BF90006E74657272757074202849525120004584
:10BFA0007863657074696F6E206F63637572726514
:10BFB0006420696E205365637572652053746174E3
:10BFC00065002A2A2A2A2A204841524420464155FF
:10BFD0004C54202A2A2A2A2A0020204275732066DF
:10BFE00061756C74206F6E20766563746F72207457
:10BFF00061626C6520726561640020204465627531
:10C0000067206576656E740020204661756C74202B
:10C01000657363616C6174696F6E20287365652058
:10C0200062656C6F772900415243485F455843452C
:10C030005054207769746820726561736F6E202593
:10C04000780A002A2A2A2A2A204465627567206D08
:10C050006F6E69746F7220657863657074696F6E56
:10C06000202A2A2A2A2A002A2A2A2A2A2025732034
:10C07000256429202A2A2A2A2A006D707500466123
:10C08000696C656420746F20616C6C6F63617465AA
:10C09000206E6577204D505520726567696F6E2060
:10C0A00025750A00506172746974696F6E20257578
:10C0B0003A2073616E69747920636865636B2066EA
:10C0C00061696C65642E00496E76616C69642075E7
:10C0D0006E6465726C79696E6720726567696F6EF0
:10C0E00020696E64657820257500464C4153485F91
:10C0F00030005352414D5F300065786974006E65C1
:10C10000745F627566006E65745F6275665F736901
:10C110006D706C6500736F63000000000100FFFF2D
:10C12000FFFFFFFF00000000000000FFFFFFFFFF18
:10C13000FF0000000000007075626C6963007261AE
:10C140006E646F6D007075626C69632D6964007256
:10C15000616E646F6D2D696400253032583A253068
:10C1600032583A253032583A253032583A25303252
:10C17000583A25303258202825732900303132337F
:10C18000343536373839616263646566004254205D
:10C190004C572057510002FB349B5F800000800009
:10C1A0001000000000000062745F62756600627437
:10C1B0005F646174610044617461206275666665E4
:10C1C00072206F766572666C6F7720286C696E6B73
:10C1D0002074797065203078253032782900556ECA
:10C1E00061626C6520746F206C6F6F6B20757020BE
:10C1F000636F6E6E20776974682068616E646C6529
:10C2000020257500556E61626C6520746F206C6F1F
:10C210006F6B757020636F6E6E20666F7220686141
:10C220006E646C6520257500486172647761726583
:10C23000206572726F722C2068617264776172651A
:10C2400020636F64653A20256400436F756C642039
:10C250006E6F74207375626D69742072785F776F8A
:10C26000726B3A20256400556E61626C6520746FB4
:10C2700020616C6C6F6361746520627566666572BF
:10C2800000556E68616E646C6564206576656E74D9
:10C2900020307825303278206C656E2025753A2064
:10C2A0002573004E6F2070656E64696E672070653F
:10C2B000726970686572616C20636F6E6E6563741D
:10C2C000696F6E00556E6578706563746564207380
:10C2D00074617475732030782530327820257300AE
:10C2E000546F6F20736D616C6C2028257520627906
:10C2F00074657329206576656E7420307825303238
:10C300007800496E76616C69642048434920414356
:10C310004C207061636B65742073697A65202825F1
:10C3200075290041434C2064617461206C656E671F
:10C330007468206D69736D617463682028257520A9
:10C34000213D2025752900556E61626C6520746F52
:10C350002066696E6420636F6E6E20666F7220685F
:10C36000616E646C6520257500496E76616C696448
:10C3700020484349206576656E742073697A65208C
:10C380002825752900574553545F544F504449524E
:10C390002F7A65706879722F7375627379732F6263
:10C3A0006C7565746F6F74682F686F73742F686332
:10C3B000695F636F72652E630062745F6863695FB3
:10C3C0006576745F6765745F666C6167732868641F
:10C3D000722D3E657674292026202831554C203C4C
:10C3E0003C202831292900415353455254494F4E8E
:10C3F000204641494C205B25735D20402025733A3F
:10C4000025640A00556E6B6E6F776E20627566202C
:10C410007479706520257500556E68616E646C6571
:10C42000642076656E646F722D73706563696669EA
:10C4300063206576656E7420307825303278206C04
:10C44000656E2025753A202573004E6F20636F6D51
:10C450006D616E642073656E7420666F7220636D0B
:10C460006420636F6D706C6574652030782530349E
:10C4700078004F70436F6465203078253034782021
:10C48000636F6D706C6574656420696E737465614B
:10C4900064206F6620657870656374656420307809
:10C4A0002530347800657674206E756D5F68616E36
:10C4B000646C657320283D25752920746F6F206C8E
:10C4C0006172676520282575203E20257529004E5C
:10C4D0006F20636F6E6E656374696F6E20666F7236
:10C4E0002068616E646C65202575007061636B6502
:10C4F000747320636F756E74206D69736D617463FE
:10C500006800696E74657276616C20657863656534
:10C510006473207468652076616C69642072616E52
:10C52000676520307825303478006C6174656E63FF
:10C530007920657863656564732074686520766129
:10C540006C69642072616E676520307825303478BC
:10C5500000737570765F74696D656F7574206578AA
:10C560006365656473207468652076616C69642016
:10C5700072616E67652030782530347800756E6B97
:10C580006E6F776E006576745F666C6167732026E8
:10C59000202831554C203C3C202830292900496E68
:10C5A00076616C69642062756620747970652025F7
:10C5B00075005B305D004964656E7469747925733C
:10C5C0003A202573004964656E746974795B25644B
:10C5D0005D3A202573004843493A207665727369B5
:10C5E0006F6E20257320283078253032782920720C
:10C5F00065766973696F6E203078253034782C2029
:10C600006D616E7566616374757265722030782530
:10C61000303478004C4D503A2076657273696F6EF5
:10C6200020257320283078253032782920737562D0
:10C6300076657220307825303478004E6F726469E8
:10C64000635F50574D5F436F6E74726F6C00556E31
:10C6500061626C6520746F2073656E6420746F2056
:10C6600064726976657220286572722025642900DB
:10C6700009556E61626C6520746F20616C6C6F632C
:10C6800020666F7220486F7374204E43500A006515
:10C690007272203D3D20300009556E61626C65204C
:10C6A000746F2073656E6420486F7374204E43501E
:10C6B0002028657272202564290A00556E61626C1B
:10C6C0006520746F206C6F6F6B20757020636F6EC8
:10C6D0006E207769746820696E64657820307825EB
:10C6E000303278004E6F74207265706F7274696EAC
:10C6F00067207061636B657420666F72206E6F6E69
:10C700002D636F6E6E656374656420636F6E6E007B
:10C71000556E636C65617265642070656E64696EE8
:10C72000672073656E745F636D6400737563636522
:10C7300073730009636F6D6D616E64206F70636F5A
:10C740006465203078253034782074696D656F75A4
:10C75000740A0009436F6E74726F6C6C6572207599
:10C760006E726573706F6E736976652C20636F6D82
:10C770006D616E64206F70636F6465203078253062
:10C7800034782074696D656F7574207769746820DA
:10C790006572722025640A006F70636F64652030D3
:10C7A000782530347820737461747573203078255F
:10C7B00030327820257300436F6E74726F6C6C6535
:10C7C0007220746F20686F737420666C6F772063BB
:10C7D0006F6E74726F6C206E6F7420737570706FF3
:10C7E00072746564004E6F6E2D4C452063617061FC
:10C7F000626C6520636F6E74726F6C6C657220641E
:10C8000065746563746564210041434C2042522F76
:10C810004544522062756666657273206E6F74209F
:10C82000696E697469616C697A65640056656E64E5
:10C830006F722048434920657874656E73696F6E26
:10C8400073206E6F7420617661696C61626C650043
:10C85000485720506C6174666F726D3A20257320C2
:10C86000283078253034782900485720566172697D
:10C87000616E743A20257320283078253034782969
:10C88000004669726D776172653A20257320283001
:10C890007825303278292056657273696F6E2025AD
:10C8A000752E2575204275696C64202575004661DA
:10C8B000696C656420746F207265616420737570A3
:10C8C000706F727465642076656E646F7220636F3A
:10C8D0006D6D616E6473004661696C656420746F90
:10C8E000207265616420737570706F727465642066
:10C8F00076656E646F72206665617475726573002B
:10C9000048434920647269766572206973206E6FAE
:10C910007420726561647900425420525820575146
:10C920000048434920647269766572206F70656EB5
:10C93000206661696C65642028256429004E6F209B
:10C9400070656E64696E6720636F6E6E20666F72CD
:10C95000207065657220257300556E65787065637B
:10C9600074656420484F53545F4E554D5F434F4D9F
:10C97000504C455445445F5041434B4554532C2043
:10C980007374617475732030782530327820257384
:10C9900000312E306200312E3100312E3200322E25
:10C9A0003000322E3100332E3000342E3000342E41
:10C9B0003100342E3200352E3000352E3100352E28
:10C9C0003200352E3300352E3400362E30005374AD
:10C9D000616E6461726420426C7565746F6F746817
:10C9E00020636F6E74726F6C6C65720056656E6456
:10C9F0006F7220737065636966696320636F6E741C
:10CA0000726F6C6C6572004669726D776172652039
:10CA10006C6F616465720052657363756520696D42
:10CA2000616765007265736572766564006E524673
:10CA3000353178006E5246353278006E52463533C5
:10CA400078006E524635344878006E524635344C84
:10CA50007800496E74656C20436F72706F726174F8
:10CA6000696F6E004E6F726469632053656D696310
:10CA70006F6E647563746F72004E58502053656D0D
:10CA800069636F6E647563746F72730062745F685C
:10CA900063695F636F726500636D642064697361CD
:10CAA0006C6C6F776564004F6E6C792072616E6498
:10CAB0006F6D20737461746963206964656E746955
:10CAC0007479206164647265737320737570706F1C
:10CAD0007274656400496E76616C696420696E7079
:10CAE000757420706172616D657465727300466162
:10CAF000696C656420746F20726561642070756272
:10CB00006C6963206164647265737300526561646B
:10CB10002053746174696320416464726573736542
:10CB20007320636F6D6D616E64206E6F742061762B
:10CB300061696C61626C65004661696C6564207452
:10CB40006F2072656164207374617469632061642D
:10CB500064726573736573004E6F207374617469DA
:10CB600063206164647265737365732073746F729C
:10CB7000656420696E20636F6E74726F6C6C657291
:10CB80000043616E27742073657420626F7468209F
:10CB90004944454E544954592026204E5250410094
:10CBA000556E61626C6520746F20736574206964D2
:10CBB000656E74697479206164647265737300557D
:10CBC0006E61626C6520746F207365742072616E93
:10CBD000646F6D20616464726573730062745F6971
:10CBE0006400546F6F2062696720616476657274B7
:10CBF0006973696E672064617461004661696C6580
:10CC00006420746F2073746172742061647665723D
:10CC10007469736572004661696C656420746F2085
:10CC200073746F70206164766572746973696E677E
:10CC30003A20256400436F6E74726F6C6C657220CD
:10CC400063616E6E6F7420726573756D6520636FBE
:10CC50006E6E65637461626C652061647665727482
:10CC60006973696E6720282564290062745F6164B6
:10CC700076007073615F63727970746F5F696E695B
:10CC8000742829206661696C6564202564007073CE
:10CC9000615F67656E65726174655F72616E646F16
:10CCA0006D2829206661696C6564202564006274C2
:10CCB0005F686F73745F63727970746F0046616947
:10CCC0006C656420726561642072656D6F746520A7
:10CCD0006665617475726573202825642900466154
:10CCE000696C6564204C4520536574205048592078
:10CCF0002825642900556E65787065637465642025
:10CD00006669727374204C32434150206672616DC3
:10CD10006500556E6578706563746564204C3243B8
:10CD2000415020636F6E74696E756174696F6E0037
:10CD30004E6F7420656E6F756768206275666665F4
:10CD40007220737061636520666F72204C324341BC
:10CD500050206461746100556E6578706563746518
:10CD6000642041434C20666C61677320283078252D
:10CD7000303278290041434C206C656E206D697318
:10CD80006D6174636820282575203E202575290073
:10CD900028756E6B6E6F776E29006E6F20747261EE
:10CDA0006E736974696F6E20257300496E76616CCD
:10CDB00069642028257529206F6C64207374617460
:10CDC0006500636F6E6E202570206661696C656416
:10CDD00020746F2065737461626C6973682E2052D1
:10CDE00046206E6F6973653F006E6F2076616C69D7
:10CDF0006420282575292073746174652077617318
:10CE00002073657400696E636F6D70617469626C24
:10CE1000652068616E646C652025750054696D65D8
:10CE20006F7574206469736361726465642E204E4B
:10CE30006F20626C6F636B696E6720696E20737917
:10CE40007377712E00556E61626C6520746F20617E
:10CE50006C6C6F63617465206275666665722077BD
:10CE6000697468696E2074696D656F757400636FAD
:10CE70006E6E2025703A206E6F7420636F6E6E6543
:10CE80006374656400466174616C206572726F72D0
:10CE900020282564292E20446973636F6E6E6563B4
:10CEA00074696E6720257000466F756E6420766128
:10CEB0006C696420636F6E6E656374696F6E2028A1
:10CEC00025702920776974682061646472657373C2
:10CED00020257320696E202573207374617465208A
:10CEE0000053656E64204C4520706172616D207541
:10CEF0007064617465206661696C65642028657280
:10CF000072202564290053656E64206175746F205A
:10CF10004C4520706172616D20757064617465208C
:10CF20006661696C65642028657272202564290039
:10CF3000646973636F6E6E656374656400646973BE
:10CF4000636F6E6E6563742D636F6D706C65746571
:10CF5000007363616E2D6265666F72652D696E691F
:10CF600074696174696E6700696E69746961746976
:10CF70006E672D66696C7465722D6C6973740061DF
:10CF800064762D636F6E6E65637461626C650061BB
:10CF900064762D6469722D636F6E6E656374616271
:10CFA0006C6500646973636F6E6E656374696E6748
:10CFB0000062745F636F6E6E00556E61626C652017
:10CFC000746F20616C6C6F63617465206275666656
:10CFD000657220666F72206F70203078253032784D
:10CFE000004E6F20617661696C61626C65204C3225
:10CFF00043415020636F6E7465787420666F7220B1
:10D00000636F6E6E20257000457870656374696E7D
:10D010006720757020746F20256420726566732CFC
:10D0200020676F7420256400616C726561647920EB
:10D03000686176652076696577206F6E20257000BF
:10D040004C32434150206C656E677468206D697383
:10D050006D617463682028257520213D2025752980
:10D0600000496E76616C6964206964656E7420762F
:10D07000616C756520696E204C32434150205044EC
:10D080005500546F6F20736D616C6C204C452063AC
:10D090006F6E6E20706172616D20727370005265E8
:10D0A0006A656374696E6720756E6B6E6F776E204C
:10D0B0004C324341502050445520636F646520300A
:10D0C000782530327800546F6F20736D616C6C205E
:10D0D0004C32434150207369676E616C696E672002
:10D0E00050445500546F6F20736D616C6C204C324E
:10D0F00043415020504455207265636569766564EC
:10D100000049676E6F72696E6720646174612066A2
:10D110006F7220756E6B6E6F776E206368616E6ED6
:10D12000656C2049442030782530347800636F6E78
:10D130006669670062745F6C32636170004E6F20D5
:10D14000617661696C61626C652041545420636F43
:10D150006E7465787420666F7220636F6E6E202522
:10D1600070004E6F20617661696C61626C65204170
:10D170005454206368616E6E656C20666F72206324
:10D180006F6E6E20257000415454204D545520651B
:10D19000786365656465642C206D61782025752C45
:10D1A0002077616E74656420257A7500556E616222
:10D1B0006C6520746F2063726561746520555549F4
:10D1C000443A2073697A6520257500556E61626C5A
:10D1D0006520746F206372656174652055554944FC
:10D1E0003A2073697A6520256400415454206368AD
:10D1F000616E6E656C206E6F7420636F6E6E65631A
:10D20000746564004572726F72207369676E696E2F
:10D210006720646174610052616E206F7574206FC5
:10D22000662054582062756666657273206F72209E
:10D23000636F6E74657874732E00476F7420657227
:10D24000722025642C206E6F742063616C6C696E93
:10D25000672041545420636200546F6F20736D61E6
:10D260006C6C2041545420504455207265636569AC
:10D2700076656400556E68616E646C656420415427
:10D280005420636F64652030782530327800496E11
:10D2900076616C6964206C656E20257520666F72FE
:10D2A00020636F646520307825303278004E6F74CB
:10D2B00020636F6E6E656374656400556E61626CA9
:10D2C0006520746F2066696E642041545420636841
:10D2D000616E6E656C004E6F20415454206368612E
:10D2E0006E6E656C20666F72204D545520257A75E0
:10D2F000004E6F2070656E64696E67204154542043
:10D3000072657175657374004154542054696D657C
:10D310006F757420666F7220646576696365202579
:10D32000732E20446973636F6E6E656374696E67F4
:10D330002E2E2E00446973636F6E6E656374696E82
:10D3400067206661696C65642028657272202564B7
:10D35000290062745F61747400434D41432075700D
:10D3600064617465206661696C6564202564004EA3
:10D370006F20737061636520746F2073746F7265C2
:10D38000204343432063666700756E61626C6520CD
:10D39000746F20736176652053433A206E6F20636B
:10D3A0006667206C6566740076616C75655F6C6598
:10D3B0006E206F662025752070726F7669646564D3
:10D3C00020666F72204E554C4C2076616C7565005E
:10D3D0004E6F20737061636520746F2073746F7279
:10D3E0006520436C69656E7420537570706F72743C
:10D3F000656420466561747572657300556E61627F
:10D400006C6520746F20696D706F7274207468652C
:10D41000206B657920666F722041455320434D4152
:10D420004320256400434D4143206F706572617451
:10D43000696F6E20696E6974206661696C6564202D
:10D44000256400434D41432066696E697368206618
:10D4500061696C65642025640052656164206D65B6
:10D4600074686F64206E6F74207365740046616920
:10D470006C656420746F20726561642061747472DD
:10D480006962757465202570202865727220257A7E
:10D49000642900496E76616C69642072656164205C
:10D4A0006C656E6774683A20257A64004C696E6B0F
:10D4B000206973206E6F7420656E63727970746575
:10D4C0006400446576696365206973206E6F74201B
:10D4D0007375627363726962656420746F20636838
:10D4E000617261637465726973746963004E6F2061
:10D4F00062756666657220617661696C61626C65F1
:10D5000020746F2073656E6420696E646963617452
:10D51000696F6E00434343202570206E6F7420773F
:10D5200072697461626C6500534320726573746F35
:10D53000726520696E6469636174696F6E206661EB
:10D54000696C6564004E6F20627566666572206165
:10D550007661696C61626C6520746F2073656E64BE
:10D56000206E6F74696669636174696F6E006274BE
:10D570002F6363630062745F67617474004E6F2091
:10D58000617661696C61626C6520534D5020636FF8
:10D590006E7465787420666F7220636F6E6E2025DE
:10D5A000700062745F736D7000556E6B6E6F776E96
:10D5B0002074797065202575004661696C6564206A
:10D5C000746F2073656E642028657272202564294B
:10D5D000004E6F7420656E6F7567682064617461BA
:10D5E00020666F72206576656E742068656164657B
:10D5F00072004576656E74207061796C6F6164208D
:10D600006C656E677468206973206E6F7420636F39
:10D61000727265637400436F756C646E2774206169
:10D620006C6C6F63617465206120627566666572FB
:10D630002061667465722077616974696E67203154
:10D6400030207365636F6E64732E004E6F742065B7
:10D650006E6F75676820737061636520696E206204
:10D66000756666657220257A752F257A75004E6F6E
:10D670007420656E6F756768206461746120666FE1
:10D68000722041434C20686561646572004E6F20D2
:10D69000617661696C61626C652041434C20627502
:10D6A0006666657273210041434C207061796C6F2E
:10D6B0006164206C656E677468206973206E6F7496
:10D6C00020636F7272656374004E6F7420656E6FB5
:10D6D000756768206461746120666F722049534FDA
:10D6E00020686561646572004E6F20617661696CC7
:10D6F00061626C652049534F20627566666572737E
:10D700002028257A7529210049534F207061796CB2
:10D710006F6164206C656E677468206973206E6F3A
:10D720007420636F727265637400556E6B6E6F77F1
:10D730006E20484349207479706520257500484360
:10D7400049207472616E73706F72742073657475A2
:10D7500070206661696C656420776974683A202579
:10D76000640A0049504320736572766963652069D5
:10D770006E7374616E636520696E697469616C694A
:10D780007A6174696F6E206661696C65643A202500
:10D79000640A005265676973746572696E67206513
:10D7A0006E64706F696E74206661696C6564207761
:10D7B00069746820256400456E64706F696E74201A
:10D7C00062696E64696E67206661696C6564207762
:10D7D00069746820256400446572656769737465BF
:10D7E00072696E672048434920656E64706F696E88
:10D7F00074206661696C656420776974683A2025D5
:10D800006400436C6F73696E6720495043207365F1
:10D810007276696365206661696C656420776974F6
:10D82000683A20256400484349207472616E737021
:10D830006F72742074656172646F776E20666169BF
:10D840006C656420776974683A2025640062745FAF
:10D850006863695F69706330006E72665F62745FEF
:10D860006863690062745F6863695F6472697665A2
:10D87000720062745F6863695F6E726635335F73EE
:10D880007570706F727400636C6F636B403530300D
:10D8900030006866636C6B006C66636C6B00686676
:10D8A000636C6B3139326D006866636C6B617564F3
:10D8B000696F00636C6F636B5F636F6E74726F6C24
:10D8C00000656E74726F70795F62745F686369007F
:10D8D0007073612D726E67006770696F4038343203
:10D8E000383030006770696F40383432353030007E
:10D8F00074785F6D61736B20746F6F20626967204D
:10D90000286F72204950435F434F4E465F4E554D3E
:10D9100020746F6F20736D616C6C290072785F6D7D
:10D9200061736B20746F6F2062696720286F7220AB
:10D930004950435F434F4E465F4E554D20746F6FC5
:10D9400020736D616C6C2900456E61626C696E6755
:10D95000206368616E6E656C20776974686F75749A
:10D960002061207265676973746572656420636104
:10D970006C6C6261636B0A0053656E64696E67204C
:10D9800064617461206E6F7420737570706F72744F
:10D990006564005258206576656E74206F6E20694C
:10D9A0006C6C6567616C206368616E6E656C0052BB
:10D9B00058206576656E74206F6E206469736162AD
:10D9C0006C6564206368616E6E656C006D626F7873
:10D9D000403261303030006D626F785F6E72667811
:10D9E0005F6970630000010203040506070B4661CE
:10D9F000696C656420746F20696E697469616C6913
:10DA00007A65206465766963653A20257300496EFE
:10DA100076616C6964206368616E6E656C3A20257E
:10DA2000752E00496E636F6D70617469626C65205C
:10DA3000706572696F642E005072657363616C6506
:10DA40007220666F7220706572696F645F637963BC
:10DA50006C6573202575206E6F7420666F756E641B
:10DA60002E0025733A206368616E6E656C20257503
:10DA70002C2070756C73652025752C20706572697B
:10DA80006F642025752C207072657363616C6572FC
:10DA90003A2025752E0070776D5F6E7266785F7321
:10DAA00065745F6379636C65730070776D403231C4
:10DAB0003030300070776D5F6E7266780046616955
:10DAC0006C656420746F20616C6C6F636174652099
:10DAD000505049204368616E6E656C0075617274C8
:10DAE000403830303000756172745F6E7266785FF6
:10DAF000756172746500646B5F627574746F6E73C8
:10DB00005F616E645F6C6564730054462D4D206EDA
:10DB10006F6E2D7365637572652063616C6C6261F5
:10DB2000636B20696E697469616C697A6174696F8D
:10DB30006E206661696C65642C206572726F723A42
:10DB4000202564002A2A2A2A2A2053454355524573
:10DB5000204641554C54202A2A2A2A2A00202041B6
:10DB60006464726573733A20307825780020204908
:10DB70006E76616C696420656E74727920706F696D
:10DB80006E74002020496E76616C696420696E7441
:10DB9000656772697479207369676E6174757265FF
:10DBA000002020496E76616C696420657863657039
:10DBB00074696F6E2072657475726E0020204174F6
:10DBC000747269627574696F6E20756E69742076FF
:10DBD000696F6C6174696F6E002020496E76616CAC
:10DBE0006964207472616E736974696F6E002020BD
:10DBF0004C617A7920737461746520707265736505
:10DC000072766174696F6E0020204C617A7920739E
:10DC100074617465206572726F72002A2A2A2A2A3A
:10DC20002053505520494E54455252555054202AA5
:10DC30002A2A2A2A00202053656375726974792084
:10DC400076696F6C6174696F6E20666F722074689C
:10DC50006520666C617368206D656D6F72792073E5
:10DC60007061636500202053656375726974792063
:10DC700076696F6C6174696F6E20666F722074686C
:10DC8000652052414D206D656D6F72792073706112
:10DC90006365002020536563757269747920766925
:10DCA0006F6C6174696F6E206F6E206F6E65206F90
:10DCB00072207365766572616C2070657269706838
:10DCC0006572616C732E000C04241C00203030300F
:10DCD00030303030303030303030300001756E72DE
:10DCE0006567697374657265642025732062757356
:10DCF0000A0067656E65726963006D6574616C3AF0
:10DD000020656D657267656E63793A20006D657494
:10DD1000616C3A20616C6572743A202020202000EA
:10DD20006D6574616C3A20637269746963616C3A01
:10DD30002020006D6574616C3A206572726F723AD2
:10DD40002020202020006D6574616C3A207761727C
:10DD50006E696E673A202020006D6574616C3A2010
:10DD60006E6F746963653A20202020006D657461D0
:10DD70006C3A20696E666F3A202020202020006DCA
:10DD80006574616C3A2064656275673A20202020D2
:10DD9000200025733A2066726565696E67206E6F94
:10DDA0006E2D656D70747920766972747175657504
:10DDB000650D0A00756E6578706563746564206230
:10DDC00075666665722068656C6420636F756E7435
:10DDD00065720D0A0072785F76710074785F7671F3
:10DDE000004E530048616C74696E672073797374D8
:10DDF000656D00556E6B6E6F776E206572726F7217
:10DE0000003E3E3E205A455048595220464154411A
:10DE10004C204552524F522025643A202573206FE2
:10DE20006E20435055202564004661756C74206453
:10DE30007572696E6720696E746572727570742090
:10DE400068616E646C696E670A0043757272656E14
:10DE500074207468726561643A20257020282573E7
:10DE6000290043505520657863657074696F6E00B2
:10DE7000556E68616E646C656420696E746572725B
:10DE800075707400537461636B206F766572666C95
:10DE90006F77004B65726E656C206F6F7073004B0F
:10DEA00065726E656C2070616E6963006D61696E8C
:10DEB000006F7300737973776F726B7100286E75E2
:0CDEC0006C6C29002A666C6F61742A00EB
:10DECC000000000000000000000000000000000046
:10DEDC000000000000000000000000000000000036
:10DEEC000000000000000000000000000000000026
:10DEFC000000000000000000000000000000000016
:10DF0C000000000000000000000000000000000005
:10DF1C0000000000000000000000000000000000F5
:10DF2C0000000000000000000000000000000000E5
:10DF3C0000000000000000000000000000000000D5
:10DF4C0000000000000000000000000000000000C5
:10DF5C0000000000000000000000000000000000B5
:10DF6C0000000000000000000000000000000000A5
:10DF7C000000000000000000000000000000000095
:10DF8C00000000000000000059CB00000000000061
:10DF9C000000000000000000000000000000000075
:10DFAC000000000000000000000000000000000065
:10DFBC000000000000000000000000000000000055
:10DFCC000000000000000000000000000000000045
:10DFDC000000000000000000000000000000000035
:10DFEC000000000000000000000000000000000025
:10DFFC000000000000000000000000000000000015
:10E00C000000000000000000000000000000000004
:10E01C0000000000000000000000000000000000F4
:10E02C00000000000000000000000000F8A9010042
:10E03C002D85000005850000000000000000000098
:10E04C000000000000000000DEB8010000000C0021
:10E05C0000B9010000000C00A164010000000000E8
:10E06C000000072000000100D0A901000000000002
:10E07C00D0A9010001000000020000000000000017
:10E08C000000000000020000B56F0100A0AF01000D
:10E09C000000000021BC010000000800000000008E
:10E0AC000000000000000000FDA2000000000000C5
:10E0BC000000000043BC0100000012000000000042
:10E0CC00557301000000000000000000000000007B
:10E0DC007F7801000000000000000000000000003C
:10E0EC006DB90000000000000000000000000000FE
:10E0FC00D5E100000000000000000000000000005E
:10E10C0009DB000000000000000000004C82002031
:10E11C004C820020000000000000000059ED0000BF
:10E12C009DFC00000000000000000000000000004A
:10E13C001DF40000ED8301001F8301004DED000074
:10E14C000000000054B501000000020060B50100A1
:10E15C0000000A0070B50100000020000000000063
:10E16C00000000000000000000000000F788010023
:10E17C000000000084B501000000020090B5010011
:10E18C00000002009CB5010000000200000000002D
:10E19C00000000000000000059D801000000000041
:10E1AC00378B0100890C010000000000F8A9010068
:10E1BC00F0820020F082002000000000010000002E
:10E1CC000083002000830020E4A90100FFFF000071
:10E1DC00FFFF0000498E0100458E01000090D00326
:10E1EC000070014000000000FFFFFFFF3F00000037
:10E1FC00FFFFFFFF3F0000000000000000000000D8
:10E20C000000000000000000000000000000000002
:10E21C0000000000000000000000000000000000F2
:10E22C0000000000000000000000000000000000E2
:10E23C0000000000000000000000000000000000D2
:10E24C0000000000000000000000000000000000C2
:10E25C0000000000000000000000000000000000B2
:10E26C00000000000000000008000000FF0000009B
:10E27C00000000000300000000000000F2DC0100C0
:10E28C000000000019360100000000000000000032
:10E29C000000000000000000000000000000000072
:10E2AC000000000000000000E8830020E88300204C
:10E2BC00F0DEBC9A785634127856341278563412F2
:01E2CC00064B
:10E2CD000000000000000000000000000000000041
:04E2DD00000000003D
:10E2E400000000000000000000000000000000002A
:10E2F400000000000000000000000000000000001A
:10E304000000000000000000000000000000000009
:10E3140000000000000000000000000000000000F9
:04E3240000000000F5
:10E328005C8400205C84002018E5002000000000C8
:10E33800010000002C00000000000000788400208C
:10E348007884002008AF00200000000001000000D1
:10E35800B000000000000000948400209484002095
:10E3680044E5002000000000030000001000000049
:04E3780000000000A1
:10E37C0000000000F8C800200010000000000000A1
:04E38C00000000008D
:10E39000C4840020C48400200000000000000000AD
:04E3A0000E0000006B
:10E3A400D8840020D8840020000000000100000070
:10E3B400E8840020E8840020F0840020F084002019
:10E3C40000000000FFFFFFFF008500200085002003
:10E3D40000000000000000001085002010850020CF
:08E3E4001885002018850020B7
:10E3EC000000000000000000288500202885002087
:10E3FC00308500203085002002000200060000005D
:10E40C00E5750100ACB0010018DD00200000000033
:10E41C000000000054850020548500205C850020FD
:10E42C005C850020030003001000000000000000C9
:10E43C00D0B10100C0E3002000000000000000008B
:10E44C00808500208085002088850020888500201C
:10E45C00030003001000000011F3000078B201006B
:10E46C00A0E400200000000000000000AC850020AB
:10E47C00AC850020B4850020B48500200300030087
:10E48C000100000000000000BCB00100E4DD002031
:10E49C000000000000000000D8850020D885002076
:10E4AC00E0850020E08500200A000A000100000041
:10E4BC00257601009CB00100C0DB002000000000AC
:10E4CC000000000004860020048600200C8600203A
:10E4DC000C860020010001001000000085DA00000D
:10E4EC00C0B1010038E30020000000000000000073
:10E4FC0030860020308600203886002038860020A8
:10E50C000A000A0001000000000000008CB10100AC
:10E51C0020E2002000000000000000005C860020CB
:10E52C005C860020648600206486002001000100C7
:10E53C000100000000000000CCB001003CDF002016
:04E54C0015E015E0E1
:040000030000A9252B
:00000001FF
